user_id,weekend_activity_ratio
AE225Z2VRWT6GPTOMA4H4O3H2KVQ,1.0
AE23YCERVBZ7ABKTESKSSXYTLYRA,0.0
AE246WPAV4HBLUOOOKTECTYQ7ZPA,0.0
AE25NQAZI3725GZIL5FS52ZIKWKQ,0.3333333333333333
AE26ICWKMFJEHDH5VDX4W42H2NMA,0.0
AE2B7P75BH4A7L56Y365IQPYZ6YA,0.0
AE2C3MK7LXEZJVB2UXM45QCI2TBQ,1.0
AE2DWV6OPSOUHDZEZQBC2MRYAOXA,0.5
AE2JT2433VWURU2CEQB4HKLZNDRQ,1.0
AE2KCUCNBBR6ZMIUJQCM7KMQMJ5Q,0.0
AE2KTZVOMXO3XBRSERKGSBX4Q4IA,0.5
AE2L2VTHKTXIDTE5R7JUU4WW3AZQ,0.0
AE2MDGRKSWOV63U2JGW3MOMIEBSA,0.0
AE2MIK6YBTBRNZZGI5O5Z6VCMEPA,0.0
AE2ODZ4VYQ5FNNCONSHSNZM7PHSQ,0.0
AE2ONKWFI53HMNABSEGANB4KVVAQ,0.0
AE2SLLQC24HDEHVUWKWDT2G7B23A,0.25
AE2TA5GQH4JI5RQ4W5H5PQOVYBGA,0.2553191489361702
AE2TP5ZT3QD6FSMAWNOJVU2P5ZIA,0.0
AE2UV6XH56H44OZBF3FY3IBS37TA,1.0
AE2VNRCUVMWDDI3VCA7VB6FNNO4A,0.0
AE2WCB3PAHPKVXBFCCK6RDQ76XKQ,1.0
AE2YFNTYYMTKCY6M2CQ3A75GHRGA,0.0
AE33XC2AXNEN6S3OVTPHVX7RRVIQ,0.0
AE34NEUMAQ27PPO63WLRTRDUKWFQ,0.0
AE34VA3WMMQ66SY7HAFPRZNZUEBA,0.5
AE35DGEQAVUE6ADUZZMQWLZIESIA,0.0
AE35DHGBMKOUASVTTHQCYTHVHKKA,0.15384615384615385
AE36CH2CNKXKUUZSSDUBSFN5ARWQ,0.0
AE3A3DKHZOBCZS6352E5VP2WE2CA,0.0
AE3ADG6WP7UYB54J3CRQ22BLQE3A,0.3333333333333333
AE3C62JLCUWE273CJ3MNBXLJAJ6Q,0.0
AE3C6ZSDIWLXHZ4MW6LNITGHZWLQ,0.4
AE3DNVXK3KQ52BTHWDTKCJOZ2WPQ,1.0
AE3KRBQITID7SAJ2W5H5E7RD35DA,0.0
AE3LOM7QWQC2PDQJ3KDBWSTIAEXA,0.0
AE3PCPB24YTHGIIIWZOWBZ6VZIVA,0.0
AE3Q6AEWP7Y7CH4N6IWEP4YBNP2A,0.5
AE3S23WS6PMZEJAFOOS4YA67YHOA,1.0
AE3TVIQU3RAYXVKHWBBVU44GVESA,0.0
AE3U73QGVDLZUA2DSACCVDCYAY6Q,0.23529411764705882
AE3U7D7TFKOJB4YHU223VIJZCZ5Q,0.0
AE3UAOMGVAWIMC7642H7FBAI46EA,1.0
AE3VGST2ATPP7OTR3YGP43EMVT7Q,1.0
AE3VSUJHP2KB42ZW6RYEL2ZL2Z4Q,0.0
AE3WI6JPR64423XDLLWJIFDTQBJA,0.0
AE3WJ3IDKDL3AVWIVWVIIFOQKBEQ,1.0
AE3Y6N4OAXVU7AX3PZZ6M5LKEKKQ,0.0
AE3YAVL3JIQDT4GSV23DI6MJ7TRQ,0.0
AE3ZEVN65B3MWKIBLFRBGMJDGJCA,0.7142857142857143
AE3ZH3YVW3CVJSVJHXDKEOCQH55A,0.0
AE427MY65PZ6FNZ2IY6HCTIIQZEQ,0.2
AE42GH4BGD3R3BJFMZWONYKTPPAA,1.0
AE42OJDQ4FOVEW4XS2ZWBDWFSOKA,0.0
AE45QAEYVTPSHPANWBX4KRUF6MXQ,0.0
AE45YMBT22253F3XWEESXGHVS42A,1.0
AE475YIHKFR4FFV3ECYZS43DRZCA,0.0
AE4DDAEAGC7FBWR6FUOUZI4WOZLQ,0.0
AE4EY2RB3FDDFWK5AEBP2WP3AGMA,0.0
AE4HXIKWVZTAX53MFK77Z2TBZWVA,0.0
AE4JEBI6AAXVC6CKQCOSPLAVUCQQ,1.0
AE4JY2AMAZ76UC5XAOVYLUC6E7YQ,0.0
AE4KVNO5P6N6SP6CQTZTIDHEAWFQ,0.36363636363636365
AE4L2LH55JNFCLHFXFC7YOEQSBIA,0.2916666666666667
AE4LSM4GFD66A4EIWZ2J5OSWQNGQ,0.0
AE4NUPKI764YXEKLO3RFELE6NKOA,1.0
AE4Q3FPKMKMRHPNWBCHW5XNVB6AA,0.0
AE4QJPWRRCQO3K2KCGZWRYDFV4KA,0.6666666666666666
AE4TAG762WBWX53E6DNM7XSVBDWQ,0.0
AE4VDUS22PQQM5D6W7WVWYWRYCEQ,0.0
AE4WMJOOYYWIJAOTOSPZEI27LSJA,1.0
AE52U34CK7FHXFZXLBV5T7EPLKPQ,0.0
AE53BPYA42RVO7EG7MIR7AMUSZBQ,0.0
AE53SGI7K7H4CEGNVNSO3CXSDNUQ,0.0
AE542ITELIXSMJJNDW2UQJSQLZNA,0.0
AE54PZQCH4FATQNTHJBWND5GTPMQ,0.0
AE55IRK2BWNVKDHN3INKG7I2JNEA,0.0
AE56IRAS2UYOMTI5XOSCRGXF3A2A,1.0
AE56U36OKSLHOJXLTYN6K5FVDSOQ,0.75
AE57MRF2R2ALCC6H5WQLFKT7KSSA,0.5416666666666666
AE5AEF6MZZ4Q6QVYQI66U2KNP6IQ,1.0
AE5BARZD36USKQBRWADEGTHGPSVQ,0.0
AE5CE7OYTR6GVPFPLDKU4WH2U3QA,1.0
AE5DIA2HDWBPNGBO2FXN2PF4NQJA,0.14285714285714285
AE5DK6FQTEOBBFONY64EW3ZFTYVQ,0.0
AE5EFPZILS6MKIZZBS536VEFQO4A,0.2
AE5GHFQZ6IXM4QNYTLTYJO24KQZQ,0.0
AE5II4T3UESJURZWUG4L7X5LMMWA,0.5
AE5KMBYQASBZID6LHGS76DVDFYPA,0.5
AE5LPFNQAV3XHJNHD2ICKIN257XQ,0.0
AE5N6XYINB7U5E735LESJZJMCAMQ,1.0
AE5NGNFR5BFZV4VEOUVLKIYPGDFA,0.0
AE5NMN6ZORL2AN3DXJN7RH234DEA,0.0
AE5NOSEXKQHWMPATOYD3FM2ZJ5BQ,0.0
AE5PCZCRUBNDXNLAT7SJKKBRPQIQ,0.0
AE5QBPPZ53NJC2BDX7UZPKJEL5CQ,1.0
AE5QCAY6EVMM5KGT4GNSMBUIAIEQ,0.6666666666666666
AE5R25NB3AXXTVV6R4GBQAZXQFFQ,1.0
AE5RPKDYYDXVZ7VNUHU76MFP2XFA,0.5
AE5TS6P6VOVNO5YYHRKEFAGHEMKA,0.0
AE5UW4XLVL5AXSJP24MTH4LKK4DA,0.0
AE5VC672ROYF2LMFXC5GZQ63D25A,0.0
AE5VPKX64CVOPH6X75C7EQXAIGLA,1.0
AE62OB3JYQR2U6F34BAIJPQ5SWOQ,1.0
AE62UN4Q5JNY6V3J6BOXSW4XC3KA,0.0
AE63IY2VV2QNP4BLIEEOP7YMQVCQ,0.0
AE63QWJX2YH2MYOW5UE7WO3DEGTA,0.25
AE63SKK47DLG5EONUFB3GH4UUJRA,0.2
AE64BPHBPF6A3OHCTHFDKJABRRMA,1.0
AE64TJC4RYNSJEH2O5BOXUYQ2OJQ,1.0
AE65J3QI4AE6R6VMJDM2GELREEUA,1.0
AE66SREAZUBIZQLO6N337HZ6LKRA,0.0
AE676FZ5UX5SR45OR7H5IQLLPLIQ,0.0
AE6AL5KN3ZXJZD62ZVOOFMNOZ4PA,0.25
AE6BON6K5BLJC7CW5FNBII2PFQCQ,0.0
AE6BQHYSTFGJAGWNJHT2QIWLQVOA,0.0
AE6BS6CP27GCC4E24ODYORMVXRXA,0.0
AE6D7ZSUYY43IOUORRDOY5EGKZSQ,0.0
AE6DFDMIJAVW57EVMRJH2M2X6ACA,1.0
AE6EPWEAGVOKWS42HYLLT2CZWTGQ,0.0
AE6ETV4O3RQHZKKWDOG5UMEAWQKA,0.0
AE6FCNSLO27JTUJYWXMN7NTUBRWQ,0.0
AE6FCSWU5QD2YEOQTS6ZS6WP24MA,1.0
AE6FJD2A2MHZF3KKAHCECTSJDWWA,0.0
AE6FQEKWD2XKUATYU2TWZE6HPO7Q,0.0
AE6G3FGNUAICEI7CN24HLLVKGLVA,1.0
AE6HTDHTIHQX37MKNM4RLKC4QPAA,0.0
AE6JGOLFSLXLAQX73X36J2I3RVNQ,0.5
AE6LANOUP4X6HAV2THT7JMXEZ5AA,0.0
AE6LJNAD5XA3OPVLECDOS46HGBZQ,0.0
AE6LXZB4CFCQIEZMHKLEWHCUAWEA,0.0
AE6M4A6VUJMAC6DSDEFVSCNTRXVQ,1.0
AE6MQB5IFXKYCRQ3JUSCB4CJGAHQ,0.0
AE6MYJPNUBVETY6GBEFCBTVGBMTA,0.0
AE6P2YJ6FKX332MD56GPJFSHXNJQ,0.14285714285714285
AE6R7KWG62VQK4KW25T2X2IRCKBA,1.0
AE6SFGOYFVW5332HQFP5TSJPOZYA,0.25
AE6SKOXFZQTERQA2STK7PQGOJHOQ,1.0
AE6SR3MLGOVKNCT34BBN3PDC34OA,0.0
AE6T5HPHZOJKN2BGUA3ZAVDKDOWQ,0.0
AE6U2ZCGCBRDU3TT3PVH44ITRLOA,1.0
AE6UBT75DVICTSPGLW5SKCLWCQKA,0.0
AE6VDHCPPW2D3R7IYILBAE5C32RA,1.0
AE6VOJKW3SN7SOLUTLAFUVZVSZVQ,0.0
AE6XLURQ2JFED7NWXHCGH4GQ6OBQ,0.3
AE6YLEEPJ47WLVVHEJ4CSBONBVBA,0.0
AE6Z44KMO6NKWNHG5K4VKOGESRNA,0.25
AE6ZACCQOGZIDDWM4TZPAEKUJRHA,1.0
AE72A3F2N3PVD4CJM527Z4N6CN2A,0.25
AE73SQJO4UU5DT7JN6KY2LDG4MUQ,0.0
AE74DYR3QUGVPZJ3P7RFWBGIX7XQ,0.34375
AE75B5FZXGAK52RQY5XKLQTTK4HA,0.125
AE76ZZSO47UTKCCUYBOGXKFB4R4A,0.0
AE77VJ56TAIJ7X45CVYTUL6U7YKQ,1.0
AE7BV6IMNPZ3F266H7PXMH3BZQNQ,0.3247706422018349
AE7DXPRK4AXPP7WM3KFZQGLU6XNQ,0.0
AE7I4XETWQMHZM7DW7QOZE4HCHKQ,0.0
AE7IRGN5QWIIIPASDW4WG5LD7HNA,1.0
AE7KBICSNXLU4UH24NY5SQ6RCPKQ,0.0
AE7KKMDQFVFXWFU2Y2IWVTVLR7PA,0.0
AE7LHVMYVJ37S2AVVQ4VQ3AQDNOA,0.0
AE7NJNAHEAH2RHHWAAQ3UBSOT3IQ,0.0
AE7PS5YGIOGEVUGCTWRNJFDSKZUA,0.0
AE7RGRZE7GNOHIOPKEWBCW2RNBLA,0.0
AE7RZT7S3LOTSS2RZSNZJ6CZ32UQ,0.0
AE7SM7AAXKP5TUKS4SR5KQ4U3FLQ,0.0
AE7TEQNM7S2TTC7LTFZXCKMH5AAQ,0.0
AE7TI6OY6NOCS74NRNKBS7V2RC2A,1.0
AE7U5GXFMYFLQ7SRIULJYIQBFY6Q,0.0
AE7UMLDVE2HU5TNHW4NG7U3DCTSQ,0.0
AE7UWJJ7SYUMWXTVMWRCCAXNCV6Q,0.0
AE7UXMR4DETCYCS42MLXPM4WYCFQ,1.0
AE7W2UJVZSRJWTOBH4XLV6S5TYKA,0.0
AE7XECVDXRFBVTC4GBDYQ32Y53XQ,0.0
AE7Y5RLYIKHOZB5NKKOEKYG2SPSQ,0.21212121212121213
AE7ZDNPHYHOI7Q55LZSO6J3JAGYA,0.0
AE7ZR5DNB5MPPJ3KNECRHSDEDPUQ,0.4
AEA2AYPIP3RN2YZWRNFKKD6OGGBA,0.23529411764705882
AEA2HUVJRPQIXXW7G67BDM6QKTQQ,1.0
AEA2J63YMST3MYAXYVRE6RNKZPQA,0.0
AEA4MGHSNHUY7VP2O7DMPT4QOONA,0.5
AEA5CXVRQULWM6XGFQT2LJZ67D5A,0.3333333333333333
AEAAKJTQZFBCEF3SY6DP43GRASHA,0.5
AEAANRBX3MEOKWDZHJR57D4IKGJQ,0.0
AEAF5IPJIWVMWHJK5NL3GVIATL4A,1.0
AEAFMXFN5Y3QI6WQ6K5NBUCJALEA,0.0
AEAGCIMGDOZO4UE4KHV2Y4KGGIKA,0.5
AEAJJTYNMR64RK4DY4YUWQKRHJVQ,0.0
AEAKA6XDHEBKYWF5MI74RC77N4ZQ,0.0
AEAKL4XCE2VWMJB3ONTWZMQZCV6Q,0.0
AEAL7CCMGMGLZ7R4NHQ47R7RI2AA,0.0
AEAPVXLCCZWRESQGTCYMMC7KCU2A,0.0
AEAQZNKKZXYG6HRG2TTXEZUN3G6Q,0.0
AEASVRO6MDPXZIOTWH3SVNMYROOA,0.0
AEAU4B3HGL46SP3ARQZZ3B7PDA4Q,0.1
AEAUZK2OLWXD75AWJOCCGGCL3H2A,0.14285714285714285
AEAVLSCYOUN57UZXZ5WEWPIAG35Q,0.0
AEAY77QOBMM2D3P5A7JBKW52OVMA,0.0
AEAYAZZGR4AMIXCWZK2MZW437XRA,0.0
AEAYCPAO7M75VC7U2FA2U6NQBZDA,0.5714285714285714
AEAZOEPTNIR4ITRBHODX7UCKOWUQ,1.0
AEB2HFFRD4CUYOW4OMUYH2JFX2GQ,0.0
AEB3R5XKQSVEXWOIMF2JC5BQE2HA,0.75
AEB7QWAL6J4YHBCBKR5KYQ42IRFQ,0.3333333333333333
AEBEBRMSAX44H4SVVGZK3NMATP3A,0.0
AEBEJ6DXXVSLCXD6NJ4XPVWRYDNA,0.3333333333333333
AEBEMKCZEMUFCPGTHMPVILJ7Z5VA,0.0
AEBEVCYY3HASVJ2Z5Q2Q36TENT2A,0.75
AEBFBBNXOJIBL5SNXHXRSINM6IPA,1.0
AEBGDMORWULPCKAQGGLY254MN7OA,0.0
AEBHD4YLKOL6LOF7ZAP7RHYKQAPQ,0.6666666666666666
AEBIQICUNDRDP6YCUGOCC7GTIEPQ,0.0
AEBISU5SIQN5HOFNMY4OQL6C4QJQ,0.0
AEBJ4SUV5OQENDB2EPXUQKXEU6JA,0.0
AEBL2OJWAOEG5JTZDT64ADPLSLBQ,0.8571428571428571
AEBLCHCESVOG4V4FFTT2F3QC2ZLQ,0.3333333333333333
AEBNSOBHLXB4KZOBVYIOORKF7BZQ,1.0
AEBNTHYV4OUJD3W7CHID55QAIOSQ,0.0
AEBOX3VURJY6CTZCLHPYCTVADRNQ,0.0
AEBPDUY4HIPRXZ4YH55XOB7M6Y2A,1.0
AEBQ5WZ3O3H5UZQFB3WAOQ4KBYMA,0.0
AEBQTMAMKQWHOLTR4CYXKKZWXSMA,0.0
AEBV7EWLGRTRRJCHN73RYFM6EOBA,0.16666666666666666
AEBWL33GSNKG3JIUPBW4RPTVGYGA,0.0
AEC2MJZGFAK2UNNWWV7NGXQWQZHQ,0.0
AEC3D75RF7TIGCQECDVTKQVIGEMA,0.0
AEC4USL3AGDC4UZXCGL6AYRUCBBQ,1.0
AEC5V34TPJOF63AW677YFLFL2O2A,0.3333333333333333
AEC6MVPIPSLIVH7MQMW3U5XFND5A,0.16666666666666666
AEC7G5VBKTZL7FDURSHPTCSH6SJQ,0.0
AECABX3OO3GK7FCPZLFM3LT2E6UA,0.24324324324324326
AECBGBU5TUVNJ2C7IXIN5UQBLITQ,1.0
AECEKXENKICRDJMRX6JMACUJIBNA,1.0
AECFKOHKOZQ6OKTH2L2H3O6UE5FA,0.0
AECFNYM6K5MPHW6K4KLOO7LPFDHA,1.0
AECFPQ7LHOHU467275YKR7SDG23A,0.0
AECGR42H24LUU7DA7HEUMCRLTX7Q,0.3076923076923077
AECHB52QONJJCMFN35YBRV6AKRTQ,0.5
AECHLFVTT6FNIXXG7N7VUU4BNCIQ,0.5
AECHVBXH7FJUAZFS7XXIPZ5S622A,1.0
AECIBNSEFCIDJ5TLCTF6EABM55PQ,1.0
AECK3BJSJOAFSKAAUD4ILDFXZ7KQ,0.5
AECKU4ZPHHQE3ZSFLDTO3ZGPFKMA,0.0
AECMMWFRKTOFQM2KIG6Y5LU3IHEQ,0.0
AECNLTI4ESYH4VD7PNNS5CGLTS2A,0.0
AECOHBS2JG7YTB7SXWZAL6BK2GWA,1.0
AECPDURQ2KMD5FB6JAHM5C4Z32HQ,0.0
AECPKV55FXHN7NT3FZ6TTNTVZ42Q,0.0
AECPMAEJSYYD23UYKOADPPIEGVYA,0.0
AECPZQITGKJS4O5XYMI32OFAHCJA,0.0
AECQIFURJRHNZXBWSQCZEA6V3APQ,0.0
AECQSU4MZ746KKZ27AJS2AHF2AUA,0.0
AECRV4RVPWIOSQQ7AY2CJHYO7BLA,0.0
AECSPK7W2SUTAZD2GBBH4D4AMFBA,0.0
AECU5G5N7OSZDTE2ETVULZINKHHA,0.0
AECWZS4GONIY6NEZWVRQCZUINO5Q,1.0
AECXLOXE7CP2KTGNDWPTKSCSGZ2Q,0.0
AECXUOGFS5P25OEF7JRJZXIRFCDA,0.5
AECXUX4CMPAJGNENGFOHPYCRB3EA,0.0
AECYKJV5EQZFJODBA3VGFJRZ5MEA,1.0
AECYUS2KPJDGNS3SPUU6C6EBZX4Q,0.0
AED5LMSGUCDU443LODXZ4EYGEMKQ,0.0
AED5VKZVSF7PC3TOET3PKBA5J2JA,0.15384615384615385
AEDB2WFGSUHI7BUWXNHS45KI6X2A,1.0
AEDCEYFL3Q6AR3LBBW6KUGLIUZSA,0.0
AEDDULPRRWJ3YVRQJEN56ENGJUDQ,0.0
AEDFMGK4I5ZKJD7SMT2DXDMPIBSA,0.0
AEDGL5YNO7RJM3ZELOCGW6V7LMCA,0.0
AEDHXXX2F66EMWOSSPCQHS62UKNQ,0.18421052631578946
AEDJA3DZE2NRQHXEREBKMZKEXUPA,1.0
AEDJGRNGLDCSPDQ4JNQJ7CPOB7PA,0.0
AEDJVPROO4BDZVXAVXWZI5IVCZQQ,1.0
AEDJZTFJDNOW6JDLMBZNK2QBN3GQ,0.6153846153846154
AEDKMXFNRORNCFUMIVSRCXZHQXQA,0.5
AEDMZZ6MWGGX4RVMRIMG27LSUDZQ,0.0
AEDNNPW6JQ4H6NPMF2FYMIUZOTGQ,0.2857142857142857
AEDO62TLAI4YOHUV2RBYMGKY2WRA,0.0
AEDPXS6OX5MDZWZ6UNW4W2TJBDMA,0.0
AEDQPYY76IMRKDA2HGWZ7STA6V2A,0.7777777777777778
AEDQTJTWAISEO6O7RWFEVJHZ3R5A,0.0
AEDRFOIY6IFY7DWSPRRNGEFIFE2Q,0.5172413793103449
AEDSHXCRSJ57WFVKHAVIS2ER2ADQ,0.0
AEDTBVJFD2IDHXKKY7DZSNKYUQ7Q,0.3333333333333333
AEDTXOC3YW6O7P2UPM22VNNRF77A,0.5
AEDTZCI4QCLKRFL5DA53JL47Z5UQ,0.3333333333333333
AEDUD7Z3NL2HLDOSTMUTZACOABRQ,0.0
AEDVPDZLOTFVVBIO5USWHEHM3EHA,0.0
AEDWKL5XHI2IRVNK2RTBOU7X7C3Q,0.0
AEDWRRZADBQDUTW7HBIWH4QSMUPQ,0.25
AEDWYRQ2KCNDP32XD6QDGF6H6O5A,1.0
AEE24FRNWQGT5GGFMFSDB7XXVGPA,0.0
AEE2PYYDXJGV6ZO3YHZBBEMSUG4Q,1.0
AEE3TDZND3EFQLDZE3NWYTHC44IA,0.0
AEE4BXFE7TFTVFCF67SANXQOQBVA,0.3076923076923077
AEE73ITH4FMRJH326B2F7E5QXAVQ,0.0
AEE7HJ4ALXIF445HXTCSCNNI2UJQ,0.5
AEE7M6SSLM6MOAKW7X5KGVI3QVHQ,1.0
AEEE65AUS66BL63NNQR354KQBHDA,0.5
AEEEESRIF6WSCNK5IZGYC4JTEVRA,0.0
AEEFMGZPLL5SFSPYSXWDJXFSRTKA,0.125
AEEH3I477FCAF4ODVKVNU2BV7MCQ,0.0
AEEJBFZKUBEEMBZUZJV4UHFVEEBQ,0.5
AEEM2QIBMUUXEAJIEQH2WT2KNZZA,0.6666666666666666
AEEM5MOB37EQJMFH37Q5S3FTNDCA,0.0
AEEOWWDWGCIOD4A76QBFBYWPAOWQ,0.0
AEEPQNBGOQFIIR36NAUCIFL5F3MQ,0.09090909090909091
AEERNRTIXU7UHRJNHJU5YLYFYKVA,0.0
AEF3JXPYJL5ILD6M2QONVD7FBTKA,0.25
AEF4REQMG4I6Y2JLLKMQE4U2QYXQ,1.0
AEF6BL2GCQFLEUYM6O4O37VYMX2A,0.0
AEF73L7G43IKVL33U4FCOPM7D6VQ,0.0
AEFBZVDIVRDLTNPKEPKAOFR2QPRQ,0.0
AEFCCVG7774SPHY5NVTYKXAM55UA,0.0
AEFDUJP4ZD3QWM5PBUFB7CCKOUNA,1.0
AEFEQA3KTVUYGB2YBVMK6DDPOYAA,0.0
AEFEZIYEZG7XTSPDTFIUQXWMGEDQ,0.0
AEFFEFBOJH4AZHFUE6O3PRLMGGNQ,0.2857142857142857
AEFFENLWFV4VD4WTZNN25XD2TX6Q,0.0
AEFHDB4HOJSHJ6YZF5NYIQULOUYA,0.0
AEFHGLOYQK7M6C3H2VZIAEQLMDDQ,0.0
AEFHQE7GHY2O23AJESRJ2NYVVPSQ,0.0
AEFIZWO3P6NV4AFJDRGBNNUDXE3Q,0.0
AEFKF6R2GUSK2AWPSWRR4ZO36JVQ,0.14814814814814814
AEFLH72MFY4GRTNI3KZXNE4IUB2Q,0.0
AEFLZ7L6TGJDCP4D4KYZSOXLSWVA,0.0
AEFNBEO2F23NURCMGEW2U7BIEAWA,0.0
AEFNUVMRYZ3KJXQ2IBNNWCZHRZ7Q,1.0
AEFPR4MO6FE3KX4CMKTNWRRPVXNQ,0.0
AEFPXQRXU3XJCFVSVPUQSKAKIIFA,1.0
AEFQMLX72KCIFGZ634KPTI4H4UCQ,1.0
AEFRDA6JMSWHDFWB3WKM3YKVUNIA,0.0
AEFSYJ74RDBN7I4N5VCIXXYUBKHA,0.0
AEFVBJSXZ77TPGBXVOFDC3R2HNTA,0.0
AEFY3OUHLE6LD6FJZRQQTXUM3YKA,0.0
AEG55OACXBGEO7R7QFKTQHFOW3HA,0.6666666666666666
AEGA3SKGBQDJED7SUGKIIIKFN4LQ,1.0
AEGAMGWOMGCWN3UZ3UEPXAHDLT7Q,1.0
AEGB75NR3YIMYKZWHN7VCQTHMHSQ,1.0
AEGFGSYN3POFMUCGBXGA37WYWW3Q,0.4117647058823529
AEGHILC3CT4QCWZU4YID4KYLSPOA,0.0
AEGIKB526CGSEZKOOAGDOECZUDAA,0.0
AEGIRIDDNTVLPDPOENITR7TGRIIQ,0.0
AEGKGLKVBES5JY4PC67HV7NK4ZLQ,1.0
AEGMEALSBY7SRIOQAEOXK2IPD6WA,1.0
AEGMGLTFMCWKYL6SXPMC7TDUOPDQ,0.0
AEGP4K2EXLUNIH4AEK7MUE63SJLA,0.0
AEGQKT5UKTJWZNBNFWQLZRFCMFZQ,0.0
AEGSGSUXR3LH6KQWOH22QWKRQ4XA,0.0
AEGSJMUN6YF5UUOFDDMPNC5Q5BOQ,0.3333333333333333
AEGT6GE3DDJZA62P64RUATRFKNAQ,0.0
AEGVEWWGTQO3PK3JF5NYB7GSSSVQ,1.0
AEGVUPMHKYGFVGSWSMAKCN6LLCOA,0.0
AEGWB6TKO55D5VOFRRWVBFQXB4FQ,0.0
AEGWBVF7PNFDBUXXHG2ILSDATSSQ,0.0
AEGX3J5FCNGB53YHQNBNV6JVARRA,0.0
AEGXA7TRC652QBKCF2TMLFD7TYZA,0.0
AEGYM5EJXATORBAA5GIYKNXLVPPQ,1.0
AEGZCTBT5CHDBYAOUAVANB2O42BA,0.0
AEGZGTDZGAKIOGAFUQRYGAXQ53MQ,0.5
AEH2X3QQ7TQJGF6EKISLBNVVNWQA,0.0
AEH4YAKNQXUWPJT4D2UG3JEHN2NQ,0.0
AEH66QD7CSPM7ZVH7D7LRSA5HSNQ,0.1568627450980392
AEH6IYENFKTLSVR6QHSNIJEBCQBA,0.0
AEH6NGAY2BZCGDYMOVQ7QPHRMSIQ,0.3333333333333333
AEH7P323UG6THNH4C7POZIK4A72A,0.625
AEHL4V6GSVO4O74IBGPPODTERIFA,0.0
AEHMAK3OJBEB6X2O6THASYNGKHVQ,0.0
AEHMQSTB6ESWFAT4AHROTV6M7VWA,1.0
AEHNBWGO4HDWTBVNQQEZTJ37VRNA,0.5
AEHOUKDUSHPOEDHAISNAVI7ANZHA,0.3333333333333333
AEHPFU2KC7ZNEU5FVCJQEQV5NZWQ,0.0
AEHPS5NUGKYRMLCLDUJQQSBUHCPQ,0.0
AEHQSZPKDWC2VNXIIRGUOIKH5PAA,0.16666666666666666
AEHQZQG2S7HDP5BGTYWUCMV62WAQ,0.0
AEHS6BRPUEQG6NVTBOX5YXPROY7A,0.0
AEHSPDRMBKKRMORA3AJR74UOCW4Q,0.0
AEHUXAEM2PGGIF5RKDWUG5DQQXOQ,0.0
AEHVSZ72XXI4SU6XUNXMJAXUYN6Q,1.0
AEHWECNK65HS7NQNSESM632FEUJA,1.0
AEHWOWAIPMPP2EN6C24JJQROQ5VQ,0.3333333333333333
AEHWUHNTB5FX32HJ7UBOZ2WWUX3Q,0.25806451612903225
AEHZXP35GBAQS4TD74JRUOFZI7SA,0.0
AEHZZWYMY2FFELDYM2YRS7SUSWLA,0.0
AEI36HGRFOQF7RDQH5FIH5RNVG6Q,0.0
AEI3YFOJFBVAG54LKKVUHDTW64DA,0.0
AEI4TPGU6XI3PQ2VLXGLNBDX7NTA,0.0
AEI4YPQZG6TZOWHDFP7I22S4MQZQ,0.1
AEI63HS5MN6TIWXNZUMDQRDAMXTQ,0.0
AEI6N63YVUXCUAELLNTKUVBJOAVA,0.0
AEI6TPJRSHLYHKRSIVD3OFIMAHAA,0.0
AEI77MIQDTGYTCQMY5HGCYLKWXEA,0.5
AEI7RTDKV7AILIRFSTO6ASJ5XWWA,0.0
AEIA5Z6AZVK4X3O7K55CVIOMC46Q,1.0
AEIAFPI4OVACQ3FATZLIGP767SIA,0.0
AEIARIRYK2JJ7YHELWXQUFHJSI4A,0.3333333333333333
AEIBEZBGHEG54UXYFZYGPRUTBJVA,0.0
AEICZD35OTDYVWA2KPYWN4PDZ2SA,0.2903225806451613
AEIDW75IESCBYRJYZIKNX4GNP4SA,1.0
AEIF7UX2DWY4ZIRO25IWJJ365LXA,0.5
AEIGRGVLTJ7L2JUMK4Z3KIPYKAHA,0.5
AEIGX3ZZPJ5GS5RO4GZBHQ5Q74UQ,0.5
AEIGY6NRAYI32OI7KCWPVBTOALOA,0.0
AEIGYISHUVYNO26IKKNXZXFQB5EA,0.0
AEIH3AMKQZJ73QGAIUCQP3ETXQBA,0.0
AEIHLBFJPJBTWEC3LJIH5KROMKIA,0.0
AEIHN6JDLYL2QYCAOCBVEUPHU5EA,0.6
AEIIADPXUMFT4KJEZQUOZVZ67S5Q,0.0
AEILAYRBJMWGZQVLMC7DPKIUHONA,0.0
AEILPIBTEKFOQMYZQIK4E4OCSPQQ,0.0
AEIMJ5XEUIE4TKJLGSZYNNKB2WDQ,0.6666666666666666
AEIMOPTX5EHGZ6QH63SV6JC4NFWA,0.0
AEINWALDRYT4NTF3M5NC2WZ5YQNA,0.3684210526315789
AEINY4XOINMMJCK5GZ3M6MMHBN6A,0.4666666666666667
AEIOIVFNO6QX7OYOJNPRKQEWMPGA,0.0
AEIOQSYE7AR5XVS3CO6TZ4QANEYQ,0.0
AEIPJBAN7A55Q5DFFPZSR2UV3OKA,0.32786885245901637
AEIPNIBAH57OX4JUN7ALQ2KHOCSA,1.0
AEIPXVWUORGDX3K3WFJQQ3CFLUOQ,0.0
AEIQLBQJ7NYHYTTAKDWNYDA2KPUA,0.0
AEIQOTBKJLPPRN5B5N5L2KYETMUQ,0.0
AEITH2MBDGMCSAZSBNAYOEBOJXFA,0.25
AEIUTZ7WEUAE4PXZWRQ36A3WXTUQ,0.0
AEIVH65KEDKZYV3X7DYNMLV3JMWQ,0.2222222222222222
AEIWUHIAO3RVQNHZDBKS23RPPITA,0.0
AEIXGM25ZUYR34ZF7MZHFM4X235A,0.3333333333333333
AEIXZKAPMY7JHPXOSOKOGUIWB3FA,0.0
AEIY2WXJWZJSCUMR7S4F3AALGPEQ,0.0625
AEJ25XDPPY4TYXUWSWH7PPDDXLTQ,0.0
AEJ2JQSEPTDNRU6TKQYZOUS6Y6PQ,0.0
AEJ2WQIK4TFJG27TFJGMKIVLG5RA,0.2222222222222222
AEJ3ZPLHBSZNN3HI7PXQ4DPB2GHA,1.0
AEJ563ZCQKBBRT7GNADPR2TLHQVA,0.0
AEJ5NE6A3HGBRNPPEBB4HTRD4I4A,1.0
AEJ6TOA4Y75KHGGRCTF5LENP7BCQ,0.0
AEJ7MGTSJ6ICFUTZIAMMCNLF7USA,0.0
AEJ7YMLHCINPAGLKM5AS45NZW7SQ,0.4117647058823529
AEJB7HLH4CO5HXANXOW77PCK7ZLQ,0.0
AEJCASB623TCR2SO7XWSO2QONVDQ,0.0
AEJCZMZPJOCWGDGWWU4B7H6T3JLA,1.0
AEJD6NWO3U6S7EK67S2WFRWAZNFQ,0.0
AEJDETWITK2KGACH7FUBMY33PPSQ,0.2631578947368421
AEJEC5WS5UPWGWFR632NMKWPC4JQ,0.6666666666666666
AEJELM2NWMU4Q7UR3LGXNRNEJNJA,0.0
AEJFVYFSNMS3W2E6CXIOUYBQMXHQ,0.0
AEJHWKSFUXVUJDKTVYRAYJSQY56A,0.5
AEJJBO3HBAJW2PSPBFG7I55U5P2Q,0.0
AEJJLKAKGDDUIFKEQ2IMVUNFAOFQ,0.0
AEJMHUQU7JTHFVITVQZHM4J7ZLMQ,0.0
AEJMZY5P5J2IHCQYUPLG65SXEIWQ,0.0
AEJNMJ7NA4XNRSTTEJ52FJFETOZQ,0.0
AEJOF7IWCXUQQJGQ6VZGRDX3HGKA,0.0
AEJOR7ZML2STBFQCQK67IT6V3TJQ,1.0
AEJP7A3GXD5XEWGVBCVLTXDYQ7TA,0.0
AEJSXWZSXH5DHNIYBMRZT5GNNQBQ,0.14285714285714285
AEJU5Q7MZJAN6ZIX654NO5MRRZGA,0.0
AEJUHOQNHKVHS5AZHFGBBVTL5ZWQ,0.5
AEJWQQYYOFNDGPKXLXJPNBTQLCAA,0.6666666666666666
AEJWRL3HXNGAG3AUIUHJJAEKHLVQ,0.0
AEJYA5LGNF4GHHMJN3ETNHVQVYCQ,0.0
AEJYNAKWXNLK4SJ4ONNNWSKR5ZEA,0.0
AEJYSBLZXMZDV5MQTEVVDPNO3E3Q,0.0
AEK27DQ54G7PIWW627UHT72TFX4A,0.0
AEK2YVDVWRTYRJON43H3LAHXEKWA,0.0
AEK2YXIWF6TTZJERHSQ763RSDH4Q,0.0
AEK3U3CM7AC6GQNNIHXYCSMRR27Q,0.0
AEK47COZQC6JRI5BZ3JHMU5YAYHQ,0.0
AEK5WJEU2LSII2N5GJUTZVA3IVLQ,0.0
AEK5YA5R765XMSVNPKNNHKVEWQZA,1.0
AEK7FJP2TQNK77ZX6LJQ6IBPWHWA,0.0
AEKAQ5SHLEIE44SA3WXLLKD4RJVA,0.5714285714285714
AEKBJYBZJEJPZUWDV7T6XXGP5NBA,1.0
AEKCPCESH56P72UAR4LSGD4SI3HQ,0.0
AEKDBTFNYMXQ5RICBETO7ITBA5MQ,0.0
AEKDF2ANHCJWJQSPSMPV5TNTNZJA,0.5
AEKDJKA3HG4AFRUGCJJWRVY36GAA,0.0
AEKEN3WITS4ZEJ7ZIISGJDZYJB3Q,0.0
AEKFUKXNCDKDUBBXXIJT7AB5PSXQ,0.0
AEKG47U2ZSDWCBQWO2CYJJOHGEBQ,0.0
AEKGBJHGLLCKCRL3KMFZ4JUKVNSQ,0.0
AEKGKIVFGW2WZYIO5SIHE3FGMSEQ,1.0
AEKGR2L7VVF3FBTVTSXAVOLLO7LQ,1.0
AEKGSFZEDDBFIM47F4U4L4Z5BIUQ,1.0
AEKGZEMCO4GRDHPCCXYMNBG3UEGA,0.0
AEKHXAWYHXDKLBNGSOQZTDTAZ4OQ,0.5
AEKKEUY422QHRJH7EAPZ2M7SONNQ,0.0
AEKL7JVPBMNHJYRFJYM6TSXJJ77Q,0.5
AEKLOBM6NGXTGN2E7GIC6RHPIBNQ,0.0
AEKLS7IGU7RQ4PDKDFT2SLRSK6YA,0.0
AEKLWIFD6GVHWJKIC4QDCDYRNYKQ,0.0
AEKN6BLZOYHOCQOCJIK2EUYSDBXA,0.0
AEKNJE46MRYTOXI6NMJTY3OCS43A,0.0
AEKOQRDUY64SGH4PONBFTSIM2I2Q,0.0
AEKQYZ6FHKPNGUAVBVUMVRZJH2JA,0.0
AEKRTKDK3T3RUS66YXKIPW5XMPCQ,0.0
AEKT3R36QZ4BVGFLSWHSB7VNJGRQ,0.0
AEKT7BTLG356MDAHI2QHQPZZKAZQ,1.0
AEKTMB3EI77WTGE23SJRDV7MQPUA,1.0
AEKVB56HCCWJMD24WXYMJDG5CKZA,0.0
AEKWGLTUB5NYQ5X3EI3R2M5ZKWEQ,0.0
AEKX4SZQMLFZZ7YX5YY425HHMQAA,0.5
AEL3JIGFXVZSGUMPAQBDOSYGM53Q,0.0
AEL4RCCCIRLR6L4IBVKUQMVWBATA,0.0
AEL5MWPGIVMXPKWB7RKI37PL6ZXA,0.0
AEL5ZHI6X5STOL3Y6PCQRSSTIWRQ,1.0
AEL6BJ6WFY7ZDVQBIIOWKAOT7ZGQ,0.0
AEL6G2RK5DWBONL46YSG257T2SQA,0.0
AEL7P6CZWQRH26D2XY3SIEG4H2DA,1.0
AELA4HJK4R6EBP3P32E2IH5XNLGA,1.0
AELBBIEI6TFZEEF2ARN2ZXEVOWAQ,0.0
AELBMRGOWMO3ILFOGCB3KFGMBHZA,0.0
AELBSRCMSCXXJFYAE3NK6D4DAVTA,0.0
AELCJLJAOMS3DFYF6KUXMXJBXARA,0.0
AELCODZ4LJ2IVLIZ536A55CYUEPQ,0.0
AELDTVIUFQUUTOBFR6KNR5V3F57A,0.0
AELG4BR3AGXJUUZRQGTPCJCHVZ5A,1.0
AELGD7MYYE65AVEHRMDPYUVTUIQQ,0.4
AELHB5QYXVSXZM263JIARJBWPOSA,0.3333333333333333
AELHWVFUH26OV2DGOMEADND2IEUA,0.25
AELIV6UHVC6Z6VA4MIZ464WUHDPA,0.25
AELMGVQANXHWWVB3KQKXHPETGZDQ,0.0
AELMYCSQ2CHQEOMSPY4WCL64KIUQ,1.0
AELOFMVKR6FE7OOQGDPYGIFF6KVQ,0.0
AELOGPIDWSAQVPDOOQJR3BX7T5MQ,0.4
AELOI2MDT23DHWTZUFJ6ZKJJHOAQ,0.4
AELR73N6JFQCFA77VU3S5LQAKBXQ,0.0
AELSXWOFXQ5JYTGGX5XBZS3KTWQQ,1.0
AELYUCBC7BFTB6MQJ4Z2MTIMRZ2A,0.5
AELZEXEKAVZGQERR2H2RXFBA452A,0.0
AEM3IZY6EBPPHI63UNPVDH54FLDA,1.0
AEM46TADAWFNNA4UEMATKVKGVQ7A,0.0
AEM54G6GVSBCFVMEWUKELLDH6CEQ,0.0
AEM5YPNWRFZMTISA7MNO5Q55CERQ,0.0
AEM663T6XHZFWLODF4US2RCOCUSA,0.0
AEMBLBM4BUPI7ZRLS4JONNLCDBQA,0.0
AEMBRCDXXEFJ5IZSHFWQV4RRQCJA,0.0
AEMBTVYDSPZ4LQS22ANCAVBY772A,0.0
AEMBYOFMQMIYUDXVZOV2OSFIWUWQ,1.0
AEMC6O7HQTSBW3WGYDN7KX7MLE2A,0.5
AEMCYZWCUZOHOYR4ODTFB35LYDPA,0.0
AEMDYF5S74SVPHNIJGBO6BHTA23A,0.375
AEMGTZNYC4EPWJRN2YWOBIN3ZRJA,0.0
AEMGWSVRXINE7EIOBDBM6TVBDPFQ,0.125
AEMGXCMI4SNFUJ542KHGLU4W3E4A,0.0
AEMHSPGW765HCDTGPKO7JK2IWKEA,1.0
AEMI74JHKARVZR5F3DVAK4FMANXQ,1.0
AEMJ2EG5ODOCYUTI54NBXZHDJGSQ,0.3333333333333333
AEMKSDVDHPPZRWI4U2OV3ISVSVJA,0.0
AEMKUTWY33ROXY7ODQ3JC32R7I4A,0.0
AEMLEQKRYNQ5WGZVLBFI7NUSPKLQ,0.0
AEMLZRIZSXAA6OUNUQRZK6YMKCXA,0.0
AEMN7LYBYUGLTNVCXOBAFSHLYJ6A,0.0
AEMNNMYROYAZGBLYYXNCEAE6D7YQ,0.0
AEMO2MND4W7ATBJPH7QVVGZSLF3A,0.0
AEMO4BFY2UXCQE4XOFORK5EFFCDA,0.25
AEMO7L57SNDF7ALZ2AYW3YQQ62LQ,0.0
AEMOJU24QUZDDSMGSQPVTZGELLUQ,0.5
AEMRWPVGLAWBX2K64R47OESVJL4A,0.6666666666666666
AEMURA7H55NBGF6TS2A2JP5XIIBQ,1.0
AEMVF46YD6PBUBKQMH6LIXLUPC4Q,0.0
AEMVVAU5ROKJK76IOHQKHEWRFLRA,1.0
AEMW2ADCJBXXCQLXQVM3RJEK53TQ,1.0
AEMWM6PRIMFDQLIQIPQTGXUAVDYQ,1.0
AEMYDA6DVBKCCE7ZO2ARRFGKG3LQ,0.39285714285714285
AEN2NKUOAXGNLLT6DCQDQ2LK7M6Q,1.0
AEN2ZU26WIC33EXP6LTYOWMV36XQ,0.0
AEN347VH7E6PQILYQICAWBLET7BQ,0.5
AEN4ENZO56M34IPYVZDALB3BDRVQ,1.0
AEN5SOV5AOJA37JVTCEC2U7DBSFA,1.0
AEN6RD6RV56QE7T2LN7HEC6W3RZA,0.0
AEN6TFIVX635GNHMXJNMJOA56JWA,0.16666666666666666
AEN7KAKQJGIQCNK6NMVWH2WZ3YXQ,0.4
AENAC6DVZYNNTEGCPUA542BD46VA,0.125
AENBKROLUUF2CQET33UHMCS75ULQ,0.0
AENDQ4AHOGXOBTTJMOW73BUESQKA,0.0
AENEBXXF56E6G5VTCYCX74RF5OFA,0.0
AENER6DRMZOCWDSLKUOMSERR6KIQ,0.8
AENFLRI7UI4SFEAZIK57T45ZUGGA,1.0
AENGLXININGSHWOPGTFF2V32DBOA,1.0
AENH6LSB6BM7XLPEYUL43WBOD6JA,0.0
AENKWFYARCOIWS4FWYTLSGRIALTQ,1.0
AENM76XREURDLTOHQSEK4HJW3XIQ,0.0
AENMGVERXZSSSV4CPJ5LPPFK6E5A,0.0
AENMO75Q2V7HE4HSHYI6GOX5FYIQ,0.0
AENN7QGN7VH44UH46NYGL3A4FBAA,0.0
AENNF2GOEVFBJL2TF3UU7HBIDLYA,1.0
AENNMXDZSUEUPEWSQU57GNOQD6JQ,1.0
AENNSJ75CWK5NXVCA4YDZAEJ4KDQ,1.0
AENNUXRFLXQGXSYMV5VGZK4ADQBQ,1.0
AENNUY257PRSZMPQ5U5PFR642FDQ,1.0
AENNZB2HHZZNEPKR6JADV2W4JDYQ,0.0
AENOQPZF7HQERNM3TNR2UQUE7RBA,0.0
AENR7RAJSAIV6E2UE6AZ7BUEIOIQ,0.375
AENTOWUFPL7HSMR7M4S25M7MGDKA,0.0
AENUZAD3DEKU6K4LHFZFO2FUHKPQ,1.0
AENWOKSUWWPH7FNTRNP6GPGTHRUA,0.0
AENZ2NOJLCFRRF2APF4FEQONPX7A,0.0
AEO2LKPHWJWGEG6PMBOHLIGVYHTQ,1.0
AEO3UFEOS3ELXMXWPA5CJ34VQ7TQ,1.0
AEO4KXMHSMAMTAU6G6XOCNIA3AHQ,1.0
AEO4M665ZOCBF7HEFRMTUDHLSB5Q,0.125
AEO66DLCCH677RV6KMUKV7SOGBXA,1.0
AEO6GWHO32QJAT6NAQHMFPZJRNOA,0.0
AEOCSHVOBSGQAN5MBKGPRRHF2OSQ,0.0
AEOECNMSAGYK5BKPILPV7JF6ELMA,0.0
AEOERTQHGU5NNS25RWMR6PAPEBOA,0.0
AEOHRV5ZJJZOCSACAJDNNHQJAG7Q,0.0
AEOJW2RQVGB5EOJPZMNPUXNZYOTQ,1.0
AEOKAIB6OJVB5FRZGLEB3YAK5UBQ,0.4523809523809524
AEOMWX3OCV445UHGZUW6YUL6EGEA,0.0
AEONA76PFRHESS2JG3KEUFQIGHGA,0.0
AEOPD6K7XR4LR6IVYBYIBOCFQI4Q,0.0
AEOQCCO6VCZLGDP66T2WSVMAG4QQ,0.0
AEOQGP4XYSEKPXXBWAN4GWAPUO4Q,0.0
AEORGMGHWN54RIMZLFOJF7NIE23Q,1.0
AEOUWZLTZ46NIML4CGUBAEOTJEMA,0.0
AEOXILLGVJGHDIRN75QMVMXWZWSA,0.0
AEOYNV3GTKOZ2YOEY4QEKIAEZEZA,0.6666666666666666
AEOZUI2OJG5FNAK67ZGB6PEKUO3A,0.0
AEP3HQNDKDNNYBPRU5UOQCQ4QZQQ,1.0
AEP3UEDMIAMT3KURUPPVH44WE6HQ,1.0
AEP4R64Y44ZTA3SPZYCNNOCH6JNQ,0.0
AEPAPEQTAFWBI3V5XIIHZLG4YZEQ,0.0
AEPBFOLHNAJQJAZOMSUMVFKPZXFQ,0.0
AEPBPLR5CSYFRIOUNBRIRGSTZSZQ,1.0
AEPCTFKFPQNUAWT5NTHIZHOVKPUA,0.0
AEPDM7BEUMUY2RHLZHECUVTLAKPQ,0.0
AEPGZ4L7TDTJUSGYAVTFQRTUGFWA,0.0
AEPH725HSN3J3XTQMR5USFJR74PQ,0.0
AEPHFCPWYQEHT6ZV6MRF3UT6YKEQ,0.0
AEPHG6BIOTPEASU3KQ7UKWSBNCOA,0.0
AEPL43B572OV2OMCFW23PFTF2E7Q,0.0
AEPO2ZRKXR53CRBJHKMI6RVAPXWA,0.0
AEPP2ZFFGRRA4W73GDAKPICS5HAQ,0.0
AEPQSFDPLHZQ6Y5XB7IUBW4DY5YA,0.0
AEPQTXBSBL67WDDY4J44HO2PCIFA,0.0
AEPQUIWJI7FYDURUJIDWLMPBU2KA,0.125
AEPRO2RRDO5QIZXK35CXB43XJM2Q,0.0
AEPRQP77VF2CEG2GISP567CWNEPA,0.0
AEPRUR2J4MHMKHJPXXRZDU66A5CA,1.0
AEPS6CVNYIAOE54ZDTQLFJ7TTSEQ,0.0
AEPTHE6UGTAHFEQTVNIB4K7H272Q,1.0
AEPU6UPCLD4MSHTP3SXZQ3R4MXYQ,0.0
AEPVN4QKBMMXPBVQYXUDLS3M6ZYQ,1.0
AEPVNHVV7CG3KSQWCW43ASSGW2PA,0.0
AEPY3WJN3G2XOBDIUN3RXMU7YXAA,0.5
AEPYX5BW4FDTZPLRRGXM2KOHPAQQ,0.0
AEPZ7GYOS7L4L2T67CXR6T6P64RQ,0.0
AEQ2MLIXSRKW5DVQ4B2G3ST27DAA,1.0
AEQ4BRZQAEE7UKKOPVTM2EQVGV3A,0.0
AEQ4LANJMSQGTMUOCK6H42SRNPGQ,0.0
AEQ6X45FYCIHEZBXIIIJMS4S6C2A,0.6666666666666666
AEQ7Y56NEUZTFG2QJYQ4T32EIUZA,1.0
AEQAYV7RXZEBXMQIQPL6KCT2CFWQ,0.21428571428571427
AEQCFGIHGV5CPWNF7RZZLKEQ572A,0.5
AEQCFZTQ4NIZFCZRBTLB55AHLACQ,1.0
AEQCJX2WHAMEAIUTID22OBLH6G5Q,0.0
AEQEME4JTVW57QPP7ULNLFKLVSCQ,1.0
AEQEQ4OIJUSS7YXOJCN4RPRRVGJQ,1.0
AEQF24SNIMWRGBIG5EBCKDLMTFAA,0.0
AEQFQDC2GL6C62Y5WNZFLB44GIBA,1.0
AEQIRXUWJHFKOJBFGQB2G7HK6JKA,0.6666666666666666
AEQJLZPGPJEI4LG654IOMEU6RODQ,0.0
AEQJWBLCQHL6YZ5SKAAB3ZPPSC2A,0.0
AEQLRIQLBPN4UUHV3L5FDRZOAL2A,0.0
AEQM7WKSLHAVNDHE4F4OFQIW5GWA,0.0
AEQP7BO3DYS6ET6ANKREYSJFAHSA,0.0
AEQPHAPE7DLD5HI67M5KN2K6GZIQ,1.0
AEQPUFAW5OWSGOHVW53WT3STY5SQ,0.16666666666666666
AEQVD3N4Y2BP7N6VD4QIWQJIJXRA,1.0
AEQX7KS7WYSI3Q6E7OF3ZPIYSKQA,0.0
AEQZ2MBKWOY5KG2BOF4GVWZL65WQ,1.0
AER2M7E2IHDHZDVVXCFXTYKJ6EXQ,0.06666666666666667
AER3KQQTR7T3N6ZIOUMB4VDALL2Q,0.4666666666666667
AER4C2C6NBH2W6JACHHDS4EGAFAA,0.25
AER5A2LR25ZV3SYFCYUWBRGRKBBA,0.288135593220339
AER6FMQQPAXBQN7MRPWJSH3IKAWA,1.0
AER6WLSJPBPNOZIQWVHQBVOKTNCA,0.15384615384615385
AER7BPYAMW5CAICYIJX7QW64MBIA,0.0
AERAK7NMCVO6RNEEXGBSITUOXPAQ,0.0
AERAMOJVE43CA4TA5COS7GOTXFOA,1.0
AERBX24JFGXDLPS2O2JUPQW3EHEQ,0.3333333333333333
AERCFK4MLSG4U3XJBVXISRW27ZGA,0.0
AERD2GHAB5VZHTHUVMVAYUHL4CYA,1.0
AERDSTNOGEQQJVIVUULMJXOSSWCA,1.0
AERGOXGAFZ2J3ZMHXVLZQGTW36RA,0.6666666666666666
AERHC7DGSTOBV6Z6GWJJCGYDB3QA,0.0
AERHPPIK62QZ2WLBXQDATA775LKA,0.0
AERMLEK75FYAZRMHP2IELWBJD2UA,0.0
AERN3R5YG2K22AGW5GEXSMWICSLA,0.0
AERNPVMAGTL5TK2LJFARUOZETCZQ,1.0
AEROUZQIIFX4V4BR6FHMUCLE2SMQ,0.0
AERPYYVVXK5PZ4KBKBAUIFH375HQ,0.0
AERRX357RLQ6SAUBH6HDYNGTXZ4A,0.0
AERRZUBMFD5GSNICJIKLDACDJCCQ,0.0
AERT65EGRHVCQH3E7GOAQDG4CGYQ,0.0
AERUAJORC4WC77TABTHVNVQDZF2Q,1.0
AERUU6APCTYBYVQTUM7KFYYK2DVQ,0.0
AERVTQ63VWSKM3NWNNCJBDKJ4CIA,0.3333333333333333
AERWPVBR2XAG6OYAQQZED27RIJTQ,1.0
AERX7K5IE767MVLOYBUNPUXDTGJQ,0.0
AERXCDD4DA2UKX3BY6DSVBBX6V2Q,0.0
AERYH6N7BC5I5SO76JW5F3Z4ZUMQ,0.0
AERZA4XOSVV3A57EITRVHA3QEFOQ,0.0
AERZPTDNRBKDITZ56ODSWA2NQGKA,0.0
AES2RYKHJ36PKR5GOC5KC4HNAK2Q,0.0
AES3WXFEHZOAJRVULMXGVURKAEEQ,0.0
AES4I2XF2XCF5RRBJE6OCOYTUKZQ,0.6666666666666666
AES64NEMPYRENBT6PGCOYYBVDSWQ,0.07692307692307693
AES7KKTN2JRDCH5T4H3O5HU7XZZQ,0.0
AESAZQADEUDNDYAMHMVTYBMGBGHQ,0.0
AESC7XAD6PECYCGLVZCYYCEIPTNA,0.0
AESCUPVGN7EIB2ODWG7YHC3F4GOA,0.0
AESERUGYR2M57OR2BC2QD7SUEC2A,0.5
AESGFM6QX7BVONUAG4BPGCORYOIQ,0.0
AESGKFNIDELMTPT7OLS67JA545JA,0.0
AESGLNOOG6D77X3KYOZA3XBBEEHA,0.0
AESGMCRKQKHIAIJUL72FWQYVS6MA,0.375
AESGVJFKCAZCKC35T4PYR2KUDIEA,1.0
AESIMJE5ARHEBL6DLLD3YO2TJENQ,0.0
AESLW4D6JMNJLHVORHC3FEQWUIIQ,0.0
AESM7H2WPJU7T6USXGW6TLW4U72A,0.0
AESNIXKR5AZGQO55AJ2P4DRLENZA,1.0
AESQ5EF2IGIZFNSZR7TL5XD622FQ,0.0
AESQJGCWMZKMPCJGGZQRQ624UXIQ,0.0
AESREGQZJVO32YUHFVF33FEP6J3A,0.0
AESRHEAHGJCUURFTMWQJWTWBMKQA,1.0
AESSGWIRRSBE6RXL2QZ3BW2RP3KA,0.0
AESSR6R65G5PXULCO3634YUI7VKA,0.0
AESTJ7FX2ZR44NVS25DTXH27YAHA,0.25
AESVCDVRKAJHKVMWADOBNFV45XKQ,0.0
AESYBKHI3FNKSUPGDPVNBGKL2IMQ,0.0
AESZ37LZCXVJII6VORTZDAUTXUEA,0.0
AESZLPIVHB4D3JWQ5PZVGMJGD2GQ,0.0
AET24VX4XLW3GZ2XNFXZNPTE2AVA,0.14285714285714285
AET3VOB7PYHAKDAPEDTFGPSEE6QQ,0.0
AET5623EGQ5SJ7LS7GPMXFPOADBA,0.0
AET56IV77HA4T4A3IGJ2UJFK4ENQ,1.0
AET57BUSN4ZB4RFJIBOPKMQTVPHQ,0.0
AET5VFNIYKIHIPO3ZALZSLXX3KOQ,0.0
AET76WSAMU5NAFN6XTEBGJGDXD3A,0.0
AETA5FGE644L56YYDZI45UHV3HNA,1.0
AETBPZFRDC4MLEZ3MZZRTAKJXAFQ,1.0
AETD26IRVCQW6FYJYIIB7HYFPA6Q,0.0
AETE7Y3DZT6BLMWA6U27ADJDZ4LA,0.25
AETGCWXC47MSMK6B2TLZ44KCFJZQ,0.24
AETGRH24MKFUFZ2KKTC2ZFYVYE5Q,0.14285714285714285
AETJOO7JKNG4ZPWJBY2UPIXBAQJA,1.0
AETKGYHX3LTQ5NJP5ZHC2VEONLAA,1.0
AETKN3MZIEUDXAKTWEYZ4YCDYW3Q,0.0
AETMFCIZ4NBF4VJJMIKJPVNEXXYQ,0.0
AETOO3PKEEFCNIM6LR7VDVT2W4CA,0.0
AETPQ2FRFR3NWEQLI6R4T2S27GVQ,0.0
AETSZB5TEXJPDKB6PO2XBWO4V2EQ,0.5
AETTCFAWESCXBEOYTQNHVGW4A6JA,1.0
AETU3GFAQ7JU6KZOARTZYFVMMQ5A,1.0
AETXMYPV6KHWTNVRXNXFYQN2TZNA,0.17647058823529413
AETXPQBVAVFVGEVJBOGJ2WPIVJAQ,0.0
AETYVC5S7SOJMIM3HICSMEY4N67A,0.0
AETZSY2WAD5IHKPAEIRRQ3AYOHFQ,0.0
AEU26I734MOKVBFQIKMR2AC7XB6A,1.0
AEU3FF2QN5LHF3JELYPUCFFZNP7A,0.0
AEU4U6P7L7IJYC5HW2RFDM2K54NQ,1.0
AEU5VGZYHYK4ND5A7CHD4RBQX5OQ,0.0
AEU7QWGISMUTVOOPSZRJGH6MVZ6Q,0.0
AEUAL3EJKUSTNB4YY6STLYGTJALA,0.2978723404255319
AEUAQ6BAUEBP2C754LR3ILYHP54Q,0.5
AEUCONXA2N4QTYH25XZFFVAZFXSQ,0.0
AEUCXHKBAQI3F6PQGDS5QETOJTPQ,1.0
AEUEMBHLPF52WH7FXSYMGAZ2FABQ,0.0
AEUH4DWOJRDMRQC2ISMEG6NVG24A,0.0
AEUH4EH6XHROLT7UZPUYU2YKTYMA,0.0
AEUHIBDCWBWUHPWU4LEYAH57KWNA,0.0
AEUIPEVPJEVGFNGDZS25X4S7JBEA,0.0
AEUIU35OMHWETDS3ORA6WZW4LGAQ,0.0
AEUJVUO66NKVOXCLJPMXE5G7BUJQ,0.0
AEULCQHII5CZXLJJTBK7F6PF5ZPQ,0.0
AEUMYP5IWSQCLQRIAUKTWR2LZRSA,0.0
AEUMZOI67H3CCFCPSV6PC2R6UHAA,0.0
AEUNVLFLSRGHAXUDD3PD76NINWKQ,0.0
AEUODTGDMPZUHTBPDYPUUNO6E5VQ,0.0
AEUPVXPOUGHV5RVR2C762ZMGNYKQ,0.0
AEURX7VHDSBJDSNHCQNZ5JV7IFMQ,1.0
AEUS37QBTO5XSXXOJCQQGSQJC3DQ,1.0
AEUSDGHFKZK6IA5NPQP4QGNT4IFQ,1.0
AEUSR3CBHDM4TNQTI23CBTJKSZPA,0.0
AEUSRLMATLQOLKQ42KFQYH2RDPKA,0.5
AEUSTMRNQKLA77F6ME5Q22RGGDAQ,1.0
AEUTFVCWAKVADU4IQKDDJ4S3ESUA,0.0
AEUTQ4IEVVJZTRCDZWFK2AB43M2A,1.0
AEUWC4ABR4KED5FQZMSUEFHCWSTQ,0.0
AEUZHPIGXLWEQ7HW5LRYEPD3QYCQ,0.8461538461538461
AEUZZ2Q6GSSWIV2X5GQTOI2XUJXA,0.0
AEV2EMK63UIQPEHE7V3HZXDMGW4Q,0.0
AEV3ET6G66A4KXXAVUBODT3WYGJQ,0.0
AEV4DP5E3FJH6FHDLXUYQTDEQYCQ,0.6666666666666666
AEV4RH2G2NALLCELW4AS6XKJQWWQ,1.0
AEV5KODCW6P7ZXF66HHVTFHQ2Q7Q,0.0
AEV5QK5B6EOXF6DEG7V36PKN2VAQ,0.0
AEV5WMIHDLDER6LUWKR35CUNYC2A,0.0
AEV6OD7S35KD5XSLNLRTGMVYCZPQ,1.0
AEV6OL4GLSYMDNUHS4Y4DNVFDRHQ,0.1875
AEV7BC7YTPXOYTUL5PGWWHHRURAQ,0.0
AEVAHTHGA4EH7AUBQ3QSGWOH6JHA,0.0
AEVAKY2EMVGE4P6PXYBBAM5E5MUQ,0.25
AEVEA4Y4PRMWUBTOKWWDDP64YKJA,1.0
AEVIQZAAXKLCHSXFFZVGIFYRPLOA,0.0
AEVJOCON4D6LS7ECPHMMPPIKWZSA,0.0
AEVKKM4BJF266I6R5DJDNKHMSXZQ,0.0
AEVM64MVDOSEAVNMVLS7YIGL4YVA,1.0
AEVMDZ4AKB3DQM2EWRTHJIGNDFWA,0.0
AEVMPQORMKIMWMBQJRKJJVXI3FIA,0.0
AEVNDAFXEWRC47FAVNUTMEZJBD6A,1.0
AEVNOPF5IML6LU66W2BVPS7RJ6GA,1.0
AEVODCD523UXLDVYZL4C7H3O45DA,0.0
AEVPOT2DT56DGKUPPPE6XD3QZFFQ,0.0
AEVPPTMG43C6GWSR7I2UGRQN7WFQ,0.225
AEVQ3KP55X4XECXWMHN6DHIDBYFQ,0.07547169811320754
AEVRLY26GBFJVYM32A56BH22X4KQ,0.0
AEVRP23ONGIWRUAPURGPAKC4PL2Q,0.0
AEVTBGKOALRS27HUI7KEYUYPFBLQ,0.5
AEVUG7GSYKMQM6J7PVYKMIJQVN3Q,0.0
AEVVJHZUPI4AHZZX7PC4LTCKWSKA,0.5
AEVWAM3YWN5URJVJIZZ6XPD2MKIA,0.1
AEVYMKPLQ3G25CREYAWC347U5O4Q,1.0
AEVZVWZP3S2J57XSTFN5LPQNOONA,0.0
AEW26W6ODPJ77OHPS5LBTFT64LHQ,1.0
AEW2DUEKVQCUL56PV4CXLVRIP33Q,0.0
AEW3MTZ3PBLHELRSFI2FX2X3N3EA,0.0
AEW4CIDRC3RO33GW3GKDLONUVNAQ,0.0
AEW55ZDSPC6HOXZ2RK5MCT7OM5WQ,0.0
AEW7KGZFQFB6P2YRTN6JGVR3YRLA,0.7
AEWFEWBJVI2YN7WAWVXSOYT5MANA,0.6666666666666666
AEWFI6UHAUISG2JF4EPVZPBMHZYA,0.0
AEWICKS3R7L2VXI2PUR6VL64PFSA,0.0
AEWJXW46LKSW22FWTGRYTLNE7TGA,0.35714285714285715
AEWK45NLQWUDXWPF76JNHPMJVZPQ,0.0
AEWLOQTKYUYRJ24NK4GD5CZTR7WA,0.3333333333333333
AEWM5TEERH5SWKVMVCBGB4G4DOXQ,0.16666666666666666
AEWMM6B2T7PMH5WFINUUORAHX2NA,0.0
AEWRRORE6A47AFELFU6LO6YVEYAA,0.0
AEWRZLS7FBAX3BXANLXDKVV33CCA,0.12162162162162163
AEWTKEIDMSOZ7Z3MOOEIXYPYUCCQ,0.4
AEWUBEVXD7CKWOQ46K56K7BIQPBQ,0.0
AEWUTB77443SWKRTRKCCROPCURCQ,1.0
AEWVHCZZINJR7NIUYCVMO2ZXLLKA,0.0
AEWWDRHCN6DGQNJBGLFAMQIQ5WHQ,0.3333333333333333
AEWXJDZPE2MTDUQ5PV2D4IEOWZ6A,0.0
AEX2PWSLCKDKELBZ4FMOOWR4PVAA,0.0
AEX3CW22RUBG2EEUYSBZBMTRJSZQ,1.0
AEX3JEM4XNO3WY27QN2LIV7EKMKA,0.6666666666666666
AEX4JVEAX7V2XJNX7L6LQCX5SRZQ,0.0
AEX4MMFGEVYPOWPB4B2YFS7PIHEQ,0.0
AEX5AKK7HEVKT4CID4F6TOF2ZZIQ,0.0
AEX5IK5WUXIGLSWUWSNDYATYVQJA,0.0
AEX63ECBRMOKNMAFMIVCEUP4OCBQ,0.0
AEX7XY53RLK4CQ6MIMPU4HHZJETA,0.0
AEXAGBIZ5NEBJO6DNDVBA3ZWUIEA,0.25
AEXBIH7OOSNTF3NPJ262T4HDNXBA,0.42857142857142855
AEXC2RWTZY5DQIVSVFXGUZANKMSQ,0.0
AEXCNSFJSDS7WTO76BIOQU2GYDJA,0.0
AEXCR46DMHH6ODLFC7WCGIZGMGIQ,0.0
AEXFGERJKJ7YOSSYC2WZUKEKTFQQ,0.0
AEXFSHMGQ2PBLKTHLSQNM2IPJDKA,0.0
AEXKH3LKCCJ7NGS2JJFPR2ZBL6NA,0.16666666666666666
AEXL4OGPNMDFOCOE4QNUNECYWTVQ,0.0
AEXLJXLT2BECIHWJSZ5MSXA5KA5A,0.0
AEXLSPCC44BZKWJSATRFAYHOM6RA,0.0
AEXLU5BDFIRVGOD6UO3AOCG3DUXQ,0.5
AEXOWERQXU5OCPLNACNFDF2OOI2A,0.0
AEXP4AULLRFINXRFJ3FXQDFYYOWA,1.0
AEXQTIU2YXKVYBRLFQ5WAGVURVHQ,1.0
AEXSLSUUTYLSYSRCS6Y7XDB6JXRA,1.0
AEXTSZOMHUDQZ46764RKBNZ2WANA,0.1111111111111111
AEXU3S7NB3EBIOJE7UKO3GAM7YJQ,0.25
AEXU3XJEKY7Y5QJXKLZMPRTDUKJA,0.0
AEXUL6NAQAAMP72AP3HDBO6HTV2A,0.0
AEXVJXJE25VDO7ZFJUEAW53S7EXQ,0.0
AEXVNABLVTHK6EJVTY55T75OG2BQ,0.0
AEXXE5WBAUV6CUOCLOX6TIMV7SWQ,0.0
AEXXPCM7I5YL26QCIPCCLWH37ZTQ,0.0
AEXXSUF5KNRANEPZGM5DXTIALMCA,0.5
AEXYAYKO4JSMM7ALG7YY3P67FXVQ,0.375
AEXZPE56DTET42XXA6WBD6CM5QYA,0.0
AEY34JINUYPHCTN23PNXPOIVSYYA,0.0
AEY3HV4GQHTLLILTSS66CH2IHMYA,0.0
AEY4AK73HCLNM5ITQ6O2GOMNTJEQ,0.0
AEY5COTUP2BYV73ZRNKJF2V4BPKQ,0.2
AEYBVVQQXS7RRXDJMOHMPBHSYOKQ,1.0
AEYC3IF4CTBVTGN4ZCCUJ2E5XDHQ,0.0
AEYCJLZHSNAWFO7IKKERBKF2VD5A,1.0
AEYE3LSUHQEX6BWG224MKVXX6XZQ,0.25
AEYENTSV6LFPRW3LTBBMPYBE7MOA,0.0
AEYEP6B5W5QBNMM4OBQBQJDJ63SA,0.1111111111111111
AEYF3VOKNL6HLCREFCY7NVBT6AGQ,0.0
AEYFGA6BGU6ES546ZKBPE3BTOYXA,0.0
AEYFKTGX5FA2VGTPWTCVCHASEILA,0.0
AEYFU5FQAJYXFREC4KHQ34EGZ3LQ,0.4375
AEYG5QTSA6SYIEQQ3XUQMD24MKDQ,0.0
AEYGPUCRKH7G4VM22FM3VAKSQ23Q,0.30357142857142855
AEYH6Z3S7QBUIKSHO4KYSEG7KW2Q,0.0
AEYHRAG6COXKW264KLLBSWBS46KA,0.0
AEYHSQDKAXT5R4X7VMYN4PBX2GGQ,0.0
AEYJRJO4IKZUQ4ODRRTYX4247YTQ,0.0
AEYL33RQMQHQNHXTTQQNYFMZUB3A,0.0
AEYL4ZM2I6F6JZAMXCI6WINOA4WA,0.0
AEYMB2E6ZE25CVWQI6OAPB6YEXQA,1.0
AEYORY2AVPMCPDV57CE337YU5LXA,0.3181818181818182
AEYPHXPE4VADDYCCOHPQTQQ4EM6A,0.0
AEYPQ5NLVMRSU6GSY5EAMXWPP4QQ,0.3333333333333333
AEYQIINOZ5VGN62ICPB4ZYELPG3Q,0.0
AEYRK6RHCYZHAXVBEH5UNZ3RB5JQ,0.0
AEYS7TG2WOZAB7NLRVGTM5XZIG3Q,0.5
AEYVXZF5TQB7IGLLS3HJTDWLSKJQ,0.27906976744186046
AEYWRSMAMVW72QURZWK72VSR5YOA,0.0
AEYWSCGUMTGKVHT7K5XYCNGWRNGQ,0.0
AEYX74AR7OK76BHNNFV2LIFZMTAA,0.0
AEYXN35M6FE2CW34QVC64ULRRJVA,0.0
AEYZSTV3DHQEGC3WSCUDBLDSC22Q,0.5
AEZ26WGWJ3EOQ4KWSHG77HJAG4EA,0.3049645390070922
AEZ2QFCLVDLNVB6VTDYNBB4ZNL5A,0.0
AEZ3V2ML2S5NJ63MVVZZSXYQ343A,0.0
AEZ5CUACQP3PLOTXO4TUVLB5LKNQ,0.0
AEZ5SFMDJRYHJUGJN2MGWRMPVOKQ,0.5
AEZ5XIOVMGBSCLVM5CHARW5OMU7Q,0.5
AEZBUIRYRO7JFUJIFNSMJKJKJELQ,0.5
AEZCSRJ7EQFX2SJFITNKUPBXXK7Q,1.0
AEZEX27LZPWQFTTDLHBSKPPEUDAQ,0.5
AEZF5CELBZSSHED4KXU5YM2R2MTA,0.0
AEZFLP5KAJG42V4QRVLQHR5DVSQA,0.0
AEZFTFYREPX7QL5CTF7WFTFZHBKQ,0.0
AEZGPLOYTSAPR3DHZKKXEFPAXUAA,0.5
AEZGSGN6BHOOVUDJ57MB53S4HUEA,0.5
AEZHVVKEZAY6MAP5WA62MAYTMHWQ,0.53125
AEZI7NA3EMYGPYD3MS4SWWHWZW4Q,1.0
AEZIW242EBVLBV24LA7FKYVN7YUQ,1.0
AEZJ2TU2SLZEDP2YXEM7UHTLM6EA,1.0
AEZJHOQMLIRXKDFFG4RXVHETGNTA,0.0
AEZL73IHSBRHJJGQCNB7XGND45YA,0.0
AEZLBRKZYY5DLFUT63H24QIWAGAQ,1.0
AEZPSUTSRD46AS7M5LLHH4VAXTYQ,0.0
AEZPSXZOZJJ3FLI44VFWMQPEVKIQ,0.0
AEZQZ4AQUPQGFY756EGVKOLSYSSA,0.25
AEZRDTTMTVKCV7BMDR3L23XHL2MA,0.0
AEZS2SS4IRBQHZXF2CIYNLBCWFRA,0.0
AEZSZS7UV44CAJJR5FNEM4DZCWTQ,0.625
AEZTMBIGAP4U5F4RV6IP2PKCAK3A,0.3333333333333333
AEZUJSZ3B7OAOVCSMZPINNW3QH3A,0.3333333333333333
AEZUVWEZSOU7UOSVRGWGBTVGUDMQ,1.0
AEZV3WDCDM6V4CJMN222D52REYYA,0.0
AEZVUXKR7JINGI3OTHRBMUIEXHNQ,1.0
AEZW66K7OTLPXBNRLWZDTMUE7Z5Q,0.0
AEZW74DBPW64H5IYA22DX7U7YRIQ,1.0
AEZWSCRCKA7TSIPCA3TQKJHD3IOA,1.0
AEZWYIPD2D6ENPX6DHU2YE43W3HA,0.0
AEZZLU5EI7CTR5VR2IOBYDNOUUEQ,1.0
AF2222CTSX55SOYTJNGBL6SINXYQ,0.0
AF224BZVIYKHVGJGPKGC3UAVTLQQ,0.0
AF227ZORVJNXGFF6UFK23IYWE7AA,0.15789473684210525
AF232QQ7UDHGQOVR6LZ3X7ZVQ3ZA,1.0
AF24UDV5GTGYDPK3G35ZFFQIUUKA,0.375
AF25TIK64YJ22WQVIZYHTNGHVXFQ,0.0
AF25UMM5L3RFKFFJCQWFYH4DWM7A,0.0
AF26DD2NW2ZPTOXHDCQTSWOVLFDQ,1.0
AF2BLE54TEMGZ546U763ZHZRXC4A,1.0
AF2BS5OQPNYMNHSCV2IC44G6U3LA,0.0
AF2BVDDULOEERJOYWTJZS5ORPQSA,1.0
AF2ESHQEKVEOLZEA24FOE3NIDXLQ,0.0
AF2FPW2AJZGXQGM6KQDTHTOL7E5Q,0.6666666666666666
AF2FTNKCY6XY67BKBUO4BNJRZ4XQ,0.0
AF2G3CTO4O7HQFR2MVG4TF7HZTAA,0.0
AF2GBJ4UJOOCTEG6LEXGDPG2VUJA,1.0
AF2K6NRRABAJOLWLM4BPSCIKVQJA,0.0
AF2KUNPWY3XXWEEPG66BB4EMZT4A,0.0
AF2LIH5TPYYGODLRYOCZ56D5TDKA,1.0
AF2M7VDNKO376XFGMQZ7OUVSWR2Q,0.0
AF2NCCWGOA6IWAN6745E2SOIKFOQ,0.0
AF2O4GMP7Z6ZV7WZGJM5MGT27GAA,0.0
AF2PS4EFHEZRHLI4FXKA6LYR3WFQ,1.0
AF2T7NQ5S7SVEBHC7VGY23KZGQDA,0.0
AF2TK6ORPJPQH2TBE4PKEA7DCX2Q,0.16666666666666666
AF2TS3KEYKELC73VSUTRGAE44FQQ,0.5
AF2VTDKGOBVINTPJH5IVAJRKDEPQ,0.0
AF2WT5HLSFDRZLZXCMBQL4DT2FBQ,0.0
AF2Y4ZTHLJB72VUEMDRQAJDLJI3A,0.0
AF2YDVBOVLWP3WP2GEE6AZD7LPUQ,0.25
AF2YVVF5EWP7SJJNCB2H32FMMDGQ,0.0
AF2YXQVXC5KE672X6PWMHE4GXH4Q,1.0
AF2ZMVLJAQX3WLS5HD6646QZI2NQ,1.0
AF32UU33D7ADPI2NFMDV36P2TM4Q,1.0
AF33JZMEOPNR5RROTLPJA3VG43CA,1.0
AF35BGUUHLK3335IM3G5GXGXOQRQ,0.5
AF364RSCZMTAEVX533SS37L7G4OQ,0.0
AF37HETXCNPLIXJRMMYWVDLI4QBQ,0.1
AF3CK4ESKOD65RAC23OSFQNTP5KQ,0.0
AF3D3R7EJKCATWRQYAJPKAOGNAXA,0.0
AF3EZS3KE4ERLKYHQ3Y324EBQEIQ,0.3333333333333333
AF3FH5H3IEN5GCFHRPJ2BV3BW3SQ,0.0
AF3GHL7OXSMBHL2WASZUJ3SURYSA,0.6666666666666666
AF3GYVKFGZ4R24UB5N42W4PVKY6A,0.0
AF3HNAQK2URNEBAZQCRZGSPBU5FQ,0.2962962962962963
AF3IELI63FDNLEAGV2I6KYJ2LXFA,0.0
AF3IUNTQXWHOFUPEA5GHRTLFUK2Q,0.0
AF3LBRZERHYKJUAXLP4UYNQFOD3Q,0.0
AF3LZY7Q2FOIBJUBFW3LEANBVOQA,0.3333333333333333
AF3MCWIU26SI5GDS4Y7BOYRIMCMA,0.0
AF3QKQDBPOQRR3YKMXXVW5CHWFMA,0.0
AF3SS2K7HDO7SLEMONGZ6KEYPL7A,0.25
AF3UFP5D6EA7XVCAAWSF7IS7T3MQ,0.0
AF3XGVFJGJKRVHB3YCCVOJTPKZIQ,0.0
AF3XN2CMS7TNB4PPCD7XRRCWB6YQ,0.0
AF3YB4B5S7TMESAOQL43JYWL4FOA,0.0
AF3YUNGL3RAJWRNOI4UNSPY76VQQ,0.5
AF3ZRKX34AGQNZ2MPMFKPQ2X2ZNQ,1.0
AF43PJH7OJ6557NMXAAP5CRLDNGQ,0.0
AF46PQQYVBOILGKBR4SKP7VJNOCA,0.5
AF4BD6HDGEAYGFGPYWMXFUPBXVXA,0.6666666666666666
AF4BN5IK6HUEXLPTUULD22TGEFOQ,0.0
AF4BOHAQZZBMDYP7B6IWIKQNHTCA,0.16666666666666666
AF4CEMXNWUBPEGBGXOH3ZZP2T4YA,0.0
AF4CL5VBGKUR5FSP4FMLWT3ZWMSQ,0.5
AF4EKXYDG4OWBDAS7NXUGSG6IY3Q,0.0
AF4FLIUFGWPFLQQEBEIFQHGERKRA,0.0
AF4G5OBISHGTROXGK76JLBIKHSUQ,0.0
AF4GFATVLGDPUMYVAWU6N3ULQEPA,0.0
AF4IKJMS4TPSLWTXBJHRJ542XQAA,0.1875
AF4JBSDXHIXSJOPQAL5FK4PJPGTQ,0.0
AF4KGFYH26KERCGL7IO2KQKJM2SQ,0.08333333333333333
AF4NIQPIZQ3S3G6KEVQW33DNHZSQ,0.3333333333333333
AF4O6U23HTVGGKWAKWXIWF6ZW7CA,0.0
AF4OI5F4QGCITNUT7YUMI344RJDA,0.0
AF4OMOFLB27YNVHNR5CIHJM77UEA,0.0
AF4SXU4676UWMQQSX2GKHHFBBT6Q,0.0
AF4TOFX7CQ2YAG5WM3PCCPKHH3FQ,0.0
AF4VEZGRGAT75ZVAOR4KRNDMZIBQ,0.0
AF4VFAAC7R62GKNCONMXAWNTSSSA,0.0
AF4WLLHTQLRPEZ33OJDYG23MFLKQ,0.3684210526315789
AF4WPFKHHNUEKY2I7TJ6GR4YJ3KA,0.5
AF4WXF7NIDXZCB23OODOMCQR2WKA,1.0
AF4XAUOI5XPGWHCPOTORKBIJSRDA,0.21428571428571427
AF4XFLPD67HYHE2UGJTWV2IU7BDA,0.0
AF4XMOHDXFRANNUJW3JMI4MYGEPQ,0.3333333333333333
AF4XPHIAAWI536Y7GHFBFCV7SQ3Q,1.0
AF4Y2O5Z4P7JZPXUQSR62VAP2I3Q,0.75
AF4ZJVB5TJEJP4UTBLGGJTUDRGSA,0.0
AF56CJJC4GXQYWFTX7EIBYWV4KQQ,0.0
AF5BBJOFGZN6OU7SFABYJT7YAHBA,0.0
AF5C5KSGB7FPNFY3B2F46AX5BRZQ,0.5
AF5DDQZBNB2UEWU6IZF7VELJQJGA,0.4
AF5HQITKATBZWSKQ5BXEKW4CK4HA,0.0
AF5JU3VCZM2XNQAN6T7NFJEENENA,1.0
AF5KFHNT3TQJ2GNSE3FCDFQOBICA,0.3333333333333333
AF5KHOHRF2PHDZVWJSYAVFUD7C2A,0.4
AF5KLMIXJ6ISU7NAPIEP57SE62NA,0.0
AF5KVQC7THWPXYVICOES6BMHNZSQ,0.3333333333333333
AF5LBIWMZJFNZ4AIKDAJSL5S6TEQ,0.0
AF5MJENGAL5G6BUFIVMH5LRSZ6EA,0.15384615384615385
AF5ONT5E32WV45KAMQSUT43IPXOQ,0.0
AF5OX5OJ2IFYUMGEETNMMIKITRKA,0.0
AF5PN3FPG5Z66P7Z7UWL56D6CGMA,0.6
AF5PSFCS64I5CGSNI5Z5CJJB4QEA,0.0
AF5SRI2Z6Y2F4OBEEPUQ7RMPFIIA,1.0
AF5WQNTBQKV7QBBKRBQ7N5M3TDXQ,0.0
AF5WTPC7OZF45HXB5J2V3L4CLVEA,0.0
AF5YGFIDUL4PVHGLOLLCE2ZOZSCA,0.0
AF5Z2RWMKZOTVIXDTOTYJKVJ7G2A,0.375
AF5Z7T3SAFEAVEQALVC75JIFNTGA,0.0
AF5ZPPZA6HEYRFCBJYWVCTZJOUMA,0.0
AF62AEIOEKVHHD4XH2ID7PXWB7AQ,1.0
AF63IMM5Z4WG32KOGDHDC32EWE3A,1.0
AF63JIAC77OVDXQA7KFM5FEZJR5A,0.0
AF63NWLQNHWRWRCTECW5D46FTZTA,0.0
AF63SFHHIMHVF6TDVLBSAEVEUYMQ,0.0
AF654EU2AS2ZMYMT4DM5ZCA2WJ7A,0.3333333333333333
AF65L4YYZQHLPDL6VKUEOUKKJ3ZA,0.0
AF67PYI2JFGZ7SZZOOWPTIWBZW5A,0.0
AF6AJODJRJ4VMXE55IRLXKMUAXSQ,0.125
AF6AK5OVE22L55JHPJZITX5SFAUQ,0.0
AF6AP3BHDLCYBCYNIH752RMQUC3A,0.5
AF6ATWNWHV5O53ECWO3WXEFTZ6FA,0.0
AF6CIVHLLNSTQDVHUSNDCLT4UXNQ,0.3333333333333333
AF6COLVCUDL5WZZMOBHMCNCBQMEA,0.25
AF6JERHUB6IQWBPOG6XOKIUYI3VQ,0.0
AF6KOXEH5SDNBKOTRIWUZ4FYX3FQ,0.0
AF6KU2PB4NMUREATJUXXGKEAO3QA,0.0
AF6L5ZQD3WBL2P7ZN5VAFMABWMHQ,0.0
AF6LHQ63Q5E7IVNKS2M54VB3YI3Q,0.0
AF6MMBBZYTZFCV4EFCSC4ULFILWA,0.0
AF6N3BBR32UMXX276IR7CTZTVTQA,0.0
AF6QMSNCJH3DDOIPR7PBNXXF3WHQ,1.0
AF6RDBIZWDAI7TZKDHIW6OXYVLTA,0.0
AF6RFA6T3KGL2PMIAEML5F2HINGQ,0.0
AF6RYGFAHCMPVK2KGRZXEBHLTCGQ,0.0
AF6UNOZX7XRKH32473UO44C2AHQQ,1.0
AF6V7WITEVZYZTAICVICHOAVL5NQ,0.0
AF6VEZECVKT4NDPCRMKP626H3KEQ,1.0
AF74IF7IL2FWPDLYS7BSSWQA7LCA,0.25
AF7DEHKMKM7GNZCHQUMZMREGKM5A,1.0
AF7EM4N67D5P4YJKZZF7XODK6HVA,1.0
AF7EY7M7BAOTHXN3K7K6R5WSVTVQ,0.0
AF7FMSNMIAN6ZABPSPWKXH3B3RVQ,0.0
AF7GJOFZAY2NE5FYJZPQA65FWVMA,1.0
AF7HW6NY5XXOX3DE4WQOTGQYHC6Q,0.0
AF7J5A2ME55LSCRVQWXB3BKE7CHQ,0.2222222222222222
AF7JT6CKVCYYXMMVB23LBN2VSQ5A,0.25
AF7KCL6AOHTWOWXABCK3ZOJGGRPA,0.0
AF7KZKMOVOUFI6GEOLFDIHERFAJA,0.0
AF7MRXMT5BZFOEQY7X3F6D4QDEOQ,0.0
AF7NMW5KYBO2K53GR2GPMC3DPY5A,0.0
AF7R4AQDDVFXBSEBYRIMI2WPFB4A,1.0
AF7R4ZBXQZACHPAR62HARSTCNFWQ,0.0
AF7RHUB2RXOIRQDSH7SZDLYPZPQQ,0.0
AF7STGSJYCAHOQAKN3JTC3JC3Y5A,0.7391304347826086
AF7VJSFT24TEW2HAAUAMDJDAENTQ,0.0
AF7VOQPCGNOCDZVRDNTQGESZJ62Q,0.14285714285714285
AF7YEJZHL2PP3L7R3HBJZENN7QXQ,0.0
AF7ZINXE6MF5H7AGHIMQIOBTRPOQ,0.4444444444444444
AFA26DYXVLJYTYZ3KET77GE27N2A,0.125
AFA2HZAKKWNUGYNOMQT7TTYOKYTA,1.0
AFA2RRMTDTTMIHOUD6WNBH7AH75A,1.0
AFA2U2ZWVRYX3ACXTUL7DU3ZUGLQ,0.0
AFA6RLSFP5Z2NDOGPYJ3U3Z3SPNQ,1.0
AFAA7WD5EOAHFKGTWFRBP6YCE46A,0.0
AFAAJ2JQBNPL7JYAP4JWBWPJD5LA,1.0
AFABDHAX4UX5QYXIFBZEQRL6P4VQ,0.0
AFABY5MRZ2ODH6AGPR3RYIMUIMNQ,1.0
AFACEDIFMYWY4CHKDKHJ3N5B33XA,0.0
AFAD6IGTLID7GW3T6WVNVBGUNQVA,0.15384615384615385
AFAE5TN6ZBXFPCM7ROQKDHZKNZNA,1.0
AFAEKCTJEQFGDCQEIFNJP3IORW2Q,1.0
AFAEZ4JGUCWVNTSTH4MSZWXK7HFA,0.5
AFAFOJDV3TNEQMR2H3EYKM4UEMNQ,0.5
AFAG52VPTIGYZT5TRHW7FUWXOQ3A,0.0
AFAHVT5FXHSIGNDR7YZK3FOCW3YA,0.0
AFAIAU26DKSQCZLMTXQN3BP2QGQA,1.0
AFAIJYOUO3NAWLBDIKTQSC3DASWA,0.33532934131736525
AFAIUGQT3CKQQ5NAVGOMKIN5F2BA,0.0
AFAJQ42J7ZEW6SCDDCPMKJ5CPWVA,0.2
AFAKDRFJXFX22FDQKP2AXHR3OWEQ,0.0
AFAKVUN4OHGPAGON3THJXPGJ4BKA,0.25
AFAKXUI6QSD7SO5JOUKI6EBY2CDQ,0.0
AFAKYTPXRB64ABMSP547V22KF7NQ,0.6
AFAMBSYJBEWO3QMJ4X6ODGJ7ZKUA,0.0
AFAMOLAPKR3M2NPTMB362T2Q5RBQ,0.36538461538461536
AFANGZRYDXU6RZFWNMAPBLV2AFUA,1.0
AFANVB6MPHJTCTFOVIEBKLWZ2GVA,0.25
AFANZDVCKZBLGJ5UPC37ASPTM2WA,1.0
AFAP7A6P3TICUUAOBBRXPHUXNCZA,0.0
AFAPY6Q67HMIBQTTW53CM3N47SMQ,0.0
AFAQU455OWWJBFAIRTUGZLXTLWCA,0.0
AFAQYJOKMELB4JP3SJ2426HCXEAQ,0.0
AFATF3CIWPOPQ647GC3FTRK4VBPQ,1.0
AFAUPE7JAJBEGFXCYHA3HGGSPR5A,0.0
AFAVJAKFW4G3OFIN6KOPI46AAKDQ,0.0
AFAWHRH5SMYTLVJAA4D2ALJHN5HA,0.0
AFAX43IN46NU5GHTTOOON3EQNW2A,0.425531914893617
AFAXSME5L36JLYDFLIAO7NF4F2UA,0.25
AFAXW2JSMFBWTUIQPYEJQUNLPNOQ,0.0
AFAZJO4FXNPYFIGOUIWIAUQYBWLA,0.0
AFB23VOIW47YOEXNDOX7NXT3CQNQ,0.0
AFB2SFHBF4INKNJDHNM6NHSNA2RA,0.0
AFB2W7K4MNWXLZTISBUUINONT6EA,0.0
AFB2YVTRAJW2GCUQMBBNHEPNXCGA,0.6
AFB3L4JRAOROSUZ2NQEWT5J252XA,0.0
AFB3S46LJXHSIIXQDZGNX6VO32NA,0.0
AFB436FXVBLY6VYXRQJW6F53GRNQ,0.5
AFB5QFLDXP2T5V2RFVJJS2OVKDVA,0.0
AFB6GBEYFLU4ARUPS3MESCJPO6JA,0.3333333333333333
AFB6LWZEGOS2N533N2BGGYIZ3PDA,0.0
AFB6OR5RIL4UP5HCNAYDCP24UQ4Q,0.0
AFB776E5ZYFKDOMSHU42TBUDJWDA,0.0
AFBA6P7ULPQZNMRW2LHXALFEGEVQ,0.1111111111111111
AFBAUNG5JZ4FJZHVTWZSEASNQJRQ,1.0
AFBCTQL4LFFQPPKWM73B4VORICXQ,0.0
AFBFBKRVURIRVCVMHDOR4PFXXCDQ,0.0
AFBGS3BNUGBSMG6WH3QCLTB4W22Q,0.0
AFBI5C4W3COTCIVUHXKU5G7A4CBA,0.0
AFBKDT5DUSYSURQRYZ3DGGSG5MIA,0.0
AFBNUUEP6RLU6BCSATVAKDQM7ISA,1.0
AFBOPU3ZPBEHXZBGXQ6HLR5GOAOQ,0.38461538461538464
AFBPEPLR6T324PCFTF3SDLOD4FWA,0.0
AFBPXPGKYYS4ELDQKDQLI4GUMI7A,0.0
AFBQWGTHEJKBDS7LO7KSMOLXZ2JQ,0.0
AFBSRM5W4VXZYBQXA4V3NXRUL32A,0.0
AFBTXCSLSSICK734GIDYSHVZVSFA,0.3333333333333333
AFBUVEUIZZMKE2PC7D46LCM6C53Q,0.0
AFBXSJ5I6I4PPWAYEW4A6GP2EX7Q,0.0
AFBYH22SGVKVC7G7MI774527B7TA,0.0
AFBZU2GJP4GCB3NWA6HIL63KDZYA,0.0
AFC3IQ472D7B2SCOKFD5HEJI3CCQ,1.0
AFC3MFI2MO2YBWWOPMVGMT5NSKGQ,0.0
AFC7EE4DVV3XQKMOI74ZA4CP24SQ,0.0
AFC7LVTESVNJUEBZUE7PZHQKK7FA,0.0
AFCDFAXUFMPYC5QCYCCBM2FKRQZA,0.0
AFCDFCIQQ626L7CMOLONYI2REBHQ,1.0
AFCF42UEL75CPDL6CLELVNQ4FTTA,0.0
AFCG4PXZWKCP6XTTC4AQU2OCYAYQ,0.0
AFCHDP2FFJT6DDXPDZBIPXJZVWDA,1.0
AFCHZEWYXBKTILVVSVCS73VVUY4Q,0.5
AFCK3OITBY3PCAFLDZAA2XNEQJDQ,0.0
AFCLP4J336GVLB2VXGO65NOPYPSQ,0.0
AFCMMPNL4TFUNXI5W2CW262YXSMQ,0.5
AFCOEGXRB5XGUYAT7JO37HCDP5IA,0.0
AFCOQRS45VWQGQHZDWS6T5NTUADQ,0.0
AFCQODELZPN3GI4MKTVHEJEGXF7A,0.5
AFCQVUEGUPO4B3KQGQ3WFCOOKP6Q,0.5
AFCSIDWSKICZ5UH26NREKPW25X4A,0.0
AFCUIZAAO3TSWKVRKXC2ZASHAXDQ,0.0
AFCYHUU4NDAQNWRWLFNZYVBZAPFQ,0.0
AFCYPN2FTQWORDT33DWOSNQES7KA,0.0
AFCYUFW3NQ37UQXYVWL3LN4LAKLQ,1.0
AFCZZDLVU3IBXQJA3OIG2SMKVBVQ,0.0
AFD2BNRFRZQKGEUXGEHO3TAWEIGA,1.0
AFD2DDV4W6XBFKXH4RMD3ATNWPJQ,0.0
AFD6JJWQ345PY6RD3AEVQT635RYA,0.0
AFD6OGB6AY4YPKN62LCTXGYR7KJA,0.3333333333333333
AFD7AT5OTJ52EA3Q2LO4QFDGO5PA,0.0
AFDAN27KWZQOMPX5J2NB7MAPOIXA,0.0
AFDAUD2XGCFQCXSQVHR5EMMZ27AQ,0.0
AFDBZN7YA4VAVP2HS3B73XKUA4TA,0.75
AFDDZZPYGARHAPE4BBHJWQ2YAAPA,0.0
AFDEDV6F2BJG7SDKLY3LB5C24JVQ,0.0
AFDEH7TVRJ4GBWE76Z7RBSHQOC4A,0.46153846153846156
AFDERBL3G23J5U6HHQBAZLTREKOA,0.8
AFDERNB6BIR3U2DOR3S2KX7KJJXQ,0.4
AFDH2GAWP3RSARBENKZKV2Y7W34Q,1.0
AFDIUCNEDNFPWKTJ63N4VQNZIFHQ,0.5714285714285714
AFDK44VZEDMW26DZF2VDWSDNHE6Q,0.0
AFDMBP5WKTPK4TUMUXPDDDQOFP2A,0.0
AFDMZ4TRX3HXQQUGWAHJQTIF65BQ,0.6322869955156951
AFDNHQUKH6IZULW3MH575JMEDWHA,0.0
AFDNLNTANUGENK62RSTAQALJOWPQ,1.0
AFDPKX3DYZI6FV5GXLI7NVTULR4Q,0.2
AFDSQSP5V3OKKBRVZDPOQMJSLNKQ,0.0
AFDSTZALRDM64PFS64CMKVIZUN6Q,0.5217391304347826
AFDUIMTDQILPKQMOJQ2XM3EGBPPQ,0.75
AFDZ2TKCJCQTGS5IEUTKES43CKKA,0.0
AFDZTUGGQIHCVV2AQ5B2Y22KPVRQ,0.30434782608695654
AFE337D2J37YRU5U6MVTVKNDKWDA,0.0
AFE454TBPJXVP55M6STLR6R5664A,0.2
AFE6BPTGLVC7ZE7TCSR3G3T2K6VA,0.0
AFE7OXQ2GPXOICDFCLDEOW55SKLA,0.4
AFE7XVAELVHIHWHKM6NFIVLS55YA,0.0
AFEA4J7GALPGC6PJDLQQLTDYFSKA,0.0
AFEAJQIVVIZCTKQNNHD73H7VQSPQ,0.0
AFEBIROAXLIDRIA7UKEONIX2T5LQ,0.0
AFECJFZZCGTND6HWT4EENHOVLYGA,0.0
AFECWDHJXGC2NPMMCW6FT55WUY5A,0.0
AFEDZ3V72UXPLF5SSZQAOSMHZQIA,0.5714285714285714
AFEEZNPBQQMYEF3ZNDAAKPD3KEXA,0.0
AFEGHKRUQPHJXO654PI6VT2WDRWQ,0.0
AFEHQFGHHAGB37ILECOPN6ZNOJVQ,1.0
AFEHTC33FA4UXWIO2MKKHFHPBO5A,1.0
AFEHUA43I6DXUYV4U2IW2AVEAH6Q,1.0
AFEI6AGUAQV4FH4TSBSHUHRXBHYQ,0.0
AFEIN7QWSQ6EFW45LKD7ZOCSMLGQ,0.3333333333333333
AFEJ2MZWR7O64X2S3ZI2J7BFKTYA,0.8125
AFEJKJ56OD6H2XH55DGHJI2526MA,0.13333333333333333
AFEKAJBRLIJLH5BTSKQQUA63IOGA,0.0
AFEKLROUUZQMAEHTHHGP2ZHFV37Q,0.0
AFEKXB75RG55V2AMHSSXS4D3NUDQ,0.75
AFELPHCVIVREBKR6OVK54QE33TYQ,0.0
AFEMNWPO23WHVPSHB4N4RMMPQXQQ,1.0
AFEMVUNGJXKV5HA463WSDY4I2K7Q,0.0
AFEOQSQDQJOR5RIPIQHKJVQHBE7A,0.0
AFEP23NFXJI3T44Q4XC55NT6COAQ,0.0
AFEQWKRQRTRB5DCVMZBEXIVYZRDA,0.6666666666666666
AFERCDY2EFJKT7QUQ75GISNHTFOQ,0.05263157894736842
AFESOGK6RAEMUSOE6P5YFOAB6KMA,0.0
AFETVW7S5M4LVJ7GTWPCKT7S3YBQ,0.2857142857142857
AFEUJGH6HN52IP6H7ZD26KYZGEWQ,0.5111111111111111
AFEUSYXIOR2S7XQEZWUA3SOCQZSA,0.0
AFEV5KMXLLJKBSGXCBRZUOZQSRPQ,0.25
AFEVG476PAAYPHQQWLNZSMH6U32A,0.0
AFEX6EZ2RDXY23CNVDQ7IOM37KHA,0.0
AFEXLWL4SUBFCZHPNARIJSSRK57A,1.0
AFEYY6TB5DOF2U4WCL7GRMNZREJA,0.0
AFEZ5USUDVJLGSOB5SVVBUOLVNAQ,0.16666666666666666
AFEZEXHKWDXTL7WIZMSC4X4NBGQA,0.0
AFEZUIQCY3XUUXMUFOKWXLXB3IJQ,1.0
AFF3KDB5H6U7BVDEIDTU2JAEYPXQ,1.0
AFF3OMRONF4EAG4MGCTIHNZOZU2Q,0.0
AFF4ANFJAIAJS2SKDYJNUFOYV6KA,0.0
AFF4HYG5UDHPRHSG4YIAPV4E343A,1.0
AFF567O3QSOCJ2LLELJLYK525D6Q,0.0
AFF75EKIFKNWGEWS4U7E5IWZQT2Q,0.0
AFF7ENSBOBGYJQANUB6RZVFDE4NQ,0.0
AFF7HZTLTBXKYP2LJODVEMYQ75OQ,0.0
AFFB5XQCMCRBGPZFJLMTHPORDNPA,0.0
AFFCDWM66CJL6RZPDNZ4EYVXGH2A,1.0
AFFCDYHUH2JWTMIYBOQFGEWDL6DA,0.0
AFFDTNKCLTZIQQU5AVNW6KDG2G2Q,0.0
AFFFV4Y35FUSSYUMRHYV4P34X2MA,0.0
AFFGOQCJHIASA42WX7WBODWIBYRQ,0.0
AFFH5QKBOZANHO4ZZ7OKL7JFXFUA,0.3333333333333333
AFFHBQAMFTXYQIEHNRAKZPBJZGJA,1.0
AFFNSHESNZE54MPCJSH24PQ4KZ4A,0.3333333333333333
AFFNTMCC75AYZT67CGCNIBJMHREA,0.0
AFFOHQDTKLECGKHIGBJ76UOYQYQA,0.0
AFFP7OMXXDGNZ3LSQKTMHYWRK37A,1.0
AFFPV4IYIVU2BAG4CX7UF77Q75YA,1.0
AFFQBBI6O5VWJCDAGK7ZCV5WYCMA,0.0
AFFQMD7UHEWWCSLYZUVBTTV3EGSA,0.0
AFFR7R7ADZWGXB57TLBOHHSFC53A,0.0
AFFTVICF5EABBFHLUVPHFCBDG42A,0.0
AFFUQ74IYR7WHL47W7E5DG4CVHBA,0.0
AFFUYLZDWUQJS2QOUO7YSWUFKTEQ,0.0
AFFV2URUQPFTO44LU5JSIQISYXYA,0.0
AFFVGJL3IEVM3HW7EX3TI6OSQEXQ,0.0
AFFVVXONBPN2SUFPXUJUTIRH3E3Q,0.0
AFFWGDBDBUOKL3RMQIJNFJUAGVSQ,0.0
AFFWKJPKJPS5CQHY3JIVZ7AMHBGA,0.0
AFFXM7L6V6JSL7JGPJBC2Z3X2HIA,0.0
AFFY2VLMWDE4Q4CVTN5XJXDX7OWQ,1.0
AFFYYNK24CALIKW3UNL4XX6QWIQA,0.0
AFFZC56PV6LULWV5PQDSFMV3BS2A,0.0
AFFZDGL6WH5YI2XV32NEMUCVXPYA,0.0
AFFZVSTUS3U2ZD22A2NPZSKOCPGQ,0.3353658536585366
AFG3UPNZF3HTRC5EVLRSU4ULLJZQ,1.0
AFG4JI5VU7OPZKQK6ZJOURYIPPFA,0.0
AFG4UXMDWOFNTYUFKYTO4MLAAEWA,0.0
AFG6BOX7SFWFTWNRMO7LSMDLA6CA,0.0
AFG6YQ3GOY7TVFKQ3SKDVS6Q6RDQ,1.0
AFGBCKY332YUCUTAHCB56EPUSXRQ,0.0
AFGBVLT5NQKF7ADOMGLKJ2SBQMZQ,0.0
AFGC44UF7B4Q6OEJGD7ROSWIRSEA,0.0
AFGDGJBHZYIZRLHOEOFTRPNV2H5Q,1.0
AFGEJNQOVHGHQEPJDOK7I7OMIK7A,0.0
AFGEM6BXCYHUILEOA3P2ZYBEF2TA,0.13333333333333333
AFGGQCSEGPS7EKWJ4GG2L4LV4TKQ,0.6666666666666666
AFGI5ME27MRLT4LGEEO6KVLCKOOQ,1.0
AFGI5XVA5EBVOE2EOS42KHQSULXA,0.0
AFGIT2Y7X5GIN7FIGZPHWVZO3PTQ,0.6
AFGJZAE7ZA7QGNDK6JNTHY6XEESA,0.125
AFGNIWCBLQT2QIXXKIW7Q6VREZRQ,0.0
AFGON6WJ2WPTDH4HHUR6AH5L263A,1.0
AFGP2WDUKQSUSQHKJITVQKYQJKYA,0.0
AFGQNFBBMERT5BUXHNILILZFLVVQ,0.0
AFGRAUIXGHWO224SV5YN3TNEUMJA,1.0
AFGS7QZJCPOEUJ5VD52DGH36GKZA,1.0
AFGSBGWCXHHFDH4SUMSAQ5XKWI7A,0.0
AFGSSQOL4VGYWYL4CJU6THOL3ZAA,0.0
AFGSYNXYSHBBKTCA5NIV7GCZYE6Q,1.0
AFGTULLYCZFHXXHMNX575HBI3DQA,0.0
AFGUPTDFAWOHHL4LZDV27ERDNOYQ,0.45454545454545453
AFGVVDXBYYDPS5WLN3ERL27I3TUQ,0.0
AFGWR7GZLOWSTFN2QJBE5NMGVEGQ,0.0
AFGYWRG5C4M43O72QUA4E3TG5PUA,1.0
AFH2J3MX45WQ4X2HWX7D7ZTFPU5A,0.0
AFH2O73CG4KWBGSVFVKTDGLGERGQ,0.0
AFH37SUSDVJI6GWNF2YSSGAPUB7A,0.2857142857142857
AFH4CAXNOWUVKNSP6TLRT4CGQ2YA,0.0
AFH4ZOHBO4U6XHYJPX2EATYILE6Q,1.0
AFH5QOWETRD6KS65W5OS4XJZWCMQ,1.0
AFH5WAC7WO4U37JXZ4TGRE2JJAUA,0.0
AFH6CFVOZ3EVUVMGO725UERQOFHA,1.0
AFH6JVL73CZOVTQ2LR3IG27HRNKQ,0.25
AFH6OSJPK3XE65N46DAFT6WUTPXA,0.3333333333333333
AFHBNIEWALW2KMNCCO3SZVSYF5ZQ,0.0
AFHBV7DUA5EHYG7SAQKBSZIKDEEQ,0.0
AFHCOLVOIP7SY4MIJ637FXD63UCQ,0.5
AFHFEJY646YSQTNQK4Z4VYCNLP4A,0.0
AFHGQ26ZOJJT6SN4K2M2NXCW37WQ,0.25
AFHHYNMWSZ5DF44YBQKTV5HHA6KQ,1.0
AFHKNQ6MMAVS5DQHKSMQA3UIEUNQ,1.0
AFHL6YRD7V3FAMZJ2L6Y3ITMB7YA,0.0
AFHO7OBEBKY4YNEFOKI2GSFCHLNQ,0.3333333333333333
AFHP5ELLKFTYFI6FH2X5XF4WDRDA,0.0
AFHQ44UDZ6AJ5M52BM2KWNGP6VOQ,0.4
AFHRPCWEWPAAA2ZVLDTJHDIFR3VA,0.2
AFHU44I5ZIPV76KZSEFD5Y437C2Q,0.0
AFHWDGNMBPRUWUXL7MFZXFVZJYOA,0.0
AFHWXNXC6ESEVULAEURH2C35FYEQ,1.0
AFHXI3DOW6EDSVWJVXOXY3SKRW7Q,0.2
AFHXTLFE47LKLAY3SVP7T4Z2JN5Q,0.0
AFHYESNZHGG4F5AGDIC6CBLCIESQ,0.0
AFI43MRCEWAHZYBPKTSLDRPG5TIQ,0.5
AFI4DMVU5WFRIPSQA5F7L2M7TSHQ,0.0
AFI4YBDJHXY66T7VRSIXUB3B6I6A,0.0
AFIALQULING7EYR7VFCUVPOC3A5Q,1.0
AFIBRPRMSNV5KOKIHPOCIU3MLJ4Q,0.0
AFICQHAE6YOEIGE5TYZG5TN7OTRQ,0.3333333333333333
AFIDB4NPTG3E7KHCX7BUO4WDE6LQ,0.0
AFIDDD6WMWMGSFZONTE567C2HOPQ,1.0
AFIDUMRXIZN7F6IMJSI6KLZPIPVQ,0.0
AFIEHMJYIJLSX4NDYPAJJVHYJP2A,1.0
AFIETS7NCBAHVIQBPUDVJ5MG5CAA,0.0
AFIFCPYKA56DJ26GZ6TKSN5KR6BQ,0.0
AFIHRVEGROVTQTQOEIZIKILJDEOA,1.0
AFIJLAW3HIOMRUFSWNH54IJ3XQAA,0.0
AFIJZ3OSCYP2VX22UNQBJI5UHO6A,0.0
AFILSTIIOQ5MJHRT4F7YIGIHQLEQ,0.0
AFIM5RAUX2YR3UFV6LBGEXGGDXTA,1.0
AFIMQYEOZY3LTUMQAH3DKVS6LZIA,0.25
AFIO2BZVHQ63IEXQ7XA52UX7VWMQ,0.0
AFIOW5YO3N7AS2EULD2KVBVIVYAA,0.0
AFIQTNATAZ6T4FK6ADJQHPO2GUOQ,0.0
AFIR7BM5VQWYSJLZ36SQI7H3WMXQ,0.0
AFISLSUP4LCJZ376KJ4LNO5IFMLA,1.0
AFIWYBPRAGQIAJOBA4QGIKL2BZAQ,0.2777777777777778
AFIYR4TWQXGHJYDATBQARIK2AR5A,0.5
AFIZUCNBOIIEJBQIPTD7BXCQFKTQ,0.5
AFJ2UCAN43BZZ7L5Z6X6I4BZ5V5Q,0.0
AFJ4VDAUVZJ2GLTPJHGFIL6DVITQ,0.0
AFJ66GJGJ5FS2C2I77YVR7JMSAGQ,0.1111111111111111
AFJ7CNYUSTYVZIPQFKAYH5VFCV7Q,1.0
AFJAPNBWGKWDPQJS5K6A7IOAEMFA,0.0
AFJBKPK5W56XWSNPQU2WW66ISWYQ,0.314214463840399
AFJBVD32IH6ZX5BNLILRZIPUJZZA,0.0
AFJC4MCHM32ALDX3FPAY5PQXITGA,0.25
AFJCFG4ITTGCZQZOSWDJM3L27IIA,0.0
AFJCWJGLRX7DBTO7WY44U7B24KVA,1.0
AFJFY6RIJZTL25N3MY6F2I24JC6A,0.0
AFJGUSPU2TVTQ5NQMQCGL52IWO6A,1.0
AFJHM4DEMY7IU6ZCUBCETLREE43Q,0.2222222222222222
AFJI6VGICAIRUGGAPB57NHZJG3RQ,0.5
AFJKNSBQBOUTRWUW3M6S7SKFOY4A,1.0
AFJMUM67V35KW632G5CIHZEDT2GA,0.0
AFJOCZGYW6QFTYEYBZXCFZNWONKQ,0.5833333333333334
AFJODL64ZRKBO2TD3LZOSPTKOB4Q,1.0
AFJOJHHSNWXSLAI3BGFCCAZWOKKA,1.0
AFJP74KDEKRSPJN5JINL452T6WNA,0.5
AFJQKK7TUBI3N3Z45R6AFIVS4Z5A,0.0
AFJRIATLX72VV27RDYLM2EPFLHWQ,0.0
AFJSECCFXJ35ABMZUJEF2KZOZR6A,0.0
AFJTRBXMURLHS5EGNXLUHDHIZRFQ,0.17647058823529413
AFJTXYGTP7UQGE7SNKSQNAFX23MQ,0.2
AFJVWLG3X5N75S4JP6YD3L3X5IKA,0.0
AFJW22MEZIRKULPSUALY7PEIDIRQ,0.5
AFJYBVEQ7H33H37I7L62K3VVIIXQ,0.0
AFK2I7EJSSICSL2XMIHIL5YIHGVA,0.0
AFK2IP4LQN3ZKZC55FVWKZ7WX72Q,0.0
AFK2KFTFJV5KHPKTQINXEZVGBQQQ,0.0
AFK3MUXLBQNB46UZ4BQVPYDQ2MCQ,0.0
AFK5JCY35EJOQRD7WXWLKIHSLMWA,0.0
AFK6R43UKGWON2XYKND3E4UXSLUQ,0.0
AFK7OYHDESSAWUPMYPOBUC7L4E3Q,0.0
AFKAC3ZHOIK5BAQPW4W2V2P7DLAA,0.0
AFKACPZLPON4JTXLI3H7UCWAU3FA,0.0
AFKCOIOFQPRWL3I4A5OQDDKECVOA,0.0
AFKFBJ3ZLGYAUQYGW7YCIAUFZGOA,0.0
AFKFX7TCULLSYTJHVCNFIIQAB7CQ,0.0
AFKGKGBBVS5KU6QMFGY2LCS2XZIA,1.0
AFKGU4S26DZ5B2OTAS72FBAYNVHA,0.0
AFKH3ZUWQBG7XTXBA6MJLPHU7WXA,0.0
AFKHUTFTFFBJCYIOLYCGZDPNMNNQ,0.0
AFKJQMCY3HIYNHN3FEMLQXPGIPWA,0.46875
AFKKLSEAK6P26VECMU7HGZPEQNOA,0.0
AFKLAXFAU7AEOYJ4LCGUJIC2RJZQ,0.3333333333333333
AFKMEDRJ64OVJLMGIEFOZKVVDJPQ,0.0
AFKNGFP66KO7454MGQPRRD7HD2SA,0.0
AFKNVFEXRGUGJAGMENCOWLVDYVCQ,0.0
AFKQ7HTHC5LYV6PPR7ZXD7QBIZXQ,0.0625
AFKSXUF543QDK3LZ44ZGHQ2XUJ7Q,0.0
AFKSYG2XHOCLCVDDKEZMWQTFFG7A,0.125
AFKYGPKF7DTI6U2QAV5CTVYYT6XA,0.5
AFKZDUEVDYUJV2PYLIMFKWIW2CZQ,0.0
AFKZENTNBQ7A7V7UXW5JJI6UGRYQ,0.4090909090909091
AFKZQNNOLA7TXYJ7ORZZ22XFZSJA,1.0
AFL2OFFLVAF23YDY25XSIBOQH44Q,0.0
AFL5LOO2ILNOXKAYVFCF7M2VCDMQ,0.0
AFL67NQVASAIXDH2VPHA3LCYJTSA,0.0
AFLBQSNPHQKFHIDRZYBHICXD2X6A,1.0
AFLDJFIGCSOZNOO7TAJFMWBOTNIA,1.0
AFLDXCV6NW772XIGKJEDSTUT3QOQ,0.0
AFLELKD65ZTBC4TE7PDTT2IDVL4A,0.0
AFLELRUNMWJAK5WW65YGMTIVTENA,0.0
AFLEUJNQJQOYOYDUJ2PSZ4O2TUJA,1.0
AFLEZ6HNBXY34AFQJRTI7T7AGGWA,0.0
AFLGWVMNAKFSOPJNKKLYHP2F2IMQ,0.3333333333333333
AFLJOQRAVS6KBZUWV3TIJUULOA5A,0.0
AFLJU7PMUR5CBDAKSYSNQQGM5KBA,1.0
AFLKLHWWA6JE5LBMJ7E7XMRVN7UA,0.0
AFLKS523NY36AY6WTAAKFAHYT7BA,0.6
AFLMN2SD7GZDKACXL3GI3NCYCBFQ,1.0
AFLPIQCVZCBUJF3BZGYH75VWV2SA,0.3333333333333333
AFLRC4EB3O4FNS4VCICJ4S22TQNQ,0.0
AFLSPFE4NYR7IVOP72E4X7ZV2ETQ,0.0
AFLSY5KKZPWTEINHNYKMTKMRVPVQ,0.375
AFLUOMMI4GS453Q6DCIJFEPZ6W3A,0.0
AFLUUTBWEBDKUKMG5BH3YM5OM7OQ,0.0
AFLVEMK5QV73AU4A6BO3X5EFSE5A,0.0
AFLWQYLJQ5OX3YJEC4ESRKTGTJVA,1.0
AFLX66DKF6R3H6OEOC3TIVAYXZIQ,0.2894736842105263
AFLY4NJ2L3ZH7BSRAY754QUTR2YA,0.0
AFLYWY6Y4X3N3DPWU6XK7HROAKQQ,1.0
AFLZMJ3DM4UQY4PC5L4XVOAXBCSA,1.0
AFM2DSFXQRROQL75DRQ6J32PMRRQ,0.0
AFM3NVIT5GV4JZECXTOKGQWQGAWA,0.0
AFM4HNRPPSTSWQNJDH3ZNAPU2TBA,1.0
AFM5NV37IAPIP2AZXEZTKP3BJWKQ,0.0
AFM6RTI7O3HNJME57GMWCTPQQNUQ,0.0
AFM7HUKTSQAG4AW3WX7WVVHACQSQ,0.3333333333333333
AFMHO73ZLBHUMB36EHB4GUFLM3SA,0.25
AFMM5RQLG7N45RORJJF3TBJL3QKA,0.6666666666666666
AFMOHJOF54QARPV5DJNPJDN3F4AQ,0.23076923076923078
AFMOJCLGXTSSJ3HAFCQIDDMEG6VQ,0.0
AFMON5DX7C33UTGOEIFTW4X2FM7A,0.0
AFMPZQS3JTSLVLTHXH5Z6OOK7NNQ,0.0
AFMQX2KRQIMIDVPLR6GYVLONPXAQ,1.0
AFMSOGF4XRTZLM33IXTULXOUYXMQ,0.0
AFMSUJKT5HL5L6EGU32OKXCMB5LQ,0.0
AFMUAGW4SBJNFDO7BQPMGD2WMCPA,1.0
AFMUIT2N2L4JX7DK3RJKEG6YWGMA,0.0
AFMUZMDL3UITNNJIVD56OMZXWCMQ,0.0
AFMVC4BYDFNQDNNGJJOIZQTEA3SA,0.0
AFMVHT5HDBLRNEWMQXA4KUXODOVA,1.0
AFMWCGYATA6WOAIT6HHAQEHEWTTQ,0.0
AFMYNMB2GBYEFN6OAIHXF6AVYJFQ,0.5
AFN2SSNCKX5ESXL7CGMKZCTJTGRQ,1.0
AFN4CBF7K45NM7AC4OKGZ2Z2E56Q,0.0
AFN4JFDMHCUG5CIT5S7O3IN5L6TQ,1.0
AFN4NDDAQTXAQDUUV4KWMQR5QMVQ,0.0
AFN5NVRERAXUCPMBW7BO4RRQZLQA,1.0
AFN5RPNT5Y6CSKFQGEU6IN56C7DA,0.0
AFN66VCFBCTISJBEJ4IKYQEKXVVA,0.0
AFN6MLEDRC3QNPCFCPSCCQGQNO7A,0.0
AFNBVEQTD74ZIAWOM6LH7TSTN2VA,0.0
AFND6LRTPYBYHVIQOLD6TI7B4K5A,1.0
AFNEQKDVYISDAX242ZJZU5LFSRYQ,0.5
AFNEVDXPMUUXW3EIGVGCZKQRNBEQ,0.0
AFNF2WEK5GCRYDRTOWBYTXTXBQPQ,0.0
AFNFYPHHOYYU357WZSSJDY4SXOSA,0.0
AFNH7W5ENRFRZX3Z2KP6OI67YEPQ,0.0
AFNITO7E5IXQO6HPU7CF3TDBGAQA,1.0
AFNMEWWTIZR25B3MIGSPBONLACRA,0.6
AFNNIR2WSMXQ4F5CZCT4YM34OVEA,0.0
AFNNJUFE43JIO2PZ3M3W67BFWJDA,1.0
AFNOE72IGHPY5XTBEHKOIL4E6XVA,0.0
AFNQQL6PA67ODXLQTKF4L3YM2TAA,0.2857142857142857
AFNR3D5OZTV3AKQYJQRTKFVEEKZA,0.125
AFNT6ZJCYQN3WDIKUSWHJDXNND2Q,0.15789473684210525
AFNUVPE7WLZAAGM534ZKYBAAUCZA,0.0
AFNVVQHL2GOXIHE6NWWC3ZI3SUZA,0.0
AFNXF4NDLCMPMAM57VBU3AMD7PHQ,0.0
AFNYBJ7EWEBYOTQ5DAZIX3SPVJ7A,0.0
AFNYI3KPK32K54NCBH5MMPQT2QHQ,0.0
AFNYRQUQ6O4DJKKWM4YT2OKRFNYQ,0.0
AFNZ22ECUMV7ANKZHFAIGVFGDI3Q,0.0
AFNZ2BKU73XESGZ62ZQ6NIPPAJDQ,0.0
AFNZHLVWANRWLF3N24KCMPOTYG2A,0.18181818181818182
AFO2VP5GWU5PF44UFVG5HTOHYLHA,0.0
AFO3G62P2JXCNMWZTAIB56KPG56A,0.375
AFO4Y3O3ONZKMT3LNYW7RKFRL6KQ,0.0
AFO5YJW3MGIYDHA3HHHAUS5ZAHPQ,0.0
AFO6QN6ICKWUFQV3UEWK5EECIQTQ,0.3
AFO7RWACXRPNINN7C7HG5CCGVMCQ,0.0
AFO7TPKQ2N45X75UKWC5RV7TKAUA,0.0
AFOASAW4HQGTIGDN6LSM4EDEN3XQ,0.6666666666666666
AFOAVWO4MITHAYNENA6SLWOJZ55Q,0.0
AFOBMEIH5TBHE2TTBKXW63B7QNUQ,1.0
AFODRXNLEQI45IJTZOSHP2H2AMMQ,0.0
AFOELOYLQUGV6UDAZU2YLAOVZ4JA,1.0
AFOEUN2ZGL4ZAY43DYHRF6SENVWA,0.0
AFOG3AZFQLN7UKMC62P6TDAJ3VNQ,0.2
AFOGL6WXVDZBOLCJYF4AGP46543A,1.0
AFOGWJCZMC626A5IBK32HEHZB4VA,0.0
AFOI4UM6OQFR5NC2PCKAIMSLTIBQ,0.0
AFOIFH6R3T5HN3NIXH7YGUDJ2DFA,0.0
AFOLQMVXM7ZRYERQ3JAD7JYNKKIA,1.0
AFOMMZPFMNVCAC6VYYGQPJSRZFTQ,0.0
AFOMPD3GFTVVGBHFI6ZWRYB3OSFQ,0.0
AFONEWN6ZE6PEAO6W45A3A2KK5TQ,0.4
AFOOKIA3GO6ZQJDEVZMUZT2BYMNQ,0.0
AFOROICAXE6G6N4NU4Y3G2XOXWEQ,0.0
AFOU3KAJIZ7YQCXJ3CJOYJ3J7GSQ,0.23214285714285715
AFOUV6VK5HAJYBOOU6HLGZQ2JDJA,0.0
AFOVZVBWKGGOGIABXBSIWGOO5IGA,1.0
AFOXGPLG5WFK3D3ALTCXFQNPWZPQ,0.0
AFOZZCGRU6QG4XA2LY2ZCPKYVOGQ,0.0
AFP2WI7HGB6WFZTRRJ3G4YU4YKCA,1.0
AFP3TEDZF7GCO5BPPZSI7YDPVIVQ,1.0
AFP4PCVJ723ZNLOS4IPWVLLC3T2Q,0.5
AFP4QIHNSLCZRQOJBVHI26MTIK2Q,0.0
AFP4XVTNWUOJYDJBW3SVFDH6ZMWA,0.0
AFP5QZ4TOGDGN7IAWCGYEKCNH2RQ,0.0
AFP635WXWWJDGQW4KCPOSJBN64OQ,1.0
AFP6NQEUPGXF7UEQUXIFNMI23QPA,0.0
AFP746DEQQ5CXUJJHCI2GUSX4VCA,1.0
AFPBTK4XMHY7YEPVLM7LWU4WL4WQ,0.5
AFPBVAEV3FCQOHKJJGAKQLZLTCZQ,0.13333333333333333
AFPCVPIO7CQ4O4L3MOB45MOTUBQA,0.0
AFPCYJ6AE7PEMBUKRSVQ2E6RLAAQ,0.0
AFPE4CB5IUL3KSG6V7457Z4MXVNQ,0.0
AFPEDLJK47FSAQF5BN5XFHGL3JSA,0.0
AFPFKTPZFYVN2F73WQELAIM43FIQ,0.5
AFPHB3EWV5G6DRPMZGJAHWOJSSTQ,0.0
AFPHKIJFGIU4G4POXRFCEF5RJJHA,0.3888888888888889
AFPIRNSJ6DI4QWTFO4SCB3RRPCLA,0.0
AFPIWRC7U5TIT7ZTT67WUPX37HTQ,0.5
AFPJ6ESAD7JHEKX2UAR2ZGFAAK3A,0.0
AFPJCGADRTQ4QFU26KTSIKDAXPSA,1.0
AFPL5NUU3K3YPT2QXAL2MDDQCL5Q,1.0
AFPMM6GCKHSMTND4AUHR7D6WZBJQ,1.0
AFPN22U3CZFXYZXJ6JQJ5MWB3KKQ,0.0
AFPNB5ZH3BCJBHGUZOOEAJLY44YQ,1.0
AFPNFXLGPX26UPTSXTVANX2TOAYQ,0.0
AFPOVAXL53UGE4KRXFP67W5OINBA,0.0
AFPRITKDXFXEHWGCVZ76C7SOUTMQ,0.0
AFPRXPADBCX62WKODFJFJ2A5RLKA,1.0
AFPTBX44SVSUWJX6A72C32SJJKOQ,0.0
AFPTM2BBYFZ6EYXS73Z32HWBZKDQ,0.0
AFPW6F37BEJYXBOK6JPXQNCTWAAA,1.0
AFPWBSOHU5ZRH5WZX5N63HBD3CVQ,0.875
AFPXW4XSAWC6PJLRPU6TS5L56SWQ,0.0
AFQ45AI7SSTOBIIJV5HWIH4QJLXA,0.0
AFQ6XXFJ5SLTOCP763DJ3YDPATAQ,0.0
AFQ7WYW4KSH4VI5OVXCP2GV6PBRA,0.3333333333333333
AFQB56FVNI4K6LGR56BUONFAMEAA,0.0
AFQBAAAFLJAE4BLS7RBOBGKLYI5A,0.5
AFQBJ2RR4STUWJ5WKVC2XJGER2AA,0.0
AFQD2HCDJQN7WFG22WDNVUE5THRQ,0.0
AFQDMJM34DLIV4SD2SKVOOI2O2XQ,1.0
AFQDX4KZ5DHWGB2US6IBC7VMBK3Q,0.0
AFQEEB5BLBR2F27EZVGKBIKYTI5A,0.0
AFQFQ5HIJW7UOFDBJG7FKL2QJDYQ,0.2
AFQGQHFY3WYNV56UTODSIGFPKFLA,1.0
AFQGVYRETSWAXYNUD3VZX3BOKTPQ,0.0
AFQIVYHWA34H6K3JDVAOYOXH534Q,0.0
AFQLNQNQYFWQZPJQZS6V3NZU4QBQ,0.7142857142857143
AFQMLIX2OHJTWZTA57WTOSCP7QVQ,0.0
AFQMW57GEUJGFS6RKLFFPDRNAQFA,0.0
AFQN4IUBJFROO45SVZPGMLP255OQ,1.0
AFQOWS53WHEFRW2W6AWOQ2MOEMZQ,1.0
AFQPFVN3UYYBXWHZDX4QH3YPA6FA,0.0
AFQQQ5LGNSQUEBGDCYBAZZE5T3DA,0.15384615384615385
AFQRHZWGBWP7YYJFRDBPAL7WA36A,1.0
AFQRTCWQB3YBSWSLN6VK574R266Q,0.0
AFQTFQ47OA2VE7DO3DKZQR4EK57Q,0.0
AFQTGNTKIKCYSDA4VJQM5ULT7DDA,1.0
AFQUQBVD32BYOVYEOTGE4XEVGAHQ,0.0
AFQV3KHSFDO375DPX5RGOLY2L4CQ,0.0
AFQVUPQAGOUMZUDTTHVQRVGFEZFQ,0.0
AFQVVOJUM3PRG4UD2WU5MJ3JAMHQ,0.0
AFQW7QX2DREMFPK5WSMQKG27UOQA,0.3333333333333333
AFQWP6G73QDAZJDGYQZGSMRWJU4Q,0.0
AFQYALWXI54HIEQF3R774L7F4V2A,0.0
AFQYT7EAPIHCFFCHKNSOSFJH76KQ,0.20930232558139536
AFQYXWEOPSBCMIPRFS6UZCWLJ3CQ,0.25
AFQZDTGOFXWVYVK3GKDWUKGDMBLQ,0.0
AFR2UI2WWR6J2JZM24FBR336Z4MQ,0.0
AFR3UUB6F6CZEGL6TEFMWO6DO42A,0.0
AFR3UV6CBLKVE2PDOUXTAKRFD5UQ,0.0
AFR45QOWJ6GIBYF3MP6W72RZNJPQ,0.0
AFR4MDCNV267F7DBBR22SJG5FZYA,1.0
AFR4OP5K2FXY2NNCIORWKVQZCDLQ,1.0
AFR6Z7GDY2L4NCKQNCLJNQNUKIYQ,0.0
AFRBUI2CROLJWEWOR3F7F6ZYEAPA,0.0
AFREIHMGTS5WYJ7Y4LMNJNVVRUIQ,0.5
AFRFE674WE2SM55QEESOCAWZDGFA,0.0
AFRFJRLOBITTFGMAM6ODSGLIJJEA,1.0
AFRITMS76CZAZJKIRDQ7FC5MMXZA,0.0
AFRIUHBUT3I62AG63WOJ6GO7MK7Q,0.0
AFRMQTSZ4M7KOPCHGYXKLRPKFYIA,0.5
AFRPH4LO4KG4ZSTH3Y6VPDFJYE7Q,0.0
AFRQODQXI2ELG5TWTT5SSFR4WBRQ,0.0
AFRRY33UKK3KLUJXWVA3OXLAJMEA,0.0
AFRSJBVHF66WZ4L354MAELPAYKGQ,0.0
AFRTHV24JEJE7DISYXI4BC5YB3MQ,0.0
AFRUKJALGRWHYX62JSXKKTGXE5JA,0.0
AFRVV3L6CJUHLLKWA3PIG7JCYJQQ,0.16666666666666666
AFRWRFROLSWDUPFVWCWLMARPVGJA,0.0
AFRYBB7TDBHOLAVGFZM6D7DDG46Q,0.0
AFRZ3YEUSNVS6THSGMGSWWCMPJ5A,0.0
AFRZ447WPUXE2XSWVHDJUD3ZWXIQ,0.0
AFRZT4CA3LWX5ITFOWONN2KPKCFA,0.1
AFS2U7T5GP5RNPREZ3WAC3RRWCTQ,0.5
AFSATLEARRYBX5ZD2LLNU4TGY4EQ,0.5
AFSCQMP2EPYLGJN7OBTMEXCBE2OQ,0.3793103448275862
AFSDTNTR5DVFLBWC4Q4Y5SNG4TFQ,0.5714285714285714
AFSFAFYKIIDU2A7ZBNSXTKTVIJTA,0.0
AFSFXIYYZ5MNFJHEX3QHKWPK264A,0.0
AFSG7TRHSOHNXHAWKTKGPTRPHKVA,0.0
AFSGQCEINAGMWU3MAZZKWU2UGGKQ,1.0
AFSH2ADUKP7QBX2P6BCWUKZYE5NQ,1.0
AFSHBL3LUTLGO3UJONM6LVEJLEQQ,1.0
AFSHD27Z7NWMCD4LUS4USMNFUHLA,0.0
AFSIRXNII2NO5ADYAYU5VGJ4DVSA,0.5
AFSJGCYOYHJGG2VBYGB7WLKHQ37A,0.0
AFSJRGJT55NS24HBKME3IGNZ4PGA,0.2727272727272727
AFSKPY37N3C43SOI5IEXEK5JSIYA,0.26334519572953735
AFSLJXRMFXVP3IR4ZIXQERRZO3XA,0.5
AFSM7ESAI3BK56XMWJRVCZRYCS3Q,0.0
AFSMHCVY3AM5OWPJTPEDBXIRTR4Q,0.0
AFSNGBROR4NUCU6UQCJBB4VEJOPA,0.3333333333333333
AFSQODWB3COZA3NW445UC3QG6KHQ,0.0
AFSU2WP64PLAYHJKRHORUICXFFCA,0.46153846153846156
AFSV637IF56HT53U2RJ4DV6RSVHA,0.0
AFSWT22BABKEAANIPCAO2DUDVAUQ,0.0
AFSWWYWKSZBJVKWZNNWVAZOG7IJQ,0.5
AFT33VUS3ZFGIAHGRXAZWBA7DD4A,0.5555555555555556
AFT55RTC3WI2OGPDK6ZZLQOVJFZA,1.0
AFT55VEODOLZZ5KXVSUFZIWV6CBQ,0.0
AFTC6ZR5IKNRDG5JCPVNVMU3XV2Q,0.29411764705882354
AFTDSPCG32FV2VPWLEYPDQARTSQA,0.0
AFTFDIQUEOTOEPOX7RDKIAWLC3RQ,1.0
AFTG36MRC5CXEBIRIRSMZNUKBJFQ,0.4
AFTG7W3AJ5DM2CCQWJLOJWL4ETKQ,0.0
AFTIM4OKTMFNKK4BRL4GNDHMPFSA,0.0
AFTJJTMT7S2GWKVSRAKO3IY4TUUQ,1.0
AFTLB43X76QKXWYYG4J6KKKGD7QQ,0.0
AFTLTH2ZDYNCDL2VPKZBTF75RKTA,0.0
AFTLUVGQWKW6XSQ5TB6UER5Q263A,0.0
AFTMEJZVNY32NOSXQU3LB6HZD7IQ,0.0
AFTNPJYJYTKF27LQKDPVTBHENBKA,0.0
AFTO753L3RBCKK5O6VZTSAYOOYAA,1.0
AFTP6HWPRLWRFVVRP65WD7OPCHXQ,0.0
AFTPWW67O3POISX7RO75HMRHQL3Q,0.3333333333333333
AFTQMFNQNWDTYDQDF3IC4W7TLVOQ,1.0
AFTRZS3Z3OLZYHXBRQPLOKFV4RGQ,0.0
AFTTX2A3ZJPLFLMBZL3IUBUGAI6A,0.0
AFTUR267URQRM65ZFY322SGQ7KJA,1.0
AFTVZ4JFSEWQFGPJJ7VUG2LCSAHA,0.0
AFTX5XGVRRUV7H7LJ6MP5LVDX5PQ,0.0
AFTXQF7EBQSGHI7URCWUHW5LEHTQ,0.0
AFTZ4DDX3WPX4XQ4WUHU5RDEUFVA,0.0
AFU5KXXFSVIZLVR4C2CYU3HMK2OQ,1.0
AFU77WPOVDJWJ5TT55AV7GUOQ2AQ,0.4
AFU7EVDOO4TIPZUAKOHFPFTG7OFA,0.0
AFUB7CHTXRPD447QVQCHBZVN2IPQ,0.21739130434782608
AFUBQWBW7BUAEFDDGBHFIUDGWK3Q,1.0
AFUCTUJ63B6QQMGFJLJARMIMGPIA,0.0
AFUDWIMEA2LWNVEGMVVEOXFDBZTA,0.16666666666666666
AFUEIH3ZQSMUFHD5QYA3FM7IWZEQ,0.0
AFUEQBZGK777OQIPKCIGQKK53MDA,0.0
AFUEY4VM2YWM3AL3ODNGIHEKD3UA,0.0
AFUHTRC3ZAQDQCFTV6PS3NEGJHGA,0.0
AFUI76XKYNCVGJGRW36E7RJH5XYQ,0.0
AFUJKVQEP47ETYUNHAEFW6VJPTBA,0.0
AFUL3FLW6IDSNCAJQPCOPMBCIIPA,0.0
AFULFJKOH3O25XBT54XAP4WSGG3A,1.0
AFULICIEPKGIYC2SRV5YN7ZAORIQ,1.0
AFUMP7GO4PZ3S6DLUBFPX6OK544A,0.5
AFUOEWBD5Q4WDQWKZ4I2PACGG7RQ,0.0
AFUOJVLKDMSETEHFWQV3Y5QKU64Q,0.0
AFUOL3UH6FR22IH7VGEIWWKK7KVA,0.0
AFUOYIZBU3MTBOLYKOJE5Z35MBDA,0.46153846153846156
AFUSHNNLRNRO7Z45ICYGVQ5JU6EA,0.0
AFUSWNVA72MMWHGYWJ652SYX2JJQ,0.5
AFUU6XU234MPQHFZZQF2LSHWPZDQ,0.0
AFUVLAB3XMV7KOPMH52DWJNRRJBQ,0.0
AFUY5OAE7UHKPSUAWSIV4Y5CDDBQ,0.0
AFUYKPKI3DZ5FHBQRUWFDYKUOBOA,0.5714285714285714
AFUZ3HSONK4B6QP62HWG3IQSA3IQ,1.0
AFUZ5E7QAHSVTLIY253GFAYZPN2Q,0.5
AFUZAL2CCOB7LVGRTZL3NMY2WDBA,0.0
AFUZG4S57VOZIENQ5LJHBPEO5T2Q,1.0
AFV22L7AEKI2LW6HMLRLUKNYVBGQ,0.2727272727272727
AFV2BXTNV6XJ4BSUQ3SO7KU2DV3A,0.75
AFV2WGGI3QDG4ATVHYAJ5AVWORXQ,0.5
AFV34NH3TBU4SQPR7GTJEAFYGKJA,1.0
AFV5F6WO2JX664SF6KC2YNW7S74A,1.0
AFV6ITAVNGPWXSUOSQGHIAL6XRCA,0.0
AFVBLZOM7T7MR4IDBZSYYA3USZ6A,0.0
AFVBRJC6HLAWP2YL25JO26PE6VWA,0.0
AFVDCABSBLUD46YMYSHPXVHAGC3Q,0.0
AFVDINNYZ3KAC3SKCYYFAB6EI3RQ,1.0
AFVFFSHYMKHMQKKYQIHE2IDLPA2A,1.0
AFVFLOD4M7Y3LOVDOYOC4IL34XQQ,1.0
AFVFZ7B6ZKQ5ZMGI3UTAXDW2NLRA,0.0
AFVGL7HOHKHSR5N3EUAVLYSBZCTQ,0.4375
AFVHGFX2RLJ66WW3BRY25OLNK2PQ,0.0
AFVHJ6WOYXAFXPKYKG3JBSX23D5A,0.5
AFVLDYB5UOMWSAAJ4TUTQAZN32XQ,0.5
AFVLSLVYPFC5ZQT5KKSJRNFFKQYQ,0.0
AFVLUOHDJL6SDQ725KU7LYBGK46Q,0.0
AFVNEEPDEIH5SPUN5BWC6NKL3WNQ,0.14285714285714285
AFVOEH5QKPSJEK4VMWS4GUWCZ6SQ,0.0
AFVOXZV56LIZ2XJG4L3XRF2ITYUA,0.0
AFVP66AZENGK2SKTLADNPJGIYPTQ,0.3333333333333333
AFVQTQM23HW36W655KNBHZKAUPLQ,0.0
AFVRQVUCVADWFFB7U4J5ILVOEGOQ,0.0
AFVTVAR5V6XKWMVHARHZXRCOSHIQ,1.0
AFVVAWYOXQK63S7ZDK5EZGNM4LSA,0.0
AFVVXZ2UVRM2KT73SLGNVZYUM2PA,0.25
AFVWRJSFTXSLWZUPRKKTVPY5JQRA,0.0
AFVX7R6QEFN757VJJAHIJIZAEIXQ,0.0
AFVYSMFSLQ72KM36STL6FXLDMQVA,0.0
AFVYUP667HX5PIHBJW7WBVVFHZVQ,0.0
AFVZ732L42ANKKSNKE4UNPI2GTQQ,0.0
AFW2PDT3AMT4X3PYQG7FJZH5FXFA,0.33386837881219905
AFW4FXFFDVKGQMSGIA74HUKKFNZQ,0.5
AFW4PPP2GYKKZW2JXAGWC4ZBOIGQ,1.0
AFW4XOXE6A2J4FLDS7ONEJZEUAHA,1.0
AFW55Y3JTHHHZXTKOFWINTSJIZIA,1.0
AFW5WQNZAMTNKQITLSP2EBDVSKWQ,0.0
AFW67E4KVDFRUYNPRI5ANTQWEQFA,1.0
AFWABVKN2DNOHA3H6DMIN3WJYXLA,0.0
AFWAXSLBIVNLLSKAKEXZWH6ZRFIQ,0.0
AFWB27GHB5LSZCAZEULWVTE2YO3A,1.0
AFWCNCO44IOXKK6HAXXPZWQQHAHQ,0.0
AFWEEHWSXZG4LPIMBA3XYJE7R2VQ,0.0
AFWFFYN33BTY6NWWDTPEWQQBYDUQ,0.25
AFWHJ6O3PV4JC7PVOJH6CPULO2KQ,0.13333333333333333
AFWK5HW3FB4HNVYJUHU5ZW7NPCYA,0.25
AFWKMTS6HGPLGCF7XA7PCPM76ITQ,0.0
AFWRGOGF4AI2IHRX7KZ2IYL63RXA,0.3333333333333333
AFWRW32IAVMIN5I4GFUSDRLBZZGA,0.6
AFWSWV6JG6RC5V6XEL4EXW4KKQBQ,0.0
AFWTME2ROGUQI5J5FB3DWCLKZNBA,0.14285714285714285
AFWTT7HY7QEAGHNGQKUNPAKGKCQA,0.0
AFWVN52MRBWOTIK7UGXBWGOY4HBA,0.1282051282051282
AFWXGZWG4TOCWAGDQSUUKONXVVCQ,1.0
AFX2DJTS22HUXFZCOAK6OTHEDTYQ,0.0
AFX4ROM4BGEA6KAV6JKX2CDVPP3A,0.0
AFX54TU2SL5JJ53SZ72G6PEMSOOA,1.0
AFX5CAKRRP3RSR27ON65ZRI4SXMQ,0.0
AFX5GCBHJZRWAIDMOJQPLQYQIT4A,0.0
AFX7DU23Z43UGPBH2TCSCQFU2SZQ,0.0
AFXALFIRQPYVRT5RP3WTD2Q4WW6A,0.25
AFXAX77UJGWZG2JU2Z52CQQH7YAA,1.0
AFXDYTFXJLX4YG3UD7W23W7Z5Y4A,0.3157894736842105
AFXDZW5H5LXQAZU7TM57Q25V5LQA,0.0
AFXF2A2PAFC2ZP6NG6VQOELRHHAQ,0.6666666666666666
AFXF3EGQTQDXMRLDWFU7UBFQZB7Q,0.21052631578947367
AFXFEXKD2XNGFLVJ2MMAXNYJSDAQ,0.0
AFXHSWTPVNVZMQE7BZUEZF4OZHMA,0.0
AFXIUBD7MXOW6DBKXW7L5UKBM4IQ,0.3333333333333333
AFXKMVUEARVTNAAHYLF4ABKOILFA,0.0
AFXMK2IQCHI3APYUVZ4HRDXIJJJA,0.0
AFXNV267KBJBGT2MFSCHYAFQ374A,0.0
AFXOCOWM2PQ754R7QUC3EMGIOADQ,0.2222222222222222
AFXOUPWEYPJDJRWMANPPBIVECPLA,0.0
AFXQDJLOL5GVFJRHGTU2LNMZHEMA,0.0
AFXR7W6KTYBKQO4KH2NYV3UOEH5A,0.0
AFXRCMU3XL62EBWBP7X52ZO5E2KA,0.0
AFXSSG44WLADRXCGOAQPBIW6L4QQ,0.0
AFXSTX2BS3VYZDUVT7XMYDOARDXA,0.0
AFXT6QE65FLBETAO3VNEDARUI2DA,1.0
AFXUNKJFY5ERNDCRPH5J22372ZMA,0.0
AFXUP4WWKENB7LAW7SXIWSEYMH2A,0.15384615384615385
AFXVYJDUZ3HLSA5C3EDTJCWDNSIA,0.5
AFXXUSAEIK5VJPDSPSE3W6CMQHZQ,0.0
AFY3BPXSRDQ2R32A42JJY7HZMJGQ,1.0
AFY3UMP3NES7ZTYNG55CSYFKE4IA,0.0
AFY4R7XMEMOPPE4XIOJ7AGRQTVSA,0.0
AFY6NMFTXXN7AL3NSMJ3GM42Y4CQ,1.0
AFYCVOWPEIUNDIODFVICC7ITNASQ,0.0
AFYE7WI2MA22IZZO6SXNM3AQRAGQ,0.0
AFYEGLQ6U4TTCG36W443KAWFNBJA,1.0
AFYEQGWZLEEM3VICX4K7GEITCNDQ,0.0
AFYI3QUQRIF2V6K5SQ5TFEWI7EGA,0.0
AFYKPHVGG43S3P4YMVSICBMSA5QA,0.0
AFYMNMPJ7TCETT3PK55JBS57I6DQ,1.0
AFYNCUNHKHRPPUOQSQEDJLSIL74Q,0.0
AFYOZ6GIVSYHLH4OCRCFDESNIATQ,0.0
AFYPRMPB3XQUHB7ZDJ2NVZRVRQVQ,0.0
AFYR3MTNDZASRHNYX3SOIEPUSFNQ,0.5
AFYSLPBHHOX43I7UNIIXIE7VD4SQ,0.0
AFYSWCXEGLPB2Y3RL323HFLGMT4A,0.0
AFYUE4KEBHOHSVH6QG7DGLE2YRXQ,1.0
AFYVDYPYTX3YUFXKX3WJLAEJOQXQ,0.35714285714285715
AFYXWRH5SULLY46JOJBBC3P6RWBQ,0.3333333333333333
AFYYMPUD6YQE23IA4MRYA4ZR3MMQ,0.0
AFYZ6GKRPEFTKYEHUOSTDR4CBJJQ,0.0
AFYZV2HD2I4TADEMI5QAQ5AGFFGA,0.0
AFZ2WFNVLG46EXHEF5AEG4LNR5JQ,0.3333333333333333
AFZ4C2QTQZ6QXPSTWCAISSXRUJ6Q,0.0
AFZ4G2LPX27EYRV4BD4TP3W4ZXXQ,0.0
AFZ4GAOLMHTZZLHY5ZAZDC4VRTSQ,0.0
AFZ4H2HBXTMHVCZEBTNJP7W6R5LA,0.375
AFZ5LNTQPR45C4MPRYIEFVKGI4WQ,1.0
AFZAVVJSYQL5OUDHGT5MFO5KJWWQ,0.0
AFZB3WNDA3IKBDZIW3YH4KANAI5A,0.0
AFZC3UVPS3YDTAVOSOMU2A5SANMA,0.0
AFZCWIOD6EICPVQSSFO7YX6N6YWQ,0.0
AFZEWKQYA4ZH6UUJC27BXONQM6DA,0.0
AFZHB636MCCJNJHINABLEUCMQVTQ,0.0
AFZHE5NHEVDX7KVTV2NSY3FA4XWA,0.25
AFZHGG66WZRBIJTYPCHDSHY5GIWA,0.6666666666666666
AFZHPATMBXNNBDADBUAFAT4ETAEA,0.0
AFZHVLKU2IFGM26MNHEHZV24MVLA,0.0
AFZI4HCFSGEXTEZAG2VICNAQTZBQ,0.0
AFZK2BA7HVTZTYYVBQ6YYL5XPWLA,0.2857142857142857
AFZNUOLBP4VX46FPIMS6R7TPFPHA,0.0
AFZPBQFGXJE7YVGVOCQ3INMCI6JA,1.0
AFZPMWS2IY6WSK7O7F5JMOLM4NRA,0.0
AFZQ4QEIYOYSZK6ZOQW66XOQ3GIA,0.0
AFZR3DMRF5KW3WM6LVZ6SGSBGQXQ,0.3333333333333333
AFZRBHATWMMOZ75SQMQGZNOD7CRA,0.0
AFZRGBUVYJMAM2UVML42IFJX3VQA,1.0
AFZSAYNMKDTQVOXQW2TCIGBR7RHQ,1.0
AFZSK2IFCP3KOE7IRNVSE3C3NKVA,0.0
AFZSZZURRC4XKKBIBHSIQFLXCOFQ,0.0
AFZTOO5BBNV4F3Y7QJACBRLXAJEA,0.0
AFZTYHXKI3CKU3S7OO4CADH4OEBQ,0.0
AFZUK3MTBIBEDQOPAK3OATUOUKLA,0.25969341749323716
AG25ZASYXSIF666IYOAOXJTTX2WQ,1.0
AG2BJOE43JDTA64QMYS6WLUS37WA,0.5
AG2C5BVJIQA5DQUAONBZBINZSYEQ,0.0
AG2FJHNU5Y4HIDFK22Y6EJDFZ4WQ,0.0
AG2IOTNA76CJWFX5IURRVMJWVVBQ,0.0
AG2JBD4NI56SYO4DFA3HJIOUWZHA,0.3333333333333333
AG2L7H23R5LLKDKLBEF2Q3L2MVDA,0.08333333333333333
AG2LKLOEC5D7YP6VJNWU3IIIHERA,0.25
AG2MBUI55GM2K4JSJFBTC26FXDMA,0.0
AG2MOYLWZ7VV33MY66YL3IJ7HI4Q,0.5
AG2NK3JFSVD5GLZUL63LKXGORPUA,1.0
AG2NOIYXWRLBHPHJBL2S4D7T5VIA,1.0
AG2R7Q3QDT7QMPR27PFV36V6BR7A,0.0
AG2UEDPK43QC5AU6HZTCBANPW2FQ,0.3090909090909091
AG2ZGWAGJOGZN22KZ6CHW62URNOQ,0.0
AG32BO2VHFQML455DFYN55LRTG4Q,0.0
AG34ZX3BZMU2AB63EMR3327DJNWQ,1.0
AG35BKPUEUMX7LV5YLOQ5YCQ3GOA,0.13953488372093023
AG37FXF32G5JGPGN37V6WAOQKUBQ,0.0
AG3BG6PCNVQKVYNWHT7IJHEKUQAA,0.0
AG3CK5SCLW7IHASZSW5I52W6VQDA,0.3333333333333333
AG3D23KNXZKTXGW2BNP6IXS6YDQQ,1.0
AG3FZ7ST6C2R77BP2O4JMYRQ52MA,0.5
AG3HMLZJHOGT7PJQX3KGGHHC3AEQ,0.0
AG3IIIN4QARMCMYS5TGLZUZ4HRUQ,0.2
AG3J2ECL3DW3UPGGPX2TUF7SF5AA,1.0
AG3JJOGV4VW4LV4OR6UB6N7NPLEQ,1.0
AG3LKHMZRLJNHARYZDQLZ7XDKYEQ,0.0
AG3OMNZUNUF3QAFTI4FVLTXTFXZQ,0.5
AG3OMX2OKPGW6HEMNPEVIP7CB4HA,0.0
AG3PLBKYS3Z2IJHOBNCEOM4SXAYQ,0.0
AG3S4FROO422V5KP7DJCBXVUQLJQ,0.2836624775583483
AG3SP44WMKMFLUZI36G3P3HBCVWA,0.0
AG3V3SP3WZANUQR6GAAKMCWCP72Q,0.0
AG3VSNBVZL5UXFTFFAQMIREN26AA,0.0
AG3VXRJ5OUQDF3UAEOEIIZ6Z5Z3A,0.14285714285714285
AG3WYLGVKWBLBYL5UEQOKD2KVDFA,0.0
AG3XU5GJ7ATYTRQ3664DTIOF2BRA,0.0
AG3XVMSR63FRTMHFIACPDO7OYZDA,0.0
AG3XXUDFM7GM2H65FLDBSC4ENYBQ,0.0
AG3ZLSFL6WEHCXA2SETWSPPDGTVQ,1.0
AG435XOKDSHTIJNM72GXXGZ2T7JA,0.0
AG4363JLAHPMXXRDWLELC7CS4KVA,0.0
AG44DQLCEHRU62BFWBHDAIIHS4XQ,0.2
AG44FSSBEFC4BCDOIYRLVYVK6PZQ,0.0
AG46WWUBBVHZDPXJ5ZRDIKGHQLUQ,0.0
AG47HU3MDS5O52R7Z5SRZO5LWX4Q,0.0
AG4AY3ZUV6CCSV3GPLIB4ASGKCYA,0.5
AG4BBARVNO6VTOC654NFRHDCER4A,0.0
AG4CMACPLR2DPFISKIUJ7EG6OMYA,1.0
AG4CMTXPGODUYDK466SGORLF4MOQ,0.0
AG4COLOHCLHWUUYWCZ77TPJLE3EQ,0.5333333333333333
AG4CZLNP6BBFS3EHZD523FWY5WEQ,0.0
AG4EATR4WL4QOALBK2QV3T5CJVSA,0.0
AG4EMCK4UVIBJKL7DR7ZHTF7CO2Q,0.4166666666666667
AG4FRNPMHSM4HS2IBC2H5B7IUQDQ,0.0
AG4GRM4E4LZBSQNUBEQ2LSNNJV5Q,0.0
AG4GVZM7SUDK4REL56U7DK4GQWKA,1.0
AG4IBL6TDT3RZJRIJMOFL2TGXJGQ,0.0
AG4JCTFIA6PZNLS6QDQAHSMZMF3A,0.0
AG4LLC6OSJUW7MTIZE4G332S5MYA,0.0
AG4MIJDYTNWORGOKC2K22CPHFODA,0.1
AG4N4JABA6W7WTXO46RJTBAZ573Q,0.0
AG4NGLW57WS4PMTDFVYYICYXMLMA,0.0
AG4NTS4JQDDFHSGS4233TNBMXNNQ,1.0
AG4PYEKPTTEMMWBRIXTC2UAVWQPA,1.0
AG4RDNEXBUS7SKHLYCZHG2Z4FZ5Q,0.07692307692307693
AG4RU5SMNCJ6TBCVN4M6IKY6X3PQ,0.0
AG4S3VMKGHGEKQIRVNC5LGOFHRIA,0.0
AG4S5RCVIUSITJI2KCBI6W2VFGMA,0.0
AG4T2QLCIUPQHPZDQTGQOIQOQX7Q,0.6666666666666666
AG4TV5GQSCCDIQU7NCU5WSHVEAWQ,0.0
AG4UY5TXNQGJEGFB3Z3U457NFKEA,0.0
AG4VTWACVROUOA2KBR5WMK74Q4GQ,0.0
AG4Y5I6ZSKGBY43KKNIHVOMBNW2A,0.3333333333333333
AG4Y6GHCUH6T352ABJ6EUNEPGJIA,0.0
AG535JFIAGQV4CY7TREDVYPDNGKA,0.0
AG54HW54DL4HYJARBLCRETL7L4YQ,1.0
AG55FRTLHYWH7LACKFHHRATAHPLA,0.0
AG56IAC5WMZYNSRHULIBSMRVFGHQ,1.0
AG57CQ6P4QWYMWUV6MTAOETUKHTA,0.75
AG57WKP4UAON47LATKVUWCTW4DDA,1.0
AG5DTPDJ6XF4EU2LLSFHPJO4UZEA,0.0
AG5ESK2B2EL7CKQC3QC74UQVKNYQ,0.3333333333333333
AG5ESKHGJ42U6Z7D7I6FJ3OZ56BA,1.0
AG5FGD5Z74CTCIWMMCSR2AQ7CM7Q,0.0
AG5FGEYGAMLVI7NOKMXL7ORUZNDQ,1.0
AG5HINCRUM4HZ5AG6GNREUGDTNXA,0.0
AG5HOQN6X5G5IN5F2XPRAFOEYGFA,0.0
AG5IX5MH4TBKUEHMIQ4ZMNSFEFLA,0.0
AG5KDDU7RCGXHBA6BPPXXW3IP6UA,0.047619047619047616
AG5MZAXLQHADZ3UYXZQGVNFEJZ4Q,1.0
AG5PZHKBEOMIYZCNUL7S6FOJATYQ,1.0
AG5QC2TGPZRTGSNFVFSLXDHG2ORQ,1.0
AG5RBZZWD2F6I33DISMD2JHJSV5A,0.0
AG5RCAVKSAKDXA4RRARBMUKSSYPA,0.0
AG5RLYHH277YN5CG5UIMLHMG4XWQ,0.0
AG5SPXKXC3M32V7FSF4IAZRCW7VQ,0.0
AG5SV4UPCDKZAVM2SOW6CSWR4EKA,0.0
AG5T663F5V7WASRHQSWDX6ISGWUA,0.0
AG5T7BAPUYBT6LE5FSBDGUE6ZCXQ,0.0
AG5XGWBUVIQWZBR2CSPLHNBGINLA,0.0
AG5XOMIEGWTQKCHPGS77VKDDYUOA,0.0
AG5Y7PRM4OD7TC23Q6S7KMNL2XNQ,0.36666666666666664
AG5YNREZVJP6XATLCKEM4NTGLICA,0.0
AG5YY4OVNFDHJV23F7PFXV3FHAJA,0.6666666666666666
AG62SYAV42JMDOJV3DO7NSI4TTBQ,0.0
AG63IU6BFAGO3FYPMUOAULVTHGMA,0.0
AG66YLW2OK4E25SLM3VCBHKRBURQ,0.0
AG67LXCTBMBBOY4H7CEXR73UGROQ,0.0
AG6BAEKWLCWH2TW3KKLVK773YF6A,0.125
AG6CEWBCJCCJ3FQPCTZ3QXYVSLJQ,0.0
AG6DIQWOKFZFS3LM65IG5NU4UZYA,0.0
AG6GQ2NTR2JCVELBW7RMZGFBUO3A,0.0
AG6HFVGPY3YC67EHKLKXOXICZVYQ,0.0
AG6JCB3T4PRY6AYIVKFOV6MPJB7Q,0.0
AG6JYOZ2MM5ZJZR2EM3NF3TW6CAA,0.0
AG6K6COJV7WZIHE6RIRZN4BSRNGQ,0.0
AG6K7GPCDHQNKMVDMTYKKWSOAVVQ,1.0
AG6KA2HYMCNL5RDXP2SSOWYSGHOQ,1.0
AG6LPVVIUPRU4MNIX3NLED2U5J6A,0.6666666666666666
AG6MQNEZY4U7U5DREL6MOE3KVG5Q,1.0
AG6MR5HTNWERSCG7YH2QVY52I66Q,1.0
AG6MS57RFS4F2MZ5XJUINK7J4YCQ,0.5
AG6MTCSSINCEVTNVZO2SOUUSDR5Q,0.2222222222222222
AG6NAC74NJXO4ELJFVJDKISVQAEA,0.1111111111111111
AG6NLVX4D3V2BWYIXB7SWLU5OAIQ,0.0
AG6PIMULBMZMJXCQLQOTDTRIWG5Q,0.0
AG6RPXIP3FYKEIUL25BJCN5JFDZA,1.0
AG6SCI5AUYGTWBHLCCJHDPDTODXQ,0.0
AG6SNHIVEFMJIXCLZWKTGEOV5ZBQ,0.18181818181818182
AG6TI455ZBVZPUE5UM4Z5USXNUMQ,0.0
AG6VIQTSTVZM6O6W3A3RHWNEUMIQ,0.0
AG6WSAG3LWJZORZR27RPJUYA2NZQ,0.0
AG6XGVJWFFNW5QTUTTPUAC4OBPZQ,0.6153846153846154
AG6XRL7KEXPU2VWUVFYCIXJMFW2A,0.0
AG6Z6UPUHAIKZZCT7KQ4S6IFFVPA,0.0
AG6ZXPQSSFI5DH2SKHOMSNMWITAQ,0.0
AG732MXNWFLTLT6CJ27MD3WNIASQ,0.0
AG73KP2HS4CKZFD2L3PFULRHSVNQ,0.0
AG74HNQCWELUSMAKMXX4TFMAMYOQ,0.5
AG76RJNRLQUCHEVV4D75QND46LPA,0.0
AG775DSEE4NCWI6NA3A4TALVSRHQ,0.25
AG7BLXGCWCXHXMN574SP7PKUYSBQ,1.0
AG7CXUKMCJ6YHFMCWKARXHXVPMOA,1.0
AG7DH74UOAJIB2NWCI7VGSVF3KCQ,0.0
AG7FS5EQU2WOSBFNQGDY3VP25LVA,0.23529411764705882
AG7FVWM5QM2Y5ATJQVZM4GCSAA6A,1.0
AG7GV2GFOT74SEFBKJ7YXIJ2F3LQ,1.0
AG7J5OHI7UPCU4IJPBW7HNUPLUIQ,0.0
AG7J7ECHU4TI4E4TZ53ZCBIKL7YA,0.0
AG7JH2A6PFUAANQZ4EASUGDC7XHA,1.0
AG7JSIKUQPSL5AAPRDRKDNWM4U2A,0.29411764705882354
AG7LADSHPBHTRV3OQR4265ES6GIA,0.0
AG7LRUVAZG4AMMG3JSS2L7PNVCLA,0.0
AG7MEBFQTVWCUJMKDKKE3W4KTT3A,0.0
AG7MKASYD5IEHFSJQACOWGHK656Q,1.0
AG7OMLZYEZYOV72P4NBV2EVJG6ZA,0.0
AG7OYMPAYRH5BDPAUAVS5YWIVBGQ,0.0
AG7P37OYETQ43CMXLZKCMYQXHZOA,0.0
AG7QDTQYHFOIXFWSVUUBZOEIW2NA,0.0
AG7SWTY2OY6RDZETALLMH2ZR5VYA,0.0
AG7TKHLDUM5NKS5IW3XWS6RWHILQ,0.0
AG7VNLW34SGZ7JNJSL6XT3U3VFEQ,1.0
AG7WKI6NUQBA2OLKG5QQP4TXXODA,1.0
AG7WKTZINOFIXMZJYIPKIB7PV7NQ,0.3103448275862069
AG7X2YKMH6EETSAKSVZ3QRWITD5Q,1.0
AG7ZARYS7FRD6IELOUEOFC7HGPMQ,0.0
AG7ZXSSKZPKMPGGHKXNE7PZI344Q,0.0
AGA3PQKDGXZQB7D3XXO74OO3GM7A,0.09090909090909091
AGA3VBG56LW5VBDMWXE23N4PG2IA,0.1111111111111111
AGA5NVURIH4FYZ2Y5OEE5SF3IXGQ,0.0
AGA77XVPYPRDNC3AJAIC557RGSLA,0.5
AGA7G25NGVP4CKBHYCOWI7OPXFIQ,0.0
AGAANUTK7OBMDHQUKSFZZARKCJ7Q,1.0
AGAE6KDFMIALPBHFHEJKT4KJKEIA,0.0
AGAFWZBZFPXKTQLIQUYVDVJK2FZQ,0.0
AGAGHNKEUJHHPRDGNZWSAJH7EGJA,0.0
AGAHANLSS7DG4ZHNPP5S56W4SKHA,0.625
AGAHV5WINQWBIQYQWD3O7THAJDPA,0.0
AGAI6BVT4RMJ6ZRWGRAPBJ3RUJ6Q,0.0
AGAJIGBX3UA7OEFS3XA42FR5SGWA,0.1111111111111111
AGAKNRAW23NJ36YPFRNCUX4WS3YA,0.0
AGAM2CCKV52HI4YZU7ASZTSXA7YQ,0.5714285714285714
AGAMJIJZG46DZUGZ5L2PSLGVP3LQ,0.5
AGAMMFYEWRRZ6DWMODRNER7FLHBA,0.0
AGAO6UNI7SXDU4VQLCZVI4WEVLVA,0.0
AGAQA25V3AR7HU6RKJ72C5PUT5UQ,0.5
AGAQU5F3APPRBAFIZMQSBU2QIJWA,0.0
AGAV7VPO2ZPOD4QYXSYFTENHHX2A,0.0
AGAVKNCPQC4E4KVNDMKCNG74DLAA,0.0
AGAWRQSMW2RINWN35JDTPYMKL2QA,0.0
AGAWTF3V56XUCWIZZ7FPS6LL7FFQ,0.0
AGAYAFWWJLDWOHMIRXILF65ZVETQ,0.5
AGB2OD4PZ7AMECYHMRMTUMYJSQGQ,0.5
AGB377UZDJ6IV6NMXLJ4GESBTZVQ,1.0
AGB6TDH6NV66DR6GPPAAOGJBP2VA,0.0
AGB6W4XCPTDTIUP3GGEUC42OBPQA,0.0
AGB6ZEKVRQ32H2I7V3KNJNRCOTMA,0.0
AGBADUNW3ZWJDSFCOIORYXGNUWLA,1.0
AGBALMWEDCZRIX2QENGWDZET3EFQ,0.4
AGBAWYOBOBB5REBQO2VC5ZMPZDZQ,0.0
AGBAZXC4DWPPAWOBIL4O72OG2DHA,0.5
AGBBEKOCKHTCQ673LZBRD464EZ5A,0.3333333333333333
AGBC6QL4KQQPGU3B5TN6BPZNVT6Q,0.0
AGBCR4VWZNF2T62P2AUJ72XVNOXA,0.0
AGBD56HIPNBFHYUZQE4HCHEY4YJA,0.0
AGBD5EOISKZJYPXVAEOLJQ3JQDAQ,0.6666666666666666
AGBE42CMMBVZMNV4IWVAZ7TRCCNQ,0.0
AGBEKEEAIDO6SIFJNSD46IGTF3IQ,0.0
AGBEMITBTFVH5AU4LCTLJCFUQNSA,0.0
AGBFYI2DDIKXC5Y4FARTYDTQBMFQ,0.05263157894736842
AGBGLR7EK6ULC2OXPXCCWEAE7Y7A,0.0
AGBH3WI2WKLQX3CMET5EBONWYCPA,0.3870967741935484
AGBJABSJLN7H7AALE7VKHYDGC76Q,0.5
AGBO5SEPWTF5NLYD33PFPGGVRUJQ,0.21428571428571427
AGBOAGO2YKGMEMRHPFBK6K2Q6RFA,0.0
AGBODH3OWST6Z3EEQKAGR5T64XZQ,0.0
AGBOGNMAG3UCA6B4Z6VT62DVNOIA,0.09090909090909091
AGBOYAEBYUG7XQIUWD472ASYPV3A,0.0
AGBPS7QDYY5IH4NO5KBESHI7KVQA,0.0
AGBSMECRMOHN27JOJXPM7QZBDTIA,0.0
AGBTKC7B33AV4GBCAUN42BH466PQ,0.0
AGBUJDDLRJIUJFTKPABJT6CJTHRQ,0.1111111111111111
AGBV72RM4MSS5GC2I4LQR33HPMEA,1.0
AGBWZSPAIQMKAYQNMIUXJFRNRDXA,0.2222222222222222
AGBYLU533D4JXYWDELNXLBBQOLSQ,0.0
AGBZTGGZ7CGQHLNOZDVJNHRYDFPA,1.0
AGBZYPQKIUZGWHXOZZFAMVEQZ5JQ,0.0
AGC3Q6IXOVLTTDMS4Q55FPYUF6FQ,0.6333333333333333
AGC4QWMCERWYFRIRFEUYDW4SNFNQ,0.0
AGC6RAOTWSUWXFPFJ2SQUB4CDRVA,0.0
AGC7ZUHGXOPXDPEB76W55USPGUMA,0.3333333333333333
AGC7ZZBIWDFPRACV5XE2DUNZLY7A,0.0
AGCCFLGNMV6ABDOO4O6SUJW65ICA,0.25
AGCHWDKXBTWJR5HF7AHWGXXLFNYQ,1.0
AGCI7FAH4GL5FI65HYLKWTMFZ2CQ,0.2962962962962963
AGCIVNDDRX3PXIUINEG4NCRGWCRA,0.0
AGCKEZUL53B5NEKKW6VQZVU5BSJA,0.0
AGCLVDA44LS5HWGQ3QELSDXDYICA,0.4
AGCM2OTPTYYEXBQ3TTBH7C23U27Q,1.0
AGCN4M35EAWFYEQTCXUIHDLO2PFQ,1.0
AGCO5AU5AVDFJKKVVX2TAYMDDP3Q,0.0
AGCOR53ZRYMLDCOU4M2LRD3OJPVQ,0.0
AGCPAPUHXYA3EEIL2KGSQTGO5HRA,0.3333333333333333
AGCPNKEGN6XZDD52B3YLWYUSJ3VA,0.0
AGCQR2QLP3XWU64TBYFJCAZWQQKQ,0.0
AGCRBF2VXDVYUBUAUMIRLKUNOI3Q,1.0
AGCRKF4ILD6L7Q7OVHSYSIU2RHOQ,0.0
AGCS6HSZBL6OPU4V4LD5H6GMBC4Q,0.5
AGCS6U5CA46LTCMTBRGSOPCFP7OQ,0.8
AGCTNUP4YCT4SVXVIBUOSDVWV2JA,1.0
AGCVSWL73WABJDSPMZA6MKGUT6YA,0.0
AGCX2OFBYHXWZDKJ6U36BID77O4Q,0.0
AGCZ3PPMQG5QWLCKO7OXQRNM6OCQ,0.0
AGD4DWA3GWX76A6MSPM7OVGCQ2AQ,0.0
AGD53FZJLNU4UOJE43EZTFFDJYTA,0.3333333333333333
AGD7BM57ZN7YCPFAGOOIZUAZJWKA,0.0
AGD7R6EVPDKNZEIYEU3QHFIQ6IUA,0.0
AGDASUJ2PWW3NEEJODTJP5DNDDDA,0.0
AGDCD2ZNYMDZAVQKQ3RZ56LJTRVQ,0.345679012345679
AGDCKDGD7L4EGIO5JMXLJCGXH4RQ,0.0
AGDDPM64XFF5WPK63RDLQ7RBHNVA,0.0
AGDE67QCY44IIOF5BDVXDLPWF7BA,0.5
AGDHXFCOVPYLY26TQKIFU6FHQHWQ,0.0
AGDLD6R6Z6WB5KNG6Z2L6LNRMLZQ,1.0
AGDLSGM4WNQP5RESL2RNGYI26JYQ,0.0
AGDLWS5NQLIJOXPG3EMD6LWEIJXQ,0.0
AGDNPXZHZBXDJ7ELU54GBGOYHP6Q,1.0
AGDNYYDWS7ARCCUK5J7YPFZCDWKA,0.0
AGDO3NCWKRLQ2SSZPAOTZSQ6BEEQ,0.0
AGDQO4VIXXMHZMFRFHAHO2PNCYRQ,0.2
AGDRYKMGWAGXITLB4OLIX3AZFQCQ,0.0
AGDSMHOJ3CZSQ7W3I3NQL5LAYAFA,0.0
AGDSNBZVYAETVTRLIK23BEYH3WUQ,0.0
AGDTAK2RJA6MCSUE3PXI6VTR5FCQ,0.0
AGDTHJ7R5N2HOHYK4AACLB53BULA,0.4166666666666667
AGDTLRCK7PKGPJHYMJFOC57KCDKA,0.0
AGDU7RAA3TBYLZ67IWC3UMC2CLFQ,0.0
AGDUEOFEXTNMWRWOE3E7XJFBDWPQ,0.5
AGDUXF4E7K4X5WBBCKNPG6AD2UCA,0.0
AGDVYFMNSE2GX2YMGDQUGG7ZAJHA,0.2
AGDYBBRC2NXCXZL7PVEZTU42ZD2A,0.0
AGDYG3SIUU6GZJLYNSOBEIRJVJFA,0.0
AGDYVM7M7BVVZYCTHUYSLSUKBEGQ,0.0
AGE234CQ2UMNZDB5ID34LCXSTWOA,0.0
AGE2H5TX5W3RGHTV32K4T4UQ7DSA,0.0
AGE325VS4HOTE3WXYCTXYCW4LTNQ,1.0
AGE46QM42JCCX5JTZZZ7VA2R7LUA,0.0
AGE4I2TEPV4755LBURJBJNGPSS3Q,0.0
AGE4TXFUPKOYJB4KWMVCYM645D6Q,0.0
AGE62643KEU7MHKTLICGBVTJT45A,0.0
AGE6VO6FAPDJOCXN4S7D4KV6E5AQ,0.0
AGEBPS4VGK3QLW2QICW7PHEFOBJA,0.0
AGECAT7BVD7D74HJCURBAZ7GEUIQ,1.0
AGEFGQNUBPAGS4JYBD664PSZKDNQ,0.0
AGEFLX2M37K7NSODGTH4XTOFNCVA,0.5
AGEIL3UMHB37SCI24FNDUGSQMERA,0.0
AGEIZLGCJPT2XWV7ISYN6NXDTA6Q,0.0
AGELVSC7FROZX63343JHL7MHJ6PA,0.16666666666666666
AGEORTCITOA7IS7QJ4CMTX4ALGCQ,0.0
AGEP2CC2QIJU5IHQZXCC7BE5JSDQ,0.38461538461538464
AGER56PV7SSBSDO4OX24AHL4QOMA,0.0
AGER7R5Q22DIDJBAW3TURAHPN6DQ,0.0
AGESD5PX335TWCG24JEH5HGU3U3Q,1.0
AGESLQWKNQSQ5FIJVR7Z5WX4UWLQ,1.0
AGETS26EIQG2SHMMP4TXSTLW4TKQ,0.0
AGEWZZZN3NFAKRSBZMO3ZG67H32Q,0.0
AGF3LLXUN4OIVPFTCVCNVLRGPJUA,0.0
AGF42GID7QWDCNFTJRCTMKAITJJA,0.30120481927710846
AGF4LWQD2ZPMSA2KOOFLP5IGDOEQ,0.0
AGF5RVFM6B7LTHYFA2BZBRWO33OA,0.0
AGF6GWDAWG7UW3R5O2G5O5JZC4BQ,0.0
AGFAB5SHMZQOEBKY6FYYP4QROYTA,0.0
AGFALR55HVNYM4KFZYF66QRS5TPQ,0.0
AGFBOGXXNXNW3BK5EVZKWF7746NA,0.5
AGFEPRCURHO2HL5DXVA3ZKG7335Q,0.2727272727272727
AGFETIUFABYTBKH3H237OWO2FLBA,0.2
AGFG6XMC2CJ4OLE6ZDLYASLVZ7CQ,0.0
AGFHXULBCMATHKDAIGDQIYXNQNYQ,0.0
AGFIF5JJCH3ELJKQGZ25ZIRQOIMA,0.0
AGFJAPF5SAJG4AGK3LXKAG7IT3PQ,0.0
AGFKWX5UV6XADCUDKYILHVF2GIQA,0.0
AGFMQUWYRKQZBV5MVB2FAPVDFVAQ,0.0
AGFNKUPLGHJ7X5IRLMJBDIMCLMKA,0.375
AGFP6OEYQRZU3IERNUHL6DPZNAIQ,0.0
AGFRYR26NF57JVP32JITLDXXOIIA,0.0
AGFTJTENALICRNLERZIM3RTRRDDA,0.0
AGFUJ3EGB7VTLV3ZMKEZVRJHPA5Q,0.2413793103448276
AGFV6IBYOVGKEG4JDONTGWESDFWQ,0.0
AGFWIDDE6JBJ5UPX7EZTSZELRCPQ,0.5
AGFWZ4OETH6KXKY47UN36SOVQEYA,1.0
AGFXURLTENFEBATHTRXXFL2SPQEQ,0.5
AGFYQKHHDAB2577M24LUAF5POSYQ,0.0
AGFZN7GMJJSJBF2EQHCAUY6ZIM6A,1.0
AGG2NB2RZZ42ZAKKZBEMTU35D53Q,0.3333333333333333
AGG2WW2S4MAFYCV5SEOVBQD2XVAQ,0.0
AGG3LLILZEGKCA4SAS4Q7X2Y7ISQ,0.0
AGG4G7NWIO2N2S4X2FVW5UUNJT5A,0.0
AGG5OL7437GO5YJ57IRXD4WVCZGQ,1.0
AGG6ECFDYW6UNOXCGYW7ZQD2USRA,1.0
AGGBKPZNJKNB2SI3YFWE3XHMK6TA,1.0
AGGCOGRPBF6EW575FNSPKLJXYQAA,0.0
AGGFJ7VY3HU3HA7XFTYYOXXD4ZGQ,0.6666666666666666
AGGHHNTNWUXUG2LEOP4KGUMULISQ,0.0
AGGJ6SHNO3HLK5JODWEITQQJETKQ,0.0
AGGLI3SQU72HO6NRDK7SS4EBZ5VQ,0.0
AGGLOHDR6L7GZMIFCGXPPHS23OTQ,0.0
AGGMDRXIZJHBVVQFKU2LJ3LGICTA,1.0
AGGO2DPSHP7SUUAUJWK55AZURN3Q,0.0
AGGOUUE2QZ23ABB7XE5SCBCGT63Q,0.0
AGGP3SVBKBFYSOQEBZMCZFCJKTCA,0.5
AGGP54JBY3L6POIYWMCNKY44DONQ,0.0
AGGPFZDUFMEICMMF73QJCIO7CGLQ,0.0
AGGPKWSQNXS3HGAPZFPMYFPQ7XNQ,0.2
AGGQPFQZKQMDR2L2IZ2ADW6TEXDA,0.0
AGGSC25YPG7PSE7YIICAAZQBMW6Q,0.0
AGGTIOAQBT2XEBVS3H2WNVAWV3NQ,0.0
AGGTLDBYSQQOQ6IRE5EQH6HSK56Q,0.0
AGGY5KI7FMMWWYP2B3X7SC7IHE2Q,1.0
AGGYFCTTSSKTCS4QSGAS2Q2CGFIA,0.25
AGGYRRVH7J3ASMACCA2UWDCY77JQ,0.0
AGGZ357AO26RQZVRLGU4D4N52DZQ,0.4166666666666667
AGGZAFJX4MPXGAZUE33IAHAVIYKA,0.15384615384615385
AGGZSCOST2XKUBATFRUVXGL2X7SQ,0.0
AGH4VVX2CH2UHG5FE6NBZOPVIDUA,0.0
AGH666ZKW75GNIT4LZCBILO7AQBA,0.5
AGH6VRI7RAU7SOLNXFVN5VWRW6QQ,0.0
AGH724HLH66QPZMI2ET4QQBA4PAQ,1.0
AGH7DSGETOCUZENUWDBJRFXOHEYA,0.0
AGH7IQ2Y3DY4I6FXD5KWXIYAN57A,0.0
AGH7Z3HCNZNJR6G3X3ZXQDV2EGCQ,0.0
AGHBB2ES5D5DNZC5RUW3WNCOWPOQ,1.0
AGHBRJ2WBPTZMU6R2ZZNPPE2T7RQ,0.25
AGHD4VWC75OAVZCUZACJGYVEZINA,0.0
AGHFRQFS3YXAXG5BBTU4ZFCHSHUA,1.0
AGHG6IRFDMBNK7RVW2ZFEJ6K27PQ,0.0
AGHIUN3V7KF7HV5XEIHXGXZNLO4Q,0.0
AGHJ3VOLFH57MW235I6KTHTQ2TSQ,0.0
AGHJ5PPBTLFLO77WEF4KEANJBRQQ,1.0
AGHL76CO24LBO7VPVFCWQCECAOJQ,0.0
AGHLDN5HYLZDD23IQQU2FRGBCEEA,0.0
AGHMLD6PADUUKHJ7LF437PFNDL7Q,0.10526315789473684
AGHNA7A2TUF2EYS2ZYNP4SPTKY5A,0.0
AGHRQ6BLKUBDEUZH3NT3DXJWOOWA,1.0
AGHRYSZV6QNKV7QEXWFLIQUJ232A,0.25
AGHT25BYEABW36US2SQLT7DJYSGA,0.0
AGHV75FDJRMJMTXU5CHJGCA7N67Q,1.0
AGHWZRZY7UYGZAYBZ2JADLTCSKKQ,0.25
AGHXCSGANT6RAPEJPIQZV4EYI2UA,1.0
AGHYD7QDXZ4GKZG42W6TWXVTVQQQ,0.0
AGHZV23KQUP5S32LBAEAGO3QMQ3A,1.0
AGI3VWFRRXY5MAZALSP2KBQYZMXQ,0.375
AGI5WCODFNNY5MKGED2667RA4ZAA,0.5
AGIAAM4LSGEGLP4IMKCFZ6OQQXSA,0.0
AGIADC5U3GJJHMWYZA3K57RK4NOA,0.0
AGIE6PF7DAMR3SG4MR7XKSR4OCAQ,0.0
AGIEGCFNZT6H3TBNHIRFRX2SBAHQ,0.0
AGIENJ3CKSAF3S2Z66IIDDGXNJQA,0.0
AGIF4RXMGYGGOETIN7H7SHI2HTGA,0.3333333333333333
AGIFPBRP2WHQ6C3H5CV45KUB7GWQ,0.0
AGIGXUUY2YSLLUWMZNQAKSKJ7VNQ,0.0
AGII7CWVYIB2BEVHKBAEFZTNSRDA,0.0
AGIJLFDWVKG57TYZTHBLW2DRXYEQ,0.3333333333333333
AGIKIE7SX36YMIE4SFEOQFV62GTQ,0.0
AGILOBEJLNCWCUNVM4YXRSDX5WCQ,0.0
AGILTDUNVM2ZLQZ24AHKPA4I5I6A,0.6666666666666666
AGIMKDMO3LUDHHGG4ZHXPPZ5OYMA,0.6666666666666666
AGINCUWXX4NVVWN55T55DYNIHOHA,0.0
AGIQ6IYKJPETC2AZ7ZDBUT5PMZEA,0.0
AGIRDGXXNVS3ZGT2G7OZZAJY4MMQ,0.0
AGITLL3SHUQJMUVC4LWUSND7G7DQ,0.0
AGITTRPCLDZRSCBZKO67R7XJTWBA,0.0
AGIUQK6WEAZ3N3ZK7Y3J4Q3ROK2Q,1.0
AGIV5OAXNWAOSZVBLC7EHADCMZGA,1.0
AGIVCFIF6OOD25YVU5WFCRT46RIQ,0.0
AGIW7MUCULNVHSYUFWUSKIDHAICA,0.0
AGIXTIMXPEXIUXG7Q663I7GMLOTA,0.3333333333333333
AGIY6JMOIDKWRKAQBEP3VFWGWDSA,0.0
AGIYSA62BZULHNSJTMPAT5IC3MLQ,0.2222222222222222
AGIYUTCLWHHOWH2CJPCYXDD256NA,1.0
AGIZ2XQK3K7PZYV5Z4K7NK66756Q,0.6
AGIZBZE2A5RHHMTOFNBJM2L22QPA,0.0
AGJ2JO45F52FXDSPOGK3PKXU5OKA,0.0
AGJ2KJ6DA7ULLYUI3G5DQKR3UV2Q,0.0
AGJ2OMRPTIXYFD5FJDQD2ZM7BNOA,0.0
AGJ3XWQI46FTJ77PQHHVT5D56FTA,0.0
AGJ53XJHNSULUP53Q7K6LSA2ETXQ,0.0
AGJ6KAVJYUYFYVCOTJCCCTU7VCVA,0.0
AGJ6YDXA2JKJE5UQWQZWB3MWNKOQ,0.0
AGJBOGH3OSFCC5DROTIA4DY2GDRA,0.0
AGJC2XNWKBP4W7ACO7EC4OZI6P2A,0.0
AGJCKQTMSQCD5YRZ4KQ2GZNT4LMQ,0.0
AGJCQJMMUWTSCMZWQ2BMYCBOKBVQ,0.0
AGJDGUWUGHG5NLH7MR7FLBTMIWEQ,0.0
AGJE5H2HHMZUTTCN2YGZBLKS3QGA,0.5
AGJFEHVC4XBS44CGHQTP4JQM5FUQ,0.0
AGJG435R2EJLXGQ2SCU5G2WDBSIA,1.0
AGJGJJ5JHJGIDHMW7EQ3CBSRRZ4Q,0.0
AGJGO3CDKAJQUESHDTGB46WPKHCA,0.0
AGJHOFW33RUPBXXDO25V6GGGFHTA,0.0
AGJHXACJPEJUDTONGTC7RGTMBMJQ,1.0
AGJJZYM3TLWHJNQDSIEQEC6POHVQ,0.0
AGJKAJIM6NKJ73KRSGEEMLFZ5GLA,1.0
AGJKHQP5FNQVKH5IUIBWWLHELUOQ,0.16666666666666666
AGJMFQINXUUTEHELLCZWZ7FOUWKA,0.0
AGJMW3TUCFXJCBHGHLQUX3KAPVFQ,0.0
AGJNVOT2M5ABHV6TDAPHZ44GKYHQ,0.0
AGJNW4NJKGIKH5YFFKZ5Z6FPCIAQ,1.0
AGJO2OS2ZIRSD24IAOOXTAV57HTQ,0.25
AGJOKZFVJ665TS2NJFP46AJQJL3Q,0.5
AGJSTXSEWFVQWVQINO6QKMNBUUNA,0.125
AGJT4SLVYY2VOORU7XZCK2YIRYAQ,0.5
AGJUT4Z42GSGX2YGIYH574YNTESQ,0.0
AGJVDVEZKTGTBT4CSQIGTVRHGFMQ,0.0
AGJVJZIJR3GKCY4CJD56MKIKP6FA,0.0
AGJW4QRNRZCR7P726R5E32TDGRGQ,0.0
AGJXHIPXCK4WKVEZ442E55WLA4NA,0.2
AGJXL67RNFKX2XVYLHM2EG4UOTCQ,0.14285714285714285
AGJXTLEOLLTIX5AAGFPBZ7CNNVOQ,0.5
AGJY4LG74YJEJBVWIPIMIZ464ELA,0.015384615384615385
AGK3F6BXYCB6AN2OKEVQ4XJPKFLQ,0.0
AGK3NYKU3CARH7ECUIKNPLUMO4OQ,0.8333333333333334
AGK4YQYSSY3FU3SNX3EQJONELJJA,0.0
AGK5CKDQ2FQPMW7355MCA2MIZUPA,0.0
AGK6RA227KTKYYYKVKUIFURZQCHA,0.0
AGKAFOV5L7PJNCIKBCJM42BJ5K4A,0.8
AGKAL4ZH6TKRJX5ABK66AKNU4CEQ,0.0
AGKASBHYZPGTEPO6LWZPVJWB2BVA,0.2
AGKBIUKC4XGWNRIIH33OQIVVE3DA,0.0
AGKC2AJZES36RVSLBSYOHNQQWHLQ,0.0
AGKDNSUWEKAGQ7GMAI6JCOSUKP6Q,0.0
AGKDVEFZ3KQQ6P65LZBRKBSVNUEA,0.0
AGKFRCDY4WBW4RH6GFYFJ3T3XBSA,0.25925925925925924
AGKH2QE47CJHTV3HDCP7U6SGQHZQ,0.0
AGKHDQO3Q74QAOVEQEIZ3BMSDEBA,0.0
AGKHLEW2SOWHNMFQIJGBECAF7INQ,0.21739130434782608
AGKKAXZPXFYIBA3N53YNJYU2AT3Q,0.225
AGKKCD6TYVYVC2EOWPV6W3DPXOWA,0.0
AGKKOTJIXO26HCUZLFH7DWDXEHIA,0.0
AGKL6HULUU4BORINRMSKERMGN6YQ,0.0
AGKLKPFCNFYZCWKGTIPRVSUVH4TQ,1.0
AGKMQ4MPN2246RS6RYYOUZXZ5BYA,0.0
AGKMYLSUFPBJOVGVOTAWJAA6LB3A,1.0
AGKNLO6XEIGAUGDRSVDGBTTMMI2A,0.0
AGKO5OGFXXCN354PFOSNIXFTYOXA,0.5
AGKOCI42H5IOUPNTMSL2TNMPT4DQ,0.0
AGKQIAGUYCZUZUOZRJSWFBRQ4QUQ,0.0
AGKRR3EPZBPRC4VYVWYPXVURJEJA,0.2857142857142857
AGKSMQPOOZ5SFO3DBIYLPHFFEQOA,1.0
AGKSSNLDIG5HY5FXYVE6UVXKVDYQ,0.5
AGKTKZCIVBDXOAROEYTJTFCEF2ZQ,0.0
AGKTNVC27SRGFBCPK2ZUAYAMXBMA,0.5
AGKTPA4K3NKKVKX3RHSW7ZBLZEXA,0.0
AGKVNYQO6TEMOBIJJXZ3GFUS7YRA,0.5714285714285714
AGKWHKOHLJ67RWNS3UD6EESLUJWQ,0.0
AGKWXMFORZWA7EEQSP3IIIKRB5SA,0.14285714285714285
AGKXRBHCLNZEYQW3TNBHM6KABJ2A,1.0
AGKZ5NMTU4O434FWV6DTY6VPE5ZQ,0.0
AGKZQXDUBIFLGOOE4G2AXVE3VGPA,0.0
AGL3ZIRVGBCALLXKL3KH33D47Y5Q,1.0
AGL4ONTBDK25CMT2FVCZAUGLWNHQ,0.16666666666666666
AGLART27AD2W23TI6DJIQK4VL77Q,0.0
AGLC26NTLVHQAAEKAXBUMJPW5APQ,0.42857142857142855
AGLFNVDGHG5FUL66DCV6K6S5WI3A,1.0
AGLG7HGHPBKQ7KW6SGNOI3QER36Q,0.0
AGLHRXHXPXK6M7LUU4NZXE3GQFMA,0.0
AGLI3S64VJKPRU4YJJYJCG7NUCFQ,0.0
AGLNBZ6ZWHJRPPBR3WMCB7O4IWHA,1.0
AGLO362476HXCO25AQPZBVUBOTFA,0.0
AGLPOJMBASVR7R6MRV5A7U566HYA,1.0
AGLQDDJTHRGIY4KWEXLA3YBD47PQ,0.6666666666666666
AGLQQCIS5V6EGUCS5SSNHWZHQM6Q,0.04
AGLSLOX2P37AHI3226NKGC6EACCA,1.0
AGLSPX46WV5MRTNJ7ZTVYSHABZJQ,0.0
AGLTD5D27LFEX6DOPBCPPPIQ4LWA,0.0
AGLW7BUU3JTLK2TBWJ4EFHUYSKXA,0.0
AGLXR57CUE7T523XBH5ADVTRXJFQ,0.0
AGLYXJWOKX3CTL3XV25BZN5CFUGA,1.0
AGLZ77IVBJNR3CLB7LELXTWYLREA,1.0
AGLZXJAG6OG3A2XVUTIP7P7E2O5A,0.0
AGM3X56CJGAJDIT7DQTJMSBVG2UQ,1.0
AGM3YP753ITBWIEJ7ESAZVLMD7AQ,0.0
AGM4LKIWCYW2O2Q36JQMC6EIVPSQ,0.0
AGM7CFO4KCD5WGEOAY5LXGNLXBNA,0.0
AGM7LYL3KI2CWJ7GY5ECYNPGLRCA,0.0
AGMAAAXJUHX6OPJWI56TFZD3D3MQ,0.0
AGMADXJ2IX5EL2WOEAMK3YPPWO7A,0.0
AGMAH35EZUFTDCSEW4PQQY7EUMAQ,0.0
AGMAPS3YMZRN2XQ57PTNLPDCKLBQ,0.0
AGMBLP4JLQK6M3UZQY655VZP73XA,0.6666666666666666
AGMCOSKKD4CZJLQMIPYTC2L7CX6A,0.0
AGMD2RHNLNVBRKSNK732CM3T27FA,1.0
AGMDLK6RM7S3KMSZSCSTRIXXRTJQ,0.5
AGMF7G6Y5WX4WXHQUZXSBWZHEJIQ,0.0
AGMGATAWNY43GHVJH7QIICP4ZQQA,0.0
AGMGNTI5Y7GXQCGZYA2PJQRWI3SA,0.23880597014925373
AGMIR55WOIO2FXQ3CECMFR2FHKXQ,0.0
AGMJ25LFDEQJRF3OACBXGONJJ44Q,0.0
AGMJ3EMDVL6OWBJF7CA5RGJLXN5A,0.5
AGMJFVYKSZAU5AR3IBQMNCJUBSWA,0.0
AGMJNLHASJA3QAPS23T7LW4VBGLA,0.0
AGMKOM3374MIOS47KXTIFEGAFKOQ,0.1111111111111111
AGMKYHHJC5F2TB23XAI6B3XIELAA,0.0
AGMMAQVN5LH5CYR5VLPGAYRLFBJA,0.0
AGMPLWXJFPA4HCHRGK6GWJ2PIV2A,1.0
AGMR4JSMZNB6U2GMRY7ZPDQFBBOQ,0.0
AGMRS5FXDLGWAHH6NBSY7XVISE4A,0.5
AGMRTU7EIH2JBCDAUKLODARJXHHA,0.6
AGMRVMOQ4QIQZ7LUGKIRMNRUGJLQ,1.0
AGMUU2ZAK7Z4L6HLCQ3YAKDBAJJQ,0.4090909090909091
AGMVLAZ2MTEAIVIZZPI32YRJQVFA,0.0
AGMXMZWCPYOPWYT3AGRU25Y7QLOQ,0.3333333333333333
AGMXROOBB544BZ5FZ27NBIRN7COQ,0.0
AGMY5ILV6BKWZ22ADOMCTFNSSH5Q,0.5
AGMYVL7XCG2SSQFV4U2H4IARHBLQ,1.0
AGMYZVLX4ECVWHPBLYAV2GU36YFA,1.0
AGMZO7NPGHYPLCOCLMQEDGKNCHVA,0.3404255319148936
AGN4NFX7IOZUSK4MALJ7SQHCUKXQ,0.0
AGN5WTQGOP3RZLACLWBZNGFK2UMA,0.0
AGN7BAT25MJJSRPRJLCAP5ZVYALA,0.4
AGNBI6M3GB4JJEA24YN5TTQMDQMA,0.0
AGNEMQIK7HFXBLCBRZMBFWV2TOVA,0.0
AGNFVXK3OGIKFCQUASZC7OMH2RZA,1.0
AGNI7RHCQM3VIC2PQLFVUZ2XCBGA,0.0
AGNLHE4I2AO2V23VQ5Q2BIBDFM2A,0.0
AGNMJ2LCYQ57BIMVHW75C6MCJPWQ,0.0
AGNOZO5LJUUO2HMMH7T43LXP4HJQ,0.0
AGNQVHZDKTKGX6OYVTEWV53YIQSQ,0.0
AGNUR74M4F4QK5BACK4IOZW47E2Q,1.0
AGNUU3OZ4L7UGAXA72NJIDDFJYDQ,1.0
AGNVHS4AY4B7UMI67FO3WLRTELPQ,0.25
AGNWCODLFTQSLLD4DUTROW5UEKBQ,0.0
AGNY7DYN2AEOV7UM5TR75LRM5SGQ,1.0
AGNYBNJTU624N33KWBRWHTLIVXRQ,0.3333333333333333
AGNYVH3XWJJETCAWURHBFLQPNHPA,0.0
AGNZBST6NX5G67HPZE7KUTN2DE6Q,0.0
AGNZODFXG6WNNJUAKR3MI42SDG5A,0.0
AGO3ASQ7A7MJOKSPQQ7NQOKZHNLA,0.5
AGO3H7RLCHVCCYG44FAHDBYPUA4Q,0.2727272727272727
AGO3N3SYF2NFSQGRSEDVQGNHBIDA,0.0
AGO3WKZC33MCSLR2BLPTQ37BQC4A,0.0
AGOARSYUNQFUDQOYQ34OZVAIJIVQ,1.0
AGOBGYVNSICHBXHD6IMPYFTGCBWQ,0.0
AGOEOPHEQDQYEQEJFI53KFUDLZVA,1.0
AGOGYRY7ZP2CRQQARCEHFZJQJRPA,0.0
AGOIAAYVSIJTHJWCMNXCG7CUF3YQ,0.0
AGOIGPPIPBEVDV3RAQV6KTRVMY4Q,0.0
AGOJ2WRTHOHG74QBQUSM7LCTOVKA,0.0
AGOJCRXEVP2RYIFRXBOSWCISVZZA,0.0
AGOL7B2AP3JDLUIWDQU2F6HXQQJA,1.0
AGOMGWFQQGFNSIQNGXIL2USM3EOA,0.0
AGON3GV6Q37EUUSTQUWEAZ35D5JA,1.0
AGONBH7MBHL533S4LB6DFBOKODLA,0.0
AGONQ3R67VNNSMTBCACXIZTIDO2A,0.0
AGOOMXAKSPZJBJWAOBDMDRBWL4IQ,1.0
AGOP4L5MJWIFVHANVTS6MAKNZUQA,0.0
AGOQVJABLBHXIU4ETWVLKZ6Q6P5Q,0.0
AGOR46NARFZQ35TJA7GVUWC7WX5Q,0.0
AGORX72T6YR43UQNAFHOOMJWHTBQ,0.0
AGOTIZH7DO5TBSSAKDOMYQKDMDSA,0.0
AGOTZY5BC6M5777IA7NZ4ZSHLUMA,0.041666666666666664
AGOU6VS6GPDH3OVV2UZJWQXP6TLA,0.0
AGOVHPSATUMD3YDRA4ESONVROHEQ,0.0
AGOVW6NFUETMVWLUT4YFJGTSBH3Q,0.5
AGOWAMOCXA7S6BG2FUW45CP76VLA,1.0
AGOWLE4WQ7LR2TACF3WY3ZU7PQEA,1.0
AGOWLR52GJKEQ6ARUX5V6TJP7QLA,0.16666666666666666
AGOWSJ4ZAWXI37BO7ZQ4ACUFXWEA,0.0
AGOYHRFI2AELLOQOTDDEI6YF3EWQ,1.0
AGOZEV2KNVZXISNG4LF6GDDDKCQA,1.0
AGOZKQQ2BA7Y3HYT3BH3ZVZPI7RA,0.0
AGP37V5AZ3TUZO3YKBPPOSFNSR7Q,1.0
AGP5DJYOCZK7JNM23N3O4TBTCPEA,0.0
AGP5RJCHPRDZ35TIERPXHVSIDOYQ,1.0
AGP6DTVY2ZZL35NFZTHRB66FBQZA,0.0
AGP77N3JWBG4QCXQV3IFI3FS6AEA,0.0
AGP7K5DJ6MEYEJBGM45PAX43STAA,1.0
AGPBYMEVZKTYSCLNSN4YDADOIIKQ,0.8
AGPCAJL4CPKKT4HHQXDHMSENYLOQ,0.0
AGPCPPOPETGPH4DIWBJ7VNYTXCMQ,0.0
AGPDXNN2RD5RUDXRU4RCYJANYIPQ,0.0
AGPFDHDKKUAYY256F7O7HVYZQUIA,0.0
AGPFRZFBH4N6GIZTAVMORDDQ6CPQ,0.0
AGPH7544I2VKY6BNZUB6TJCGIUNA,0.0
AGPHO64AEPAVURFUJ2DCM7ZUUNAA,0.18181818181818182
AGPKEFAZEOPEF2FCSPWZGLKTU7AQ,1.0
AGPLJUO3D2KABJY4D2TMYQGE5M5A,0.0
AGPND3LBV3Y442ZIYGO5OZKKLUOA,0.0
AGPNK4LAUX7FV5LKFYB4NCZN32PQ,0.0
AGPNYBV3JEPE74UKPDHDRTZYUYFQ,0.26666666666666666
AGPOZ62Q3ULTH7RLBK4BIJ75T2KQ,0.5
AGPQ7WZJ46LXVEP6HD6W7PHPQCPQ,0.0
AGPR2UDFIJJCBA3EKFEEAJBWKROQ,0.25925925925925924
AGPRJ7DWS4UA6NBFXUN7TRUFQYEQ,0.0
AGPSKOE7DHQUESZXLR2UFKZU5FAQ,0.0
AGPTIMGZKZBARDXGPEQ4DAGRSVGQ,0.3333333333333333
AGPTT6T3WCBKB5HJKZ5R6NTEKIHA,0.0
AGPVEFS6575CL3PTN5LRWHA4FSWQ,1.0
AGPWOG4H6DEHOVNEXCNDN4VK5U4A,0.0
AGPXNVE7IY3QVMN7YKKUQT3BPHUQ,0.0
AGPZQCZ2CJHNAJT4XENZDN2UQVSA,0.0
AGQ2BWZLHY4WKCNHD3WDWAFF45CQ,1.0
AGQ4FW7A3CNUJSP5KYNUVCEBZA2A,0.0
AGQ5PTYKBS73AT6ONAVTWZPWLTBA,0.0
AGQ7UXSCBTVVUAAYGCA76PVF2QWQ,1.0
AGQANGDZQGK2IOWOXHOCTPBPQRKA,0.0
AGQARYVRSOGTB5K3UBQJRXAWCIEA,1.0
AGQCFT47KDI77JKRSOMAK34MJPAQ,0.0
AGQDWXQV7GNQ5UHVKQ2QQ3NIUKBA,0.0
AGQEEZHWS36H2GPOVYNY4X6MSYLA,0.0
AGQEISHKPZXUPELV4AQC4JOQ3STA,1.0
AGQFGXUGFSZHNRQGP7J24RVSLZSA,0.36363636363636365
AGQKAYTTEBN6OTSAAPXJ5DVTMM3Q,0.4
AGQKBA5POXDOUO4U43YF2LNEZPLA,0.3333333333333333
AGQKJ5PJCGQYO3XS64SROLUTFGXQ,1.0
AGQLSHZSTYZUX6267GBDCOJI7HLA,0.0
AGQPAYVT3UXTUMSX5NTDVXMUIIVQ,0.0
AGQPEWUXHEIPQVSYFZ6W2AZWAWFA,0.0
AGQRRV3PURFW32M33CFUGR4RZDNQ,0.0
AGQSSZPF5DTU56OIYEZVVKTMKJIQ,0.0
AGQUP5NFCYMHZ52HV7FRGZTZ7BGA,0.3333333333333333
AGQW2VVGIE5EVX6QUHDBHJCAH6PQ,0.0
AGQWFA53NMJ5GSM5EKE4LSPMPH6A,1.0
AGQWMWS4K55RPK22I2LEHUQZ3MKQ,0.0
AGQWSKEHMHOXQEAOLPVQJ2CNZIAA,0.5
AGQXWQL42ONKPE4ADQF565EJSV2Q,0.75
AGQXXVYUA3B37ZKHA4IEPZXXJNCQ,1.0
AGQY2FSHOYN3GEIEXNLG3ZYCN3UQ,1.0
AGQZ62NG56NGPMSA5SLSJILAEWBQ,0.0
AGQZEESWUCNMSGI5LQCICT5QMU2Q,0.0
AGR2M4VTI4F75WSBMEAINORY2IFA,0.0
AGR32EOEBXDKEXQ5ITLY53TKLDOQ,0.0
AGR3HPV7EKXP4S367QO3EIGTNG3Q,0.0
AGR4JFAC5RJTAL3U5IDQJVZQJAGQ,0.0
AGR4K7YADDKMEQT764O7AR2BA7WA,1.0
AGR7FIKIZCHIZRR4LD5BR6ROV2TQ,0.3333333333333333
AGR7FPL3GINITMBFV4X6RDSJJYJQ,1.0
AGRANNVVR24DZ7IDN3YUTVINLX2A,0.0
AGRBMBADEZGF2BFMDMCB3CXNHZEA,0.0
AGRC3JDXRCSSQ6TOMEB66Y5ORIYA,1.0
AGRCMTNBBLDAQWAQ4UCZJAR52IMQ,0.0
AGRESDHSWKRHTNABSWNBZLGVSGEQ,0.0
AGRFIMYCGTTMMWGAXA3WJKABIZFQ,0.0
AGRHJCTHMA6WKACERW3D6CWGMEGA,0.0
AGRJ5QGACCBXPT4U63FLOUMIAJZQ,0.0
AGRJENQSN7IELT7QVISWUQ4U6UGA,0.0
AGRJJTLCJBH3S2QRWU42OJNMD25A,1.0
AGRKCZLSFFECGP54U2T2CBYB3RLA,0.0
AGRKORVXCVNDGPEAF5W7NG74FP2A,1.0
AGRKTMF2N365CHSX3HZDFII2EXDA,0.0
AGRKXBW5ND5BRREJLMLX3GRPUTAQ,0.0
AGRLJDWT6YCZ4SDXSZT7TZEC3MKA,1.0
AGROEPHOJYIEK32TWNBMILSH5FPQ,0.0
AGROPS2VIN3R7UUTWO2F662NSNMQ,0.125
AGRQV4NXI76YDR247XG4QDXFO3JQ,1.0
AGRRENMRRSE36UPX6ICQBKT5NOLA,1.0
AGRS2IMWXSUFWS3DZWITXXUDLZCQ,1.0
AGRSSPECMD74WOD35UYRIJIFVUPQ,1.0
AGRSW6MPQOGFHVMYGV3X5LVHEQUQ,1.0
AGRUKTHXESHTPHHK4GQYQNRFZP3A,0.391304347826087
AGRVYK4MSC2AUDQJHT4NSRX7Y6SQ,0.3333333333333333
AGRXAONJSICJOJTFYWJBHTNF6EDA,1.0
AGRXRS7Y7ALTQP4VVJEWEDWUKVFA,0.0
AGRZN4NJZMYGFRBBJZVVH4V62G5Q,0.0
AGS2VC3GYD2G3OHHVOITYNMVTHUA,1.0
AGS3RTM7ELSR6WMKYNZWSUPBBEGA,1.0
AGS47C3SO62X375JL7RWNBKCFXXA,0.15384615384615385
AGS4BZHM7C75W52ZGTFNP4P47T3Q,0.0
AGS4NGH3MXCK4YYBILRZDJEKI4OA,0.0
AGS4RIAZGIL3OZVYGRIMLIXXFK7A,0.0
AGS5QOB3WT6YOOW7INDT77LPVG2A,1.0
AGS665VSZWLC26WMXYQLKIQEOCIQ,1.0
AGSAE67FONXAUAZB4GNNKLOHVYPQ,0.0
AGSDX3SIVTOZVKQYI6JDMYSYNKJA,0.16666666666666666
AGSEFEIS5QUQOW2CZOA7XZNQCZTQ,0.0
AGSG3AQPXZW3GMBFZVCT7JL7JAZQ,0.0
AGSGQ6Z2XBJPLC5C2EOZDPCDXKDQ,0.5
AGSIN7A4MS4DIGF2WHC3BVXORPSA,0.0
AGSIZBBCW7UXNRTS3NYL54ALD2MA,0.0
AGSJMCWJRNAU3QSXRCVBFG3QSD2A,0.0
AGSJPU73GOSNLTSDPGMIGYWTQDZA,1.0
AGSK2ZJI7BJWAP7L2XHT43LNJBEA,1.0
AGSMNIT5YGSO35M2YRIE2OZIOSUQ,0.1111111111111111
AGSO7IQTAL2PTNOK6CAUOP67XMEA,0.0
AGSODDONBJBIP3H4PQT46N5DIX4A,1.0
AGSP6LSQK32SQEJO3YVVNACPWMSQ,1.0
AGSQ6UFQQSDUCSHAEPJ5L2VZWQHA,0.0
AGSQVK4UUU72VERV2ML7JOKRRI2A,0.5
AGSRRWF5ANWUPHCC7HVAUAA67SSA,0.0
AGSV4K43Q6TIIHGN6BB2Q5A2I5PA,0.0
AGSVZNZBTSGQBKZDZTQYEZHGDPCQ,0.0
AGSXHQK3PDRCXWLM5OUVHPJJ7X6A,0.0
AGSXX4BI6HRYWQGYH3TBS6UIGXHA,1.0
AGSY3OFX2P2BCELBW2QCLPMQGAWQ,0.0
AGSYP37K3WKNWP3RWSAHTYEBVISQ,0.0
AGT2QEYDUYHZ3SM2EXJSW4K2PGYQ,0.0
AGT3IMHFYIO7V4RQAIOCBMRNKDJA,0.0
AGT46HVOHTI5CMCZ4TGFKYNVNW2A,1.0
AGT4MFN27CCIP2BFJXVKNKFHVQDA,1.0
AGT7VETYIJPKXAJP2E5PLMIQAXXA,0.0
AGTA2L53YA56UEPBA2BFXBCM5F6A,0.0
AGTAPCL2ETGPB4GKIBFZZUHPTCZQ,0.0
AGTAUJFBVNKEOPBB6FCHTBSMRKHA,0.0
AGTEF5GLNELCNW4KWIWMN2BMBYLA,0.0
AGTESV4VOVCXYBBNBKFDF2XWVXDA,1.0
AGTEZBCXZQ2ILZXKAKUMRINON2AA,0.0
AGTFULIOVJK6RHUYWETEGSE5ITCQ,0.0
AGTGRPUDTYB3TPSK7ZDOSZYJ4B4Q,1.0
AGTHQ6ANUEV7VOOVAEFWVMFIILUA,0.2608695652173913
AGTILLNJMBXIL3WADOUT5D7JL5JA,0.0
AGTITI6OKWPN2AVELIAJALJFX6NA,0.2857142857142857
AGTJAM6NFSYTR5KB6DQNHZ3ZIFFQ,0.2222222222222222
AGTJFW75JCNHR67UHCEEY3XTCQDQ,0.0
AGTK6PB3DIN2CH5DTOZTY37C74YQ,0.0
AGTKCQCGCIFLZRFBHYDAW2Q556FQ,0.0
AGTKVXQFOE5DZURWIPGAPHKHLRVA,0.3333333333333333
AGTLZO4SBYP4UGYVM65EKRFPNRAQ,0.0
AGTMX7DFJLYO4AUMQHKRZUXJUPMQ,1.0
AGTMZCWIWBH43TCW7UKG2YV2EKKA,0.0
AGTP4V3GFJ3YGVKDYXDK3SJ5IAYA,0.0
AGTP7GWXSGP6J64WABPD5JSGSVSA,0.3333333333333333
AGTR4A6CYH6AGEIYCAPYPQZERZLQ,0.16666666666666666
AGTSIX73WHCG34ACPNGESUPTFV3Q,0.0
AGTSSHKA4HTPDZJOYOVWQ3E6TXCQ,0.3333333333333333
AGTTE3T4URI4FV5HDIJREAVRBQ6Q,1.0
AGTTKVGELZSYCBFLWM5ANOAMVGGA,0.0
AGTTU5RVVW6AP353QAU7IUWRMGAA,0.25
AGTUOJDEQXZDIZVCIGK66OZTHQZQ,0.6666666666666666
AGTUTPMCIHOEEMHF6UJ7MND2VF2A,0.0
AGTWSUM5ZMMQSS2XPC3UCU6OKYBA,0.0
AGTXCV4I4U63O43O3KIZAN76U2UQ,0.0
AGU2D4UZSVG4K5OWXRN4KACBHNBA,0.0
AGU35F2Y2RSPSDNNHPE7OH5JRWMQ,0.0
AGU3OPSRPA3FMA2KHVNQWRF2AOSA,0.0
AGU4LV3HM2ZE6ZVAB3I7MJZ6QAKQ,0.0
AGU5MU2XMEHAHMDXVYW3YZ7DEUXA,0.0
AGU72IKMVPNJTI3N35TMXXGGX7BA,0.0
AGU7O3UW7U2UMZGSZMKNZ6K6VHUA,0.16666666666666666
AGUAZ5DU5K3G5GYNVPSA3FKVVYXA,0.0
AGUBVALCZEWORXHAH3OMRQ3JKI4A,0.6
AGUCASPOMC43UGO44EIHJW3SHACA,0.0
AGUDVYQBOGVJ6EE7DK56SJHYIRBA,0.0
AGUFDVO4TYIFQHQUMDXFHSHH43BA,0.0
AGUII72LZDGUGT74KQTSCO3JNP5Q,0.0
AGUIZMFZHUFBUIX4UO3CA3JWRUFA,1.0
AGUJA7GM3CHZGZTQORVA4V7TO6HQ,0.3333333333333333
AGUM5IYMRR6NJBQ45FEI32TQMD3Q,1.0
AGUMKAETPKF5G37FKT6CXLBRPOAA,0.0
AGUNN5632O4AITGTUZQO77YKW5EQ,0.5
AGUO64P7C4QQ3NVBLJAHCGLLUCQA,0.23711340206185566
AGUP2SMMKWBDCOAOSZEULRGMAZZA,0.13793103448275862
AGUPCJOOM5ASVXLIVN7PENJPTDPQ,0.0
AGUPJUIQILLTN73KEVAI7PCSGNLA,0.5
AGUPV7OLIQLBYHU23MU4YLJ3RCCA,0.0
AGUQFBJGLRCTSY42ZQJDKNF7ZQRQ,0.32432432432432434
AGUQWZPJVSU6FY7UD6GSSLVHUI5A,0.0
AGURRMC56GEZMSKAFBKAJI4BVP3A,1.0
AGURY2EBCHKHIPIGZRXHHJEIMTMA,0.0
AGUSFHNYMZY6KL5YRU5FBXVSITXQ,1.0
AGUT4PQSIW77BHDY5JHF5RCAHHOA,0.5
AGUTETM5WZDRPZJ2XYLKKFESNYJA,0.0
AGUV4Y7N5GESLHGGSPWB26ZWDYLQ,0.0
AGUVP7ETMXXQXCPXZWIZQJYUM7GA,0.0
AGUVWI4XDTFOVM3B4MNTCYJ3GAVQ,0.0
AGUWDJXPNE4CB2AFX4YK76XZUHGQ,0.0
AGUWL2R2JFLC3K65HLD6AHJV3KBA,0.2727272727272727
AGV2C4KYP77OQFD764SX5PRKOHZA,0.5
AGV2W5TFSVS5RUVCL3GLNPA354LA,0.6666666666666666
AGV3JEME5YIGXADUTXWKVZS6Z7JA,0.0
AGV4WWE4CB7LRPPV6PG7RCEFBT3A,0.0
AGV5IAI7ELBBT327V7EUBECMW6MQ,0.23529411764705882
AGV66SEIUUS6ZTYBGDK5U7GN7CUQ,0.0
AGV7PGVB5GKH4AS5PPO7KUHIV32Q,0.4
AGVAAODGT4THPVI2H3HS7LOGFGSA,0.5
AGVB4KKQLWGJMYT7VRNWHQ3ZJXBQ,0.0
AGVBJTKAH4YF7EWMRB64Y2GJMRIA,0.0
AGVEYTISKLZ4ETNFKLNVSX76BSKA,1.0
AGVFBOZNHUPLBZIGSFDXDUQUXXOA,0.25
AGVFSYZDAPDQGKIE6REPZD2TJQHQ,0.0
AGVJ5R7FMFCNQ6P462DFVJYQWTAQ,0.0
AGVLLL3Z55OFM5JTJJWFJFQXPUGQ,0.3333333333333333
AGVN63Y4ZAL23AZZF3F76O5OG3LA,0.2727272727272727
AGVOLYJSGAPFQTGD3VI4UK6KYZ6Q,0.1111111111111111
AGVPCZYZLHED3TG4BNAC3PJLZOMA,1.0
AGVQJFWTGNXNOKM6BOGYN7RB3OPA,0.8
AGVR7FBU3FB6EUMARQXE52OTBTIQ,0.4
AGVRBNDGB6OZW4PCOLS3XVU6VJHA,0.2
AGVTTSGBWYNT4BBOY2URZ2OAJGWA,0.0
AGVVUU3QRQBHNASSGI5YQLPYOI2Q,0.125
AGVWGLLS7SG3ZQTICDD7K6EAPRMQ,0.6
AGW32O72S6APOAM3XMSPU5ZILSMA,0.0
AGW3EZTECWQK6HP4M5ODTUHXCPDA,0.14285714285714285
AGW7DNVEEOZ55KAPREK54O7DYLKA,0.0
AGW7TKBKOZSCLUAKOC7I7YALE2TA,0.0
AGW7XKZ6P2PIADO2CXQJFP2GGH7A,1.0
AGWAH3TF23FY2JK4SBXIDHT2VC6Q,0.0
AGWDYYVVWM3DC3CASUZKXK67G6IA,0.4
AGWGG4V6N3SUUPAFPGATQNEUJQ5Q,0.0
AGWGMDSRIXUSGG3AVYX65RVPWCLQ,0.36666666666666664
AGWGOMUGDA2RT47E5TGM4SM7Z2DA,1.0
AGWI452C24HVTPJSA7KWM3HNOUBQ,0.5
AGWIQXPIU2YMPLU76Z525M2SODCA,0.0
AGWIR7A3ZM66QSAL3TJ22GSHU55A,0.0
AGWIY7R73JEOW4S7NC3K2FG335NQ,1.0
AGWJ2MHDJSHU6GBGGHQU3BBNCZLQ,0.6666666666666666
AGWJ7DDJ3VM4NK5BV6IXG6PGUQOQ,0.0
AGWJLGWTPWBAKOTORI4X27TPIXYQ,0.0
AGWL3SAUWG5YLVWHHSG57DKTGGDA,0.5
AGWL5CBYUUQDUKDKW6I7H5HABGDQ,0.0
AGWMXUNLBBX7IGNFTYR2MV2LLLJQ,0.0
AGWPN6VFNXRK6WUIYKN26LANIKRQ,1.0
AGWSEISP3NKF47Q2CG45DBOYURYA,0.125
AGWTITAICUAGJUSDWMKQJECKYVSQ,0.0
AGWTJ3SUYOWR74EHYGGDFNWNDLIQ,0.0
AGWTWN3DZWJM7O4AHUOYMJEMAH3A,0.0
AGWVVLSUJLLLX5WH27MBWHBOYDGA,0.0
AGWVX2ZYWUI6S4KYVEIVXCAWVO4Q,0.25
AGWWTJ2WJXCTXGD3TFDWUUBYOAXQ,0.55
AGWX2VRM6GYPGQM3XNL2NEYY7JAQ,0.34782608695652173
AGWXP7COJW7C2IJ5ZCOLET6FB3DQ,0.0
AGWYHOMRFV6GEDYW57SXYBFGI5KQ,0.4666666666666667
AGWYLKIQ27OHS4ULQEAZ2EIXNQXQ,0.0
AGWYMHQPH26D56XUZ54FGTKH5IZQ,0.0
AGX22TATEBZUHXGF44CYSEZAZZTA,0.0
AGX26GKPUFEHTDBTE7PDC45FOM2A,1.0
AGX2NNH2M3RNS5SODCZMONPR2PAA,0.0
AGX3AWV4OCYWLPLPTY4H75SQAKGA,0.0
AGX4Q77WTLDCTTEK4672R25EX5EQ,0.0
AGX4QGDAQZQRII5YUAUAASPRUW3Q,0.0
AGX4YCV64M5R5ATFMNW4RDJNGJZQ,0.0
AGX547GEFL46LSQR3IDMX6TE5OJQ,0.5
AGXANWGCXOFLCJDQEEJ5AVDFOWUQ,0.0
AGXBKSPHDEMRUMMO5OOSQRWKMIUA,0.0
AGXC4FH7GTG6KRIQPKTABJBEQHXQ,0.0
AGXCHND2PQ4BCHN2WLQQAGRGJV6Q,0.0
AGXCWIHCKNYQVJRWALTI353V3DTQ,0.0
AGXCXUE5GUHYO3HOIBK6YBOKTNCA,0.0
AGXEMWK7VR7MZ2CTUCMP3PXN36LQ,0.0
AGXFB2KKVUFFURDZDWAZJAV35OHQ,0.1111111111111111
AGXFEGMNVCSTSYYA5UWXDV7AFSXA,0.5714285714285714
AGXFIFO4VWNHPAX3VJPRQ2QJSCSQ,1.0
AGXFNIG3IY6FIR7FNQGQBXTOSDHQ,1.0
AGXIVMV6SGCJK3PD522DMRDI7JUQ,0.0
AGXJDEF5RT6WIUPKW4BKVZX3NAKQ,0.0
AGXPI72I5AC3HGO3L37BGW6IO4JA,0.0
AGXRCFQ6CDA7ZSATOJHLJRZFPEYQ,0.0
AGXSDQD5FK3QJRPW5NQ2ALKAXOWQ,0.0
AGXT3RNOFJODHMPMDB3TXBAU42YQ,0.0
AGXTQH7VZXHTMV32PC2AISSIRDPQ,1.0
AGXUP3GM6ZAXIF7J3YRZQGQOZ4YQ,0.0
AGXUSUEWCTXOEVO2UVKFCYZT5GNA,0.6666666666666666
AGXVBIUFLFGMVLATYXHJYL4A5Q7Q,0.0
AGXVNSXY4CSZ43CDSZSD665YXMMA,0.0
AGXWFMT3JAU4VZT765NPGGL5V4ZA,0.0
AGXX7ZWLBXK6WF4SCAF3AG4MWJMQ,0.0
AGXXHB5J54QBT6LU3WQOL7MDN7KA,0.0
AGY3SUFW22SSPOJVQM5WQI3ZGGFQ,0.0
AGYAGV4P7GDMEGQN3L4TGX4FGQQQ,0.5
AGYARUOU42LQRJD3XH5ELDJ77NKQ,0.0
AGYBOBPV47L6FRILNSZ7S6XFLPFA,0.2222222222222222
AGYDARCUZUAX7ENAUJIUDUGDOJAA,0.0
AGYDZXXV32IH5YIDK5XSEC5UFIEQ,0.21739130434782608
AGYEAZK4OEYF2MSSTGJ5WNJDVZKA,0.37037037037037035
AGYG4DVZ3CXRAMGOR54HGLGHYUGA,1.0
AGYHODXSOVZGHRYHNALJKVFN6HCA,0.36363636363636365
AGYJP62BSNVPJCL7YZHSZP4QYMRA,0.0
AGYKSH5FCQ6CZOZKXOCDOJ23VIOQ,0.0
AGYLFDG7WVXI4Z5E5C5JBZIOQDUA,0.5
AGYPMYXECLNQ2I5WWFQ52COBAFHA,0.0
AGYQ7Z42HRPMMX3GNRNGYOJP2KSA,0.0
AGYTEAXMUXEFHXUSVVTKONKBFTVQ,0.625
AGYU3KLQWZIUYKAXV7YARVZGUI2Q,0.0
AGYU7P3LUCMV4OZZAKC6D6NWSQHA,0.0
AGYWDTDUSHHZEHTF456VJTOVOKYA,0.14285714285714285
AGYWLS3CZGZ6Y2IHR5AQYUU3EYXA,0.0
AGYY4GYHK7BB25XHU5BLWTQDW2BQ,0.0
AGYYBT7T6JANP4756OS5UDKLX7UQ,0.3333333333333333
AGYZB6ENUOE64CG2C6QLX47V4RTA,0.0
AGZ2KJZISWXCR2ZDCBFBSYGRAPHA,0.0
AGZ43OSSBC7C7TXC6OJ7T5ESXFYA,0.0
AGZ5BQZVJ3C4LG3REK7X2WUYPOHA,0.0
AGZ7SOPOBQCAWQA27UM6XMCIVUJA,0.6666666666666666
AGZAXDFAB7AYQBNZWS3F75EGFDCA,0.0
AGZB6HMWLNYGKAEHZTGK3NU46PEA,0.0
AGZBKPRU67CETEDMDPPQWNBS3MDQ,0.5
AGZDEKBYZ6MFSLB5W5LKFIJE5JNA,0.0
AGZE3IYHOEGKUTJZSQCSFSQ4IFFQ,0.5
AGZES655DC2ZQZG4OKSOUHQMIVEA,0.0
AGZFKS2YWMNIDET6P3HH3BJPXGWA,0.0
AGZFRAVHZY6FKJ7JUMJ6Y5R7HMHA,0.2727272727272727
AGZGA2B5XSMI45L7T3TJM6SZZ4LQ,0.25
AGZHUIQEFS4VR23E7SKABSLIVEEA,0.3333333333333333
AGZITV7VCIL4HKIHXNYYWUIJ3MMA,0.0
AGZLXGG5W3LYRHURJTLL4KPDTXDA,0.0
AGZN2MRRAPSJOFQVARCSYWLSXBEQ,0.0
AGZOSBAECC362LI7AEQ6P2ND3OBA,0.0
AGZOWOPR5THWINOUGM3KTSY34STQ,0.0
AGZOZUFSUL643HJMMKFMLADI7OKQ,1.0
AGZPO5P6KNQ22P4WHOOZOZUGSJ7A,1.0
AGZQ7O3IZFE7VKAEWECFZCBRZOPA,0.0
AGZQVE7TNAIFEUPM4ITALZGWPNSQ,0.0
AGZRXGKEE2XHTNLSZONQR75FG7BA,0.0
AGZSHUCC6LSMQE5CQP5MQUFTFCPQ,0.0
AGZT7ZU75PHSV22C2QMPHLJNFK5A,0.0
AGZVVKFA4QTXBRLFYRCTDWIPYWIQ,0.3333333333333333
AGZYNKTWTUPP4ZLJ77LH7TFL6Y5A,1.0
AGZYX75NRN524ZBY2VNWIYVVIOIA,0.0
AGZZ35KI6RBFZYHG4TZPOAIACVMA,0.2222222222222222
AGZZ7IE2V6GMFGVNPJPFDBGS2X3Q,1.0
AH23K7IAT3VTGWZJQFPHVIT4HLSQ,0.44
AH25FFNH7SC26PTT4WGJKBY4XYRA,0.5384615384615384
AH2AJKHK4EQVS3KYZ6JUKFXK2PPQ,1.0
AH2B7RFJ3JIFZX5A52WKNH2MVTYA,1.0
AH2CJIKJPIIRDG264ZWX2UUQN5SQ,0.0
AH2D3MIPMJ2ZNWQBO4RZOSRWD5GA,1.0
AH2E34BUG4OSIJENFERR4FIYI76A,1.0
AH2FFAK6UYBB2DMREP2U75N5PRQQ,0.0
AH2IJBHRQBNBXRUEQKTBMBXYYJTA,0.0
AH2IW7MZIXM53IRDZ2XYU7ALGFIQ,0.0
AH2JZ2XBZ4WYWY2GBU33YXFT2LWQ,0.0
AH2KSYKRALNLIUPR2RW7AMBTGTLQ,0.3333333333333333
AH2LEELEG5S4XLK44WCJPIRDEDUA,0.16666666666666666
AH2MMHTSPZAOTQMORMZG2RPGZESA,0.0
AH2N6BAT6DVATRODM6EKJNWWN7YQ,0.0
AH2NL42TJRHTU6OOXMEZRLCU6JLA,0.0
AH2NNUODDGF2ML5UMQI23VT6WH2Q,1.0
AH2OYZNLIGO3HQDJOYVORGLODGCQ,0.0
AH2P4QUUKIFZGS6ABSFEAF3TRZTA,1.0
AH2RTUHR6HFPDYZUTNZIG2BILG2Q,0.0
AH2SK57JTJATVPUL34OIS44AQARA,1.0
AH2SR3SVIMB6E2CH3AH57H5VJLXA,1.0
AH2TEPB4TV3XJ6P6RAYIJDNIPHKA,0.0
AH2TXWXPKPO42QC2FW4UGNOSES3A,0.4
AH2U5PEO5K7PAMZQKFWSX3R23ZIA,0.7142857142857143
AH2UPXRCHEBBCDGHYEULULXBK7HA,0.2
AH2WTEH276AS6UDBMUB6FLTVOFLQ,0.0
AH2XDJDFD76NG6SMSM5NSS6EJ6TA,0.0
AH2ZC5ZF77R2NMXAPLJ2O6U2O36Q,0.0
AH2ZTRKXBZOCI5VSC6ZGSH6NHBDQ,1.0
AH334TV27YASQE5WB7XJXM7DDI4A,0.0
AH33IRCXWMV2PDQPNVBP6GEHSFBA,0.0
AH34LHESDUTCTLUUAL7KUCUXCPOQ,0.6666666666666666
AH35BDKRIDHVX4M6AIK6UGJGFXFA,0.0
AH36C2YF45UIU7MKNJLFMM3BDVEA,0.4
AH3A6NGDPWGSXQLGCUKL3JUWZM3A,0.0
AH3ACQ7TBS7IT4SRSWEYLLJ3ND3Q,0.0
AH3AE47ITB2YXDKZSQJUGADS6SIQ,0.0
AH3E34SIJGD5GYEKPRXLFFZN3NTQ,0.0
AH3FAPGJUJBJFVZRQJPT3XEOI37Q,0.0
AH3HGJJWTN4OO2W2L62TZ4TSVDIA,0.0
AH3JA6PPI32KGJPMYYAGXT7FLIXQ,0.6666666666666666
AH3KBLJXHMU3DWNID7RNZT32KSZA,0.75
AH3OG6QD6EDJGZRVCFKV4B66VWNQ,0.24427480916030533
AH3P6JTB7K26CSMOMOL7OIIH5CRA,0.0
AH3UC5PMFYF5LKKFBONAMU4QHIFQ,1.0
AH3UYU6Q2ZG3S4LWNGEL3DGADK2A,0.0
AH3VLI2334OWSIFBC2GDOYEWVSRQ,1.0
AH3XDEVX5WC72IRRTVTSW6ZZ3MKQ,1.0
AH3YRKP6KFFAEENTFXSQQ6QBIKXQ,0.0
AH3ZTBSYDPFXERSKY2W3Q5V7HWFQ,0.0
AH43PWBEUFJWDYQPIC36EJOQYZ7A,0.5
AH446WQU4LXWTENT55OJSK4BY2VA,0.0
AH45HFUNRO3OVUEXKRYBTWG3Q5CQ,0.0
AH46X4UHBAV2KZ3UV77D4VG66TPA,0.0
AH47C4CYZSOEQD2ZSB3A3FVILP3Q,0.0
AH47SG6GYDB43WZAOL6SC2W6MSFQ,0.0
AH4BXKBECWRRUZCZNKI6723HHC2A,0.0
AH4CGRSYSW5CWLRGQYRZKNJBUPAA,0.4444444444444444
AH4CMK2M37HJMT5GS46BACZUOV6A,0.0
AH4D3IM3SAPLKNESBLMKHUUES4XA,0.0
AH4EKC7KUYINI5U7MBLZQQY7LFCQ,0.0
AH4FS5WFXP6G4REX7BSQFRLRLNZQ,0.0
AH4FT75HQYRS36JB6KL2JJNWSP2Q,1.0
AH4FYADJKK33UO5DFGXUMFX744BQ,0.0
AH4GMMYJ7KVFKRMHKXCCRYG7JC6Q,0.0
AH4HHXQCNMQJVDZ2IOM5HAJFJTBA,0.5
AH4HSNAI7FMEFQNMP57SOTGGZASQ,1.0
AH4I4FH62IYYT66F5N6CIJG75ARQ,0.0
AH4I54TPB7L2VNPDZC2ZKJPARVEA,0.0
AH4J4SCNHHXHG4CL7E6RIQGCH42A,0.5
AH4JL6XLW5CMB34QAG7SXAFCWHUA,0.0
AH4JLQFF2GKTZMKPUG62VIPWELEA,0.42857142857142855
AH4K5W3WGI5UT6MMNJ66GCV643OA,0.0
AH4KAKXUUFJIWCE2Q6UP3YP3PAQQ,0.0
AH4LP6FUAH3IY6N66XGW5U6NP4NA,0.0
AH4MB6HER73XDOV6I4ICPNT24YQQ,0.2727272727272727
AH4NCXMQJAFB54BLGMM2Y2Y24KXA,0.0
AH4O5W3EM4CKQGHMBVTSPCJRYF7Q,0.32
AH4PMXWWUVG7JCEH2VK7VBVE4IUQ,0.0
AH4PSBGO5XWI5D3CNE6CI7YG3F5A,0.2222222222222222
AH4PSWEGLHZW2K7VB73T4QZ76DHA,0.0
AH4TMJAEGJYYOLB5BY3SPHHNDJAA,0.0
AH4U4335HKPJBG6MS5IP6NK7TADA,0.3333333333333333
AH4VGTN3VWRIESJMI4VGQHSQ4KRA,0.5
AH4X2YNDJ27FFDEMS4HPRMYV752A,0.0
AH4Y7WM3MLKQ4GCG6OQSVD3C2GDA,1.0
AH4YEHVN2JDOS7Q655D6FXXXW24Q,0.0
AH4YFLUWAZGPVK3OLL6XFG347D2Q,0.0
AH4Z47YBJ7FV42RHZBLKLGHH35CA,1.0
AH52INCVGKJIYWBZMW5X5NBSE3EQ,0.2
AH536W3OE7UD4WKIOOY6OMTXV2RQ,0.25
AH54HZDZ7RYX5BACMUJ6NKKJSVUQ,0.0
AH54RKVFOJMRKOIOCPJCECNMYDIA,1.0
AH57CHOVB47S7HVWPFA2O37PZPVQ,0.0
AH57O4SAOZLW7FEVFBTC3V3JAQZA,1.0
AH57R2ABJWI527BPU6AFO7L4VPJQ,1.0
AH5AW5PRJIYE4CFJOEHAMKTQGVYQ,0.0
AH5B55NREQZIWV2CBBIS4VGOQ72Q,0.0
AH5BXLIPVCNNER45GNHX6QGLUYRQ,0.0
AH5BZKHA23YTMJKUQWXNQNLBJSMQ,0.0
AH5GZ5O673LE353SOPVGTNAIEQNQ,0.0
AH5HEN2Z5KLTDYEJLTP7LXYFUPPA,0.0
AH5JTPU3DLWQG55U2LQLH2CDMM2Q,0.3333333333333333
AH5KA4H3HEBROHEZTG2MLMZZUORQ,0.0
AH5KNRSD6RKBCN4F7WT6TPIYEUGA,0.0
AH5L6CXK2R7JWG3SOFXOYLT7PDVQ,1.0
AH5L7ILVA6HYLZOUZIQAWNHVVK3A,0.0
AH5MCM6NQYRBFY5IPF6WGQL5QTYQ,0.6666666666666666
AH5OGXFCGV3OEA7H4NIZBQXGCOCA,0.0
AH5QXM4FFDVMF7N564YAIYUWLW5Q,1.0
AH5R3FHGQZ7VFOQVCWSUKCIQIY6A,0.5
AH5RHHMJUBBX3GYIXV5DOHIKXSAQ,1.0
AH5RKO5JF332LQMJY2PQXMNHGXYQ,0.0
AH5RLY4VTK7XCRCKK5IVJNTL2J5A,0.0
AH5UH4UNXWYWUSROBEO4ISKUBQ3Q,0.0
AH5Z53QCWLNKZZZXXZ5Z5A4HA4HA,1.0
AH5ZBPCVWAAGJCOPLXMFXD7PGIJQ,0.0
AH64T2MRMNF76UENPWCIMMCYTSZA,0.0
AH64UIO3AH2MFSVZ2OUHHB2UVTSQ,1.0
AH66FSBWTQC75KM2DSTCHNKVQTGQ,0.5172413793103449
AH66ZLP5R2D62NUEKGEUCZEICXHA,0.0
AH67BI7JTOFR35HMZYFVOEHM4CPQ,0.0
AH6BXEDXT2FGO7EYMDPTQG7HO7VA,0.0
AH6C36C5NO6YPJ4S7S7OCVB2FZQA,0.0
AH6CATODIVPVUOJEWHRSRCSKAOHA,0.25609756097560976
AH6CZQHGPZ5KJWS43S5WKLM6FPLQ,1.0
AH6D22EYUB4BRUQLMRDI4ADHBA3Q,0.0
AH6DTVCBQNHSNYEV42AQ5O2AUTNQ,0.0
AH6J4HVM2MN3CLRADMVQ6QKSAR4A,0.0
AH6KRJWCDYDJ2AI5ZPYOJDFUPP6A,0.0
AH6NLFSXCVUW2RRJFLVGVMGNBMWA,0.0
AH6OTMPCD63WHCVIVJ66RJAIXR2Q,0.0
AH6PDU5N7P7TLLVFHCY64IFV7HIQ,0.0
AH6PLOGWYIVIWLJTY756BHNFD4YA,0.23809523809523808
AH6SCJR5VCXGJTNKL7A27JGANMTQ,1.0
AH6VWIWXI5PHPWSAD6OITE46SANQ,0.0
AH6WWJMN4OXMR4FDTQZTEZFUZ6PQ,0.0
AH6X55ZNDYTAYPY6YE7RHM4U5EZQ,0.0
AH6ZNRRCEEWR6P34CNLQ2LRLUU3Q,0.0
AH72UL73KOWO6TYA5WJFLCDFSJPQ,0.0
AH72UZNJL6SQJWKOLAIR5P2W3I2A,0.0
AH74YZQJEUF55CYLLS5FIGGEXKLQ,1.0
AH76IQOCFNQJNEPMP2XUVMQWGYMA,0.0
AH76VKO4URX67RHM56TE3U2KG3NA,0.5
AH7BIQXCIWZ6T4ZXRNO4MM754ORA,1.0
AH7DCJTN4CQJ6M7KJPCSX4FHM67A,0.0
AH7DSQKRNRX45EP42R364AWLJ3TQ,0.3333333333333333
AH7FRM3KDCGWQA63HWLYCENDSRKQ,0.0
AH7GUZGWAL2HBDSSQ3VP3WCS56FA,0.0
AH7HVGL3WQN6HCJEH2G756H3EGIA,0.0
AH7JE7MZA5J6FRCVSYWAPKPNDH2Q,1.0
AH7JN7M4NCIHSDTB7XJZ7RY5SOTA,1.0
AH7JREEFQLI6NGLWZB4WAPFQP5XA,0.0
AH7KKC5MZSTA5JLCOIH6D6OXFXRQ,1.0
AH7LZVUB3QTRURUNM4MWWIDOY35Q,1.0
AH7MF4YWSQ2KF5HWJU4X6KBELWJA,0.0
AH7N3ADEE6DTTFSRATXSKKQRWIMA,0.0
AH7P2ZJ7NDT2NNVS7ZEGNEPT2J2Q,0.2857142857142857
AH7QBCAEAR623PMKDCBP4ZF2B3NQ,0.0
AH7QCGMVJNEMPUSBNBKPGKXDIIGA,1.0
AH7UKE3JVRDLDME7ZEDCPVF7QS5Q,0.5
AH7WTN7TCK5JXMZ6G224FKEG65UQ,0.0
AH7XQFTZQ46HFA2LO4ELY6NGRBCQ,0.0
AH7Y2ZY5QULUUVCEO5QLXGW5BIJA,0.75
AH7ZEJIEQQI3UYTXXXDKWGN4YY6Q,0.5
AHA2WDWVW362PAUYTFWENSLFBIQQ,0.0
AHA37JAG3YQHAN3ISJJ2WPU6Q2HQ,0.0
AHA3TUSHLZYFHBVVFBQFTWJJK4AA,0.0
AHA64YFRYIQVKQHF4JSDDCABSKXQ,1.0
AHA7ZNGZII4O5AHGEOICYEK2C2WA,0.0
AHAAVBGPLWBB3DOF6WXTNPZ2MOVA,1.0
AHABXUTVL6XUIXXJ3X4AKNFHNB7A,1.0
AHACLF2COQQE2V33ZFXQ7THZOJ2Q,0.20270270270270271
AHAEM7RA57X2FCMAOMK4CF466DQQ,0.5
AHAETVXVOZMNLTX3B6DTG2QR6ZRQ,1.0
AHAEV2H2NQI7BO4BZDIQ5TILGT5Q,0.0
AHAFC4USPHAY43SHC5R5ARG4RCFA,0.25
AHAHB742KXGJEDS43NKCDU6BVQHA,0.0
AHAHEGCIHHGZGZMJM24IEAUUIMIA,0.5
AHAHGC3AY2K76ZPAHCTGCFQ76YIA,0.0
AHAI5HUHQGZ4HO5MMNFEX4MVIM3A,0.0
AHAJ2VTSM5LONALC7LW7G54NLSOA,0.0
AHAK64IK5EQO5GNQ2PKAKZJQA4XA,0.0
AHAMGOTUGK4FYD2NGZHG6SX42VXQ,1.0
AHAPCGHBMF73N7VH4B3T4XBO7UHQ,0.0
AHAQE7NKHYLQ6ICQUGXSUMWOJHOA,0.0
AHAR2ITQ3O2FJJDLIORAQ226KZHQ,0.0
AHATA6X6MYTC3VNBFJ3WIYVK257A,0.2107843137254902
AHATCIEF4MYPVVQNQC6BRLTFRIYA,0.0
AHAWL3U7UKXOVLS5EGO7ZWROEHZA,0.3333333333333333
AHAXAFCZATBRJKQOILWNS6222UEA,0.0
AHAXKWKAW5LSE5NEQHOTCVKZEC5A,0.5
AHAZCIAV2THZY4U3FIYADQAT2JJA,0.0
AHB2NCHZLSHHWB6MKE7A277N4TOQ,0.0
AHB5CGLYN3Y6NIPHNQLYFJT2W2PQ,0.1875
AHB7AOKW4QERAWDSXOURS4FZINUQ,0.0
AHBDW3ACDVDLPYTWH45CKLU7ROFA,1.0
AHBE5YPZBUHJ2OH7DO67ORX2C3OQ,0.0
AHBFFS54YL6MCGMMEKXBYB4LIZSA,0.0
AHBFX2PN5ZANXOX226VZTMX73K3Q,0.0
AHBGAX5HBGZORPCNUC7JTXL4IW7A,0.0
AHBHMMUTJ5W3SZUHVKUP35ZYKUHA,0.1935483870967742
AHBHR6ZGI4N55BOH54AL4Y4CFH7A,0.0
AHBI5SLZDP3Q3LZPETJLCHQFGLUA,0.8888888888888888
AHBIGTZCJOWAGUEGZPJ4A7YGBDYQ,0.0
AHBK64LKDCGTRFZEI2VIQA7QT2QQ,0.0
AHBNOPRQZEGQ4RT6FAWS4E4KZKZQ,0.0
AHBOHSZXLPCC34WRLQTBXULBNH3Q,0.0
AHBOHYL5D6GMIEKBQIH73KKHPTHQ,1.0
AHBPASCTICMEIRD7WBBDPO5X7YMA,0.0
AHBPNB4OFDSGKU7UM5IATLVSPGJQ,0.5
AHBQXUIOU7CV6YRNQMKG6LJVTRHQ,0.0
AHBSL5FBY72KB63INTSP3SNGMFBQ,0.25142857142857145
AHBSZHFWGXFTKXR4CU23NU3UHFWA,1.0
AHBTAGRWBE6QY66M6G6PRSYL7TIQ,0.0
AHBTHXKKLBGXXNAXWPLLU4NECWCA,1.0
AHBTMFDWLT4AQHPZBMHFXMGFWOVA,0.0
AHBUZA43Z6A27QY372AUL5D5OYPQ,0.0
AHBVOATDD3RGQQ73JAMC2EBADKUQ,0.0
AHBWF2BW7BDFK4SAKBQLVN7PPEUQ,0.0
AHBX4IJYBYLNDA4N5MDF6HFOE5TA,0.0
AHBY3OQDEBBXOWLZT6SZ5TLSERJA,0.0
AHBZRDFYB2FWUAO63DCSF2VSTJ2Q,0.43902439024390244
AHC2ZPX7EDDQPTJSLDXWLGCQPGLA,0.0
AHC3V4GQF2DRXAMEEJ6S2RRIF2BQ,0.0
AHC47FXJ6VIKKY4SFGWQ44YSZP7Q,0.5
AHC4YDJ5WS3MDCNSKMJTOZRKZWPA,0.2857142857142857
AHC5IMHOSWX536YGLYJUI2LDHJPA,0.0
AHC5L6ZXZXLJGTYK2FVORKUCZTAA,0.4
AHCACWS3ZET5VOCEQSU73CHTBOMQ,1.0
AHCAXVBOOT6J4GU6M2CETQIXF7KA,0.0
AHCCVB4GY7SG7JCAZH7GE2BR7KGA,0.0
AHCDZ4OXU7U4AWYCAK2674R3NYVQ,0.0
AHCEBEXXWM2CZO2NGPQT45BTOYMQ,0.0
AHCFUQ5RHHD6IKT3WGVPON6R3OTQ,1.0
AHCFVTFHBNWWLUQB4ZZCD3H7J77A,0.0
AHCG4HEZ2HRZPVTYXJPNUHBBVQFA,0.0
AHCG4JUQSSTI6SPIYAUQJOT4FYBQ,0.0
AHCJSI7OXRPQ66URXSBFN633ERFQ,0.0
AHCKACFQHPP4VYO6KQSDONCSSYXQ,0.35714285714285715
AHCKTKPOVN5D72LKKWCDKETMIJQA,0.3333333333333333
AHCKY3X6TF5HJQTOQHGUWSB2JUGQ,0.16666666666666666
AHCL2NHTJVVIITYBXWXDFWW42RNA,1.0
AHCLQZA4RNWVMD5KVNGKY572JCMQ,0.0
AHCLVJWUA4O6BWTQTEAR4YI72SKQ,0.0
AHCMCE5ZOEHEAEMOX2STYRXCREFA,0.0
AHCMR3IQDEYFJXPDLIODZXXVNJTA,0.0
AHCMVKKF56LYDCDRWFNRQ3V2ZR5Q,1.0
AHCONVE7YVM6TEYO2BAJAIAA4YJQ,1.0
AHCOOS4PEYHYLNIZ4NOXDKIGOLCA,0.0
AHCOPM2SKJ64SUIEHISCSJQM3T4A,1.0
AHCPBEFQV7JO3HHVH2EVO5ZATMBQ,1.0
AHCPHQE3JUM5TTR3Y4JEG6XB7YKQ,1.0
AHCPZDDPHJE3G7M6ST5WGRPLXHOA,0.36
AHCQENT2I3XVM7WVIP5HYDVYTDGQ,0.0
AHCV2CNCOCG6WECDROOUYPDZIFEQ,0.4444444444444444
AHCWFGEJ6V3UR54B6W6ELGRKNUXA,0.5
AHCWHNTFHR4T2SG7JXIJOT5PA6NA,0.14285714285714285
AHCWVFXOTHPISKVXQMXKTAHWUNJA,1.0
AHCX5B44PQONYEL6H6UCQ7TUPLDQ,0.0
AHCXD2LKPZPAWUXZ32ZZNE3NYYZQ,0.0
AHCXDVOX4IOEOFH7SWBWE4DXCA5Q,1.0
AHCXO3ILYB76YYFDXB6K65TWGYAA,0.0
AHCXORATWB3GJZS2HPMTPAIEHP2A,0.33663366336633666
AHCXQS3ZHZEK7U5IJMR4R7ZEBO7A,1.0
AHCXVDS5SWUAQCGUWGT2D6KTH37Q,0.75
AHCZKF7BGNDSCAL2QFSH7FHEIMHA,1.0
AHCZKT34YZL3CVXYVH2CNKQDCYBA,0.14285714285714285
AHCZN4CSCTWTUCXUIG73WYTKAYDQ,0.0
AHD2V3JUPKTG7ROOPGTUNJLDZWRQ,0.0
AHD4SYZMLZHP5BJ4YEITSBWPK5MA,0.0
AHD4YEOMWFY47HIM63OVZ7KCL2JA,0.0
AHD5DLIFV3IRT76VAXMCO5EBIBSQ,0.0
AHD5DXKPN6RBJFDJTOQWQKKTDHJQ,0.25
AHD63A5CM6WNHRO3QICC5CW46IKA,0.0
AHD772JFF3N6N4OWQNFIYZUSRDKA,0.0
AHD7EWDQMNA5VOMDQEDHMNXB4MRQ,1.0
AHDAT2RRDJYOD7A3GKAA6NZIC6VQ,0.0
AHDCJCKC5ECOHFMIOJOUG6NRHO6A,0.4
AHDCTGXCOQONSBGYDV2NDDGGYGHQ,0.0
AHDF7J4POYZFSKSU2V2MAOJ6BV6Q,0.0
AHDG4GWPNZV4WXMMEEHYKUPYB67Q,0.5
AHDHL6T4YFIUZ3NDQEQ44DPL4KUA,0.0
AHDHYC55QPEOKEBVQ2JBMP4TQVYQ,1.0
AHDIZUBULWAHDOZMG7FJODOMB5IQ,1.0
AHDK7DARANJKIA7JLQUVOHGHQV3Q,0.0
AHDMCP2GIHNOUJ3CR3TSTYWG7QFA,0.0
AHDMNQCZQZAOSITJRKU75J34TEEQ,0.0
AHDNYURIEGVNNTLAI4XTVL77MCSA,0.0
AHDR3NP6DSYP542YNO5HDI7KSUJA,0.0
AHDR7KO7FLNO7MQUS27D3P72KUMQ,0.0
AHDTLLCX6TUWIATBJELRTK2KKJPA,0.0
AHDTTBI6YLMFEQ4IPKBZBO42CXOA,1.0
AHDWCKXSINGBFFOECNCDMBJXNT7A,0.0
AHDWWJYXAP32YSSRTHT7QVL2EVVQ,0.0
AHDZ3PFHIGTE7EOQBUMVRBFRMWJQ,0.8571428571428571
AHDZRM7MKMTZU4EO76BUWIANJAWA,0.0
AHE2H77LQCUDXIXFI46LFDCVKJNQ,0.0
AHE2K6WF62TK2N2HGG7Q6GLFYGGA,1.0
AHE2OKZ2C6YM5M3YXFYNANJEFMVA,0.0
AHE4UY7O6D5J3ASEH2E66NJ3JAPQ,0.2
AHE5BLPXG7UHZYTPQ3GAHKZ7L44Q,0.0
AHE5R4ANS77PUJWBZ7J3OIV6GGSA,0.0
AHE6A2KMCMQSOHCMNE7JQHSAHTRQ,1.0
AHEAZJ75XG4TMDLFWDK567HHCU2A,0.25
AHECWYK63MH2VFO4EAJATI37O2XQ,1.0
AHEDNX6O6ROABU44WTGKLNZZD7VQ,0.07692307692307693
AHEGPASZZG6ZQGVTDJKUAHVDVSUA,0.0
AHEI5DRJMW2UV463URYIINVUW3CQ,0.0
AHEJ5LC7BSEADCIZQQQPZPVWOLCA,0.3333333333333333
AHELX7UOIDURULSSVA52BNVTMT7A,0.0
AHEMNG4G3HTLA2YBFPBBSUC5GRLA,0.0
AHENSGR43GHPRMP7GXP6Y3LR5R5A,0.5
AHEOBXBPM3YX2JREPJXX7N2C24UA,1.0
AHEORE52AGZSVN3DSLYNRMLIDWTQ,0.0
AHEQRHKGEACLR3RSXRQ7TUIXZGSQ,0.6
AHERMQFOBNZD2TL4XQBOAG4ANXUA,0.0
AHERYFLIDASGZDPR3VMP2IAGIWMA,0.0
AHESEVBKET4S4GMESHM4WDDI2GVQ,1.0
AHETBQGXXC7TMZ2MIFVPOKZJGXMA,0.0
AHEWI2CRJXHPIYZWP6RYZ2FDCJZA,0.0
AHEWYFQXL4M2D5WLNGCYARXMVS2Q,1.0
AHEXPPYJYGQM6XUDMAVLGDUUL6ZQ,0.0
AHEXQPGWXVYWQCVIOMCGTUABWKWA,0.0
AHEXYBTBZX4UQB7R46QRACLUEGJQ,0.0
AHEYMNN5MR4HMXCEIGLEPLNJLNPA,0.0
AHEZIVRGCNRMZSGHJHORIETQJSOA,0.0
AHEZLJU3IXCVBVDWTBXTKRREADCQ,1.0
AHEZM6PZQS5FDVLW3RRJVQSULDFQ,1.0
AHEZPCQDJ6RC5HUVM7CGXZWGQHQQ,0.0
AHF23TTAPE3MPI45R2YET4OGHFTA,1.0
AHF2OTODCQC4BETX7CHZMOHUBODQ,0.2222222222222222
AHF5OLUZ6VKGFAJ7J5CIPI57O7GQ,1.0
AHF5UCD2OTD6A35HM4Q4CBQMF47A,0.0
AHF5ZWLZI6NQY3F36GGCPOW5IV5A,1.0
AHF76MPDIG6HQHAMO5VTHMPQUSTQ,0.0
AHFAJWA2MDSLJ747IQEF3PHELF4A,0.2857142857142857
AHFDNUUE3JO4OSHIIYB54U6MCV5Q,1.0
AHFG6DBOC5H5PRWGFY43YE2GKN4Q,0.0
AHFHEG7YEVEIXRWFISCBW237AJ2Q,0.0
AHFJN6JDNJXMWRQLQE57MSSYNMPA,0.0
AHFJOOXHFV7YUIQPVPQ7K25GPFNQ,0.0
AHFKB3FI5FLJASFNZ5RNKU6SUVCA,1.0
AHFLLZLXIWRHZIX2JCSUVNTFWUCQ,1.0
AHFLQE2JRKV4XJDSLX3LSEPMHF7Q,1.0
AHFMYJJRTDFK46AVWU4UAFU2K6MQ,0.0
AHFPRA2FBIEOARQ6MVSQUHHKSJJA,0.0
AHFQM7EFBT2DQLAY6EYIEWJCAXTA,1.0
AHFR2P34DFCGTJYFLV4PLYFVF6IA,0.2857142857142857
AHFS6FQCQWKVH35AH6X5OYCJHRFA,0.0
AHFSUITNWGBNJOOVWFDDWMK4B72A,0.0
AHFURURV4H35BXUUTXYMJYA36CTQ,0.26136363636363635
AHFVMT6EHIYXHWTCAY5A2OBVF3HQ,1.0
AHFXER2TFR35K5EJC3RGRVPXIY5Q,0.0
AHFY2QSS6PK5MHSYZFI6TXUYNPLQ,0.5
AHFYQYDCMZ7AE7OBCHCRSAMAHQDA,0.0
AHFZ4IDT7GNXZ5DGFYCDH372V5YQ,1.0
AHFZ5U4EOB7NQLHQ3RLCNRNOTOOA,0.0
AHFZFJJ7RWRX6RCUSCFFXX3QK73Q,0.5
AHFZLS7XC23434VUET3E4AVMEG3A,0.0
AHFZUNQFXSVVT6Z6BYKE5CLBX3KQ,0.7297297297297297
AHG32V5Z74FFKFLACRPEDM2FU5FA,0.0
AHG3VPRIK7KNOJWVYGCFPT72CJIA,1.0
AHG3Z4XA2TONTEW35RW55WJYFUWA,0.2127659574468085
AHG4GBND2MX3LYZUYFKZUAFZUNCA,1.0
AHG54SRWF6PQXUW2E56WLSRMYVYQ,0.5
AHGAOIZVODNHYMNCBV4DECZH42UQ,0.19753086419753085
AHGCACA7P5EXJA2JPVEGKRWAC4AQ,0.0
AHGDWJAWQF3RHC5XWPY5Z55TTWIQ,0.0
AHGFYFT7I77M255JEL7XQW4KFU6A,0.25
AHGL5IFUVGPK7GCXROL2QKGOJYLQ,0.6666666666666666
AHGOKDHR4J5EP4E5KYHZYDZM2CRA,0.0
AHGONLBPMXIJRW3JUB6HO4UVPP6Q,0.0
AHGQ7AVM46MCLVPVUYZB4QAT2KJQ,1.0
AHGQCTSFJOB5KKW36IJPQATZOZWA,0.6666666666666666
AHGQUQWK77Z3AJCQ6BAK2OETTCCQ,0.0
AHGSTQFACX43PT7KOWBHYIBKFIMA,0.0
AHGTHCERTEZUXNBLJ5SWHK2CDLXA,0.07142857142857142
AHGW4FDYTQOVZF4W2NZGYDOGWNDQ,0.0
AHGW66AAYSLECZ72ROLIDILZW4XA,0.0
AHGXJJX6ARMNBKS7DJ3BQY4B7NSQ,0.0
AHGXPVAKAXN6WGGQFOCWXE4AAIEA,0.3333333333333333
AHGY2SJ2W22YN6N6BMXZ3DHWTDIQ,1.0
AHGYEB5L6IBPKVAGBKGEVUYF6IQQ,0.14285714285714285
AHGYS4PUIMJLYMMLQPFQSK5DZFBQ,0.0
AHGYYB43Y7CIIJHJOG3FW7GTDIQA,0.0
AHGZURRCBNA3F2POO2N5E3D33SUQ,0.3333333333333333
AHH4EDVBK4H6ZWPSCSNQHX3BRKZA,0.3333333333333333
AHH75KMG3SJWIXJTWYM2NCWEM5ZQ,1.0
AHHANFB6QSX4M4UV2XZ26UEODY2A,0.0
AHHBOVMYZ42TQRP27XZXF336WOQA,0.0
AHHBXLYVZCDODBPA2NTPSACJD6CA,0.09090909090909091
AHHBZX2VXTYVCQN2KC2UQGLUSR6Q,1.0
AHHERIGT6AP5VIONTNKZBBNXNBUQ,1.0
AHHFR4MDXVTQEJOQMFZJTJUOGWGQ,1.0
AHHFW36BP4VMQWC6V2NTKIXFAA2A,0.17647058823529413
AHHH2KN35BPYAIWTZTNXNWXIQ2VA,0.0
AHHI5AVBTJAXV2SRJOOME2JIR2VA,0.0
AHHJHKHJXPD3LDIZMZR3OM4KCLTA,0.0
AHHKNZRXSHRMSGS4WZU4G2XUFF6A,0.2857142857142857
AHHKXZVCS55EEPBEIUGKYURBPQFA,0.0
AHHMS3JJ3ZBFBNA4732S37ODD6HQ,0.0
AHHNIGZ3FI5HOQJVVR5UUPNPA67A,0.0
AHHPKZ3F4WPTUYZQYYAGB6UQNT4A,1.0
AHHQFOTZX263BSZWDMCNJ6I3UJFA,0.0
AHHRSOC5H67LUBCD6635IHDWOKUA,0.5
AHHSVX4TCVG62S2LPXBH5K6Z4EMQ,0.0
AHHZZEGA6MXIVYR5VX3DXFZXJX5A,0.0
AHI2VJV5ZA6TQYBQ6V223JS4UT6Q,0.0
AHI3B7VVKAJT3TUWF3LWAB5CAYAQ,1.0
AHI3JGUFPMIJLPYTHBMTFAOZ4XFA,0.21428571428571427
AHI632FGV3J64TLWKNVAJ5WFCFMA,0.0
AHI6KSEBLTLT2BWU4VXQ5UIO6XXQ,0.4444444444444444
AHI7KZRH4QGI67YB3LJQDGU77ABA,0.0
AHI7SBHYECQUIS63BKXBHY325VVQ,0.2222222222222222
AHIAZHE7MZDDPKVLL2UUEZMU44ZA,0.0
AHICMFSXNGRPMKUMYGQ5BENM5NPQ,1.0
AHIDLXPSUCF73EUM3MZ2FS5IQE2Q,0.0
AHIFWJCLH3DZ5S6XBY7XKEKIFNMQ,0.25
AHIGYE5HYWO6I3FCWCFWV47ZA4ZA,0.0
AHIHAWKDJ5CU6H7KGIWOLZ2ZSFBA,0.5
AHIIIXITFYOOEPURI5DOA5DPDJ4Q,0.0
AHIINB4N7CDLONZJG5DMBCGVSJOA,0.0
AHIJSMJHAD4MF4HMNDIUB3QJUSXQ,0.0
AHIJYAUMDY36ORJ22PQPULOW5GPA,0.0
AHIKFBG7C6T4VFVWDFKIXPDV57QQ,0.0
AHIKLNT645Q4BDERBVBMXW66BMPQ,1.0
AHIKPF2IMZPQYFIP5PRG6P6HFXXA,0.0
AHIKSP2ZASXWVAKXRJ7ZWUZFO3MA,1.0
AHIL63TZRABKLCVM22CGMMKZDRXQ,0.0
AHINUHJATGR6EYPXJEY6TVOD3KUQ,1.0
AHIP7ZFRI55JRNAHI6FQRKW72JWA,0.4
AHIPBTOT2RCSOLJVMU454CT4KUBQ,1.0
AHISGZ2YCQX5NEW4MREY5IJIYSCQ,0.22727272727272727
AHISZUYKY5Y4HV7YBPPVL7WR4VBA,1.0
AHITBJSS7KYUBVZPX7M2WJCOIVKQ,0.5714285714285714
AHITZR3J7RDQZINCF3UFOJNH4CTA,0.6363636363636364
AHIUY42LYABHMLM4QZB5K522SOAA,1.0
AHIV5E4QZIRUS6OGUKXYJHKXBHKQ,0.0
AHIWMQOEAZHHYEVXMQDLZ3KIJR5Q,0.0
AHIWQPWLNR6J4UFVXFYK7DAXGRAA,0.0
AHIX3DW2JH7FBTNJBLDOJW7F3JJQ,0.0
AHIX5IBCI5DA27NEME6RU2VGQZJA,0.0
AHIXHVS6KVFHUFZNJXAZKMJME73Q,0.5
AHIY6B74GDWBKUNVWCROPLFDMVVQ,0.0
AHIZZGKL76ODWQM26AEH6TPJHHFQ,0.0
AHJ2AQXUZAQNK6ZNOPLPYXZI2P2A,0.16666666666666666
AHJ3S3V3XBCJZFF7EE4RALKBJPPQ,0.16666666666666666
AHJ4I7SQKUOFHNUO2IFZSGM3D7MA,0.0
AHJ55OX4D23DRIMOJFJ7B2VL734A,0.0
AHJ667WYZSREOOY7SHJGZZMK7FBQ,0.0
AHJCFK363BYVHQRCAQHOV5EOLL6Q,0.0
AHJGGNSEYFQJBHVHJ2FL2K63UN3A,1.0
AHJIEUECGTMA3ATM2IKS7U4AY7EA,1.0
AHJIG2OSUZ2B5J3J3XJNXBAZOTJA,0.0
AHJLEDHREQABWVXKPKQSVP7G3PSQ,0.0
AHJLJJPOYSF57Y3LSRFJJUA7UB4A,0.6666666666666666
AHJLO5VWFBKI3RWBCLC6OMXJQIXQ,1.0
AHJLWOMDSVKS43YZ4T4KFDN3K3WA,0.0
AHJOK2L33SEMVG6BU7A7RMIXAHJA,0.0
AHJPXPTM7EZMVIHG3XR73IWXNL5A,0.0
AHJQPUQLSQZE6LMIUMY7WNRXCQQQ,0.2743362831858407
AHJRT37B2SEFQPUMUGQ3Y5V2T6UA,0.0
AHJVPUQUW5UCB2RZ2RNGBKJZ7VRA,0.0
AHJWHH2LP6RKLEKKWUNA636K3VFQ,0.0
AHJXGFDGV6XSQJTKKJCT6IVMZDBA,1.0
AHJXGOS6BPOBWIIFVSUMPKS4CLUQ,1.0
AHK3RGAQEMCEDMAOQOEG7RLVQCKA,0.0
AHK4XCGBZXL6PMIZP5RLWV3RCKCQ,0.0
AHK7CM34N4GYVKHIQOAJMX2VLOIA,0.0
AHKAKKDTONWPQT3ALM7OXATPALJA,0.0
AHKAPILJMQ2OABX3SURPSW6P5ZEA,0.0
AHKCM6JME3JF3MNM5QSTAZEGHKVA,1.0
AHKEN2TXDAX7B4E5T43PAM5UV33A,0.0
AHKEZWZRN6DKIDCNBZPUSQXOACIA,1.0
AHKHEQ2T2ZC3ZM25H3UNMGCXQA6Q,0.0
AHKHGQ4AJCDVN2OWQJNLKUZUCKDQ,1.0
AHKHM6O6MSZMQOZXBDUJ2MC2J26Q,0.3333333333333333
AHKIMFUXMLOUN7SBXHEDD2K2AN7Q,0.5
AHKJ6WIIAYPVKX5SMETII52FJNKA,0.0
AHKJOOAD6EZWMTAVRS2SIWPJSNNA,0.0
AHKJX7LBIJ566BB25DZHADOBF5BA,0.0
AHKKQZZQGGCD6OJBM2YCC2JLEBDA,0.0
AHKMIUDLDZIIKHFA2OFHZU3OYBSQ,0.0
AHKMODQX6CK23H2UIZ43KP5QZR6A,1.0
AHKNC7ODVHOGTBQLHUYWL4SXZFQQ,0.0
AHKOBGGZVGMAYTLMQTHUZ4KTFODQ,0.0
AHKOW4PZYZI5WXL5NC4HSNTPAIAA,0.0
AHKPBOMJ7XAGASIUOYBASRKEB5FQ,0.0
AHKQB3JEN3FAH4IHE4U4FUA3XZJA,0.0
AHKQKE46BOZQDE6TIKGSOUS3NEYQ,0.0
AHKQL6PGHDMRL2GNIE2RPRNK7MIQ,0.0
AHKQL6RSNLVT72O5TROEJH5NWYZQ,0.0
AHKQWKWAG6Y74AB2AMRKSAUVPCPQ,0.0
AHKR255GVFASZHIJFRBUSMZDDEWQ,0.0
AHKRHX3654A52EFWIHZAROQSXNFA,0.6666666666666666
AHKRW3X4AMX4J3QICWGTYO4LC4QA,1.0
AHKU7OEDQK522PVRJNNLRWHMGUOA,0.0
AHKUEYPT5TY5GILOM7P76RZZW2EQ,0.0
AHKUHEIUY7WUAMGKHAXC45LCRHZA,0.0
AHKULNJ7UQDGZ6Q2GLJHZTEEDW4Q,1.0
AHKV5AZHO5E4FARBV7B35SXGODBA,1.0
AHKWW7UAKEI3TIJYRHQEOXPV5JHQ,1.0
AHKZ6FLSDFO7YUXHTRHM5BYTKJOA,1.0
AHL2GFGCGPVOF72UKIUR4TIU4UIQ,0.1111111111111111
AHL4ROMSXJIYURYRTDIWYIRHNCOQ,0.0
AHL524XXUKPPFR6IOLLYYL5NVMBA,1.0
AHL5ZHN64UHJOGQLPINJ3BN4VBPA,0.0
AHL654JV4AF5GHNGPICNEHIWEZ4A,0.5
AHL6B3BWHT5TCU6JJUQPOETIAEJQ,0.0
AHL6MYQQDDXM7MU2NUGVWFSSYSYQ,1.0
AHL7DQNUCWTCILEACAZMSBVB42WQ,0.0
AHL7KQODIWX7MDJ7RQBYQBURAAIA,0.0
AHLAC4T55CKFSUEY2YRPHEFV5A2Q,0.0
AHLAEA5LYPVGXHFK2C2XDMIL4AFQ,0.0
AHLBMUBKQVDHTSNUIFN64BU7NJSA,0.0
AHLC5H2CEWSAOXOA53VIIROLPZKA,0.125
AHLFWCI4VUUJZWREBOWIA4ZHLSDA,0.0
AHLG6HSOKZ3FKKDYUGOHHQCQNIUQ,0.3333333333333333
AHLGIUJHGJPI46RRP67M6KUHCHNA,0.0
AHLGXBC6ZIPHEEFL3VVCIDKGBV7Q,0.0
AHLH6GP2CDY4CZFKZYLUUFACC4QA,1.0
AHLNKQOS5STNQG5VSBMA5CQMBQJQ,0.0
AHLNMKVMOMO7SMAI3TRC3RCMUAMQ,0.0
AHLNPXXPOACV2R5T3725CCTLBFCA,0.0
AHLOPBURTWE7G36ALEPHCRWGKAMQ,0.0
AHLQJVWRY6DXKJNTAP4UFXK5WLAQ,0.0
AHLRBFU22NED3KP5FI36DWSCJQIQ,0.0
AHLRW7X4WVLZJDS6BM6J3YP3NNSA,0.4
AHLSTYOQCGKMKGPSODJW7Y7SAWMA,0.5
AHLVYTD6QPNAYBIIDTR7H3GWAYZQ,0.0
AHM23WOKYPBB3PRQ67UASUHTJOIQ,0.0
AHM2C3X2SOLVW6A5EQNNXNGLZ5GA,0.0
AHM2XKCUWJ4GZQNGDGNEVEN7FJYQ,0.0
AHM5AX7XEZ4RR276KJCS7VLFDZNQ,0.0
AHM6SRQPZMNFYOR66BUCJPIYOUIQ,0.0
AHMA2JETA7LYPW6NNYLLHUMRRPSQ,0.0
AHMCKN74VJC5CV6IAC5IGPPHIOEQ,0.0
AHMDRJHAXGFBR2ZRWIFBSUD7PHCA,0.2857142857142857
AHMEMDJ4JWT7OBE35SURUWGHMGVA,0.0
AHMJXNHLOLR6B2CHVQUTCCPWIVNQ,1.0
AHMMJGYA4FRFYIB325KOIKRFN7OQ,0.5
AHMNJSXO6ZB3C7AFPSL5HGLUH6LQ,0.5
AHMO6GV56HC3LYCVNNAPFNWF4HFQ,0.0
AHMP47DAWWBKPNXNYUC7HRPZKRYQ,1.0
AHMPAVDSNW5IBZ64IDU7CV7C2QFQ,0.0
AHMPPMXQ2JILQAJNCZMWRXTXHKHQ,0.0
AHMQIHEGCYUSYQSGTLUMQUXJR22A,0.0
AHMSW2JZ5QM4EN5G62EL7IRSM6NA,0.0
AHMTJ6V4VM7VBRHEGYXWPWVFPBIA,0.0
AHMUE2JFY2JOLVO3X4TMOU6QI3GA,0.0
AHMWCAGVFWRIQGRRLRL5KB7KVZPA,0.5
AHMXJVDR6ABGM7LPGEM665DHF3XA,0.0
AHMYFQKGC63ASONWKPQSYEE3U2IQ,0.0
AHN4W5UPINW54AZAYFQS4XZTWYDQ,0.5294117647058824
AHN535MBJTI4BGLTUORFR3TLABLA,0.3333333333333333
AHN5UNTOQUK2HK26VSI3BYTHO4HQ,0.5
AHNA2T6S3LRE5NPKVWQ3VAYAN6OA,0.0
AHNAOQRKXEQI7U7FBGHAWLZGHECQ,0.5
AHNC624MDCTOOUYQO2GCVQN62J6A,0.0
AHNCI7SNDGUEME66ETFAAAJGR6RA,0.0
AHNCL7NLOKEPI7UADY4TIXN3UTFA,0.0
AHNGFLCHE75OQH4PZFLNJTTKUBSQ,0.0
AHNI7LY6NHWHIORTEVNZNBEK6KTQ,0.4
AHNJACUG6SFB2DYJ3V7LNPTUCZHA,1.0
AHNJPE2OCPVUOVD2GSTCLP2L4ELA,0.0
AHNJWDEEEUK5R3EFVDPOYZ7MIZ2Q,0.0
AHNLARH6XR2FFGAR55JXWUYBUNAQ,0.4090909090909091
AHNO7I2TIE2UZAP3FFB2OYWO7EHQ,0.0
AHNTBBOCVJSXTQ7SBFAO2KS3BUXA,0.0
AHNTNORB4V4WEELIYXTSKV56Y4AA,0.6666666666666666
AHNY7NZJAHZLQ7LZ72RRCCJRSORQ,1.0
AHNYN3M6B25BFYNJQXJYIAN7A3SQ,0.0
AHNZO5Y5M7KTPJKJFCVWGBXXSJLQ,0.0
AHO6GNOJYGFCOEDIVYE7BNLSFXBA,0.1
AHO6NKSLKTMVGTODSOXMIHE5NHMA,0.0
AHO7BGD4GJ2DQFL5DHPGPKQMOMFQ,1.0
AHO7EANWAF5DADLCTPXOJXJB6KEA,0.5
AHOA2G5R6QLHZLSDC6OUDVHA6QSQ,0.0
AHOA5TXDNJS5M46HBO7W7KNS4A4Q,0.3333333333333333
AHOBSJFKJLNJHIGHK2YKKQUEF7HQ,0.0
AHODIBBJYTI5UOYOQAUHKTW43HCA,0.0
AHOEABHRAFWXIT4JZ5MKJ3FMASGA,0.20689655172413793
AHOEHEQKKWTDZ3Z4LNEM27ZVTQ6A,1.0
AHOEIYJJHZ7ITX75BOFQYNXVVJQQ,0.3
AHOFPBOHW5GOWIGYIFHXIFDP7ANQ,0.25
AHOGNB63HKQ3TRGTLWVS7WAZX3VA,0.0
AHOHZTCL3LM46MJ22CF5IXBFHKEA,0.0
AHOLWSYOTSZVBSX6PKJNF5LKARUQ,0.0
AHOM32O53OIB4D2F5UV3HYJVRSWQ,0.0
AHON56Y6WVRIVFXZVPC4DKYIWOFA,0.0
AHON62ZTIJDYLKV6JZNHBTBQXPRQ,0.0
AHOO2SFW7M5UUXCSUUXCJTI2RU5A,0.0
AHOQCTRWIKMFF3GIW2WKBG4AJK5Q,0.2
AHOQLRQWLOGGZE2WTEBZ6GJS7WHQ,0.0
AHORTSSMI6ZZFUFWMPT4UFR2ISUQ,0.5
AHOS25WDF4GOAFWZKM7IWR65ISJQ,0.25
AHOSFHKHEGDAA53TE5RBW3K24RUA,0.0
AHOSO5AB2V3TPUIYV5QMPKOYCC6Q,0.5
AHOT2ODB3FZ72IU5KMHHFPB6SNNA,0.0
AHOTTCH2V6EADWONZ3GAVU5KUP3A,0.4
AHOU6PXJJIFATDQB4FDMXR3AJ4VA,0.0
AHOUSIB6RBPP2QOAGC576XXTVK3Q,0.14285714285714285
AHOWY3AZUEHTJP5DMK26T5F3T7NQ,0.0
AHOY6RP5IP57UAV75SOAXQO7KR3A,1.0
AHOYPV27QTG6MUSKZ7ROFBAEH55A,1.0
AHP2BTIKX2Z7SKTUEQKJ65B3XQHQ,0.0
AHP2KP53ADVEVBG75JDYKVBHM35Q,0.25
AHP2RH5SXS2KHPT4KFH2OHLKWDIA,0.0
AHP33HWZXHK3LO2EOA5YJKF4KDIQ,0.0
AHP4TFRHPU6KG6OX27HGSNDPGGUA,1.0
AHP564BL22HULHU6HZQ3HXQ3XOTA,0.0
AHP6U4VQFISNY5KK24O3QLDJJOUA,0.5
AHP72JXZGI7BXLCNOMT4G23YW6HQ,0.2916666666666667
AHP7JZGBY57C6SQPZUNDIC6RYR4Q,0.0
AHPBIP5JNVD4ZDTULYEAAX2PBDGQ,0.09375
AHPBKJ37I6UU7I7BARPE2GLT3BTQ,1.0
AHPC3AQJPUUYEP5DXZ66PJGGY7SQ,0.25
AHPDYUI3FSKDHR7CDLL5JUD6HCLA,1.0
AHPF5C2IRGXPX7HWPEJ2MGSF6XIA,0.0
AHPFHP43AXWRYZZ4HPNCW7I7J3ZQ,0.42857142857142855
AHPFTU3P6FCD57ELJNKKDHASQWJA,0.0
AHPJYIG2QLF3EC45JN4VFXA4XDQA,1.0
AHPKGA4LC3SWKKR624XXTHVIMREA,0.0
AHPKZL7FJIDA3CLNQ6OMKY46RA7Q,0.2
AHPM4MW3I3WPQNHYB7SCBE2EDJAA,0.0
AHPMFUMEWIB3XPWYR2ASSCFW6UKQ,1.0
AHPMVES5LY5N3ZKP5K6DKADNZWCA,0.0
AHPPVOKN2GL7CHSFWWG3HCMMGECQ,0.0
AHPQ4CPYDRMHILUHA4WJOQ7ANKQQ,0.20588235294117646
AHPRWGBEWXGO4AQUO52WWD23RZAA,0.0
AHPUCPL5F3PBJDSOS2IJJVZU3FHQ,0.0
AHPUDDBBBV2WPNPBJXFXK3NJP7DQ,0.5
AHPUOQFCP4RDXGWERKYVI2DZUVZA,0.0
AHPUT3ITXCHQJO7OMF74LEMYHIVA,0.47058823529411764
AHPUTMVGLRALZT5UGHVPIARZFD2A,0.0
AHPVUPZYSW73GDFKTJQWM4HL3DRQ,0.0
AHPXOTCN73CFLTMSGZVEQI5S7TNA,0.0
AHPYUHTXCDBU46G7HXPI3Q7JO47A,0.0
AHPZ23SD4LA5VRHKGP6UKQKEQ2JQ,0.43333333333333335
AHQ5LUB5SXGXMH3AQEYW67LDSL2A,0.2
AHQ5TKLEWDABNB2PLZLZ7BCDPSYA,1.0
AHQBSNNGSKSP42GJTD7WVW3CEQQA,1.0
AHQE5UGNEVWAJN6X7JN6RNQTIPWQ,0.18181818181818182
AHQFGROZVW3ZWQFYDPUM7PCPKKRA,0.0
AHQGNBOUXFMLZHGBOEERF75JFPIA,0.14285714285714285
AHQH6U6OYTJEGN7LQ34I5QYCN7UA,0.5
AHQI3RKQ6PS2KZPM7DSMSKFT5NOQ,0.0
AHQIE7JJMBMSSV5AGAHLSM35F7KQ,0.0
AHQIICMVAZCKR3PWCYQNOOWKBJPQ,0.0
AHQIJ7JMNCO2EXSIKHXWRRSVMUXA,0.0
AHQLQ4DI2IULQGTHMQT7OQ5CLN7A,0.0
AHQNKS767UDUDH6QYJNUD47C7WVQ,0.0
AHQNSRKV7FLPORZT76ZJKEQV74OQ,0.0
AHQO5KRE5MAQGOC7FMVSG2FXPDHQ,1.0
AHQOGQVFZEXDBIWMNNWHQAYB7TBQ,0.0
AHQP4DJQZNAM34W2U6VGDO5BVRJQ,0.0
AHQQ62COZ3ANN33IRXZ6Z4KF664A,0.2857142857142857
AHQRHZFXY5OMIIUX6OA34PBA2YBA,0.0
AHQRUAIW7INCVZX2K5YLB67FMHYQ,0.0
AHQSEHPJ6OXZTTTRL3IBGQ4G6TCQ,0.0
AHQTJFNBXNEG3YRP5MSGN7AQSRIA,0.0
AHQV36LR2CZ2JIXQ472WAC3TCHKQ,0.29411764705882354
AHQW66DMLWVAY3KSMWFELOUAMD3A,0.4
AHQWQ26F2MMN745Z3B42MATL3AAQ,0.0
AHQXP5DFJ7SDDXGUI6ASF6OFJURA,0.0
AHR2RQH423P4MBXAKMA7DNTR5SJA,0.0
AHR3Y2HUSRVU2WHNCOJ4LSYODY6A,0.0
AHR3YG52HDU3QDNRP2Y2G6YOOKWQ,0.0
AHR4PPPYOBIDES5Y7PMPVAXH7HPQ,1.0
AHR747CKPTQQCMVJO3OS5YTUSA7Q,0.045454545454545456
AHRA7HRO55UQ4CK3OPZEM43BX3MA,1.0
AHRAWYJUESY2TPISEE73WXDJOA5Q,1.0
AHRC4HTC7RD3XD4XXFAZQDSBUPOQ,0.0
AHRE7QO2OZU23T73OAGC5LUISMBA,0.0
AHREDOSUZTS7N2VWGAJSV6QE2HGQ,0.0
AHREOUUQQYYLUDNGVQZKJD2DKTRQ,0.0
AHREXOGQPZDA6354MHH4ETSF3MCQ,0.1702127659574468
AHRJ4MQDR4A66RZQ2LZIWGJQPDJQ,0.25
AHRJTQYC7J4SSMIEVP35PLQOKUSA,0.0
AHRK65TPD7YLL6NRMINTDHVH7HNQ,1.0
AHRKVKH6BNODDG4QNP5JVCCJ6FHA,0.0
AHRN57XYC774XGEOMBQGAOBBOL6Q,0.0
AHRNMZK7YJBULIHCI42QJM7REABA,0.0
AHROLU2WO2VLXZQGU2VIWBUDE2KA,0.4
AHRQPBQJJ2PJET5WBJIKNLAFHHSA,0.5714285714285714
AHRRQLUWWJ2VIEFKG3MMATIL6HGA,0.5
AHRRWD26DSMDKJNWGW67TIZ2WEMQ,1.0
AHRS6K5X7E7RKGEAU6S5TLPW2OXA,1.0
AHRUYFFBLYWCAPN636OF7ESELCVQ,1.0
AHRWSWKJHAUDV67MMUD3ZOT2NV7Q,0.0
AHRWXKSDBIAHNUCHQM62MDVXQTGQ,1.0
AHRXAQIUXEYOX4RZY4FTPB5QZORA,0.0
AHRY6RC5I37JOTY2CRKYVARAQ27A,0.0
AHS6ZWKXWAWCOAQW7IYU7PSCOTYQ,0.0
AHS774I5MUP7XDZM5DWOY4XOIKPA,0.0
AHS7BGK4AGICKGM7MC3LFN7MHFPA,0.0
AHS7SVRZESXQHLP3WW5WPYBCEK7A,1.0
AHSAUHUTLVNKJ72GUIPGI5XZH6ZA,0.24390243902439024
AHSDSJIJUZVBJXQJIKFJVCAOPGYA,0.0
AHSFG7CIC4KP5ZLQBDFSNBPNK6SA,0.0
AHSJUMYFSGTPA7AHGXC72Z7A3Q7A,0.0
AHSLAQOLEXQBMXVHJ7Y2QF3W36CA,0.25
AHSLHNWYIQJCU3RIB3YVTTHMMYGQ,0.0
AHSMOBNDANZP5HE2EUQPFK7ICULQ,0.0
AHSNFKU4EEJU47KC46XTINT5T4GQ,0.0
AHSO3Q2PDF4HUAVJSAVY7CJKECVA,0.0
AHSPLDNW5OOUK2PLH7GXLACFBZNQ,0.15
AHSPM5QU3OMM23SLIARJZNFCDKRQ,0.0
AHSQUK36SXSSYDJIRVSUC4LHEAVQ,0.0
AHSQXJ6D37QPQ4R5W6YKQ3CJ6P4A,1.0
AHSRLS4TYALPWYNKMX32TCDUWYPQ,0.0
AHST2XJVAQZNF77CNOBD3PQUQCPQ,0.0
AHSV67ZNUCEJTCZDEZ3MKKKEB5IQ,0.5555555555555556
AHSVA6LUUYWICODBJ5HYYD4R6UCQ,0.0
AHSVFGT45NDDAFX5SHDIQCCWZF6Q,1.0
AHSVXOBFFXPP2NPOMOF7OIA5AXXA,1.0
AHSWBB6FZBEA7W7PMSO4L5SC7ERQ,0.0
AHSXXZHYMXDRVKC643TJZYQ7XGYA,0.3076923076923077
AHSZGM4ZIB44IJIZAXDDNPF3GMFA,0.0
AHSZMTDCXEJRB42FXWH4HLPPPJOQ,0.0
AHT24MMCKVNZ7RGZ46LFEWBUPOFA,0.15
AHT2NP62KHFFALXILR7ZIQ2VFM7A,0.5
AHT3NNPRGAN65K6ESCJNKI7TPWPA,0.0
AHT4BYG5DOGZ2QV3MYWV5PYC5Z3A,0.0
AHT4SQDDNRQFLPGHAULPNTKJA6OQ,0.0
AHTBBASAHXHHOXKLSSZG2IPUDDFA,1.0
AHTBPU7ASQDCHJ7ZTWH3HOMBHZ5Q,0.0
AHTCJK6Q37Q2W33CSKNPKZGTII3Q,0.5
AHTDWYY75GI6PZZGZ7MMT7RZVAFA,0.0
AHTFLHCD7UJXK7UNNM2FLNB5PWEA,0.0
AHTFXVHMYQB7DXSFSBVWFAHJJXQA,0.0
AHTH3QIBTJ76TOZ4LVVUW2OTSEXQ,0.0
AHTH75HJJ5QPIP3ZDF2XNIBE3CWA,0.5
AHTKN5PA26VHUFIEC2AZAYA5O5DA,0.6
AHTLWVDXSMG5YMVMEIWWOU6XBZMA,0.0
AHTLZM3KXP2OWF4SYAKISHIBHKNQ,0.0
AHTODOWYXIF7UC2KCYMZJUSTVG5Q,0.3333333333333333
AHTOJQKB56M5W4PW4XBN35WQT36A,1.0
AHTPISLRJDT2DX7NZCICCQHBMPGA,0.0
AHTQXC4G55PA5IOKCLBPY46J5M7Q,0.0
AHTTPP5KN4Q3KKI7YTXBKBJGTKJA,0.0
AHTTU2FL6FCNBBAESCJHOHHSSW7A,0.0
AHTU4O4QDYDGUXW5ZO7OOYCTSXRA,0.42857142857142855
AHTWISCZKNLEBVTIFZP6EZRY2ISA,0.0
AHU2PE2WIJCBES3AKNLJNPZEH52A,1.0
AHU2Y2ZFQKI3V3ARFDKZA6ER4NUQ,0.2222222222222222
AHU35J4HQ5QFWXAU4U7I4RZKCH4A,0.0
AHU3XZZH2PVAH3WH2LXMIB5JQSLA,0.4
AHU4AATNLHRFIVORJPZP4UU5J6CQ,0.0
AHU4B72BKINX7IEAF7ALAWRV5YMQ,0.0
AHU5CQIGTPW3L7CSVCMW66XSSPDA,0.0
AHU63DJFTJKHHGHUYHVN2SFI2MSQ,0.3333333333333333
AHU7GJQJED3AM4KJONXMNSKA77EA,0.0
AHU7PK5YWYMKZPXBNSEZULXNTQ7A,1.0
AHUA5544H3YZPZFRGLWZUF232GGA,1.0
AHUB4LKR24W7P77S3TEUBOUW5SWQ,1.0
AHUGN4YTPAAQ24FNWGWCONPAWN4A,0.0
AHUGWEVE55JJDSTXWBQZDYDM2R7Q,0.0
AHUI3T2JPCSDI7HDKDVKWUWNDLYA,1.0
AHUIALQKBRNIMHD5Q75HUGWRWTAQ,0.0
AHUIAPMKFKZBAY4EBMKHRLIMMGZA,0.0
AHUJHAGQY5ELB3CCRB3SXOREMXRA,0.0
AHUJQAHKGKC4VIGEMDQ4CVKSMLGA,0.0
AHULBGUFZV4G7OCQGXDW2PRC5DVQ,0.0
AHUOQCSFAOSE3EH2IC55EFQU3LWQ,0.0
AHUPSSURLQ34LP2NWLZHML566WIA,0.6666666666666666
AHUPTBY3F3UN2S5H7K5JLP6MAV5Q,0.29411764705882354
AHUQ6ITINLH4DIKRH5UHYVI7LH6Q,0.5
AHURTXMTMOJS53XYSCI5WU2V7DZQ,0.0
AHUSHZFGJYMZ6YP2SQO5TYFVBEIQ,0.0
AHUUQNQ4STDFK4YKEQUNWRRSW7PA,0.3333333333333333
AHUVQ4UNB2JGV6MY4ZT75SZLPUBQ,0.25
AHUVYK76GXA5XUGX63D6HSFV5OYQ,0.0
AHUWWVZ447VKWMUP7GSYJIDTKDEA,0.0
AHUX7LYUKBTCPVVALKMMPH6JYCGQ,0.0
AHUYNN727VWY5ARFWDUKLWP36NSQ,0.5
AHUZNBF5YKIQB7DWRVD7UKJ7ZMUQ,0.3333333333333333
AHUZTCICIHL6NBXDZCKVJTGHNCHQ,0.0
AHUZWTG7TORSTA4OECWLEYXHVC3Q,0.0
AHV2CP4GCS7MBOTJB3MPNJZIA3MQ,0.0
AHV3KIKOBTJDLEWINYCPPEHIH7UQ,0.0
AHV3V3SLT35QHQX3NQOFUDBNV2RQ,0.5
AHV6QCNBJNSGLATP56JAWJ3C4G2A,0.3003048780487805
AHV6WYWX6JIJW2MKRNGFIB54K7AA,0.125
AHV7RJLGGLLWDHTKAUCSWFDKPZAA,0.0
AHVA35ZHKZELPUIMFOST3DZ2F2FQ,1.0
AHVAUXDI42RSCQ3IDT65HRF4Q6JA,0.0
AHVC23XPR4J63SSNSIRNG4H6AEWQ,0.42857142857142855
AHVDW3N5PNOIH3HZMXIWSCFJB3PA,0.0
AHVHZI5OFQ6DMTAYXS6LDPMVXCMA,1.0
AHVL3NK2ELY5UFEPB7EYXU53ZGAA,1.0
AHVOK65L3F75OXOCN43YLHK43CRA,0.18181818181818182
AHVOLBWSTIHEM6VGNYMEQGVWR2YA,0.23809523809523808
AHVOQ4CBGSXUQKOR2A3BPCV53YMA,0.0
AHVOY4RBF5CZF47IOQILPRCXWAAQ,0.0
AHVPSZCUQH3UMQCGQSDZ7BZVUHNQ,0.0
AHVPXEPKBQM7S3ZQCT4RH2XQ7CGA,1.0
AHVTLG3HBHHROYEIS2XKOAMRUDVQ,0.0
AHVTNUKVJIMSP6MZK6YO3Q5KX3CA,0.0
AHVUC6G7ADVWS4JBMECIOW7UGPUA,0.0
AHVUDEN6Q6EV2MQ6IF2RSFWJVU5A,0.0
AHVUEL57EXWBZHZWGD7IDGW5J7XA,0.0
AHVWKBFOVXQV6653O4XGCKOB6YVA,0.3333333333333333
AHVWQG7IKAFZGIF7DUGCKCEOZCXA,0.3333333333333333
AHVYZJVOXDVQP2V5MLHXMLXMXL4A,0.0
AHW23LKLGTLDQX3JI6E4ILZLZZOA,0.0
AHW2LR2YXNMBEQJ5I5OB56N6OLJQ,0.0
AHW2TASGYIZN2MI2HLI2QVBPHGNA,0.5
AHW3GDHLPAFSHCFAEEZHPDSA73DA,1.0
AHW3SPBY5DM5KYWUJHODT2VYJHRA,0.3333333333333333
AHW7W34BLHHC4AYM4TPMLA2SWMMA,0.16666666666666666
AHWAIBCVNSK4HAJFE5DNRP636L2A,0.0
AHWDJFPHLJ2HNSPWOUHJSQ34K5MQ,0.0
AHWEIAIMSGEIL5UIZTF6BYKDL7MQ,0.0
AHWEM7E2PYGW6QCATOWYGZZJ7QPA,0.0
AHWFC2576577CTY7W5ORFPJVKUPQ,0.0
AHWFIH4YSVWTNGAA42NO6SPMPX2A,0.0
AHWFJZKOUI2EMNQSPHDDDSMOOF4A,1.0
AHWLXRREFXOKKLDA2NM6D7CKATVQ,0.0
AHWMD2O2ERFGBQME4X5HRPFYJR2Q,1.0
AHWOB66HVZJLLPO2PMBOBLGNJVVQ,0.0
AHWPSOLHRW7LFHHORCE4CCY4KEMA,0.0
AHWQI5RDKU3AHHGKAKNLB6BMQSFQ,0.0
AHWRKUZUZNWALPR3HG6H3QBFEBDA,0.0
AHWRLLSQNS7AJUUZKBJKJP7AIQVA,1.0
AHWROXJQ3K74CELJ76MQC3CDTNSQ,0.4
AHWRVFFCLI5KZSNGJPIVOH2HHJXA,0.0
AHWTEKYJRJRJHHOX3SMZ4MB6MQ6A,0.0
AHWVQ26EA553ID4SJS6R5SHYJFUQ,0.0
AHWWLSPCJMALVHDDVSUGICL6RUCA,0.75
AHWWO43M7Q7KMMBGDOR5JMJK636A,0.0
AHWYP4TAAA4GEWQEL5LLN3KRGPDA,1.0
AHWYSJIMUEIUBSBWKASEA5WOSCGA,0.0
AHWZ6P4V5KKGMHNW5MDBI34FSWVA,0.0
AHWZGKHOHK7YVTXCTCCY7VCI54FQ,1.0
AHWZLEZ32TUVMHLGAT2RHWSWJ6SA,0.0
AHX2QUMEPQ7VVDSVIZZRKDU56Z3A,0.0
AHX4KAMYA2RV2IOYNWGUEUTX66XQ,0.0
AHX4XWVVQUKT3FCNWCVASDF4Q56Q,0.234375
AHX5GNQNMMX5IC33WR7YDTIZOY2A,0.0
AHX5YBZ65H3QVUQ6VV3KKVYO3ELA,0.0
AHX63Q5CQ4ZSOTWXIP5V365VRAVA,0.0
AHX6Z454FV2LTSIDW4X5CPNYH3ZA,0.25
AHX7R7SD55CUTIXKV7CKMZ5GBK3Q,0.0
AHXBG7SNVYNFMOXYX322UZ22GDPQ,0.1111111111111111
AHXBL3QDWZGJYH7A5CMPFNUPMF7Q,0.3333333333333333
AHXCCZAX2PMNY45NADPTH7N7CXIQ,1.0
AHXCER2EZHWXLJYGCHABD53JJIFQ,0.5
AHXDSXLPSN2VHF5I4PRHJBRJHTCQ,0.0
AHXE3QNVEO4M7VVMVAA4YRZ5VSCQ,1.0
AHXEHJ6UR2YEXGNQ7S2K7RYYRZGQ,0.0
AHXFH3TZ4B7PPQCUQQSX5X3PYCZQ,0.0
AHXIIJLNUANLM545CLMOBKHAQ36A,0.0
AHXIKNHH6R3ODR7KVTW4TVEBSUIA,0.0
AHXJXQD5HN7CUYGNBZFFQIX23XNA,0.0
AHXKM2EVB7UCQ5L2YZ3ELUCEO3GQ,0.0
AHXLIW3NWV3EOWJ5VOZRQTCK4MLQ,0.0
AHXLZ6LI6HJ7YRIAV5DETEQZDWZQ,1.0
AHXNV4L6V654W3LP6EHELIQCOSHQ,1.0
AHXOCH6XQ6UTTDLEJGD67YR4XFMQ,0.5
AHXPK4NH3Y65T3HF2RDAIULQ673Q,0.0
AHXPRMGLANXKQAXTOFD2DGUDWXUA,0.0
AHXQW44E24ZU24SO4UUZFPTAMISA,0.0
AHXS6AGWK4SBZ3QKANQISILIMK6Q,0.0
AHXSBZT52TCPZUBVCBRICTHWUCBA,0.0
AHXSNO2ZJ7ZOTJ3Q4BVOEBT7P6FQ,1.0
AHXTTELUUFQL2JISQXM74IBS42DA,0.0
AHXUFSC7TEVSYGCPJIZTL6J2DW4Q,0.0
AHXXTKKWYN62AQVPYF6QVMH4MRGA,1.0
AHXXX43IQZGOULMTSJVR65WSQUPQ,0.0
AHXZCNMFZW4FLUWCXSHVUKPWYUDQ,0.0
AHY3G773FNHUXWJT2R4O7ZA4WPRA,1.0
AHY3WCPLNB7T2SKB4NE6OBRHJ6TQ,1.0
AHY4FDU5L5ZCEEZ672AVXN7LOKNQ,0.0
AHY4UW5YYIW7QQZRRHVW2VG2PPWQ,1.0
AHY4ZHJIC2OUVESYV3P4IPOCKXBQ,0.0
AHY55PORR7VYL72JBUYNSO6KCA5A,0.5
AHY6B5R363SMDDYBHFLGXRQVPA6Q,1.0
AHY76MIW3WI4C7EN6HMDFPV6B2KA,0.0
AHY7ZJB523OPTIKXRI63PS2V6FSQ,0.4444444444444444
AHYARJU3M2CYM3W5SZYL33KOFVHA,0.0
AHYB7CLB5GMVKNCWQ3SLGMVB4TPA,0.0
AHYB7U5MR2OG5BJPAVS5K5AZQCSA,0.42857142857142855
AHYBOC3JAHBR4YH6VT42IQ6ZB3FA,1.0
AHYCBCQJUMTM2VISOJNR4FDDBOCA,1.0
AHYDLAYCM6W7T5UUIBO63FV3SAFQ,0.08571428571428572
AHYDXATTJZHTIOX5CMNMGXPZU6ZQ,0.25
AHYEA4JYQ6G2PVYXDUN7S5RPXJFQ,0.25
AHYEW6ZXLQBJ6YU5NZRR4UTRK6IQ,1.0
AHYFIO5UVVMIOONLI65XLW6323FA,0.0
AHYFLXIL7CMIVNU42WE3EL43OWZA,0.0
AHYFWPEQEO72LEEMM6E3WDYX4BZA,0.3333333333333333
AHYG6B3CNXSKERI5LGNVXIOA6WVA,0.0
AHYGBZX3XJDZUC7A7VNQATLM3UGQ,1.0
AHYHCMWW5G2HHSQDLMDDJRGU43QQ,1.0
AHYIIOGHQYQNXYSSAOUSP4WYYBUA,1.0
AHYIWMXORQUTUAC3JI5AJENZA62Q,0.0
AHYJCQYCHHT5FH6RGLT4PWUR6PZA,1.0
AHYJRGNZYYHL5KZDIKKKIJN3EZOA,0.0
AHYJYBWRYIMCDHWIRRPD24UFXF4Q,0.0
AHYKFYB4M26KSRJY6DSZMV6UFYOA,0.375
AHYKPFKP6ZRMAS3SHDFMSN2LBKOQ,0.0
AHYLIR2L6II4KU2CNGXPFHIQTTPA,0.5
AHYOLM6ON6SWZUSPCYROBCRPAGZA,0.0
AHYOYF2TAQ2H4DCKTBAL6XECEMMQ,0.0
AHYPJP7HKAXKK2QZG3MRPVNHUQGQ,0.07142857142857142
AHYQOXD6YJZHSMBVYX2ZIHW5OHLA,0.0
AHYSZEKDCSU2GLGROWC3AVU3WHJA,0.0
AHYUAH5T2DR32HISPCB23PIEP62Q,1.0
AHYWYS3ZCNA62VY2WPFMHZXYBU6Q,0.6
AHZ4WODDQMLDMFH2X4QHJAMRJCTA,0.0
AHZ4XGTRIR5BTZJGMZCKLYLSN5VA,0.0
AHZ547XWV2I5OBJ5FO2ZQ7JWR6QA,0.16666666666666666
AHZ6IT22QHREUXVNOHG2MAEKWUKQ,0.0
AHZ6XMOLEWA67S3TX7IWEXXGWSOA,0.2077922077922078
AHZ6YRGY5KOE3WDHXGVLXKZPHHOQ,1.0
AHZ7SDYIUZ576JWWMA5LVSPHLVDA,0.0
AHZAMCQPDRULSR64PRS76ZOWLAPA,0.0
AHZDAYL6YKMYMGOWAG25WROOSAGQ,0.0
AHZDXWXJTBINQSQKYWFUNCQQZ7EA,1.0
AHZHDI7ZAFGHWLQY4P3THSAINYXQ,1.0
AHZIJGKEWRTAEOZ673G5B3SNXEGQ,0.5
AHZJJH2PN4L55RFYSHBDYR7DP73A,0.0
AHZLGKTUMZUKHOLR244MUEMGKXAA,0.7142857142857143
AHZLHIUGLP67LYFOQP55SDLKDHAQ,0.0
AHZMNUKXD3ZM75XBXPV6FQI3YEGQ,0.0
AHZN2GUPPIS6U7D6GFHFJGCXB4CQ,1.0
AHZNGEEOG3GBV3Y7P4WQC5W43AFA,1.0
AHZOJQDTMJ6WIHY2RV7PB6K5TG7Q,0.0
AHZSLYF6GAH4JAO442VFPN3ALPIQ,0.0
AHZSUGCJIUILJFV6I7OAEQNAKCBA,0.0
AHZTJJSVGM7EMEGZTDSQ2NKJC2JA,0.0
AHZVE7M4XFMIODLNCBHUWJ5VPSFQ,0.0
AHZWDQGQLQLCZRUF4YYYLESXSPZA,0.42857142857142855
AHZXGT7AUEGU37GNUNW7ZU3ZS6KQ,1.0
AHZXN2OZBRTGQU4UVYDWDR2JU5CA,0.0
AHZYBJVSPJO4NMRWIQ4TI4Y42CJA,0.5
AHZZJQYNVZUJNPNQ737ITGEQUB4A,0.0
AHZZPUYPNZQ7QXK55HGGE3Z7TTEA,1.0
