user_id,avg_rating,rating_std,avg_review_length,avg_sentiment
AE225Z2VRWT6GPTOMA4H4O3H2KVQ,0.5577466835865666,,17.0,0.4166666666666667
AE23YCERVBZ7ABKTESKSSXYTLYRA,0.5577466835865666,,59.0,0.2513888888888889
AE246WPAV4HBLUOOOKTECTYQ7ZPA,0.5577466835865666,0.0,40.5,0.24065476190476187
AE25NQAZI3725GZIL5FS52ZIKWKQ,0.15827207020266298,1.198423840151711,9.333333333333334,0.43994708994709
AE26ICWKMFJEHDH5VDX4W42H2NMA,-0.04146523648928879,0.5189327450361415,18.666666666666668,0.18402777777777776
AE2B7P75BH4A7L56Y365IQPYZ6YA,0.5577466835865666,,127.0,0.0916666666666666
AE2C3MK7LXEZJVB2UXM45QCI2TBQ,-1.2398890766409998,,37.0,-0.2375
AE2DWV6OPSOUHDZEZQBC2MRYAOXA,0.18323923353915697,0.8092386677973332,24.583333333333332,0.35394613603988606
AE2JT2433VWURU2CEQB4HKLZNDRQ,-1.2398890766409998,,5.0,0.0
AE2KCUCNBBR6ZMIUJQCM7KMQMJ5Q,-2.138706956754783,,126.0,0.0676406695156695
AE2KTZVOMXO3XBRSERKGSBX4Q4IA,-0.3410711965272165,0.0,15.0,0.490625
AE2L2VTHKTXIDTE5R7JUU4WW3AZQ,0.5577466835865666,,11.0,0.7833333333333332
AE2MDGRKSWOV63U2JGW3MOMIEBSA,0.5577466835865666,0.0,22.0,0.3590909090909091
AE2MIK6YBTBRNZZGI5O5Z6VCMEPA,0.5577466835865666,,15.0,0.2901785714285714
AE2ODZ4VYQ5FNNCONSHSNZM7PHSQ,0.5577466835865666,,14.0,-0.0305555555555555
AE2ONKWFI53HMNABSEGANB4KVVAQ,0.5577466835865666,,3.0,1.0
AE2SLLQC24HDEHVUWKWDT2G7B23A,0.5577466835865666,0.0,29.75,0.39239583333333333
AE2TA5GQH4JI5RQ4W5H5PQOVYBGA,-0.8574133829755601,1.2538453947336117,7.904255319148936,0.26346556369162755
AE2TP5ZT3QD6FSMAWNOJVU2P5ZIA,0.5577466835865666,,5.0,1.0
AE2UV6XH56H44OZBF3FY3IBS37TA,0.5577466835865666,,221.0,0.3505847953216374
AE2VNRCUVMWDDI3VCA7VB6FNNO4A,-1.2398890766409998,0.0,11.5,0.3
AE2WCB3PAHPKVXBFCCK6RDQ76XKQ,0.5577466835865666,,51.0,0.5916666666666667
AE2YFNTYYMTKCY6M2CQ3A75GHRGA,0.5577466835865666,,36.0,0.5545454545454545
AE33XC2AXNEN6S3OVTPHVX7RRVIQ,0.5577466835865666,,4.0,1.0
AE34NEUMAQ27PPO63WLRTRDUKWFQ,0.5577466835865666,,29.0,0.325
AE34VA3WMMQ66SY7HAFPRZNZUEBA,0.5577466835865666,0.0,18.0,0.36
AE35DGEQAVUE6ADUZZMQWLZIESIA,0.5577466835865666,,55.0,0.2607954545454545
AE35DHGBMKOUASVTTHQCYTHVHKKA,0.4886068466547372,0.24928722723493002,40.92307692307692,0.5329025835275835
AE36CH2CNKXKUUZSSDUBSFN5ARWQ,0.5577466835865666,,43.0,0.0572916666666666
AE3A3DKHZOBCZS6352E5VP2WE2CA,0.5577466835865666,,1.0,0.6
AE3ADG6WP7UYB54J3CRQ22BLQE3A,0.5577466835865666,0.0,15.833333333333334,0.3854166666666667
AE3C62JLCUWE273CJ3MNBXLJAJ6Q,-0.11636672649877075,0.8605526033570225,73.5,0.3328505291005291
AE3C6ZSDIWLXHZ4MW6LNITGHZWLQ,0.018455955518296728,1.2058907275960054,90.8,0.4269218539888044
AE3DNVXK3KQ52BTHWDTKCJOZ2WPQ,-3.0375248368685663,,11.0,0.5
AE3KRBQITID7SAJ2W5H5E7RD35DA,0.5577466835865666,,7.0,0.3181818181818182
AE3LOM7QWQC2PDQJ3KDBWSTIAEXA,-0.16130762050445996,1.6078543034613406,81.2,0.3195907287157287
AE3PCPB24YTHGIIIWZOWBZ6VZIVA,0.10833774352967507,0.6355602180801734,6.5,0.28
AE3Q6AEWP7Y7CH4N6IWEP4YBNP2A,0.05840341685668709,0.936224564381771,17.944444444444443,0.4211428738161931
AE3S23WS6PMZEJAFOOS4YA67YHOA,0.5577466835865666,,2.0,0.5
AE3TVIQU3RAYXVKHWBBVU44GVESA,-0.3410711965272165,,462.0,0.1296449829931973
AE3U73QGVDLZUA2DSACCVDCYAY6Q,0.24051684354640787,0.7745740373169997,14.941176470588236,0.3688963779956427
AE3U7D7TFKOJB4YHU223VIJZCZ5Q,0.5577466835865666,0.0,14.0,0.0370833333333333
AE3UAOMGVAWIMC7642H7FBAI46EA,0.5577466835865666,,18.0,1.0
AE3VGST2ATPP7OTR3YGP43EMVT7Q,0.5577466835865666,,28.0,0.3844444444444444
AE3VSUJHP2KB42ZW6RYEL2ZL2Z4Q,0.5577466835865666,,3.0,0.0
AE3WI6JPR64423XDLLWJIFDTQBJA,0.5577466835865666,,29.0,0.4333333333333333
AE3WJ3IDKDL3AVWIVWVIIFOQKBEQ,-1.2398890766409998,,92.0,0.1747727272727272
AE3Y6N4OAXVU7AX3PZZ6M5LKEKKQ,0.5577466835865666,,119.0,0.3741391184573002
AE3YAVL3JIQDT4GSV23DI6MJ7TRQ,-0.5657756665556624,1.3482268201706746,22.25,0.3872023809523809
AE3ZEVN65B3MWKIBLFRBGMJDGJCA,0.5577466835865666,0.0,36.857142857142854,0.40599206349206346
AE3ZH3YVW3CVJSVJHXDKEOCQH55A,0.5577466835865666,,49.0,0.462
AE427MY65PZ6FNZ2IY6HCTIIQZEQ,-1.9589433807320265,1.4769084840818796,46.0,0.13674999999999998
AE42GH4BGD3R3BJFMZWONYKTPPAA,-3.0375248368685663,,24.0,0.0333333333333333
AE42OJDQ4FOVEW4XS2ZWBDWFSOKA,0.5577466835865666,,1.0,1.0
AE45QAEYVTPSHPANWBX4KRUF6MXQ,0.5577466835865666,,21.0,0.925
AE45YMBT22253F3XWEESXGHVS42A,-1.2398890766409998,,38.0,0.1775
AE475YIHKFR4FFV3ECYZS43DRZCA,-3.0375248368685663,,215.0,0.0912245470578803
AE4DDAEAGC7FBWR6FUOUZI4WOZLQ,0.5577466835865666,,9.0,0.48828125
AE4EY2RB3FDDFWK5AEBP2WP3AGMA,0.5577466835865666,,10.0,0.5533333333333333
AE4HXIKWVZTAX53MFK77Z2TBZWVA,-3.0375248368685663,,136.0,0.095
AE4JEBI6AAXVC6CKQCOSPLAVUCQQ,0.5577466835865666,,7.0,-0.175
AE4JY2AMAZ76UC5XAOVYLUC6E7YQ,0.5577466835865666,,21.0,0.2992727272727272
AE4KVNO5P6N6SP6CQTZTIDHEAWFQ,0.14919310171666522,0.46939232910383044,20.272727272727273,0.38199074074074074
AE4L2LH55JNFCLHFXFC7YOEQSBIA,-0.6032264115604034,0.9363011904174026,96.66666666666667,0.14039530293469368
AE4LSM4GFD66A4EIWZ2J5OSWQNGQ,0.5577466835865666,,120.0,0.6252307692307693
AE4NUPKI764YXEKLO3RFELE6NKOA,0.5577466835865666,,59.0,0.31
AE4Q3FPKMKMRHPNWBCHW5XNVB6AA,0.5577466835865666,,31.0,0.3285714285714285
AE4QJPWRRCQO3K2KCGZWRYDFV4KA,0.5577466835865666,0.0,13.666666666666666,0.7294270833333334
AE4TAG762WBWX53E6DNM7XSVBDWQ,0.5577466835865666,,48.0,0.2285714285714286
AE4VDUS22PQQM5D6W7WVWYWRYCEQ,0.5577466835865666,,5.0,0.0
AE4WMJOOYYWIJAOTOSPZEI27LSJA,0.5577466835865666,,22.0,0.3666666666666667
AE52U34CK7FHXFZXLBV5T7EPLKPQ,0.5577466835865666,,131.0,0.505
AE53BPYA42RVO7EG7MIR7AMUSZBQ,0.5577466835865666,,18.0,0.4025
AE53SGI7K7H4CEGNVNSO3CXSDNUQ,0.5577466835865666,0.0,35.5,0.4635
AE542ITELIXSMJJNDW2UQJSQLZNA,0.5577466835865666,,17.0,0.236111111111111
AE54PZQCH4FATQNTHJBWND5GTPMQ,0.5577466835865666,,106.0,0.1335353535353535
AE55IRK2BWNVKDHN3INKG7I2JNEA,0.5577466835865666,,64.0,0.271590909090909
AE56IRAS2UYOMTI5XOSCRGXF3A2A,0.5577466835865666,,2.0,0.7
AE56U36OKSLHOJXLTYN6K5FVDSOQ,0.4453944485723438,0.3177801090400867,37.0,0.3313516865079365
AE57MRF2R2ALCC6H5WQLFKT7KSSA,-0.004014491484547846,1.0200864169544117,22.708333333333332,0.29776194216112367
AE5AEF6MZZ4Q6QVYQI66U2KNP6IQ,0.5577466835865666,,85.0,0.2349999999999999
AE5BARZD36USKQBRWADEGTHGPSVQ,0.5577466835865666,,54.0,0.2
AE5CE7OYTR6GVPFPLDKU4WH2U3QA,0.5577466835865666,,54.0,0.3555555555555555
AE5DIA2HDWBPNGBO2FXN2PF4NQJA,-0.04146523648928883,1.1487065987303506,61.04761904761905,0.22135431870451713
AE5DK6FQTEOBBFONY64EW3ZFTYVQ,-3.0375248368685663,,21.0,0.0
AE5EFPZILS6MKIZZBS536VEFQO4A,0.37798310756381,0.4019635758653351,8.6,0.5
AE5GHFQZ6IXM4QNYTLTYJO24KQZQ,0.5577466835865666,,27.0,0.1888888888888888
AE5II4T3UESJURZWUG4L7X5LMMWA,0.5577466835865666,0.0,18.0,0.2333333333333333
AE5KMBYQASBZID6LHGS76DVDFYPA,-1.2398890766409998,2.075730980144566,42.25,0.2512152777777778
AE5LPFNQAV3XHJNHD2ICKIN257XQ,-1.2398890766409998,,9.0,0.5
AE5N6XYINB7U5E735LESJZJMCAMQ,0.5577466835865666,,3.0,0.7
AE5NGNFR5BFZV4VEOUVLKIYPGDFA,0.5577466835865666,0.0,6.666666666666667,0.45
AE5NMN6ZORL2AN3DXJN7RH234DEA,0.5577466835865666,,57.0,0.1844444444444444
AE5NOSEXKQHWMPATOYD3FM2ZJ5BQ,0.5577466835865666,,15.0,0.78375
AE5PCZCRUBNDXNLAT7SJKKBRPQIQ,0.5577466835865666,0.0,21.666666666666668,0.45
AE5QBPPZ53NJC2BDX7UZPKJEL5CQ,0.5577466835865666,,22.0,0.4625
AE5QCAY6EVMM5KGT4GNSMBUIAIEQ,-1.5394950366789277,1.8710386207450893,62.666666666666664,-0.2997222222222222
AE5R25NB3AXXTVV6R4GBQAZXQFFQ,-3.0375248368685663,,14.0,0.0499999999999999
AE5RPKDYYDXVZ7VNUHU76MFP2XFA,0.5577466835865666,0.0,9.0,0.375
AE5TS6P6VOVNO5YYHRKEFAGHEMKA,0.5577466835865666,,24.0,0.175
AE5UW4XLVL5AXSJP24MTH4LKK4DA,0.5577466835865666,,21.0,0.6416666666666666
AE5VC672ROYF2LMFXC5GZQ63D25A,-1.2398890766409998,,16.0,0.4666666666666666
AE5VPKX64CVOPH6X75C7EQXAIGLA,0.5577466835865666,,148.0,0.4269069264069264
AE62OB3JYQR2U6F34BAIJPQ5SWOQ,0.5577466835865666,,108.0,0.209861111111111
AE62UN4Q5JNY6V3J6BOXSW4XC3KA,-1.2398890766409998,,62.0,0.175
AE63IY2VV2QNP4BLIEEOP7YMQVCQ,0.5577466835865666,0.0,8.0,0.7890625
AE63QWJX2YH2MYOW5UE7WO3DEGTA,-2.588115896811675,0.8988178801137834,29.25,-0.20562500000000003
AE63SKK47DLG5EONUFB3GH4UUJRA,0.5577466835865666,0.0,13.6,0.14533333333333331
AE64BPHBPF6A3OHCTHFDKJABRRMA,0.5577466835865666,,2.0,0.7
AE64TJC4RYNSJEH2O5BOXUYQ2OJQ,0.5577466835865666,,4.0,0.8
AE65J3QI4AE6R6VMJDM2GELREEUA,0.5577466835865666,,7.0,0.5
AE66SREAZUBIZQLO6N337HZ6LKRA,0.5577466835865666,,10.0,0.85
AE676FZ5UX5SR45OR7H5IQLLPLIQ,0.5577466835865666,,25.0,0.175
AE6AL5KN3ZXJZD62ZVOOFMNOZ4PA,-0.11636672649877075,1.3482268201706746,26.5,0.49291666666666667
AE6BON6K5BLJC7CW5FNBII2PFQCQ,0.5577466835865666,,22.0,0.1833333333333333
AE6BQHYSTFGJAGWNJHT2QIWLQVOA,-1.6892980166978915,0.6355602180801733,16.5,0.0875
AE6BS6CP27GCC4E24ODYORMVXRXA,0.5577466835865666,,2.0,1.0
AE6D7ZSUYY43IOUORRDOY5EGKZSQ,-0.3410711965272165,,86.0,0.4141873278236913
AE6DFDMIJAVW57EVMRJH2M2X6ACA,0.5577466835865666,,14.0,0.0
AE6EPWEAGVOKWS42HYLLT2CZWTGQ,0.5577466835865666,,4.0,0.8
AE6ETV4O3RQHZKKWDOG5UMEAWQKA,0.5577466835865666,,13.0,0.75
AE6FCNSLO27JTUJYWXMN7NTUBRWQ,0.5577466835865666,,70.0,0.3428571428571428
AE6FCSWU5QD2YEOQTS6ZS6WP24MA,0.5577466835865666,,13.0,0.4549999999999999
AE6FJD2A2MHZF3KKAHCECTSJDWWA,0.5577466835865666,,25.0,0.2592764378478664
AE6FQEKWD2XKUATYU2TWZE6HPO7Q,0.5577466835865666,,2.0,0.0
AE6G3FGNUAICEI7CN24HLLVKGLVA,0.5577466835865666,,47.0,-0.0416666666666666
AE6HTDHTIHQX37MKNM4RLKC4QPAA,-1.2398890766409998,,28.0,0.0333333333333333
AE6JGOLFSLXLAQX73X36J2I3RVNQ,0.33304221355812086,0.4494089400568916,547.0,0.21279646320439363
AE6LANOUP4X6HAV2THT7JMXEZ5AA,0.5577466835865666,0.0,13.0,0.6
AE6LJNAD5XA3OPVLECDOS46HGBZQ,-0.3410711965272165,,13.0,0.2333333333333333
AE6LXZB4CFCQIEZMHKLEWHCUAWEA,0.5577466835865666,,33.0,0.275
AE6M4A6VUJMAC6DSDEFVSCNTRXVQ,0.5577466835865666,,38.0,0.2875
AE6MQB5IFXKYCRQ3JUSCB4CJGAHQ,0.5577466835865666,,25.0,0.4604166666666666
AE6MYJPNUBVETY6GBEFCBTVGBMTA,0.5577466835865666,,5.0,0.5
AE6P2YJ6FKX332MD56GPJFSHXNJQ,-0.34107119652721657,1.3729669905337185,15.857142857142858,0.4837698412698413
AE6R7KWG62VQK4KW25T2X2IRCKBA,0.5577466835865666,,41.0,0.0533333333333333
AE6SFGOYFVW5332HQFP5TSJPOZYA,0.018455955518296714,1.1809508541153857,29.25,0.3493484136234136
AE6SKOXFZQTERQA2STK7PQGOJHOQ,0.5577466835865666,,7.0,0.875
AE6SR3MLGOVKNCT34BBN3PDC34OA,-0.3410711965272165,,70.0,0.1857142857142857
AE6T5HPHZOJKN2BGUA3ZAVDKDOWQ,-0.04146523648928883,1.037865490072283,29.666666666666668,0.540446127946128
AE6U2ZCGCBRDU3TT3PVH44ITRLOA,0.5577466835865666,,613.0,0.2610888460497836
AE6UBT75DVICTSPGLW5SKCLWCQKA,0.5577466835865666,,43.0,0.1838095238095238
AE6VDHCPPW2D3R7IYILBAE5C32RA,-0.3410711965272165,,23.0,0.1375
AE6VOJKW3SN7SOLUTLAFUVZVSZVQ,0.5577466835865666,,112.0,0.1425
AE6XLURQ2JFED7NWXHCGH4GQ6OBQ,-0.3410711965272165,0.0,65.6,0.2866285714285714
AE6YLEEPJ47WLVVHEJ4CSBONBVBA,0.5577466835865666,0.0,7.75,0.7
AE6Z44KMO6NKWNHG5K4VKOGESRNA,-1.015184606612554,1.8529605289514397,35.75,0.28402777777777777
AE6ZACCQOGZIDDWM4TZPAEKUJRHA,0.5577466835865666,,1.0,0.8
AE72A3F2N3PVD4CJM527Z4N6CN2A,0.10833774352967507,0.8988178801137832,8.75,0.353030303030303
AE73SQJO4UU5DT7JN6KY2LDG4MUQ,0.5577466835865666,,18.0,-0.2
AE74DYR3QUGVPZJ3P7RFWBGIX7XQ,-0.7623920778305524,1.2708000529325334,22.09375,0.1972967457889333
AE75B5FZXGAK52RQY5XKLQTTK4HA,-1.3522413116552228,1.1203076873298856,38.0,0.06517919146825395
AE76ZZSO47UTKCCUYBOGXKFB4R4A,0.5577466835865666,0.0,79.5,0.2458333333333333
AE77VJ56TAIJ7X45CVYTUL6U7YKQ,-3.0375248368685663,,98.0,0.2055555555555555
AE7BV6IMNPZ3F266H7PXMH3BZQNQ,-0.12172664963706394,0.6834588130542009,121.68073394495413,0.25188873126678085
AE7DXPRK4AXPP7WM3KFZQGLU6XNQ,0.5577466835865666,,43.0,-0.0375
AE7I4XETWQMHZM7DW7QOZE4HCHKQ,0.5577466835865666,0.0,28.5,0.4578125
AE7IRGN5QWIIIPASDW4WG5LD7HNA,-0.3410711965272165,,8.0,0.2533333333333333
AE7KBICSNXLU4UH24NY5SQ6RCPKQ,0.5577466835865666,,23.0,0.2666666666666666
AE7KKMDQFVFXWFU2Y2IWVTVLR7PA,0.5577466835865666,,22.0,0.0
AE7LHVMYVJ37S2AVVQ4VQ3AQDNOA,-0.3410711965272165,,1.0,0.7
AE7NJNAHEAH2RHHWAAQ3UBSOT3IQ,0.5577466835865666,,5.0,0.0
AE7PS5YGIOGEVUGCTWRNJFDSKZUA,0.5577466835865666,,208.0,0.1630357142857142
AE7RGRZE7GNOHIOPKEWBCW2RNBLA,-1.2398890766409998,,18.0,0.475
AE7RZT7S3LOTSS2RZSNZJ6CZ32UQ,-0.3410711965272165,,90.0,0.1977272727272727
AE7SM7AAXKP5TUKS4SR5KQ4U3FLQ,0.5577466835865666,,22.0,0.6166666666666667
AE7TEQNM7S2TTC7LTFZXCKMH5AAQ,0.5577466835865666,0.0,14.875,0.6526562499999999
AE7TI6OY6NOCS74NRNKBS7V2RC2A,-1.2398890766409998,,7.0,0.2875
AE7U5GXFMYFLQ7SRIULJYIQBFY6Q,0.5577466835865666,,52.0,0.5166666666666666
AE7UMLDVE2HU5TNHW4NG7U3DCTSQ,0.5577466835865666,,15.0,0.4623376623376623
AE7UWJJ7SYUMWXTVMWRCCAXNCV6Q,-3.0375248368685663,,266.0,-0.0098484848484848
AE7UXMR4DETCYCS42MLXPM4WYCFQ,0.5577466835865666,,94.0,0.0876923076923077
AE7W2UJVZSRJWTOBH4XLV6S5TYKA,-0.3410711965272165,,130.0,0.2452380952380952
AE7XECVDXRFBVTC4GBDYQ32Y53XQ,0.5577466835865666,,55.0,0.4078125
AE7Y5RLYIKHOZB5NKKOEKYG2SPSQ,0.04024547988469147,1.1464399826076463,43.93939393939394,0.25138845546989486
AE7ZDNPHYHOI7Q55LZSO6J3JAGYA,0.5577466835865666,,5.0,1.0
AE7ZR5DNB5MPPJ3KNECRHSDEDPUQ,0.5577466835865666,0.0,24.6,0.5675037878787879
AEA2AYPIP3RN2YZWRNFKKD6OGGBA,0.45200340357318036,0.4830007219083228,28.058823529411764,0.2690196078431373
AEA2HUVJRPQIXXW7G67BDM6QKTQQ,0.5577466835865666,,3.0,0.40625
AEA2J63YMST3MYAXYVRE6RNKZPQA,0.5577466835865666,,20.0,0.364
AEA4MGHSNHUY7VP2O7DMPT4QOONA,0.5577466835865666,0.0,194.5,0.2817673992673992
AEA5CXVRQULWM6XGFQT2LJZ67D5A,0.5577466835865666,0.0,31.666666666666668,0.446613455988456
AEAAKJTQZFBCEF3SY6DP43GRASHA,-0.7904801365841081,0.6355602180801735,7.0,0.37499999999999994
AEAANRBX3MEOKWDZHJR57D4IKGJQ,0.5577466835865666,,21.0,0.9
AEAF5IPJIWVMWHJK5NL3GVIATL4A,0.5577466835865666,,34.0,0.6375
AEAFMXFN5Y3QI6WQ6K5NBUCJALEA,-0.34107119652721646,0.0,15.0,0.4433333333333333
AEAGCIMGDOZO4UE4KHV2Y4KGGIKA,0.5577466835865666,0.0,11.5,0.0
AEAJJTYNMR64RK4DY4YUWQKRHJVQ,-0.3410711965272165,,81.0,0.1333333333333333
AEAKA6XDHEBKYWF5MI74RC77N4ZQ,-2.138706956754783,,70.0,0.1447916666666666
AEAKL4XCE2VWMJB3ONTWZMQZCV6Q,-0.3410711965272165,,5.0,0.39
AEAL7CCMGMGLZ7R4NHQ47R7RI2AA,0.5577466835865666,,26.0,0.475
AEAPVXLCCZWRESQGTCYMMC7KCU2A,0.5577466835865666,,20.0,0.1666666666666666
AEAQZNKKZXYG6HRG2TTXEZUN3G6Q,0.5577466835865666,,4.0,0.6
AEASVRO6MDPXZIOTWH3SVNMYROOA,0.5577466835865666,,7.0,0.4
AEAU4B3HGL46SP3ARQZZ3B7PDA4Q,-0.8803619245954865,1.8565902298422066,20.1,0.24245833333333336
AEAUZK2OLWXD75AWJOCCGGCL3H2A,0.3009415749826286,0.6794424527769537,28.428571428571427,0.18874149659863945
AEAVLSCYOUN57UZXZ5WEWPIAG35Q,-3.0375248368685663,,238.0,-0.0038461538461538
AEAY77QOBMM2D3P5A7JBKW52OVMA,0.5577466835865666,,13.0,0.0
AEAYAZZGR4AMIXCWZK2MZW437XRA,0.5577466835865666,0.0,5.5,0.3958333333333333
AEAYCPAO7M75VC7U2FA2U6NQBZDA,-0.020064810772294012,1.0927281954293189,41.42857142857143,0.1581723298432482
AEAZOEPTNIR4ITRBHODX7UCKOWUQ,0.5577466835865666,,10.0,0.65
AEB2HFFRD4CUYOW4OMUYH2JFX2GQ,0.5577466835865666,,6.0,0.0
AEB3R5XKQSVEXWOIMF2JC5BQE2HA,-0.5657756665556624,1.7014347869108912,35.0,0.2989267676767676
AEB7QWAL6J4YHBCBKR5KYQ42IRFQ,0.5577466835865666,0.0,39.0,0.16736111111111107
AEBEBRMSAX44H4SVVGZK3NMATP3A,0.5577466835865666,0.0,6.0,0.6375
AEBEJ6DXXVSLCXD6NJ4XPVWRYDNA,-0.9402831166030721,1.037865490072283,70.0,0.154021164021164
AEBEMKCZEMUFCPGTHMPVILJ7Z5VA,0.5577466835865666,0.0,11.666666666666666,0.28126262626262627
AEBEVCYY3HASVJ2Z5Q2Q36TENT2A,0.0280861470909444,0.8869202645121504,90.375,0.15052183571344888
AEBFBBNXOJIBL5SNXHXRSINM6IPA,0.5577466835865666,,6.0,0.7
AEBGDMORWULPCKAQGGLY254MN7OA,0.5577466835865666,0.0,2.0,0.0
AEBHD4YLKOL6LOF7ZAP7RHYKQAPQ,-0.9402831166030721,1.8710386207450893,15.0,0.4188095238095238
AEBIQICUNDRDP6YCUGOCC7GTIEPQ,0.5577466835865666,0.0,7.5,0.5083333333333333
AEBISU5SIQN5HOFNMY4OQL6C4QJQ,0.5577466835865666,,3.0,0.675
AEBJ4SUV5OQENDB2EPXUQKXEU6JA,0.5577466835865666,0.0,84.5,0.31424242424242427
AEBL2OJWAOEG5JTZDT64ADPLSLBQ,0.5577466835865666,0.0,23.714285714285715,0.5670535714285714
AEBLCHCESVOG4V4FFTT2F3QC2ZLQ,-0.34107119652721646,0.0,45.666666666666664,0.1797619047619048
AEBNSOBHLXB4KZOBVYIOORKF7BZQ,0.5577466835865666,,46.0,0.3577777777777777
AEBNTHYV4OUJD3W7CHID55QAIOSQ,0.5577466835865666,,17.0,0.2
AEBOX3VURJY6CTZCLHPYCTVADRNQ,0.5577466835865666,,4.0,0.3833333333333333
AEBPDUY4HIPRXZ4YH55XOB7M6Y2A,0.5577466835865666,,71.0,0.0
AEBQ5WZ3O3H5UZQFB3WAOQ4KBYMA,0.5577466835865666,,247.0,0.1578030303030303
AEBQTMAMKQWHOLTR4CYXKKZWXSMA,0.5577466835865666,,16.0,0.1965277777777777
AEBV7EWLGRTRRJCHN73RYFM6EOBA,0.158272070202663,0.5534010573574799,43.55555555555556,0.25358019054633635
AEBWL33GSNKG3JIUPBW4RPTVGYGA,0.5577466835865666,0.0,41.0,0.32999999999999996
AEC2MJZGFAK2UNNWWV7NGXQWQZHQ,-0.3410711965272165,0.0,42.0,0.020698051948051896
AEC3D75RF7TIGCQECDVTKQVIGEMA,0.5577466835865666,,4.0,0.7
AEC4USL3AGDC4UZXCGL6AYRUCBBQ,0.5577466835865666,,75.0,0.30995670995671
AEC5V34TPJOF63AW677YFLFL2O2A,-1.2398890766409998,1.5567982351084244,39.0,0.1375378787878788
AEC6MVPIPSLIVH7MQMW3U5XFND5A,-0.5657756665556624,1.1577286879694966,135.41666666666666,0.17361258344359998
AEC7G5VBKTZL7FDURSHPTCSH6SJQ,0.5577466835865666,,83.0,0.0978125
AECABX3OO3GK7FCPZLFM3LT2E6UA,0.5577466835865666,0.0,6.513513513513513,0.47459177927927926
AECBGBU5TUVNJ2C7IXIN5UQBLITQ,0.5577466835865666,,19.0,0.6666666666666666
AECEKXENKICRDJMRX6JMACUJIBNA,-2.138706956754783,,51.0,0.1210227272727272
AECFKOHKOZQ6OKTH2L2H3O6UE5FA,-0.6406771565651443,2.075730980144566,3.3333333333333335,0.7333333333333334
AECFNYM6K5MPHW6K4KLOO7LPFDHA,0.5577466835865666,,1.0,1.0
AECFPQ7LHOHU467275YKR7SDG23A,0.5577466835865666,0.0,5.5,0.6625000000000001
AECGR42H24LUU7DA7HEUMCRLTX7Q,-0.06451184879989866,1.1824731444755063,89.3076923076923,0.2884396224620583
AECHB52QONJJCMFN35YBRV6AKRTQ,0.5577466835865666,0.0,13.5,0.45016414141414135
AECHLFVTT6FNIXXG7N7VUU4BNCIQ,0.5577466835865666,0.0,33.5,0.5986309523809523
AECHVBXH7FJUAZFS7XXIPZ5S622A,-0.04146523648928879,0.5189327450361415,36.666666666666664,0.44376543209876546
AECIBNSEFCIDJ5TLCTF6EABM55PQ,0.5577466835865666,,40.0,0.4
AECK3BJSJOAFSKAAUD4ILDFXZ7KQ,0.5577466835865666,0.0,10.0,0.775
AECKU4ZPHHQE3ZSFLDTO3ZGPFKMA,0.5577466835865666,,1.0,0.5
AECMMWFRKTOFQM2KIG6Y5LU3IHEQ,0.5577466835865666,,14.0,0.4
AECNLTI4ESYH4VD7PNNS5CGLTS2A,-0.3410711965272165,,8.0,0.4333333333333333
AECOHBS2JG7YTB7SXWZAL6BK2GWA,0.5577466835865666,,26.0,0.42
AECPDURQ2KMD5FB6JAHM5C4Z32HQ,0.5577466835865666,0.0,11.0,0.325
AECPKV55FXHN7NT3FZ6TTNTVZ42Q,0.5577466835865666,,31.0,0.42
AECPMAEJSYYD23UYKOADPPIEGVYA,0.5577466835865666,0.0,24.5,0.440625
AECPZQITGKJS4O5XYMI32OFAHCJA,-2.138706956754783,,72.0,0.13
AECQIFURJRHNZXBWSQCZEA6V3APQ,0.5577466835865666,,75.0,0.3107142857142857
AECQSU4MZ746KKZ27AJS2AHF2AUA,0.5577466835865666,,11.0,0.3204545454545454
AECRV4RVPWIOSQQ7AY2CJHYO7BLA,0.5577466835865666,0.0,20.0,0.4265555555555555
AECSPK7W2SUTAZD2GBBH4D4AMFBA,0.5577466835865666,,36.0,0.3313636363636363
AECU5G5N7OSZDTE2ETVULZINKHHA,0.5577466835865666,,7.0,0.0
AECWZS4GONIY6NEZWVRQCZUINO5Q,0.5577466835865666,,26.0,0.4133333333333334
AECXLOXE7CP2KTGNDWPTKSCSGZ2Q,0.5577466835865666,0.0,15.125,0.6324652777777777
AECXUOGFS5P25OEF7JRJZXIRFCDA,-0.7904801365841081,1.9066806542405204,202.5,0.292770944741533
AECXUX4CMPAJGNENGFOHPYCRB3EA,0.5577466835865666,0.0,32.666666666666664,0.5273231994423401
AECYKJV5EQZFJODBA3VGFJRZ5MEA,0.5577466835865666,,60.0,0.29375
AECYUS2KPJDGNS3SPUU6C6EBZX4Q,0.5577466835865666,,8.0,0.8
AED5LMSGUCDU443LODXZ4EYGEMKQ,0.5577466835865666,,5.0,1.0
AED5VKZVSF7PC3TOET3PKBA5J2JA,-0.1336516857317281,0.3941577148251687,170.07692307692307,0.16387161121845184
AEDB2WFGSUHI7BUWXNHS45KI6X2A,-2.138706956754783,,82.0,0.2119047619047618
AEDCEYFL3Q6AR3LBBW6KUGLIUZSA,0.5577466835865666,,25.0,0.41875
AEDDULPRRWJ3YVRQJEN56ENGJUDQ,0.5577466835865666,,3.0,1.0
AEDFMGK4I5ZKJD7SMT2DXDMPIBSA,-0.3410711965272165,,21.0,0.85
AEDGL5YNO7RJM3ZELOCGW6V7LMCA,-3.0375248368685663,,28.0,-0.2056547619047619
AEDHXXX2F66EMWOSSPCQHS62UKNQ,-0.8141332386923656,1.4132497807805726,121.10526315789474,0.1702744153886085
AEDJA3DZE2NRQHXEREBKMZKEXUPA,0.5577466835865666,0.0,9.5,0.3333333333333333
AEDJGRNGLDCSPDQ4JNQJ7CPOB7PA,0.5577466835865666,,7.0,0.3181818181818182
AEDJVPROO4BDZVXAVXWZI5IVCZQQ,0.5577466835865666,,17.0,0.54
AEDJZTFJDNOW6JDLMBZNK2QBN3GQ,-0.2719313595953871,1.5766308593006753,15.461538461538462,0.365
AEDKMXFNRORNCFUMIVSRCXZHQXQA,-1.2398890766409998,2.5422408723206935,17.5,-0.06666666666666665
AEDMZZ6MWGGX4RVMRIMG27LSUDZQ,-3.0375248368685663,,4.0,-0.2
AEDNNPW6JQ4H6NPMF2FYMIUZOTGQ,0.5577466835865666,0.0,86.23809523809524,0.32700658583878534
AEDO62TLAI4YOHUV2RBYMGKY2WRA,0.5577466835865666,0.0,33.5,0.3816666666666667
AEDPXS6OX5MDZWZ6UNW4W2TJBDMA,0.5577466835865666,,11.0,0.0
AEDQPYY76IMRKDA2HGWZ7STA6V2A,-0.6406771565651443,0.44940894005689164,6.666666666666667,0.5762301587301588
AEDQTJTWAISEO6O7RWFEVJHZ3R5A,0.5577466835865666,,13.0,0.1555555555555555
AEDRFOIY6IFY7DWSPRRNGEFIFE2Q,-0.0931214364958281,1.2687701344218087,21.17241379310345,0.4384529282977559
AEDSHXCRSJ57WFVKHAVIS2ER2ADQ,0.5577466835865666,,60.0,0.1699021464646464
AEDTBVJFD2IDHXKKY7DZSNKYUQ7Q,-0.6406771565651442,2.075730980144566,11.0,0.24722222222222223
AEDTXOC3YW6O7P2UPM22VNNRF77A,-0.5657756665556624,1.3482268201706749,334.25,0.2579225819115525
AEDTZCI4QCLKRFL5DA53JL47Z5UQ,0.5577466835865666,0.0,24.0,0.3087962962962963
AEDUD7Z3NL2HLDOSTMUTZACOABRQ,0.5577466835865666,,3.0,0.0
AEDVPDZLOTFVVBIO5USWHEHM3EHA,0.5577466835865666,,137.0,0.2482142857142857
AEDWKL5XHI2IRVNK2RTBOU7X7C3Q,0.5577466835865666,,20.0,0.5
AEDWRRZADBQDUTW7HBIWH4QSMUPQ,-0.5657756665556624,1.1309876970533495,173.0,0.15004153050108932
AEDWYRQ2KCNDP32XD6QDGF6H6O5A,0.5577466835865666,,134.0,0.1312499999999999
AEE24FRNWQGT5GGFMFSDB7XXVGPA,0.5577466835865666,,3.0,0.0
AEE2PYYDXJGV6ZO3YHZBBEMSUG4Q,-0.5657756665556624,1.1309876970533495,87.5,0.07396541537166534
AEE3TDZND3EFQLDZE3NWYTHC44IA,0.5577466835865666,,9.0,0.675
AEE4BXFE7TFTVFCF67SANXQOQBVA,0.07376782506376031,0.8519644012620259,19.384615384615383,0.4060574098520527
AEE73ITH4FMRJH326B2F7E5QXAVQ,0.5577466835865666,,22.0,0.4375
AEE7HJ4ALXIF445HXTCSCNNI2UJQ,-0.3410711965272166,1.7976357602275665,36.75,0.4241576318027211
AEE7M6SSLM6MOAKW7X5KGVI3QVHQ,-0.3410711965272165,,3.0,0.0
AEEE65AUS66BL63NNQR354KQBHDA,0.5577466835865666,0.0,12.5,0.6075
AEEEESRIF6WSCNK5IZGYC4JTEVRA,0.5577466835865666,,4.0,0.78
AEEFMGZPLL5SFSPYSXWDJXFSRTKA,-0.34107119652721657,1.664287318888592,32.625,0.17438464506172838
AEEH3I477FCAF4ODVKVNU2BV7MCQ,0.5577466835865666,,24.0,0.3770833333333333
AEEJBFZKUBEEMBZUZJV4UHFVEEBQ,0.5577466835865666,0.0,21.5,0.26666666666666666
AEEM2QIBMUUXEAJIEQH2WT2KNZZA,0.5577466835865666,0.0,2.0,0.8000000000000002
AEEM5MOB37EQJMFH37Q5S3FTNDCA,0.5577466835865666,0.0,50.333333333333336,0.46194444444444444
AEEOWWDWGCIOD4A76QBFBYWPAOWQ,0.5577466835865666,,1.0,1.0
AEEPQNBGOQFIIR36NAUCIFL5F3MQ,0.2309038180906455,0.7271794693826584,23.09090909090909,0.35469368269471574
AEERNRTIXU7UHRJNHJU5YLYFYKVA,-3.0375248368685663,,4.0,0.0
AEF3JXPYJL5ILD6M2QONVD7FBTKA,0.5577466835865666,0.0,15.25,0.6333333333333333
AEF4REQMG4I6Y2JLLKMQE4U2QYXQ,0.5577466835865666,,245.0,0.1398333333333333
AEF6BL2GCQFLEUYM6O4O37VYMX2A,0.5577466835865666,0.0,22.0,0.6947916666666667
AEF73L7G43IKVL33U4FCOPM7D6VQ,0.4828451935770847,0.25946637251807075,11.916666666666666,0.44576388888888885
AEFBZVDIVRDLTNPKEPKAOFR2QPRQ,0.5577466835865666,0.0,2.5,0.25
AEFCCVG7774SPHY5NVTYKXAM55UA,0.5577466835865666,,300.0,0.2977777777777778
AEFDUJP4ZD3QWM5PBUFB7CCKOUNA,0.5577466835865666,,9.0,0.8
AEFEQA3KTVUYGB2YBVMK6DDPOYAA,-3.0375248368685663,,104.0,0.0444444444444444
AEFEZIYEZG7XTSPDTFIUQXWMGEDQ,0.5577466835865666,0.0,52.0,0.20028935185185182
AEFFEFBOJH4AZHFUE6O3PRLMGGNQ,0.2367402978316441,0.5692426598661601,50.357142857142854,0.26282170507091723
AEFFENLWFV4VD4WTZNN25XD2TX6Q,0.5577466835865666,0.0,16.0,0.12666666666666665
AEFHDB4HOJSHJ6YZF5NYIQULOUYA,0.5577466835865666,,58.0,0.2145833333333333
AEFHGLOYQK7M6C3H2VZIAEQLMDDQ,0.5577466835865666,,3.0,0.7
AEFHQE7GHY2O23AJESRJ2NYVVPSQ,0.5577466835865666,,13.0,0.675
AEFIZWO3P6NV4AFJDRGBNNUDXE3Q,-1.6892980166978915,0.6355602180801735,27.5,-0.10636363636363641
AEFKF6R2GUSK2AWPSWRR4ZO36JVQ,0.07504819241434975,0.6921142796527308,26.09259259259259,0.38808899883552656
AEFLH72MFY4GRTNI3KZXNE4IUB2Q,0.5577466835865666,0.0,54.666666666666664,0.2975044091710758
AEFLZ7L6TGJDCP4D4KYZSOXLSWVA,-0.5657756665556624,1.3482268201706749,15.25,0.5683333333333334
AEFNBEO2F23NURCMGEW2U7BIEAWA,-1.2398890766409998,,23.0,0.6666666666666667
AEFNUVMRYZ3KJXQ2IBNNWCZHRZ7Q,-0.3410711965272165,,8.0,0.0
AEFPR4MO6FE3KX4CMKTNWRRPVXNQ,0.5577466835865666,,331.0,0.1366978941197691
AEFPXQRXU3XJCFVSVPUQSKAKIIFA,-0.3410711965272165,,4.0,0.8
AEFQMLX72KCIFGZ634KPTI4H4UCQ,0.5577466835865666,,12.0,0.0
AEFRDA6JMSWHDFWB3WKM3YKVUNIA,-0.3410711965272165,,19.0,0.3874999999999999
AEFSYJ74RDBN7I4N5VCIXXYUBKHA,0.5577466835865666,,20.0,0.6166666666666667
AEFVBJSXZ77TPGBXVOFDC3R2HNTA,0.33304221355812086,0.4494089400568916,15.25,0.41736111111111107
AEFY3OUHLE6LD6FJZRQQTXUM3YKA,0.5577466835865666,,1.0,1.0
AEG55OACXBGEO7R7QFKTQHFOW3HA,-0.34107119652721657,0.8988178801137833,75.66666666666667,0.2497124403374403
AEGA3SKGBQDJED7SUGKIIIKFN4LQ,0.5577466835865666,,16.0,0.0138888888888888
AEGAMGWOMGCWN3UZ3UEPXAHDLT7Q,0.5577466835865666,,64.0,0.3847077922077922
AEGB75NR3YIMYKZWHN7VCQTHMHSQ,0.10833774352967507,0.6355602180801734,29.5,0.5142857142857142
AEGFGSYN3POFMUCGBXGA37WYWW3Q,-0.49968611654729594,1.3192772068903782,25.705882352941178,0.19286031370590195
AEGHILC3CT4QCWZU4YID4KYLSPOA,0.5577466835865666,,9.0,0.6416666666666666
AEGIKB526CGSEZKOOAGDOECZUDAA,0.5577466835865666,,61.0,0.2125
AEGIRIDDNTVLPDPOENITR7TGRIIQ,0.5577466835865666,,14.0,0.55078125
AEGKGLKVBES5JY4PC67HV7NK4ZLQ,0.5577466835865666,,21.0,0.1041666666666666
AEGMEALSBY7SRIOQAEOXK2IPD6WA,0.5577466835865666,,12.0,0.4666666666666666
AEGMGLTFMCWKYL6SXPMC7TDUOPDQ,0.5577466835865666,,5.0,1.0
AEGP4K2EXLUNIH4AEK7MUE63SJLA,-0.04146523648928883,1.037865490072283,16.333333333333332,0.2601190476190476
AEGQKT5UKTJWZNBNFWQLZRFCMFZQ,-1.2398890766409998,,23.0,0.2966666666666667
AEGSGSUXR3LH6KQWOH22QWKRQ4XA,0.5577466835865666,,5.0,0.25
AEGSJMUN6YF5UUOFDDMPNC5Q5BOQ,0.5577466835865666,0.0,8.333333333333334,0.5
AEGT6GE3DDJZA62P64RUATRFKNAQ,0.5577466835865666,,21.0,0.1
AEGVEWWGTQO3PK3JF5NYB7GSSSVQ,0.5577466835865666,,906.0,0.2446869488536154
AEGVUPMHKYGFVGSWSMAKCN6LLCOA,0.5577466835865666,,75.0,0.073076923076923
AEGWB6TKO55D5VOFRRWVBFQXB4FQ,0.5577466835865666,,24.0,0.2375
AEGWBVF7PNFDBUXXHG2ILSDATSSQ,0.5577466835865666,,20.0,0.8333333333333334
AEGX3J5FCNGB53YHQNBNV6JVARRA,0.5577466835865666,0.0,8.0,0.34814814814814815
AEGXA7TRC652QBKCF2TMLFD7TYZA,-3.0375248368685663,,9.0,0.0
AEGYM5EJXATORBAA5GIYKNXLVPPQ,-2.138706956754783,,30.0,0.0
AEGZCTBT5CHDBYAOUAVANB2O42BA,0.5577466835865666,,6.0,0.0
AEGZGTDZGAKIOGAFUQRYGAXQ53MQ,0.5577466835865666,0.0,26.0,0.6041666666666667
AEH2X3QQ7TQJGF6EKISLBNVVNWQA,0.5577466835865666,,2.0,1.0
AEH4YAKNQXUWPJT4D2UG3JEHN2NQ,0.5577466835865666,,23.0,0.0
AEH66QD7CSPM7ZVH7D7LRSA5HSNQ,-0.44681447654060286,1.279318893941464,119.74509803921569,0.15651340842718203
AEH6IYENFKTLSVR6QHSNIJEBCQBA,0.5577466835865666,,4.0,0.7
AEH6NGAY2BZCGDYMOVQ7QPHRMSIQ,-0.6406771565651443,2.075730980144566,4.0,0.18888888888888888
AEH7P323UG6THNH4C7POZIK4A72A,-1.5769457816836685,0.823429873150096,101.625,0.06800181878306878
AEHL4V6GSVO4O74IBGPPODTERIFA,0.5577466835865666,,164.0,0.0320887445887446
AEHMAK3OJBEB6X2O6THASYNGKHVQ,0.5577466835865666,,5.0,0.925
AEHMQSTB6ESWFAT4AHROTV6M7VWA,-1.2398890766409998,,32.0,0.43
AEHNBWGO4HDWTBVNQQEZTJ37VRNA,-1.6892980166978915,0.6355602180801735,26.5,0.21625
AEHOUKDUSHPOEDHAISNAVI7ANZHA,0.5577466835865666,0.0,13.666666666666666,0.65625
AEHPFU2KC7ZNEU5FVCJQEQV5NZWQ,-3.0375248368685663,,83.0,0.0909374999999999
AEHPS5NUGKYRMLCLDUJQQSBUHCPQ,0.5577466835865666,,8.0,0.4
AEHQSZPKDWC2VNXIIRGUOIKH5PAA,0.10833774352967507,1.100822588984416,40.5,0.16858225108225108
AEHQZQG2S7HDP5BGTYWUCMV62WAQ,-0.3410711965272165,,221.0,0.0950980392156862
AEHS6BRPUEQG6NVTBOX5YXPROY7A,-1.2398890766409998,2.5422408723206935,49.0,0.17045454545454544
AEHSPDRMBKKRMORA3AJR74UOCW4Q,0.5577466835865666,,29.0,0.2523809523809524
AEHUXAEM2PGGIF5RKDWUG5DQQXOQ,-1.2398890766409998,,12.0,0.0642857142857143
AEHVSZ72XXI4SU6XUNXMJAXUYN6Q,-1.6892980166978915,0.6355602180801733,13.5,0.625
AEHWECNK65HS7NQNSESM632FEUJA,0.5577466835865666,,7.0,0.8
AEHWOWAIPMPP2EN6C24JJQROQ5VQ,-0.6406771565651443,2.075730980144566,10.333333333333334,-0.00833333333333334
AEHWUHNTB5FX32HJ7UBOZ2WWUX3Q,0.10833774352967504,0.9313811319984133,127.24193548387096,0.2470498151063981
AEHZXP35GBAQS4TD74JRUOFZI7SA,0.5577466835865666,,48.0,0.459375
AEHZZWYMY2FFELDYM2YRS7SUSWLA,0.5577466835865666,,7.0,0.4852272727272727
AEI36HGRFOQF7RDQH5FIH5RNVG6Q,0.5577466835865666,0.0,11.0,0.29666666666666663
AEI3YFOJFBVAG54LKKVUHDTW64DA,0.5577466835865666,,50.0,0.0574074074074074
AEI4TPGU6XI3PQ2VLXGLNBDX7NTA,0.5577466835865666,,1.0,0.8
AEI4YPQZG6TZOWHDFP7I22S4MQZQ,-1.1500072886296215,1.4950307385225174,11.5,0.19802678571428572
AEI63HS5MN6TIWXNZUMDQRDAMXTQ,0.5577466835865666,,107.0,0.296
AEI6N63YVUXCUAELLNTKUVBJOAVA,0.5577466835865666,,10.0,1.0
AEI6TPJRSHLYHKRSIVD3OFIMAHAA,0.5577466835865666,,8.0,0.4583333333333333
AEI77MIQDTGYTCQMY5HGCYLKWXEA,0.10833774352967507,0.6355602180801734,97.0,0.22587704503288913
AEI7RTDKV7AILIRFSTO6ASJ5XWWA,0.5577466835865666,,27.0,0.4125
AEIA5Z6AZVK4X3O7K55CVIOMC46Q,0.5577466835865666,,23.0,0.4011111111111111
AEIAFPI4OVACQ3FATZLIGP767SIA,0.10833774352967507,0.6355602180801734,2.0,0.2
AEIARIRYK2JJ7YHELWXQUFHJSI4A,-0.34107119652721657,1.5567982351084246,23.333333333333332,0.0638888888888889
AEIBEZBGHEG54UXYFZYGPRUTBJVA,-0.11636672649877078,1.3482268201706749,124.75,0.4410843827889282
AEICZD35OTDYVWA2KPYWN4PDZ2SA,-0.31207707136225576,1.1483284237081741,93.83870967741936,0.16563670932784882
AEIDW75IESCBYRJYZIKNX4GNP4SA,0.5577466835865666,,26.0,0.3
AEIF7UX2DWY4ZIRO25IWJJ365LXA,-0.7904801365841081,0.6355602180801734,3.5,0.25
AEIGRGVLTJ7L2JUMK4Z3KIPYKAHA,0.5577466835865666,0.0,12.0,0.5541666666666667
AEIGX3ZZPJ5GS5RO4GZBHQ5Q74UQ,0.5577466835865666,0.0,93.5,0.2776503759398496
AEIGY6NRAYI32OI7KCWPVBTOALOA,-0.3410711965272165,,20.0,0.5333333333333333
AEIGYISHUVYNO26IKKNXZXFQB5EA,0.5577466835865666,0.0,3.0,0.6444444444444445
AEIH3AMKQZJ73QGAIUCQP3ETXQBA,0.5577466835865666,,45.0,0.075
AEIHLBFJPJBTWEC3LJIH5KROMKIA,0.5577466835865666,,17.0,0.8
AEIHN6JDLYL2QYCAOCBVEUPHU5EA,0.37798310756381,0.4019635758653351,10.2,0.5175
AEIIADPXUMFT4KJEZQUOZVZ67S5Q,-2.138706956754783,,128.0,0.3585714285714285
AEILAYRBJMWGZQVLMC7DPKIUHONA,0.5577466835865666,,4.0,0.375
AEILPIBTEKFOQMYZQIK4E4OCSPQQ,0.5577466835865666,,60.0,0.1620833333333333
AEIMJ5XEUIE4TKJLGSZYNNKB2WDQ,0.5577466835865666,0.0,17.333333333333332,0.06583333333333334
AEIMOPTX5EHGZ6QH63SV6JC4NFWA,0.10833774352967507,0.6355602180801734,20.0,0.21706349206349201
AEINWALDRYT4NTF3M5NC2WZ5YQNA,0.5577466835865666,0.0,11.052631578947368,0.3499065846434267
AEINY4XOINMMJCK5GZ3M6MMHBN6A,0.4379042995713956,0.3162632502168175,44.2,0.38687204098811245
AEIOIVFNO6QX7OYOJNPRKQEWMPGA,-1.862147609027465,0.6750730026139277,154.69230769230768,0.06147055839929955
AEIOQSYE7AR5XVS3CO6TZ4QANEYQ,0.5577466835865666,0.0,3.0,0.35
AEIPJBAN7A55Q5DFFPZSR2UV3OKA,-0.04637680960466467,0.8322573325080657,280.39344262295083,0.19990649040350983
AEIPNIBAH57OX4JUN7ALQ2KHOCSA,-0.3410711965272165,,210.0,0.184033189033189
AEIPXVWUORGDX3K3WFJQQ3CFLUOQ,-1.3090289135728292,1.7390650517564532,44.07692307692308,0.21915371665371663
AEIQLBQJ7NYHYTTAKDWNYDA2KPUA,0.5577466835865666,,2.0,1.0
AEIQOTBKJLPPRN5B5N5L2KYETMUQ,0.5577466835865666,,33.0,0.0
AEITH2MBDGMCSAZSBNAYOEBOJXFA,0.052161626022563606,0.8018308583276175,61.9375,0.2834473270012486
AEIUTZ7WEUAE4PXZWRQ36A3WXTUQ,0.5577466835865666,0.0,14.666666666666666,0.5477891156462585
AEIVH65KEDKZYV3X7DYNMLV3JMWQ,-0.34107119652721657,1.100822588984416,27.333333333333332,0.28546843074620853
AEIWUHIAO3RVQNHZDBKS23RPPITA,0.5577466835865666,,2.0,1.0
AEIXGM25ZUYR34ZF7MZHFM4X235A,0.5577466835865666,0.0,34.333333333333336,0.4481780303030303
AEIXZKAPMY7JHPXOSOKOGUIWB3FA,0.5577466835865666,,122.0,0.1366071428571428
AEIY2WXJWZJSCUMR7S4F3AALGPEQ,-0.17254284400588218,0.4888721045020734,6.8125,0.40477430555555555
AEJ25XDPPY4TYXUWSWH7PPDDXLTQ,0.5577466835865666,,2.0,0.0
AEJ2JQSEPTDNRU6TKQYZOUS6Y6PQ,0.5577466835865666,,8.0,1.0
AEJ2WQIK4TFJG27TFJGMKIVLG5RA,-0.5408085032191684,1.5423160762929178,20.22222222222222,0.22519179894179894
AEJ3ZPLHBSZNN3HI7PXQ4DPB2GHA,0.5577466835865666,,14.0,0.3333333333333333
AEJ563ZCQKBBRT7GNADPR2TLHQVA,0.5577466835865666,,17.0,0.5
AEJ5NE6A3HGBRNPPEBB4HTRD4I4A,0.5577466835865666,,14.0,0.9375
AEJ6TOA4Y75KHGGRCTF5LENP7BCQ,0.5577466835865666,0.0,20.0,0.3166666666666666
AEJ7MGTSJ6ICFUTZIAMMCNLF7USA,0.5577466835865666,,47.0,0.0770833333333333
AEJ7YMLHCINPAGLKM5AS45NZW7SQ,0.24051684354640787,0.8955073057706542,21.058823529411764,0.3716131535947712
AEJB7HLH4CO5HXANXOW77PCK7ZLQ,0.5577466835865666,0.0,20.142857142857142,0.09523809523809523
AEJCASB623TCR2SO7XWSO2QONVDQ,0.5577466835865666,,2.0,0.0
AEJCZMZPJOCWGDGWWU4B7H6T3JLA,0.5577466835865666,,2.0,0.8
AEJD6NWO3U6S7EK67S2WFRWAZNFQ,0.5577466835865666,0.0,27.5,0.65
AEJDETWITK2KGACH7FUBMY33PPSQ,-0.624908421826306,1.642448277912417,8.842105263157896,0.3323014567669173
AEJEC5WS5UPWGWFR632NMKWPC4JQ,0.5577466835865666,0.0,25.666666666666668,0.432716049382716
AEJELM2NWMU4Q7UR3LGXNRNEJNJA,-0.3410711965272165,,21.0,0.6333333333333333
AEJFVYFSNMS3W2E6CXIOUYBQMXHQ,0.5577466835865666,,84.0,0.2036538461538461
AEJHWKSFUXVUJDKTVYRAYJSQY56A,0.5577466835865666,0.0,8.0,0.8
AEJJBO3HBAJW2PSPBFG7I55U5P2Q,0.10833774352967503,1.100822588984416,33.333333333333336,0.411875
AEJJLKAKGDDUIFKEQ2IMVUNFAOFQ,0.5577466835865666,,3.0,0.78125
AEJMHUQU7JTHFVITVQZHM4J7ZLMQ,0.5577466835865666,,46.0,0.6
AEJMZY5P5J2IHCQYUPLG65SXEIWQ,0.5577466835865666,,31.0,0.378125
AEJNMJ7NA4XNRSTTEJ52FJFETOZQ,0.5577466835865666,,25.0,0.8
AEJOF7IWCXUQQJGQ6VZGRDX3HGKA,-2.138706956754783,,18.0,0.0361111111111111
AEJOR7ZML2STBFQCQK67IT6V3TJQ,0.5577466835865666,,39.0,0.4787878787878788
AEJP7A3GXD5XEWGVBCVLTXDYQ7TA,0.5577466835865666,,79.0,0.3682142857142857
AEJSXWZSXH5DHNIYBMRZT5GNNQBQ,-0.4694737508291856,1.3157346521557305,15.285714285714286,0.17857142857142858
AEJU5Q7MZJAN6ZIX654NO5MRRZGA,0.5577466835865666,,35.0,0.65
AEJUHOQNHKVHS5AZHFGBBVTL5ZWQ,0.5577466835865666,0.0,11.0,0.5104166666666666
AEJWQQYYOFNDGPKXLXJPNBTQLCAA,0.10833774352967505,0.7520049914252994,1.5,0.4055555555555556
AEJWRL3HXNGAG3AUIUHJJAEKHLVQ,-0.3410711965272165,0.7338817259896108,131.75,0.22382224025974023
AEJYA5LGNF4GHHMJN3ETNHVQVYCQ,0.5577466835865666,,23.0,0.385
AEJYNAKWXNLK4SJ4ONNNWSKR5ZEA,0.5577466835865666,,73.0,0.4949074074074074
AEJYSBLZXMZDV5MQTEVVDPNO3E3Q,0.5577466835865666,,25.0,0.35
AEK27DQ54G7PIWW627UHT72TFX4A,0.5577466835865666,0.0,133.5,0.18817956349206344
AEK2YVDVWRTYRJON43H3LAHXEKWA,-0.3410711965272165,,55.0,0.3833333333333333
AEK2YXIWF6TTZJERHSQ763RSDH4Q,-0.3410711965272165,,26.0,0.3895833333333333
AEK3U3CM7AC6GQNNIHXYCSMRR27Q,-3.0375248368685663,,103.0,0.081060606060606
AEK47COZQC6JRI5BZ3JHMU5YAYHQ,-1.2398890766409998,,96.0,0.4795454545454545
AEK5WJEU2LSII2N5GJUTZVA3IVLQ,-1.2398890766409998,,11.0,0.47
AEK5YA5R765XMSVNPKNNHKVEWQZA,0.5577466835865666,,2.0,0.8
AEK7FJP2TQNK77ZX6LJQ6IBPWHWA,0.5577466835865666,,2.0,1.0
AEKAQ5SHLEIE44SA3WXLLKD4RJVA,0.04413646637869051,1.0988045807081979,22.142857142857142,0.5504313543599257
AEKBJYBZJEJPZUWDV7T6XXGP5NBA,-0.3410711965272166,1.7976357602275665,23.75,0.35250000000000004
AEKCPCESH56P72UAR4LSGD4SI3HQ,0.5577466835865666,,37.0,0.41875
AEKDBTFNYMXQ5RICBETO7ITBA5MQ,0.5577466835865666,,28.0,0.3476190476190476
AEKDF2ANHCJWJQSPSMPV5TNTNZJA,0.5577466835865666,0.0,17.5,0.0
AEKDJKA3HG4AFRUGCJJWRVY36GAA,0.5577466835865666,,8.0,0.625
AEKEN3WITS4ZEJ7ZIISGJDZYJB3Q,0.5577466835865666,,15.0,0.6
AEKFUKXNCDKDUBBXXIJT7AB5PSXQ,0.5577466835865666,,26.0,0.611111111111111
AEKG47U2ZSDWCBQWO2CYJJOHGEBQ,-0.3410711965272165,,2.0,0.5
AEKGBJHGLLCKCRL3KMFZ4JUKVNSQ,0.5577466835865666,,6.0,1.0
AEKGKIVFGW2WZYIO5SIHE3FGMSEQ,-1.2398890766409998,,5.0,0.0
AEKGR2L7VVF3FBTVTSXAVOLLO7LQ,0.5577466835865666,,3.0,0.8
AEKGSFZEDDBFIM47F4U4L4Z5BIUQ,0.5577466835865666,,2.0,0.7
AEKGZEMCO4GRDHPCCXYMNBG3UEGA,0.5577466835865666,0.0,8.25,0.7144886363636365
AEKHXAWYHXDKLBNGSOQZTDTAZ4OQ,-0.34107119652721657,1.2711204361603468,41.5,0.09375
AEKKEUY422QHRJH7EAPZ2M7SONNQ,0.5577466835865666,,58.0,0.5743333333333334
AEKL7JVPBMNHJYRFJYM6TSXJJ77Q,0.5577466835865666,0.0,6.0,0.6
AEKLOBM6NGXTGN2E7GIC6RHPIBNQ,0.5577466835865666,,85.0,0.3482954545454545
AEKLS7IGU7RQ4PDKDFT2SLRSK6YA,0.5577466835865666,,15.0,-0.25
AEKLWIFD6GVHWJKIC4QDCDYRNYKQ,0.5577466835865666,0.0,8.0,0.675
AEKN6BLZOYHOCQOCJIK2EUYSDBXA,-0.3410711965272165,,1.0,0.0
AEKNJE46MRYTOXI6NMJTY3OCS43A,0.5577466835865666,,107.0,0.0791666666666666
AEKOQRDUY64SGH4PONBFTSIM2I2Q,0.5577466835865666,,25.0,0.5111111111111111
AEKQYZ6FHKPNGUAVBVUMVRZJH2JA,0.5577466835865666,,65.0,0.1666666666666666
AEKRTKDK3T3RUS66YXKIPW5XMPCQ,-0.3410711965272165,,25.0,0.1045833333333332
AEKT3R36QZ4BVGFLSWHSB7VNJGRQ,0.5577466835865666,,61.0,0.1272321428571428
AEKT7BTLG356MDAHI2QHQPZZKAZQ,0.5577466835865666,,21.0,0.2604166666666666
AEKTMB3EI77WTGE23SJRDV7MQPUA,0.5577466835865666,,21.0,0.3483203125
AEKVB56HCCWJMD24WXYMJDG5CKZA,0.5577466835865666,,9.0,0.1363636363636363
AEKWGLTUB5NYQ5X3EI3R2M5ZKWEQ,0.5577466835865666,0.0,40.0,0.3005396825396825
AEKX4SZQMLFZZ7YX5YY425HHMQAA,-2.588115896811675,0.6355602180801734,49.5,0.0375
AEL3JIGFXVZSGUMPAQBDOSYGM53Q,0.5577466835865666,,34.0,0.43125
AEL4RCCCIRLR6L4IBVKUQMVWBATA,-1.2398890766409998,,38.0,0.2466666666666666
AEL5MWPGIVMXPKWB7RKI37PL6ZXA,0.5577466835865666,,74.0,0.0
AEL5ZHI6X5STOL3Y6PCQRSSTIWRQ,0.5577466835865666,,2.0,0.625
AEL6BJ6WFY7ZDVQBIIOWKAOT7ZGQ,-3.0375248368685663,,196.0,0.0453379953379953
AEL6G2RK5DWBONL46YSG257T2SQA,0.5577466835865666,,51.0,0.1647186147186147
AEL7P6CZWQRH26D2XY3SIEG4H2DA,0.5577466835865666,,39.0,0.4599999999999999
AELA4HJK4R6EBP3P32E2IH5XNLGA,0.5577466835865666,,7.0,0.7999999999999999
AELBBIEI6TFZEEF2ARN2ZXEVOWAQ,0.5577466835865666,,33.0,0.1388888888888889
AELBMRGOWMO3ILFOGCB3KFGMBHZA,-0.3410711965272165,,7.0,0.5
AELBSRCMSCXXJFYAE3NK6D4DAVTA,0.5577466835865666,,5.0,0.9765625
AELCJLJAOMS3DFYF6KUXMXJBXARA,0.5577466835865666,,36.0,0.4541666666666666
AELCODZ4LJ2IVLIZ536A55CYUEPQ,0.10833774352967505,1.100822588984416,12.833333333333334,0.4980324074074074
AELDTVIUFQUUTOBFR6KNR5V3F57A,0.5577466835865666,,11.0,0.1722222222222222
AELG4BR3AGXJUUZRQGTPCJCHVZ5A,-2.138706956754783,,13.0,0.1
AELGD7MYYE65AVEHRMDPYUVTUIQQ,0.5577466835865666,0.0,9.6,0.35833333333333334
AELHB5QYXVSXZM263JIARJBWPOSA,-0.04146523648928883,1.037865490072283,46.0,0.44809343434343435
AELHWVFUH26OV2DGOMEADND2IEUA,0.33304221355812086,0.4494089400568916,23.75,0.41813492063492064
AELIV6UHVC6Z6VA4MIZ464WUHDPA,0.10833774352967507,0.48043836578460447,26.25,0.364260101010101
AELMGVQANXHWWVB3KQKXHPETGZDQ,0.5577466835865666,,71.0,0.1214285714285714
AELMYCSQ2CHQEOMSPY4WCL64KIUQ,0.5577466835865666,,393.0,0.2806855345911949
AELOFMVKR6FE7OOQGDPYGIFF6KVQ,0.5577466835865666,,20.0,-0.1666666666666666
AELOGPIDWSAQVPDOOQJR3BX7T5MQ,0.5577466835865666,0.0,7.4,0.5183333333333333
AELOI2MDT23DHWTZUFJ6ZKJJHOAQ,-0.25118940851583826,0.7870004738897644,21.2,0.2835984848484848
AELR73N6JFQCFA77VU3S5LQAKBXQ,0.5577466835865666,0.0,10.333333333333334,0.4688737373737374
AELSXWOFXQ5JYTGGX5XBZS3KTWQQ,0.5577466835865666,,31.0,0.25
AELYUCBC7BFTB6MQJ4Z2MTIMRZ2A,0.5577466835865666,0.0,56.5,0.3262790610573508
AELZEXEKAVZGQERR2H2RXFBA452A,0.5577466835865666,0.0,8.333333333333334,0.7333333333333334
AEM3IZY6EBPPHI63UNPVDH54FLDA,0.5577466835865666,,20.0,0.3999999999999999
AEM46TADAWFNNA4UEMATKVKGVQ7A,0.5577466835865666,,12.0,0.0
AEM54G6GVSBCFVMEWUKELLDH6CEQ,0.5577466835865666,,6.0,0.625
AEM5YPNWRFZMTISA7MNO5Q55CERQ,0.5577466835865666,,29.0,0.1333333333333333
AEM663T6XHZFWLODF4US2RCOCUSA,-0.3410711965272165,,5.0,0.25
AEMBLBM4BUPI7ZRLS4JONNLCDBQA,-1.2398890766409998,2.5422408723206935,46.0,-0.06595238095238096
AEMBRCDXXEFJ5IZSHFWQV4RRQCJA,-0.3410711965272165,,10.0,0.4666666666666666
AEMBTVYDSPZ4LQS22ANCAVBY772A,0.5577466835865666,0.0,11.5,0.7
AEMBYOFMQMIYUDXVZOV2OSFIWUWQ,0.5577466835865666,,35.0,0.4727272727272727
AEMC6O7HQTSBW3WGYDN7KX7MLE2A,0.5577466835865666,0.0,10.5,0.55
AEMCYZWCUZOHOYR4ODTFB35LYDPA,-2.588115896811675,0.6355602180801734,4.0,0.075
AEMDYF5S74SVPHNIJGBO6BHTA23A,0.4453944485723438,0.3177801090400867,1.375,0.125
AEMGTZNYC4EPWJRN2YWOBIN3ZRJA,0.5577466835865666,,14.0,0.325
AEMGWSVRXINE7EIOBDBM6TVBDPFQ,0.5577466835865666,0.0,1.125,0.8250000000000001
AEMGXCMI4SNFUJ542KHGLU4W3E4A,0.5577466835865666,,155.0,0.3392857142857143
AEMHSPGW765HCDTGPKO7JK2IWKEA,0.5577466835865666,0.0,17.5,0.6168055555555556
AEMI74JHKARVZR5F3DVAK4FMANXQ,-0.3410711965272165,,21.0,0.0499999999999999
AEMJ2EG5ODOCYUTI54NBXZHDJGSQ,-1.3597314606561708,1.762566633226504,19.355555555555554,0.18128318264627788
AEMKSDVDHPPZRWI4U2OV3ISVSVJA,0.5577466835865666,,199.0,0.398537784679089
AEMKUTWY33ROXY7ODQ3JC32R7I4A,0.5577466835865666,,36.0,0.5490624999999999
AEMLEQKRYNQ5WGZVLBFI7NUSPKLQ,0.5577466835865666,,75.0,0.2814814814814814
AEMLZRIZSXAA6OUNUQRZK6YMKCXA,0.5577466835865666,,6.0,0.605
AEMN7LYBYUGLTNVCXOBAFSHLYJ6A,0.5577466835865666,,153.0,0.0114285714285714
AEMNNMYROYAZGBLYYXNCEAE6D7YQ,-0.46947375082918563,1.506565651614576,40.857142857142854,0.3028584455667788
AEMO2MND4W7ATBJPH7QVVGZSLF3A,0.5577466835865666,,2.0,0.8
AEMO4BFY2UXCQE4XOFORK5EFFCDA,-0.7904801365841082,1.664287318888592,27.75,0.21743622534149876
AEMO7L57SNDF7ALZ2AYW3YQQ62LQ,0.5577466835865666,,5.0,0.225
AEMOJU24QUZDDSMGSQPVTZGELLUQ,0.10833774352967507,0.6355602180801734,19.5,0.42500000000000004
AEMRWPVGLAWBX2K64R47OESVJL4A,0.5577466835865666,0.0,70.33333333333333,0.24570370370370367
AEMURA7H55NBGF6TS2A2JP5XIIBQ,0.5577466835865666,,59.0,0.398051948051948
AEMVF46YD6PBUBKQMH6LIXLUPC4Q,0.5577466835865666,,77.0,0.3933333333333333
AEMVVAU5ROKJK76IOHQKHEWRFLRA,0.5577466835865666,,4.0,0.8
AEMW2ADCJBXXCQLXQVM3RJEK53TQ,0.5577466835865666,0.0,9.0,0.53
AEMWM6PRIMFDQLIQIPQTGXUAVDYQ,0.5577466835865666,,3.0,0.0
AEMYDA6DVBKCCE7ZO2ARRFGKG3LQ,0.26884093640713635,0.8493030659711921,46.07142857142857,0.33010114776716337
AEN2NKUOAXGNLLT6DCQDQ2LK7M6Q,0.5577466835865666,,81.0,0.1076923076923076
AEN2ZU26WIC33EXP6LTYOWMV36XQ,0.5577466835865666,,37.0,0.4476190476190476
AEN347VH7E6PQILYQICAWBLET7BQ,-0.34107119652721657,1.2711204361603468,45.0,0.10767045454545454
AEN4ENZO56M34IPYVZDALB3BDRVQ,0.5577466835865666,,17.0,0.5711111111111111
AEN5SOV5AOJA37JVTCEC2U7DBSFA,0.5577466835865666,,17.0,0.625
AEN6RD6RV56QE7T2LN7HEC6W3RZA,0.5577466835865666,0.0,54.0,0.3007051282051282
AEN6TFIVX635GNHMXJNMJOA56JWA,-1.090086096622036,1.6491940632001212,21.5,0.06562499999999999
AEN7KAKQJGIQCNK6NMVWH2WZ3YXQ,0.19821953154105337,0.7579497874249913,33.9,0.2393037518037518
AENAC6DVZYNNTEGCPUA542BD46VA,0.5577466835865666,0.0,89.125,0.39264430875637774
AENBKROLUUF2CQET33UHMCS75ULQ,-0.3410711965272165,,23.0,0.2583333333333333
AENDQ4AHOGXOBTTJMOW73BUESQKA,0.10833774352967507,1.100822588984416,16.666666666666668,0.5853906249999999
AENEBXXF56E6G5VTCYCX74RF5OFA,0.5577466835865666,,21.0,0.5777777777777778
AENER6DRMZOCWDSLKUOMSERR6KIQ,0.5577466835865666,0.0,39.6,0.25344047619047616
AENFLRI7UI4SFEAZIK57T45ZUGGA,0.5577466835865666,,20.0,0.275
AENGLXININGSHWOPGTFF2V32DBOA,-0.3410711965272165,,2.0,0.65
AENH6LSB6BM7XLPEYUL43WBOD6JA,0.5577466835865666,0.0,277.5,0.14783010586361733
AENKWFYARCOIWS4FWYTLSGRIALTQ,-3.0375248368685663,,59.0,0.2533333333333333
AENM76XREURDLTOHQSEK4HJW3XIQ,-3.0375248368685663,,12.0,0.1704545454545454
AENMGVERXZSSSV4CPJ5LPPFK6E5A,0.5577466835865666,,5.0,0.2
AENMO75Q2V7HE4HSHYI6GOX5FYIQ,0.5577466835865666,,14.0,0.2833333333333333
AENN7QGN7VH44UH46NYGL3A4FBAA,0.5577466835865666,,12.0,0.25
AENNF2GOEVFBJL2TF3UU7HBIDLYA,-0.3410711965272165,,25.0,0.25
AENNMXDZSUEUPEWSQU57GNOQD6JQ,-0.3410711965272165,,104.0,0.2324074074074074
AENNSJ75CWK5NXVCA4YDZAEJ4KDQ,-0.3410711965272165,,17.0,0.7
AENNUXRFLXQGXSYMV5VGZK4ADQBQ,-0.3410711965272165,,1.0,0.5
AENNUY257PRSZMPQ5U5PFR642FDQ,0.5577466835865666,0.0,7.0,0.0
AENNZB2HHZZNEPKR6JADV2W4JDYQ,0.5577466835865666,,6.0,1.0
AENOQPZF7HQERNM3TNR2UQUE7RBA,-1.8391009967168552,2.075730980144566,29.666666666666668,0.22888888888888884
AENR7RAJSAIV6E2UE6AZ7BUEIOIQ,0.5577466835865666,0.0,95.375,0.3291671326358826
AENTOWUFPL7HSMR7M4S25M7MGDKA,0.5577466835865666,,8.0,0.0
AENUZAD3DEKU6K4LHFZFO2FUHKPQ,0.5577466835865666,,6.0,0.4125
AENWOKSUWWPH7FNTRNP6GPGTHRUA,0.5577466835865666,,13.0,1.0
AENZ2NOJLCFRRF2APF4FEQONPX7A,-0.3410711965272165,,18.0,-0.0552083333333333
AEO2LKPHWJWGEG6PMBOHLIGVYHTQ,0.5577466835865666,,12.0,0.4125
AEO3UFEOS3ELXMXWPA5CJ34VQ7TQ,0.5577466835865666,,42.0,0.3333333333333333
AEO4KXMHSMAMTAU6G6XOCNIA3AHQ,0.5577466835865666,,18.0,0.65
AEO4M665ZOCBF7HEFRMTUDHLSB5Q,-0.22871896151299365,1.0120614067202915,72.125,0.2624300595238095
AEO66DLCCH677RV6KMUKV7SOGBXA,0.5577466835865666,,2.0,0.8
AEO6GWHO32QJAT6NAQHMFPZJRNOA,-2.138706956754783,,9.0,0.5
AEOCSHVOBSGQAN5MBKGPRRHF2OSQ,0.5577466835865666,,24.0,0.1966666666666666
AEOECNMSAGYK5BKPILPV7JF6ELMA,0.5577466835865666,,54.0,0.1057142857142857
AEOERTQHGU5NNS25RWMR6PAPEBOA,0.5577466835865666,,14.0,0.4666666666666666
AEOHRV5ZJJZOCSACAJDNNHQJAG7Q,0.5577466835865666,,8.0,0.35
AEOJW2RQVGB5EOJPZMNPUXNZYOTQ,-1.599416228686513,1.6327837637973914,14.0,0.24316666666666661
AEOKAIB6OJVB5FRZGLEB3YAK5UBQ,0.21533987211464925,0.8642246738164484,12.452380952380953,0.34033564814814815
AEOMWX3OCV445UHGZUW6YUL6EGEA,0.5577466835865666,,21.0,0.55
AEONA76PFRHESS2JG3KEUFQIGHGA,0.5577466835865666,,9.0,0.91
AEOPD6K7XR4LR6IVYBYIBOCFQI4Q,0.5577466835865666,,37.0,0.000595238095238
AEOQCCO6VCZLGDP66T2WSVMAG4QQ,0.5577466835865666,,28.0,0.3
AEOQGP4XYSEKPXXBWAN4GWAPUO4Q,0.5577466835865666,,10.0,0.4888888888888889
AEORGMGHWN54RIMZLFOJF7NIE23Q,0.5577466835865666,,26.0,0.5166666666666666
AEOUWZLTZ46NIML4CGUBAEOTJEMA,0.5577466835865666,,2.0,0.0
AEOXILLGVJGHDIRN75QMVMXWZWSA,0.5577466835865666,,23.0,0.28
AEOYNV3GTKOZ2YOEY4QEKIAEZEZA,-0.6406771565651442,2.075730980144566,39.666666666666664,-0.007593795093795107
AEOZUI2OJG5FNAK67ZGB6PEKUO3A,0.5577466835865666,,12.0,0.3999999999999999
AEP3HQNDKDNNYBPRU5UOQCQ4QZQQ,0.5577466835865666,,14.0,0.0
AEP3UEDMIAMT3KURUPPVH44WE6HQ,-0.3410711965272165,,259.0,0.2235294117647058
AEP4R64Y44ZTA3SPZYCNNOCH6JNQ,0.5577466835865666,,12.0,0.3814814814814815
AEPAPEQTAFWBI3V5XIIHZLG4YZEQ,0.5577466835865666,,22.0,0.0
AEPBFOLHNAJQJAZOMSUMVFKPZXFQ,0.5577466835865666,,17.0,0.7
AEPBPLR5CSYFRIOUNBRIRGSTZSZQ,0.5577466835865666,,54.0,0.2154882154882155
AEPCTFKFPQNUAWT5NTHIZHOVKPUA,0.5577466835865666,,1.0,0.0
AEPDM7BEUMUY2RHLZHECUVTLAKPQ,0.5577466835865666,,9.0,0.7
AEPGZ4L7TDTJUSGYAVTFQRTUGFWA,0.5577466835865666,,20.0,0.265
AEPH725HSN3J3XTQMR5USFJR74PQ,0.5577466835865666,,47.0,0.1833333333333333
AEPHFCPWYQEHT6ZV6MRF3UT6YKEQ,0.5577466835865666,,436.0,0.0963396614959115
AEPHG6BIOTPEASU3KQ7UKWSBNCOA,0.5577466835865666,,33.0,0.4340909090909091
AEPL43B572OV2OMCFW23PFTF2E7Q,0.5577466835865666,,226.0,0.0087303960659223
AEPO2ZRKXR53CRBJHKMI6RVAPXWA,0.5577466835865666,,6.0,0.5
AEPP2ZFFGRRA4W73GDAKPICS5HAQ,0.5577466835865666,,48.0,0.209375
AEPQSFDPLHZQ6Y5XB7IUBW4DY5YA,-0.7904801365841081,1.9066806542405204,21.5,0.0
AEPQTXBSBL67WDDY4J44HO2PCIFA,0.5577466835865666,,43.0,0.36
AEPQUIWJI7FYDURUJIDWLMPBU2KA,0.10833774352967505,0.6794424527769537,18.375,0.4533482142857143
AEPRO2RRDO5QIZXK35CXB43XJM2Q,0.5577466835865666,,24.0,0.7416666666666667
AEPRQP77VF2CEG2GISP567CWNEPA,0.5577466835865666,,44.0,0.35
AEPRUR2J4MHMKHJPXXRZDU66A5CA,0.10833774352967507,0.6355602180801734,7.5,0.5158333333333334
AEPS6CVNYIAOE54ZDTQLFJ7TTSEQ,0.5577466835865666,,11.0,0.51875
AEPTHE6UGTAHFEQTVNIB4K7H272Q,-0.3410711965272165,,2.0,0.5
AEPU6UPCLD4MSHTP3SXZQ3R4MXYQ,0.5577466835865666,,63.0,0.315
AEPVN4QKBMMXPBVQYXUDLS3M6ZYQ,0.5577466835865666,,87.0,0.1272727272727272
AEPVNHVV7CG3KSQWCW43ASSGW2PA,-0.3410711965272165,,72.0,0.0249999999999999
AEPY3WJN3G2XOBDIUN3RXMU7YXAA,0.5577466835865666,0.0,21.0,0.45729166666666665
AEPYX5BW4FDTZPLRRGXM2KOHPAQQ,0.5577466835865666,0.0,1.0,1.0
AEPZ7GYOS7L4L2T67CXR6T6P64RQ,0.5577466835865666,,2.0,0.8
AEQ2MLIXSRKW5DVQ4B2G3ST27DAA,0.5577466835865666,,2.0,0.8
AEQ4BRZQAEE7UKKOPVTM2EQVGV3A,0.5577466835865666,,27.0,0.75
AEQ4LANJMSQGTMUOCK6H42SRNPGQ,0.5577466835865666,,69.0,0.291038961038961
AEQ6X45FYCIHEZBXIIIJMS4S6C2A,0.25814072354863893,0.5189327450361415,59.666666666666664,0.08749999999999997
AEQ7Y56NEUZTFG2QJYQ4T32EIUZA,0.5577466835865666,0.0,116.0,0.27956371753246756
AEQAYV7RXZEBXMQIQPL6KCT2CFWQ,-0.036115130060040114,1.1659688537942392,17.089285714285715,0.277588771595468
AEQCFGIHGV5CPWNF7RZZLKEQ572A,0.5577466835865666,0.0,46.0,0.44241319444444444
AEQCFZTQ4NIZFCZRBTLB55AHLACQ,0.5577466835865666,,1.0,0.5
AEQCJX2WHAMEAIUTID22OBLH6G5Q,-1.2398890766409998,,35.0,0.0083333333333333
AEQEME4JTVW57QPP7ULNLFKLVSCQ,0.5577466835865666,,11.0,0.3777777777777777
AEQEQ4OIJUSS7YXOJCN4RPRRVGJQ,0.5577466835865666,,3.0,0.0
AEQF24SNIMWRGBIG5EBCKDLMTFAA,0.33304221355812086,0.4494089400568916,17.5,0.1046176046176046
AEQFQDC2GL6C62Y5WNZFLB44GIBA,0.5577466835865666,,12.0,0.5499999999999999
AEQIRXUWJHFKOJBFGQB2G7HK6JKA,-0.34107119652721646,0.0,9.0,0.11904761904761903
AEQJLZPGPJEI4LG654IOMEU6RODQ,0.5577466835865666,,8.0,-0.0388888888888888
AEQJWBLCQHL6YZ5SKAAB3ZPPSC2A,-1.2398890766409998,,20.0,-0.1166666666666666
AEQLRIQLBPN4UUHV3L5FDRZOAL2A,0.10833774352967507,0.7520049914252994,19.166666666666668,0.36047222222222225
AEQM7WKSLHAVNDHE4F4OFQIW5GWA,0.5577466835865666,0.0,5.0,0.0
AEQP7BO3DYS6ET6ANKREYSJFAHSA,-1.2398890766409998,,8.0,0.0
AEQPHAPE7DLD5HI67M5KN2K6GZIQ,0.5577466835865666,,32.0,0.74
AEQPUFAW5OWSGOHVW53WT3STY5SQ,-0.49087417654618043,1.6184773355946664,23.166666666666668,0.4425700456950457
AEQVD3N4Y2BP7N6VD4QIWQJIJXRA,-0.3410711965272165,,1.0,0.8
AEQX7KS7WYSI3Q6E7OF3ZPIYSKQA,0.5577466835865666,,62.0,0.3215909090909091
AEQZ2MBKWOY5KG2BOF4GVWZL65WQ,0.5577466835865666,,23.0,0.5
AER2M7E2IHDHZDVVXCFXTYKJ6EXQ,0.5577466835865666,0.0,11.466666666666667,0.6025419272085938
AER3KQQTR7T3N6ZIOUMB4VDALL2Q,0.3180619155562245,0.7179834854714361,18.333333333333332,0.39190476190476187
AER4C2C6NBH2W6JACHHDS4EGAFAA,0.5577466835865666,0.0,42.5,0.3834183673469388
AER5A2LR25ZV3SYFCYUWBRGRKBBA,-1.0113760562730887,1.5076472553518667,27.864406779661017,0.1734451654748265
AER6FMQQPAXBQN7MRPWJSH3IKAWA,0.5577466835865666,,13.0,0.6666666666666666
AER6WLSJPBPNOZIQWVHQBVOKTNCA,-0.2258381349741674,1.1138680073297123,124.28205128205128,0.21835542897965096
AER7BPYAMW5CAICYIJX7QW64MBIA,0.5577466835865666,,4.0,0.505
AERAK7NMCVO6RNEEXGBSITUOXPAQ,0.5577466835865666,,15.0,0.5
AERAMOJVE43CA4TA5COS7GOTXFOA,0.5577466835865666,,20.0,0.6000000000000001
AERBX24JFGXDLPS2O2JUPQW3EHEQ,-0.04146523648928885,1.4677634519792215,2.1666666666666665,0.25
AERCFK4MLSG4U3XJBVXISRW27ZGA,0.5577466835865666,,36.0,0.0999999999999999
AERD2GHAB5VZHTHUVMVAYUHL4CYA,0.5577466835865666,0.0,33.5,0.29583333333333334
AERDSTNOGEQQJVIVUULMJXOSSWCA,-3.0375248368685663,,16.0,-0.0625
AERGOXGAFZ2J3ZMHXVLZQGTW36RA,-2.138706956754783,0.8988178801137833,48.333333333333336,0.12911616161616155
AERHC7DGSTOBV6Z6GWJJCGYDB3QA,0.5577466835865666,,22.0,0.7375
AERHPPIK62QZ2WLBXQDATA775LKA,0.5577466835865666,,2.0,1.0
AERMLEK75FYAZRMHP2IELWBJD2UA,0.5577466835865666,,27.0,1.0
AERN3R5YG2K22AGW5GEXSMWICSLA,0.5577466835865666,,17.0,0.75
AERNPVMAGTL5TK2LJFARUOZETCZQ,0.5577466835865666,,7.0,0.1
AEROUZQIIFX4V4BR6FHMUCLE2SMQ,0.5577466835865666,0.0,16.0,0.9333333333333332
AERPYYVVXK5PZ4KBKBAUIFH375HQ,-0.3410711965272165,,116.0,0.1192460317460317
AERRX357RLQ6SAUBH6HDYNGTXZ4A,-2.138706956754783,,50.0,0.2491496598639456
AERRZUBMFD5GSNICJIKLDACDJCCQ,0.5577466835865666,0.0,33.5,0.44999999999999996
AERT65EGRHVCQH3E7GOAQDG4CGYQ,0.5577466835865666,,49.0,0.3020833333333333
AERUAJORC4WC77TABTHVNVQDZF2Q,-1.2398890766409998,2.0757309801445665,17.0,0.4
AERUU6APCTYBYVQTUM7KFYYK2DVQ,-0.3410711965272165,,95.0,0.3421153846153846
AERVTQ63VWSKM3NWNNCJBDKJ4CIA,-0.04146523648928882,1.160368893651379,30.933333333333334,0.3289974371693122
AERWPVBR2XAG6OYAQQZED27RIJTQ,0.5577466835865666,,20.0,0.65625
AERX7K5IE767MVLOYBUNPUXDTGJQ,-0.3410711965272166,1.7976357602275665,38.75,0.5056349206349207
AERXCDD4DA2UKX3BY6DSVBBX6V2Q,0.10833774352967507,0.6355602180801734,5.0,0.8
AERYH6N7BC5I5SO76JW5F3Z4ZUMQ,0.10833774352967507,0.6355602180801734,27.5,0.29375
AERZA4XOSVV3A57EITRVHA3QEFOQ,0.5577466835865666,,21.0,0.4333333333333333
AERZPTDNRBKDITZ56ODSWA2NQGKA,-0.3410711965272165,,33.0,0.14
AES2RYKHJ36PKR5GOC5KC4HNAK2Q,0.5577466835865666,,80.0,0.3243867243867244
AES3WXFEHZOAJRVULMXGVURKAEEQ,0.5577466835865666,,41.0,0.5
AES4I2XF2XCF5RRBJE6OCOYTUKZQ,-0.34107119652721657,0.8988178801137833,16.0,0.3833333333333333
AES64NEMPYRENBT6PGCOYYBVDSWQ,0.5577466835865666,0.0,33.46153846153846,0.618854700854701
AES7KKTN2JRDCH5T4H3O5HU7XZZQ,-2.138706956754783,0.8988178801137834,30.333333333333332,-0.041666666666666664
AESAZQADEUDNDYAMHMVTYBMGBGHQ,0.5577466835865666,0.0,12.5,0.5688131313131314
AESC7XAD6PECYCGLVZCYYCEIPTNA,-1.2398890766409998,,7.0,0.5
AESCUPVGN7EIB2ODWG7YHC3F4GOA,-0.3410711965272165,,78.0,0.187037037037037
AESERUGYR2M57OR2BC2QD7SUEC2A,0.10833774352967507,0.6355602180801734,313.0,0.097181447025197
AESGFM6QX7BVONUAG4BPGCORYOIQ,-0.34107119652721657,1.664287318888592,31.625,0.1813525883838384
AESGKFNIDELMTPT7OLS67JA545JA,-1.2398890766409998,1.7976357602275665,4.333333333333333,0.2111111111111111
AESGLNOOG6D77X3KYOZA3XBBEEHA,0.5577466835865666,,14.0,0.9
AESGMCRKQKHIAIJUL72FWQYVS6MA,-0.5657756665556624,1.0470911425274603,48.75,0.2037596622850529
AESGVJFKCAZCKC35T4PYR2KUDIEA,-0.3410711965272165,,70.0,0.3432900432900432
AESIMJE5ARHEBL6DLLD3YO2TJENQ,0.5577466835865666,,12.0,0.0
AESLW4D6JMNJLHVORHC3FEQWUIIQ,0.5577466835865666,,10.0,0.4666666666666666
AESM7H2WPJU7T6USXGW6TLW4U72A,0.5577466835865666,,81.0,0.1838435374149659
AESNIXKR5AZGQO55AJ2P4DRLENZA,0.5577466835865666,0.0,10.0,0.6940104166666666
AESQ5EF2IGIZFNSZR7TL5XD622FQ,0.5577466835865666,0.0,2.0,0.7
AESQJGCWMZKMPCJGGZQRQ624UXIQ,0.5577466835865666,,9.0,0.5875
AESREGQZJVO32YUHFVF33FEP6J3A,0.5577466835865666,,7.0,0.5121212121212121
AESRHEAHGJCUURFTMWQJWTWBMKQA,0.5577466835865666,,47.0,0.6333333333333334
AESSGWIRRSBE6RXL2QZ3BW2RP3KA,0.5577466835865666,,27.0,0.2249999999999999
AESSR6R65G5PXULCO3634YUI7VKA,-1.2398890766409998,0.0,72.5,-0.21172348484848486
AESTJ7FX2ZR44NVS25DTXH27YAHA,0.10833774352967507,0.5189327450361415,15.25,0.5729166666666666
AESVCDVRKAJHKVMWADOBNFV45XKQ,-0.3410711965272165,,5.0,0.3
AESYBKHI3FNKSUPGDPVNBGKL2IMQ,-2.138706956754783,,113.0,0.2260822510822511
AESZ37LZCXVJII6VORTZDAUTXUEA,-2.138706956754783,,129.0,0.2322916666666666
AESZLPIVHB4D3JWQ5PZVGMJGD2GQ,-1.2398890766409998,,38.0,0.1583333333333333
AET24VX4XLW3GZ2XNFXZNPTE2AVA,0.5577466835865666,0.0,3.142857142857143,0.6875
AET3VOB7PYHAKDAPEDTFGPSEE6QQ,-1.2398890766409998,2.5422408723206935,13.5,0.34285714285714286
AET5623EGQ5SJ7LS7GPMXFPOADBA,-0.3410711965272165,,36.0,0.1716666666666667
AET56IV77HA4T4A3IGJ2UJFK4ENQ,0.5577466835865666,,12.0,0.2125
AET57BUSN4ZB4RFJIBOPKMQTVPHQ,0.5577466835865666,0.0,8.5,0.6266666666666668
AET5VFNIYKIHIPO3ZALZSLXX3KOQ,-1.2398890766409998,1.5567982351084246,35.666666666666664,0.33255291005291004
AET76WSAMU5NAFN6XTEBGJGDXD3A,0.5577466835865666,,399.0,0.3093549783549782
AETA5FGE644L56YYDZI45UHV3HNA,0.5577466835865666,,4.0,0.3
AETBPZFRDC4MLEZ3MZZRTAKJXAFQ,0.5577466835865666,,69.0,0.1083333333333333
AETD26IRVCQW6FYJYIIB7HYFPA6Q,0.5577466835865666,0.0,21.25,0.4378472222222222
AETE7Y3DZT6BLMWA6U27ADJDZ4LA,0.5577466835865666,0.0,16.958333333333332,0.4002011684303351
AETGCWXC47MSMK6B2TLZ44KCFJZQ,0.1263141011319507,0.739365351877955,81.0,0.32194103609794084
AETGRH24MKFUFZ2KKTC2ZFYVYE5Q,0.1725390206806596,0.4804383657846045,51.42857142857143,0.4617683531746032
AETJOO7JKNG4ZPWJBY2UPIXBAQJA,-0.7904801365841081,1.9066806542405204,42.0,0.526875
AETKGYHX3LTQ5NJP5ZHC2VEONLAA,0.5577466835865666,,34.0,0.53125
AETKN3MZIEUDXAKTWEYZ4YCDYW3Q,0.5577466835865666,,16.0,-0.1458333333333333
AETMFCIZ4NBF4VJJMIKJPVNEXXYQ,0.5577466835865666,,9.0,0.625
AETOO3PKEEFCNIM6LR7VDVT2W4CA,0.4079437035676028,0.3669408629948054,24.333333333333332,0.3064814814814815
AETPQ2FRFR3NWEQLI6R4T2S27GVQ,-1.2398890766409998,,113.0,0.2741758241758242
AETSZB5TEXJPDKB6PO2XBWO4V2EQ,0.10833774352967504,0.8988178801137833,10.75,0.47916666666666663
AETTCFAWESCXBEOYTQNHVGW4A6JA,0.5577466835865666,,5.0,1.0
AETU3GFAQ7JU6KZOARTZYFVMMQ5A,0.5577466835865666,,3.0,0.5
AETXMYPV6KHWTNVRXNXFYQN2TZNA,0.18764520353971473,0.9564507442818914,7.176470588235294,0.22333858543417365
AETXPQBVAVFVGEVJBOGJ2WPIVJAQ,0.5577466835865666,,73.0,0.53
AETYVC5S7SOJMIM3HICSMEY4N67A,-1.2398890766409998,2.5422408723206935,32.5,0.5734126984126984
AETZSY2WAD5IHKPAEIRRQ3AYOHFQ,-0.3410711965272165,,101.0,0.2578512396694215
AEU26I734MOKVBFQIKMR2AC7XB6A,0.5577466835865666,,22.0,0.35
AEU3FF2QN5LHF3JELYPUCFFZNP7A,0.5577466835865666,,41.0,0.369047619047619
AEU4U6P7L7IJYC5HW2RFDM2K54NQ,0.5577466835865666,,8.0,0.4819444444444444
AEU5VGZYHYK4ND5A7CHD4RBQX5OQ,0.5577466835865666,,29.0,0.5
AEU7QWGISMUTVOOPSZRJGH6MVZ6Q,0.5577466835865666,,36.0,0.4092592592592592
AEUAL3EJKUSTNB4YY6STLYGTJALA,-0.24545227311085663,0.863622854721883,133.63829787234042,0.17725765751725567
AEUAQ6BAUEBP2C754LR3ILYHP54Q,0.10833774352967507,0.6355602180801734,148.0,0.3813643790849673
AEUCONXA2N4QTYH25XZFFVAZFXSQ,-2.138706956754783,,30.0,0.0575
AEUCXHKBAQI3F6PQGDS5QETOJTPQ,-0.3410711965272165,,339.0,0.2319605142332415
AEUEMBHLPF52WH7FXSYMGAZ2FABQ,0.5577466835865666,,10.0,0.7
AEUH4DWOJRDMRQC2ISMEG6NVG24A,0.5577466835865666,,35.0,0.43125
AEUH4EH6XHROLT7UZPUYU2YKTYMA,-0.21266864222524753,1.414372252539658,14.714285714285714,0.44630952380952377
AEUHIBDCWBWUHPWU4LEYAH57KWNA,0.5577466835865666,0.0,2.9166666666666665,0.65
AEUIPEVPJEVGFNGDZS25X4S7JBEA,0.5577466835865666,,715.0,0.1009008597036766
AEUIU35OMHWETDS3ORA6WZW4LGAQ,0.5577466835865666,,6.0,0.5
AEUJVUO66NKVOXCLJPMXE5G7BUJQ,-1.2398890766409998,,1.0,-0.15
AEULCQHII5CZXLJJTBK7F6PF5ZPQ,0.5577466835865666,,30.0,0.7083333333333334
AEUMYP5IWSQCLQRIAUKTWR2LZRSA,0.5577466835865666,,15.0,0.5733333333333334
AEUMZOI67H3CCFCPSV6PC2R6UHAA,-3.0375248368685663,,26.0,1.0
AEUNVLFLSRGHAXUDD3PD76NINWKQ,0.058403416856687075,1.198423840151711,23.77777777777778,0.40944113756613754
AEUODTGDMPZUHTBPDYPUUNO6E5VQ,0.5577466835865666,,5.0,0.38
AEUPVXPOUGHV5RVR2C762ZMGNYKQ,-0.3410711965272165,,8.0,0.3333333333333333
AEURX7VHDSBJDSNHCQNZ5JV7IFMQ,0.5577466835865666,,2.0,-0.1
AEUS37QBTO5XSXXOJCQQGSQJC3DQ,0.5577466835865666,,4.0,0.8
AEUSDGHFKZK6IA5NPQP4QGNT4IFQ,-0.3410711965272165,0.0,129.0,0.12396271008403355
AEUSR3CBHDM4TNQTI23CBTJKSZPA,0.5577466835865666,,2.0,0.0
AEUSRLMATLQOLKQ42KFQYH2RDPKA,0.5577466835865666,0.0,84.5,0.11749999999999995
AEUSTMRNQKLA77F6ME5Q22RGGDAQ,0.5577466835865666,,48.0,0.215625
AEUTFVCWAKVADU4IQKDDJ4S3ESUA,0.5577466835865666,,9.0,0.0
AEUTQ4IEVVJZTRCDZWFK2AB43M2A,0.5577466835865666,,61.0,0.225
AEUWC4ABR4KED5FQZMSUEFHCWSTQ,0.5577466835865666,,5.0,0.65
AEUZHPIGXLWEQ7HW5LRYEPD3QYCQ,0.5577466835865666,0.0,11.0,0.6192765567765567
AEUZZ2Q6GSSWIV2X5GQTOI2XUJXA,0.5577466835865666,,2.0,1.0
AEV2EMK63UIQPEHE7V3HZXDMGW4Q,0.5577466835865666,,148.0,0.111734693877551
AEV3ET6G66A4KXXAVUBODT3WYGJQ,-0.3410711965272165,,372.0,0.0206392339544513
AEV4DP5E3FJH6FHDLXUYQTDEQYCQ,-0.6406771565651442,2.075730980144566,32.666666666666664,0.30591666666666667
AEV4RH2G2NALLCELW4AS6XKJQWWQ,0.5577466835865666,,33.0,0.3777777777777777
AEV5KODCW6P7ZXF66HHVTFHQ2Q7Q,-1.2398890766409998,,60.0,0.1
AEV5QK5B6EOXF6DEG7V36PKN2VAQ,0.5577466835865666,,14.0,0.0
AEV5WMIHDLDER6LUWKR35CUNYC2A,0.5577466835865666,0.0,21.5,0.41666666666666663
AEV6OD7S35KD5XSLNLRTGMVYCZPQ,0.5577466835865666,0.0,17.5,-0.15
AEV6OL4GLSYMDNUHS4Y4DNVFDRHQ,-1.1275368416267768,1.7938867764592625,30.125,0.18148759920634921
AEV7BC7YTPXOYTUL5PGWWHHRURAQ,0.5577466835865666,,25.0,0.3916666666666666
AEVAHTHGA4EH7AUBQ3QSGWOH6JHA,0.5577466835865666,,7.0,0.0
AEVAKY2EMVGE4P6PXYBBAM5E5MUQ,0.5577466835865666,0.0,24.0,0.5387152777777777
AEVEA4Y4PRMWUBTOKWWDDP64YKJA,0.5577466835865666,,2.0,0.5
AEVIQZAAXKLCHSXFFZVGIFYRPLOA,0.5577466835865666,,27.0,0.2916666666666667
AEVJOCON4D6LS7ECPHMMPPIKWZSA,-0.3410711965272165,,9.0,0.4166666666666667
AEVKKM4BJF266I6R5DJDNKHMSXZQ,-1.6892980166978915,1.9066806542405204,33.5,0.339375
AEVM64MVDOSEAVNMVLS7YIGL4YVA,0.5577466835865666,,12.0,0.625
AEVMDZ4AKB3DQM2EWRTHJIGNDFWA,-0.9402831166030721,1.767421242630246,53.833333333333336,0.1781685405643739
AEVMPQORMKIMWMBQJRKJJVXI3FIA,0.5577466835865666,0.0,36.5,0.3698412698412698
AEVNDAFXEWRC47FAVNUTMEZJBD6A,-3.0375248368685663,,11.0,-0.4
AEVNOPF5IML6LU66W2BVPS7RJ6GA,-0.3410711965272165,,34.0,0.1099999999999999
AEVODCD523UXLDVYZL4C7H3O45DA,0.5577466835865666,,13.0,0.25
AEVPOT2DT56DGKUPPPE6XD3QZFFQ,0.5577466835865666,,22.0,0.3999999999999999
AEVPPTMG43C6GWSR7I2UGRQN7WFQ,-0.36354164353006113,1.212528904809351,60.475,0.2256513729326229
AEVQ3KP55X4XECXWMHN6DHIDBYFQ,0.48991137187986605,0.2396956388273648,10.150943396226415,0.6316666666666666
AEVRLY26GBFJVYM32A56BH22X4KQ,0.5577466835865666,,156.0,0.3513888888888889
AEVRP23ONGIWRUAPURGPAKC4PL2Q,0.5577466835865666,0.0,30.0,0.45361111111111113
AEVTBGKOALRS27HUI7KEYUYPFBLQ,0.5577466835865666,0.0,23.5,0.47500000000000003
AEVUG7GSYKMQM6J7PVYKMIJQVN3Q,-0.34107119652721657,1.2711204361603468,101.0,-0.04796417124542125
AEVVJHZUPI4AHZZX7PC4LTCKWSKA,0.33304221355812086,0.4494089400568916,46.5,0.43120645227788085
AEVWAM3YWN5URJVJIZZ6XPD2MKIA,-0.0714258324930816,0.7399721351986944,32.3,0.32698956916099775
AEVYMKPLQ3G25CREYAWC347U5O4Q,-2.138706956754783,,52.0,0.3999999999999999
AEVZVWZP3S2J57XSTFN5LPQNOONA,-0.11636672649877072,0.4494089400568916,82.5,0.16079018476077298
AEW26W6ODPJ77OHPS5LBTFT64LHQ,0.5577466835865666,,8.0,1.0
AEW2DUEKVQCUL56PV4CXLVRIP33Q,-3.0375248368685663,,38.0,0.1333333333333333
AEW3MTZ3PBLHELRSFI2FX2X3N3EA,0.5577466835865666,,7.0,-0.625
AEW4CIDRC3RO33GW3GKDLONUVNAQ,0.5577466835865666,,81.0,0.3625
AEW55ZDSPC6HOXZ2RK5MCT7OM5WQ,-3.0375248368685663,,7.0,0.0
AEW7KGZFQFB6P2YRTN6JGVR3YRLA,-0.4309529845385948,0.6632060639968673,51.7,0.2238194444444444
AEWFEWBJVI2YN7WAWVXSOYT5MANA,-0.04146523648928883,1.037865490072283,19.666666666666668,0.3902777777777778
AEWFI6UHAUISG2JF4EPVZPBMHZYA,0.5577466835865666,,44.0,0.6238095238095239
AEWICKS3R7L2VXI2PUR6VL64PFSA,-2.138706956754783,,82.0,0.3416666666666666
AEWJXW46LKSW22FWTGRYTLNE7TGA,-0.2126686422252475,0.7221388607202877,28.392857142857142,0.23710363090943445
AEWK45NLQWUDXWPF76JNHPMJVZPQ,0.5577466835865666,,9.0,0.5785714285714286
AEWLOQTKYUYRJ24NK4GD5CZTR7WA,-0.06286566220628369,1.059562255064141,32.73809523809524,0.31085544258588477
AEWM5TEERH5SWKVMVCBGB4G4DOXQ,0.10833774352967505,0.7520049914252994,30.5,0.25652777777777774
AEWMM6B2T7PMH5WFINUUORAHX2NA,-0.3410711965272165,,36.0,0.7
AEWRRORE6A47AFELFU6LO6YVEYAA,0.5577466835865666,,16.0,0.5
AEWRZLS7FBAX3BXANLXDKVV33CCA,-0.37750975923453206,1.0565968687821308,52.54054054054054,0.2606026507379237
AEWTKEIDMSOZ7Z3MOOEIXYPYUCCQ,-0.5208347725499733,1.6078543034613406,113.6,0.13899783549783545
AEWUBEVXD7CKWOQ46K56K7BIQPBQ,0.5577466835865666,,3.0,0.5
AEWUTB77443SWKRTRKCCROPCURCQ,0.5577466835865666,,24.0,0.3666666666666667
AEWVHCZZINJR7NIUYCVMO2ZXLLKA,0.5577466835865666,,26.0,0.125
AEWWDRHCN6DGQNJBGLFAMQIQ5WHQ,0.5577466835865666,0.0,35.666666666666664,0.5118105158730158
AEWXJDZPE2MTDUQ5PV2D4IEOWZ6A,0.5577466835865666,,4.0,0.0
AEX2PWSLCKDKELBZ4FMOOWR4PVAA,-1.4196526526637565,1.6078543034613406,30.6,0.16334821428571428
AEX3CW22RUBG2EEUYSBZBMTRJSZQ,0.5577466835865666,0.0,11.5,0.3
AEX3JEM4XNO3WY27QN2LIV7EKMKA,0.25814072354863893,0.5189327450361415,56.666666666666664,0.3643303571428571
AEX4JVEAX7V2XJNX7L6LQCX5SRZQ,0.5577466835865666,,24.0,0.3083333333333333
AEX4MMFGEVYPOWPB4B2YFS7PIHEQ,0.5577466835865666,0.0,94.5,0.41875
AEX5AKK7HEVKT4CID4F6TOF2ZZIQ,0.5577466835865666,,8.0,-0.15625
AEX5IK5WUXIGLSWUWSNDYATYVQJA,0.5577466835865666,0.0,47.5,0.4439732142857143
AEX63ECBRMOKNMAFMIVCEUP4OCBQ,0.10833774352967507,0.6355602180801734,58.5,0.4435064935064935
AEX7XY53RLK4CQ6MIMPU4HHZJETA,0.5577466835865666,,25.0,0.4
AEXAGBIZ5NEBJO6DNDVBA3ZWUIEA,-0.11636672649877075,0.8605526033570225,63.5,0.3565273268398268
AEXBIH7OOSNTF3NPJ262T4HDNXBA,-0.34107119652721657,1.4957233634095801,25.642857142857142,0.36418083900226755
AEXC2RWTZY5DQIVSVFXGUZANKMSQ,0.5577466835865666,0.0,21.0,0.5357575757575758
AEXCNSFJSDS7WTO76BIOQU2GYDJA,0.5577466835865666,,17.0,0.675
AEXCR46DMHH6ODLFC7WCGIZGMGIQ,0.5577466835865666,0.0,2.0,0.8
AEXFGERJKJ7YOSSYC2WZUKEKTFQQ,0.5577466835865666,,2.0,1.0
AEXFSHMGQ2PBLKTHLSQNM2IPJDKA,0.5577466835865666,,35.0,0.0099999999999999
AEXKH3LKCCJ7NGS2JJFPR2ZBL6NA,-0.6406771565651443,1.8565902298422066,20.333333333333332,0.15357142857142858
AEXL4OGPNMDFOCOE4QNUNECYWTVQ,0.5577466835865666,,7.0,0.5
AEXLJXLT2BECIHWJSZ5MSXA5KA5A,0.5577466835865666,,54.0,0.1877020202020202
AEXLSPCC44BZKWJSATRFAYHOM6RA,0.5577466835865666,,5.0,0.65
AEXLU5BDFIRVGOD6UO3AOCG3DUXQ,0.5577466835865666,0.0,6.0,0.4927272727272727
AEXOWERQXU5OCPLNACNFDF2OOI2A,-1.2398890766409998,,49.0,0.2238095238095237
AEXP4AULLRFINXRFJ3FXQDFYYOWA,-0.3410711965272165,,11.0,0.7
AEXQTIU2YXKVYBRLFQ5WAGVURVHQ,-0.3410711965272165,,5.0,0.7
AEXSLSUUTYLSYSRCS6Y7XDB6JXRA,-2.138706956754783,,41.0,-0.15
AEXTSZOMHUDQZ46764RKBNZ2WANA,0.10833774352967505,0.6355602180801734,18.0,0.5273908500514403
AEXU3S7NB3EBIOJE7UKO3GAM7YJQ,-0.7904801365841082,1.721105206714045,14.25,-0.06319444444444443
AEXU3XJEKY7Y5QJXKLZMPRTDUKJA,-0.04146523648928885,1.4677634519792215,36.166666666666664,0.28866446768101184
AEXUL6NAQAAMP72AP3HDBO6HTV2A,0.5577466835865666,,10.0,0.9
AEXVJXJE25VDO7ZFJUEAW53S7EXQ,0.5577466835865666,0.0,9.666666666666666,0.5027777777777778
AEXVNABLVTHK6EJVTY55T75OG2BQ,0.5577466835865666,0.0,4.6,0.74
AEXXE5WBAUV6CUOCLOX6TIMV7SWQ,0.5577466835865666,,32.0,0.3833333333333333
AEXXPCM7I5YL26QCIPCCLWH37ZTQ,0.5577466835865666,,125.0,0.1214015151515151
AEXXSUF5KNRANEPZGM5DXTIALMCA,0.5577466835865666,0.0,61.0,0.2689225589225589
AEXYAYKO4JSMM7ALG7YY3P67FXVQ,-0.22871896151299367,0.8907565703686242,20.0,0.5419448953823953
AEXZPE56DTET42XXA6WBD6CM5QYA,-0.3410711965272165,,9.0,-0.1
AEY34JINUYPHCTN23PNXPOIVSYYA,0.5577466835865666,,22.0,0.5
AEY3HV4GQHTLLILTSS66CH2IHMYA,0.5577466835865666,,119.0,0.5305555555555556
AEY4AK73HCLNM5ITQ6O2GOMNTJEQ,0.5577466835865666,,27.0,0.6126893939393939
AEY5COTUP2BYV73ZRNKJF2V4BPKQ,0.19821953154105337,0.8039271517306702,28.4,0.32808333333333334
AEYBVVQQXS7RRXDJMOHMPBHSYOKQ,0.5577466835865666,,10.0,0.8
AEYC3IF4CTBVTGN4ZCCUJ2E5XDHQ,0.5577466835865666,,2.0,0.5
AEYCJLZHSNAWFO7IKKERBKF2VD5A,0.5577466835865666,,26.0,0.0
AEYE3LSUHQEX6BWG224MKVXX6XZQ,-0.06019060899165931,0.91183143237987,5.9375,0.339453125
AEYENTSV6LFPRW3LTBBMPYBE7MOA,0.5577466835865666,,56.0,0.535
AEYEP6B5W5QBNMM4OBQBQJDJ63SA,-0.29113686985422865,1.2512334227040471,12.11111111111111,0.33556327160493826
AEYF3VOKNL6HLCREFCY7NVBT6AGQ,0.5577466835865666,,5.0,0.65
AEYFGA6BGU6ES546ZKBPE3BTOYXA,0.5577466835865666,,58.0,-0.2125
AEYFKTGX5FA2VGTPWTCVCHASEILA,0.5577466835865666,,66.0,0.1785714285714285
AEYFU5FQAJYXFREC4KHQ34EGZ3LQ,-1.1837129591338884,1.6563224437162638,12.125,0.30765875400641024
AEYG5QTSA6SYIEQQ3XUQMD24MKDQ,0.5577466835865666,0.0,9.0,0.25
AEYGPUCRKH7G4VM22FM3VAKSQ23Q,-0.2608196000884859,1.165968853794239,222.57142857142858,0.14909505025525274
AEYH6Z3S7QBUIKSHO4KYSEG7KW2Q,0.5577466835865666,,20.0,0.5
AEYHRAG6COXKW264KLLBSWBS46KA,0.5577466835865666,,7.0,0.375
AEYHSQDKAXT5R4X7VMYN4PBX2GGQ,0.5577466835865666,,31.0,0.3999999999999999
AEYJRJO4IKZUQ4ODRRTYX4247YTQ,0.5577466835865666,,12.0,0.3874999999999999
AEYL33RQMQHQNHXTTQQNYFMZUB3A,0.5577466835865666,,33.0,0.1826666666666666
AEYL4ZM2I6F6JZAMXCI6WINOA4WA,0.5577466835865666,,17.0,0.5
AEYMB2E6ZE25CVWQI6OAPB6YEXQA,0.5577466835865666,,7.0,0.0
AEYORY2AVPMCPDV57CE337YU5LXA,-0.3002158383402264,1.018305435914968,55.54545454545455,0.2987458096932529
AEYPHXPE4VADDYCCOHPQTQQ4EM6A,-3.0375248368685663,0.0,22.0,-0.0505
AEYPQ5NLVMRSU6GSY5EAMXWPP4QQ,0.25814072354863893,0.5189327450361415,48.0,0.14855092592592592
AEYQIINOZ5VGN62ICPB4ZYELPG3Q,-3.0375248368685663,,209.0,0.0946428571428571
AEYRK6RHCYZHAXVBEH5UNZ3RB5JQ,0.5577466835865666,,20.0,0.245
AEYS7TG2WOZAB7NLRVGTM5XZIG3Q,0.5577466835865666,0.0,21.071428571428573,0.3781547619047619
AEYVXZF5TQB7IGLLS3HJTDWLSKJQ,0.1396918556266675,0.5317057652572759,50.83720930232558,0.19814534046664686
AEYWRSMAMVW72QURZWK72VSR5YOA,0.5577466835865666,,12.0,0.0
AEYWSCGUMTGKVHT7K5XYCNGWRNGQ,0.5577466835865666,,81.0,0.3398214285714286
AEYX74AR7OK76BHNNFV2LIFZMTAA,-0.3410711965272165,,10.0,0.0
AEYXN35M6FE2CW34QVC64ULRRJVA,0.5577466835865666,,4.0,0.6499999999999999
AEYZSTV3DHQEGC3WSCUDBLDSC22Q,0.5577466835865666,0.0,12.0,0.5805555555555556
AEZ26WGWJ3EOQ4KWSHG77HJAG4EA,0.07327747161034309,0.6402436606135459,306.82978723404256,0.19143627459848434
AEZ2QFCLVDLNVB6VTDYNBB4ZNL5A,0.5577466835865666,,19.0,1.0
AEZ3V2ML2S5NJ63MVVZZSXYQ343A,-1.2398890766409998,,123.0,0.0683982683982683
AEZ5CUACQP3PLOTXO4TUVLB5LKNQ,0.5577466835865666,,8.0,0.0
AEZ5SFMDJRYHJUGJN2MGWRMPVOKQ,0.5577466835865666,0.0,11.5,0.7104166666666667
AEZ5XIOVMGBSCLVM5CHARW5OMU7Q,0.5577466835865666,0.0,22.5,0.2166666666666666
AEZBUIRYRO7JFUJIFNSMJKJKJELQ,-0.7904801365841081,1.9066806542405204,7.5,-0.08749999999999995
AEZCSRJ7EQFX2SJFITNKUPBXXK7Q,0.5577466835865666,,5.0,0.0
AEZEX27LZPWQFTTDLHBSKPPEUDAQ,-3.0375248368685663,0.0,25.0,0.008214285714285702
AEZF5CELBZSSHED4KXU5YM2R2MTA,-0.3410711965272165,,91.0,0.2594444444444444
AEZFLP5KAJG42V4QRVLQHR5DVSQA,-0.3410711965272165,,37.0,0.25
AEZFTFYREPX7QL5CTF7WFTFZHBKQ,0.5577466835865666,0.0,9.333333333333334,0.8069444444444445
AEZGPLOYTSAPR3DHZKKXEFPAXUAA,-2.138706956754783,1.271120436160347,49.0,0.36458333333333326
AEZGSGN6BHOOVUDJ57MB53S4HUEA,0.5577466835865666,0.0,32.0,0.40301587301587294
AEZHVVKEZAY6MAP5WA62MAYTMHWQ,0.47348250732589947,0.3506746246342131,14.90625,0.39509691220238097
AEZI7NA3EMYGPYD3MS4SWWHWZW4Q,0.5577466835865666,,20.0,0.38
AEZIW242EBVLBV24LA7FKYVN7YUQ,0.5577466835865666,,16.0,1.0
AEZJ2TU2SLZEDP2YXEM7UHTLM6EA,0.5577466835865666,,24.0,0.8
AEZJHOQMLIRXKDFFG4RXVHETGNTA,0.5577466835865666,,22.0,0.6
AEZL73IHSBRHJJGQCNB7XGND45YA,0.5577466835865666,0.0,3.0,0.5
AEZLBRKZYY5DLFUT63H24QIWAGAQ,0.5577466835865666,,11.0,-0.15
AEZPSUTSRD46AS7M5LLHH4VAXTYQ,0.5577466835865666,,2.0,0.5
AEZPSXZOZJJ3FLI44VFWMQPEVKIQ,0.5577466835865666,,3.0,0.78
AEZQZ4AQUPQGFY756EGVKOLSYSSA,0.5577466835865666,0.0,32.5,0.4425694444444444
AEZRDTTMTVKCV7BMDR3L23XHL2MA,0.5577466835865666,,3.0,0.625
AEZS2SS4IRBQHZXF2CIYNLBCWFRA,-1.2398890766409998,,1.0,0.5
AEZSZS7UV44CAJJR5FNEM4DZCWTQ,0.5577466835865666,0.0,19.125,0.4203125
AEZTMBIGAP4U5F4RV6IP2PKCAK3A,0.5577466835865666,0.0,75.66666666666667,0.3776667314167314
AEZUJSZ3B7OAOVCSMZPINNW3QH3A,0.5577466835865666,0.0,18.333333333333332,0.5305555555555556
AEZUVWEZSOU7UOSVRGWGBTVGUDMQ,-1.2398890766409998,,23.0,0.0685185185185185
AEZV3WDCDM6V4CJMN222D52REYYA,-2.138706956754783,0.8988178801137833,19.666666666666668,0.08379629629629626
AEZVUXKR7JINGI3OTHRBMUIEXHNQ,0.5577466835865666,0.0,3.5,0.06666666666666665
AEZW66K7OTLPXBNRLWZDTMUE7Z5Q,0.5577466835865666,,14.0,0.3625
AEZW74DBPW64H5IYA22DX7U7YRIQ,0.5577466835865666,,10.0,0.4121212121212121
AEZWSCRCKA7TSIPCA3TQKJHD3IOA,-2.138706956754783,,18.0,0.3833333333333333
AEZWYIPD2D6ENPX6DHU2YE43W3HA,-2.138706956754783,,4.0,-0.2958333333333334
AEZZLU5EI7CTR5VR2IOBYDNOUUEQ,0.5577466835865666,0.0,6.5,0.01249999999999995
AF2222CTSX55SOYTJNGBL6SINXYQ,0.5577466835865666,,30.0,0.5625
AF224BZVIYKHVGJGPKGC3UAVTLQQ,0.5577466835865666,0.0,22.5,0.5217857142857143
AF227ZORVJNXGFF6UFK23IYWE7AA,0.2739094582874772,0.4292456982783983,4.315789473684211,0.4514035087719298
AF232QQ7UDHGQOVR6LZ3X7ZVQ3ZA,-0.8313354947710984,1.2300109305209832,19.272727272727273,0.35753968253968255
AF24UDV5GTGYDPK3G35ZFFQIUUKA,0.33304221355812086,0.41607182972214796,77.125,0.2125179495007369
AF25TIK64YJ22WQVIZYHTNGHVXFQ,0.5577466835865666,,8.0,0.0
AF25UMM5L3RFKFFJCQWFYH4DWM7A,0.5577466835865666,0.0,1.3333333333333333,0.6333333333333333
AF26DD2NW2ZPTOXHDCQTSWOVLFDQ,-0.9402831166030721,1.3729669905337183,14.0,0.21944444444444444
AF2BLE54TEMGZ546U763ZHZRXC4A,0.5577466835865666,,46.0,0.3121212121212121
AF2BS5OQPNYMNHSCV2IC44G6U3LA,0.5577466835865666,,5.0,0.8125
AF2BVDDULOEERJOYWTJZS5ORPQSA,-0.3410711965272165,,21.0,0.0
AF2ESHQEKVEOLZEA24FOE3NIDXLQ,0.5577466835865666,,67.0,0.3351190476190476
AF2FPW2AJZGXQGM6KQDTHTOL7E5Q,-0.9402831166030721,1.3729669905337185,28.666666666666668,0.2353174603174603
AF2FTNKCY6XY67BKBUO4BNJRZ4XQ,0.29338848355310104,0.6936569763313633,13.647058823529411,0.37784313725490193
AF2G3CTO4O7HQFR2MVG4TF7HZTAA,-0.34107119652721657,1.2711204361603468,22.0,0.1083333333333333
AF2GBJ4UJOOCTEG6LEXGDPG2VUJA,0.5577466835865666,,5.0,0.8125
AF2K6NRRABAJOLWLM4BPSCIKVQJA,0.5577466835865666,,18.0,0.246590909090909
AF2KUNPWY3XXWEEPG66BB4EMZT4A,0.5577466835865666,,25.0,0.0222222222222222
AF2LIH5TPYYGODLRYOCZ56D5TDKA,0.5577466835865666,,54.0,-0.1409722222222222
AF2M7VDNKO376XFGMQZ7OUVSWR2Q,0.5577466835865666,,17.0,0.0
AF2NCCWGOA6IWAN6745E2SOIKFOQ,-1.2398890766409998,,7.0,0.1666666666666666
AF2O4GMP7Z6ZV7WZGJM5MGT27GAA,0.5577466835865666,,162.0,0.2443824404761904
AF2PS4EFHEZRHLI4FXKA6LYR3WFQ,0.5577466835865666,,17.0,0.7775000000000001
AF2T7NQ5S7SVEBHC7VGY23KZGQDA,0.5577466835865666,0.0,77.5,0.23726388888888886
AF2TK6ORPJPQH2TBE4PKEA7DCX2Q,0.5577466835865666,0.0,31.5,0.4521309523809524
AF2TS3KEYKELC73VSUTRGAE44FQQ,-0.7904801365841081,0.6355602180801734,93.5,0.23699921290830375
AF2VTDKGOBVINTPJH5IVAJRKDEPQ,0.5577466835865666,0.0,22.0,0.21444444444444444
AF2WT5HLSFDRZLZXCMBQL4DT2FBQ,0.5577466835865666,,34.0,0.3
AF2Y4ZTHLJB72VUEMDRQAJDLJI3A,0.5577466835865666,,25.0,0.0062499999999999
AF2YDVBOVLWP3WP2GEE6AZD7LPUQ,0.5577466835865666,0.0,23.75,0.38354166666666667
AF2YVVF5EWP7SJJNCB2H32FMMDGQ,0.5577466835865666,,13.0,0.6666666666666666
AF2YXQVXC5KE672X6PWMHE4GXH4Q,0.5577466835865666,0.0,51.0,0.1666666666666666
AF2ZMVLJAQX3WLS5HD6646QZI2NQ,0.5577466835865666,,23.0,0.425
AF32UU33D7ADPI2NFMDV36P2TM4Q,0.5577466835865666,,7.0,0.1666666666666666
AF33JZMEOPNR5RROTLPJA3VG43CA,0.5577466835865666,,39.0,0.375
AF35BGUUHLK3335IM3G5GXGXOQRQ,-3.0375248368685663,0.0,45.0,0.06291666666666665
AF364RSCZMTAEVX533SS37L7G4OQ,0.5577466835865666,,3.0,0.5
AF37HETXCNPLIXJRMMYWVDLI4QBQ,-1.2398890766409998,1.4677634519792215,14.4,0.42908333333333326
AF3CK4ESKOD65RAC23OSFQNTP5KQ,-0.04146523648928879,0.5189327450361415,26.333333333333332,0.28200026164311875
AF3D3R7EJKCATWRQYAJPKAOGNAXA,-2.138706956754783,,22.0,0.25
AF3EZS3KE4ERLKYHQ3Y324EBQEIQ,-0.6406771565651443,2.075730980144566,9.0,-0.16666666666666666
AF3FH5H3IEN5GCFHRPJ2BV3BW3SQ,0.5577466835865666,0.0,4.333333333333333,0.8333333333333334
AF3GHL7OXSMBHL2WASZUJ3SURYSA,0.5577466835865666,0.0,10.0,0.45693392255892257
AF3GYVKFGZ4R24UB5N42W4PVKY6A,-1.2398890766409998,,36.0,0.0111111111111111
AF3HNAQK2URNEBAZQCRZGSPBU5FQ,-0.20791299206591532,1.134289857940594,155.85185185185185,0.22022772569775423
AF3IELI63FDNLEAGV2I6KYJ2LXFA,0.33304221355812086,0.4494089400568916,15.75,0.278125
AF3IUNTQXWHOFUPEA5GHRTLFUK2Q,0.5577466835865666,,7.0,0.0
AF3LBRZERHYKJUAXLP4UYNQFOD3Q,0.5577466835865666,,34.0,0.3833333333333333
AF3LZY7Q2FOIBJUBFW3LEANBVOQA,-2.438312916792711,1.037865490072283,12.0,0.0
AF3MCWIU26SI5GDS4Y7BOYRIMCMA,0.5577466835865666,,6.0,0.6
AF3QKQDBPOQRR3YKMXXVW5CHWFMA,0.5577466835865666,,7.0,0.78125
AF3SS2K7HDO7SLEMONGZ6KEYPL7A,0.10833774352967504,0.8988178801137833,21.25,0.20208333333333334
AF3UFP5D6EA7XVCAAWSF7IS7T3MQ,-0.3410711965272165,,2.0,0.875
AF3XGVFJGJKRVHB3YCCVOJTPKZIQ,0.5577466835865666,,1.0,1.0
AF3XN2CMS7TNB4PPCD7XRRCWB6YQ,0.5577466835865666,,24.0,0.0056818181818181
AF3YB4B5S7TMESAOQL43JYWL4FOA,0.5577466835865666,0.0,2.5,1.0
AF3YUNGL3RAJWRNOI4UNSPY76VQQ,0.5577466835865666,0.0,18.0,0.6166666666666667
AF3ZRKX34AGQNZ2MPMFKPQ2X2ZNQ,0.5577466835865666,,2.0,0.8
AF43PJH7OJ6557NMXAAP5CRLDNGQ,0.5577466835865666,0.0,14.0,0.6458333333333333
AF46PQQYVBOILGKBR4SKP7VJNOCA,0.5577466835865666,0.0,156.5,0.27591910484151866
AF4BD6HDGEAYGFGPYWMXFUPBXVXA,-0.34107119652721657,0.8988178801137833,22.0,0.3567460317460318
AF4BN5IK6HUEXLPTUULD22TGEFOQ,0.5577466835865666,0.0,1.5,0.3375
AF4BOHAQZZBMDYP7B6IWIKQNHTCA,0.4079437035676028,0.3669408629948054,8.333333333333334,0.50546875
AF4CEMXNWUBPEGBGXOH3ZZP2T4YA,0.5577466835865666,,22.0,0.3924242424242424
AF4CL5VBGKUR5FSP4FMLWT3ZWMSQ,0.5577466835865666,0.0,5.0,0.0
AF4EKXYDG4OWBDAS7NXUGSG6IY3Q,0.5577466835865666,,25.0,0.5666666666666667
AF4FLIUFGWPFLQQEBEIFQHGERKRA,-0.3410711965272165,,136.0,0.3916666666666666
AF4G5OBISHGTROXGK76JLBIKHSUQ,0.5577466835865666,,8.0,1.0
AF4GFATVLGDPUMYVAWU6N3ULQEPA,-0.3410711965272165,,64.0,0.196875
AF4IKJMS4TPSLWTXBJHRJ542XQAA,0.05216162602256358,1.2266476860748519,23.4375,0.4641352513227513
AF4JBSDXHIXSJOPQAL5FK4PJPGTQ,0.5577466835865666,,4.0,1.0
AF4KGFYH26KERCGL7IO2KQKJM2SQ,-0.41597268653669844,1.1786847543753156,20.166666666666668,0.33863756613756607
AF4NIQPIZQ3S3G6KEVQW33DNHZSQ,-0.04146523648928883,1.037865490072283,32.666666666666664,0.06382575757575754
AF4O6U23HTVGGKWAKWXIWF6ZW7CA,-1.2398890766409998,0.0,160.0,-0.00802579365079365
AF4OI5F4QGCITNUT7YUMI344RJDA,-2.138706956754783,,21.0,-0.5375000000000001
AF4OMOFLB27YNVHNR5CIHJM77UEA,0.5577466835865666,,14.0,0.5333333333333333
AF4SXU4676UWMQQSX2GKHHFBBT6Q,0.5577466835865666,0.0,8.0,0.75
AF4TOFX7CQ2YAG5WM3PCCPKHH3FQ,-0.3410711965272165,,56.0,0.1924999999999999
AF4VEZGRGAT75ZVAOR4KRNDMZIBQ,-0.16130762050445996,1.6078543034613406,43.0,0.43131493506493507
AF4VFAAC7R62GKNCONMXAWNTSSSA,0.5577466835865666,,35.0,0.4
AF4WLLHTQLRPEZ33OJDYG23MFLKQ,0.5577466835865666,0.0,5.157894736842105,0.5815789473684211
AF4WPFKHHNUEKY2I7TJ6GR4YJ3KA,0.10833774352967507,0.6355602180801734,8.5,0.5
AF4WXF7NIDXZCB23OODOMCQR2WKA,0.5577466835865666,,18.0,1.0
AF4XAUOI5XPGWHCPOTORKBIJSRDA,0.17253902068065957,0.6794424527769536,34.642857142857146,0.3501513188247882
AF4XFLPD67HYHE2UGJTWV2IU7BDA,-0.49087417654618043,1.3230240965907776,23.666666666666668,0.3009920634920635
AF4XMOHDXFRANNUJW3JMI4MYGEPQ,-0.04146523648928883,1.037865490072283,56.666666666666664,0.21173504273504273
AF4XPHIAAWI536Y7GHFBFCV7SQ3Q,0.5577466835865666,,2.0,1.0
AF4Y2O5Z4P7JZPXUQSR62VAP2I3Q,0.10833774352967504,0.8988178801137833,96.0,0.2703735119047619
AF4ZJVB5TJEJP4UTBLGGJTUDRGSA,0.5577466835865666,0.0,6.0,0.7200520833333333
AF56CJJC4GXQYWFTX7EIBYWV4KQQ,0.5577466835865666,0.0,51.666666666666664,0.2117424242424242
AF5BBJOFGZN6OU7SFABYJT7YAHBA,0.5577466835865666,,2.0,0.8
AF5C5KSGB7FPNFY3B2F46AX5BRZQ,-0.004014491484547855,0.9533403271202601,7.125,0.5916796875
AF5DDQZBNB2UEWU6IZF7VELJQJGA,-1.4196526526637565,1.6078543034613406,20.0,0.1878717948717949
AF5HQITKATBZWSKQ5BXEKW4CK4HA,0.5577466835865666,,94.0,0.1333333333333333
AF5JU3VCZM2XNQAN6T7NFJEENENA,0.5577466835865666,,85.0,0.0422619047619048
AF5KFHNT3TQJ2GNSE3FCDFQOBICA,0.5577466835865666,0.0,8.0,0.6833333333333332
AF5KHOHRF2PHDZVWJSYAVFUD7C2A,-1.6892980166978915,1.7597865579420613,12.8,0.0024621212121212184
AF5KLMIXJ6ISU7NAPIEP57SE62NA,0.5577466835865666,,4.0,0.8
AF5KVQC7THWPXYVICOES6BMHNZSQ,0.25814072354863893,0.5189327450361415,1.3333333333333333,0.8000000000000002
AF5LBIWMZJFNZ4AIKDAJSL5S6TEQ,-0.3410711965272165,,2.0,1.0
AF5MJENGAL5G6BUFIVMH5LRSZ6EA,0.21204749892741928,0.8635562864977334,30.307692307692307,0.4767101488255335
AF5ONT5E32WV45KAMQSUT43IPXOQ,0.5577466835865666,,47.0,0.2203703703703703
AF5OX5OJ2IFYUMGEETNMMIKITRKA,0.5577466835865666,,5.0,0.4454545454545455
AF5PN3FPG5Z66P7Z7UWL56D6CGMA,-0.5208347725499733,1.6078543034613404,32.4,0.3258359788359788
AF5PSFCS64I5CGSNI5Z5CJJB4QEA,0.5577466835865666,0.0,11.0,0.6
AF5SRI2Z6Y2F4OBEEPUQ7RMPFIIA,0.5577466835865666,,5.0,1.0
AF5WQNTBQKV7QBBKRBQ7N5M3TDXQ,0.5577466835865666,,61.0,0.65
AF5WTPC7OZF45HXB5J2V3L4CLVEA,0.5577466835865666,,20.0,0.4666666666666667
AF5YGFIDUL4PVHGLOLLCE2ZOZSCA,-1.015184606612554,1.85296052895144,33.0,0.24810267857142856
AF5Z2RWMKZOTVIXDTOTYJKVJ7G2A,0.10833774352967505,0.960876731569209,32.0,0.292311553030303
AF5Z7T3SAFEAVEQALVC75JIFNTGA,0.5577466835865666,,2.0,0.7
AF5ZPPZA6HEYRFCBJYWVCTZJOUMA,0.5577466835865666,,7.0,0.7000000000000001
AF62AEIOEKVHHD4XH2ID7PXWB7AQ,-0.3410711965272165,,203.0,0.1384178187403994
AF63IMM5Z4WG32KOGDHDC32EWE3A,-3.0375248368685663,,41.0,-0.3499999999999999
AF63JIAC77OVDXQA7KFM5FEZJR5A,0.5577466835865666,,17.0,0.48875
AF63NWLQNHWRWRCTECW5D46FTZTA,0.5577466835865666,,31.0,0.1857142857142857
AF63SFHHIMHVF6TDVLBSAEVEUYMQ,-0.3410711965272165,,19.0,0.1761904761904762
AF654EU2AS2ZMYMT4DM5ZCA2WJ7A,-1.2398890766409998,1.5567982351084246,104.66666666666667,0.05110329485329487
AF65L4YYZQHLPDL6VKUEOUKKJ3ZA,0.5577466835865666,,79.0,0.2275
AF67PYI2JFGZ7SZZOOWPTIWBZW5A,0.5577466835865666,,28.0,0.6
AF6AJODJRJ4VMXE55IRLXKMUAXSQ,-0.7904801365841082,1.3588849055539074,75.75,0.2817756712533498
AF6AK5OVE22L55JHPJZITX5SFAUQ,0.5577466835865666,0.0,1.75,0.725
AF6AP3BHDLCYBCYNIH752RMQUC3A,-1.2398890766409998,2.5422408723206935,91.0,0.0885470085470085
AF6ATWNWHV5O53ECWO3WXEFTZ6FA,-1.2398890766409998,,7.0,0.0
AF6CIVHLLNSTQDVHUSNDCLT4UXNQ,0.5577466835865666,0.0,84.0,0.2991190096453254
AF6COLVCUDL5WZZMOBHMCNCBQMEA,0.5577466835865666,0.0,23.5,0.4271614583333333
AF6JERHUB6IQWBPOG6XOKIUYI3VQ,0.5577466835865666,,62.0,0.5833333333333334
AF6KOXEH5SDNBKOTRIWUZ4FYX3FQ,0.5577466835865666,,31.0,0.125
AF6KU2PB4NMUREATJUXXGKEAO3QA,0.5577466835865666,,195.0,0.3666708291708292
AF6L5ZQD3WBL2P7ZN5VAFMABWMHQ,0.5577466835865666,0.0,172.0,0.2117165977961432
AF6LHQ63Q5E7IVNKS2M54VB3YI3Q,0.5577466835865666,0.0,72.0,0.2912738095238095
AF6MMBBZYTZFCV4EFCSC4ULFILWA,-0.7904801365841082,1.5567982351084249,30.0,0.3546875
AF6N3BBR32UMXX276IR7CTZTVTQA,0.5577466835865666,,22.0,0.4
AF6QMSNCJH3DDOIPR7PBNXXF3WHQ,0.5577466835865666,,14.0,0.6083333333333333
AF6RDBIZWDAI7TZKDHIW6OXYVLTA,0.5577466835865666,,78.0,0.4341666666666667
AF6RFA6T3KGL2PMIAEML5F2HINGQ,0.5577466835865666,,3.0,0.5
AF6RYGFAHCMPVK2KGRZXEBHLTCGQ,0.5577466835865666,,83.0,0.1669421487603306
AF6UNOZX7XRKH32473UO44C2AHQQ,0.5577466835865666,,13.0,0.7
AF6V7WITEVZYZTAICVICHOAVL5NQ,0.5577466835865666,,5.0,1.0
AF6VEZECVKT4NDPCRMKP626H3KEQ,0.5577466835865666,,58.0,0.705
AF74IF7IL2FWPDLYS7BSSWQA7LCA,0.5577466835865666,0.0,18.0,0.5281944444444444
AF7DEHKMKM7GNZCHQUMZMREGKM5A,0.5577466835865666,,18.0,0.175
AF7EM4N67D5P4YJKZZF7XODK6HVA,0.5577466835865666,,17.0,0.425
AF7EY7M7BAOTHXN3K7K6R5WSVTVQ,-0.3410711965272165,,4.0,0.0
AF7FMSNMIAN6ZABPSPWKXH3B3RVQ,0.5577466835865666,,4.0,0.8
AF7GJOFZAY2NE5FYJZPQA65FWVMA,-1.2398890766409998,,18.0,-0.1374999999999999
AF7HW6NY5XXOX3DE4WQOTGQYHC6Q,0.5577466835865666,,20.0,0.3611111111111111
AF7J5A2ME55LSCRVQWXB3BKE7CHQ,0.25814072354863893,0.49857445446986004,176.14814814814815,0.2797977529181273
AF7JT6CKVCYYXMMVB23LBN2VSQ5A,-0.3410711965272166,1.7976357602275665,28.0,0.2692559523809524
AF7KCL6AOHTWOWXABCK3ZOJGGRPA,-0.3410711965272165,,14.0,0.57
AF7KZKMOVOUFI6GEOLFDIHERFAJA,-3.0375248368685663,,14.0,0.0
AF7MRXMT5BZFOEQY7X3F6D4QDEOQ,0.5577466835865666,,13.0,0.25
AF7NMW5KYBO2K53GR2GPMC3DPY5A,-2.138706956754783,,6.0,0.7
AF7R4AQDDVFXBSEBYRIMI2WPFB4A,0.5577466835865666,,73.0,0.3714285714285714
AF7R4ZBXQZACHPAR62HARSTCNFWQ,0.5577466835865666,,131.0,0.3916666666666666
AF7RHUB2RXOIRQDSH7SZDLYPZPQQ,0.5577466835865666,,2.0,0.7
AF7STGSJYCAHOQAKN3JTC3JC3Y5A,-0.26291311999558326,0.9738446153961637,4.434782608695652,0.33405797101449275
AF7VJSFT24TEW2HAAUAMDJDAENTQ,0.5577466835865666,,5.0,0.5
AF7VOQPCGNOCDZVRDNTQGESZJ62Q,0.5577466835865666,0.0,19.571428571428573,0.4110799319727891
AF7YEJZHL2PP3L7R3HBJZENN7QXQ,0.5577466835865666,,2.0,0.625
AF7ZINXE6MF5H7AGHIMQIOBTRPOQ,0.133304906866169,1.1467513520385044,17.25,0.3505782527657527
AFA26DYXVLJYTYZ3KET77GE27N2A,-0.11636672649877076,1.1129867437689576,82.3125,0.19831359728414272
AFA2HZAKKWNUGYNOMQT7TTYOKYTA,0.5577466835865666,,5.0,0.5
AFA2RRMTDTTMIHOUD6WNBH7AH75A,-0.3410711965272165,,137.0,0.2979166666666666
AFA2U2ZWVRYX3ACXTUL7DU3ZUGLQ,0.5577466835865666,0.0,2.3333333333333335,0.7133333333333334
AFA6RLSFP5Z2NDOGPYJ3U3Z3SPNQ,-3.0375248368685663,,19.0,0.2
AFAA7WD5EOAHFKGTWFRBP6YCE46A,0.5577466835865666,,23.0,0.65
AFAAJ2JQBNPL7JYAP4JWBWPJD5LA,0.5577466835865666,,21.0,0.25
AFABDHAX4UX5QYXIFBZEQRL6P4VQ,0.5577466835865666,,6.0,-0.25
AFABY5MRZ2ODH6AGPR3RYIMUIMNQ,0.5577466835865666,,12.0,0.7166666666666667
AFACEDIFMYWY4CHKDKHJ3N5B33XA,0.5577466835865666,,2.0,0.85
AFAD6IGTLID7GW3T6WVNVBGUNQVA,0.5577466835865666,0.0,15.692307692307692,0.43504273504273505
AFAE5TN6ZBXFPCM7ROQKDHZKNZNA,0.5577466835865666,,5.0,0.5
AFAEKCTJEQFGDCQEIFNJP3IORW2Q,0.5577466835865666,,4.0,0.5
AFAEZ4JGUCWVNTSTH4MSZWXK7HFA,-0.34107119652721657,1.2711204361603468,51.0,0.174469696969697
AFAFOJDV3TNEQMR2H3EYKM4UEMNQ,0.5577466835865666,0.0,11.0,0.2625
AFAG52VPTIGYZT5TRHW7FUWXOQ3A,-0.3410711965272165,,268.0,0.229005376344086
AFAHVT5FXHSIGNDR7YZK3FOCW3YA,0.5577466835865666,,32.0,0.0715277777777777
AFAIAU26DKSQCZLMTXQN3BP2QGQA,0.5577466835865666,,58.0,0.2458333333333333
AFAIJYOUO3NAWLBDIKTQSC3DASWA,-0.07734618978724422,0.79730975564713,226.37724550898204,0.20013761799277496
AFAIUGQT3CKQQ5NAVGOMKIN5F2BA,-3.0375248368685663,,30.0,0.01
AFAJQ42J7ZEW6SCDDCPMKJ5CPWVA,0.37798310756381,0.4019635758653351,47.8,0.42508035714285713
AFAKDRFJXFX22FDQKP2AXHR3OWEQ,0.5577466835865666,,5.0,0.5
AFAKVUN4OHGPAGON3THJXPGJ4BKA,-0.0040144914845478274,0.4651824473907202,153.375,0.254587288230941
AFAKXUI6QSD7SO5JOUKI6EBY2CDQ,0.5577466835865666,,241.0,0.1805357142857143
AFAKYTPXRB64ABMSP547V22KF7NQ,-1.2398890766409998,1.681534280246116,20.2,0.1736111111111111
AFAMBSYJBEWO3QMJ4X6ODGJ7ZKUA,-0.3410711965272165,,21.0,0.45
AFAMOLAPKR3M2NPTMB362T2Q5RBQ,-0.12500920611524943,1.1848624642375378,27.60576923076923,0.3511418139152514
AFANGZRYDXU6RZFWNMAPBLV2AFUA,-1.2398890766409998,2.5422408723206935,64.5,0.09010416666666665
AFANVB6MPHJTCTFOVIEBKLWZ2GVA,-0.8803619245954865,1.2508891112310194,54.7,0.2936031118080871
AFANZDVCKZBLGJ5UPC37ASPTM2WA,0.5577466835865666,,117.0,0.2051948051948051
AFAP7A6P3TICUUAOBBRXPHUXNCZA,0.5577466835865666,,75.0,0.0121527777777777
AFAPY6Q67HMIBQTTW53CM3N47SMQ,-3.0375248368685663,,15.0,-0.1166666666666666
AFAQU455OWWJBFAIRTUGZLXTLWCA,0.5577466835865666,0.0,7.666666666666667,0.4388888888888889
AFAQYJOKMELB4JP3SJ2426HCXEAQ,0.5577466835865666,,28.0,0.0052083333333333
AFATF3CIWPOPQ647GC3FTRK4VBPQ,0.5577466835865666,,3.0,0.7500000000000001
AFAUPE7JAJBEGFXCYHA3HGGSPR5A,0.5577466835865666,,50.0,0.2142857142857142
AFAVJAKFW4G3OFIN6KOPI46AAKDQ,0.5577466835865666,,13.0,0.1249999999999999
AFAWHRH5SMYTLVJAA4D2ALJHN5HA,0.5577466835865666,,34.0,0.35
AFAX43IN46NU5GHTTOOON3EQNW2A,0.5194991142200227,0.26221212488190515,15.638297872340425,0.45220278583709433
AFAXSME5L36JLYDFLIAO7NF4F2UA,-0.3410711965272166,1.7976357602275665,36.75,0.2708658854166667
AFAXW2JSMFBWTUIQPYEJQUNLPNOQ,0.5577466835865666,,6.0,0.0
AFAZJO4FXNPYFIGOUIWIAUQYBWLA,0.5577466835865666,,3.0,0.5
AFB23VOIW47YOEXNDOX7NXT3CQNQ,0.5577466835865666,,39.0,0.2827380952380952
AFB2SFHBF4INKNJDHNM6NHSNA2RA,0.5577466835865666,,1.0,0.5
AFB2W7K4MNWXLZTISBUUINONT6EA,0.5577466835865666,,91.0,0.156
AFB2YVTRAJW2GCUQMBBNHEPNXCGA,-1.060125500618243,1.1719151371753844,16.6,0.4986309523809524
AFB3L4JRAOROSUZ2NQEWT5J252XA,0.5577466835865666,,32.0,0.277
AFB3S46LJXHSIIXQDZGNX6VO32NA,0.5577466835865666,,2.0,0.4
AFB436FXVBLY6VYXRQJW6F53GRNQ,0.10833774352967507,0.6355602180801734,2.0,0.3999999999999999
AFB5QFLDXP2T5V2RFVJJS2OVKDVA,0.5577466835865666,,25.0,0.1583333333333333
AFB6GBEYFLU4ARUPS3MESCJPO6JA,-0.34107119652721657,0.8988178801137832,20.333333333333332,0.10909090909090907
AFB6LWZEGOS2N533N2BGGYIZ3PDA,0.5577466835865666,,58.0,0.6472222222222223
AFB6OR5RIL4UP5HCNAYDCP24UQ4Q,0.5577466835865666,,19.0,0.6125
AFB776E5ZYFKDOMSHU42TBUDJWDA,0.5577466835865666,,7.0,0.7666666666666666
AFBA6P7ULPQZNMRW2LHXALFEGEVQ,-0.34107119652721657,0.8988178801137833,57.55555555555556,0.2049419545596016
AFBAUNG5JZ4FJZHVTWZSEASNQJRQ,0.5577466835865666,,2.0,0.5
AFBCTQL4LFFQPPKWM73B4VORICXQ,0.5577466835865666,,60.0,0.2851190476190476
AFBFBKRVURIRVCVMHDOR4PFXXCDQ,0.5577466835865666,,70.0,0.4049999999999999
AFBGS3BNUGBSMG6WH3QCLTB4W22Q,0.5577466835865666,,34.0,0.28125
AFBI5C4W3COTCIVUHXKU5G7A4CBA,-1.2398890766409998,,60.0,0.0981481481481481
AFBKDT5DUSYSURQRYZ3DGGSG5MIA,0.5577466835865666,,31.0,0.65
AFBNUUEP6RLU6BCSATVAKDQM7ISA,0.5577466835865666,,12.0,0.2666666666666666
AFBOPU3ZPBEHXZBGXQ6HLR5GOAOQ,0.41946700972290774,0.3375365013069638,29.923076923076923,0.36864108114108113
AFBPEPLR6T324PCFTF3SDLOD4FWA,0.5577466835865666,,20.0,0.1166666666666666
AFBPXPGKYYS4ELDQKDQLI4GUMI7A,0.5577466835865666,,20.0,0.33125
AFBQWGTHEJKBDS7LO7KSMOLXZ2JQ,0.10833774352967507,0.6355602180801734,43.0,0.16055555555555556
AFBSRM5W4VXZYBQXA4V3NXRUL32A,-1.2398890766409998,,94.0,-0.0074074074074074
AFBTXCSLSSICK734GIDYSHVZVSFA,0.5577466835865666,0.0,10.666666666666666,0.09166666666666667
AFBUVEUIZZMKE2PC7D46LCM6C53Q,0.5577466835865666,,10.0,0.35
AFBXSJ5I6I4PPWAYEW4A6GP2EX7Q,0.5577466835865666,,57.0,0.725
AFBYH22SGVKVC7G7MI774527B7TA,0.5577466835865666,,11.0,0.5
AFBZU2GJP4GCB3NWA6HIL63KDZYA,0.5577466835865666,,113.0,0.2198717948717949
AFC3IQ472D7B2SCOKFD5HEJI3CCQ,0.5577466835865666,,7.0,0.7125
AFC3MFI2MO2YBWWOPMVGMT5NSKGQ,0.5577466835865666,,5.0,0.5041666666666667
AFC7EE4DVV3XQKMOI74ZA4CP24SQ,-1.6892980166978915,1.9066806542405204,20.5,-0.0050000000000000044
AFC7LVTESVNJUEBZUE7PZHQKK7FA,-0.3410711965272165,,111.0,0.2455387205387205
AFCDFAXUFMPYC5QCYCCBM2FKRQZA,-1.2398890766409998,,28.0,0.5333333333333333
AFCDFCIQQ626L7CMOLONYI2REBHQ,0.5577466835865666,,16.0,0.1883116883116883
AFCF42UEL75CPDL6CLELVNQ4FTTA,0.5577466835865666,0.0,19.75,0.35833333333333334
AFCG4PXZWKCP6XTTC4AQU2OCYAYQ,0.5577466835865666,0.0,10.5,0.35
AFCHDP2FFJT6DDXPDZBIPXJZVWDA,-2.138706956754783,,65.0,-0.3854166666666667
AFCHZEWYXBKTILVVSVCS73VVUY4Q,0.33304221355812086,0.4494089400568916,30.25,0.41892045454545446
AFCK3OITBY3PCAFLDZAA2XNEQJDQ,0.5577466835865666,,3.0,0.625
AFCLP4J336GVLB2VXGO65NOPYPSQ,0.5577466835865666,,19.0,0.8
AFCMMPNL4TFUNXI5W2CW262YXSMQ,0.5577466835865666,0.0,40.5,0.43437499999999996
AFCOEGXRB5XGUYAT7JO37HCDP5IA,0.5577466835865666,,43.0,0.1659999999999999
AFCOQRS45VWQGQHZDWS6T5NTUADQ,0.5577466835865666,,2.0,0.5
AFCQODELZPN3GI4MKTVHEJEGXF7A,-1.2398890766409998,2.5422408723206935,49.0,0.19625000000000004
AFCQVUEGUPO4B3KQGQ3WFCOOKP6Q,0.10833774352967507,0.6355602180801734,28.0,0.23375457875457875
AFCSIDWSKICZ5UH26NREKPW25X4A,-0.04146523648928883,1.037865490072283,26.333333333333332,0.4226005497685185
AFCUIZAAO3TSWKVRKXC2ZASHAXDQ,0.5577466835865666,0.0,28.833333333333332,0.37133333333333335
AFCYHUU4NDAQNWRWLFNZYVBZAPFQ,0.5577466835865666,,18.0,0.7
AFCYPN2FTQWORDT33DWOSNQES7KA,0.5577466835865666,0.0,6.0,0.30000000000000004
AFCYUFW3NQ37UQXYVWL3LN4LAKLQ,0.5577466835865666,,48.0,0.1726190476190476
AFCZZDLVU3IBXQJA3OIG2SMKVBVQ,0.5577466835865666,,1.0,0.25
AFD2BNRFRZQKGEUXGEHO3TAWEIGA,-3.0375248368685663,,43.0,-0.2833333333333333
AFD2DDV4W6XBFKXH4RMD3ATNWPJQ,0.5577466835865666,,36.0,0.45
AFD6JJWQ345PY6RD3AEVQT635RYA,0.5577466835865666,,13.0,1.0
AFD6OGB6AY4YPKN62LCTXGYR7KJA,0.5577466835865666,0.0,65.33333333333333,0.333454335016835
AFD7AT5OTJ52EA3Q2LO4QFDGO5PA,0.5577466835865666,,10.0,0.6
AFDAN27KWZQOMPX5J2NB7MAPOIXA,0.5577466835865666,0.0,2.0,0.8
AFDAUD2XGCFQCXSQVHR5EMMZ27AQ,0.5577466835865666,,4.0,0.625
AFDBZN7YA4VAVP2HS3B73XKUA4TA,0.5577466835865666,0.0,10.75,0.6465277777777778
AFDDZZPYGARHAPE4BBHJWQ2YAAPA,0.5577466835865666,,20.0,0.7138888888888889
AFDEDV6F2BJG7SDKLY3LB5C24JVQ,0.5577466835865666,,11.0,0.4
AFDEH7TVRJ4GBWE76Z7RBSHQOC4A,-0.13365168573172814,1.3308296162096296,14.384615384615385,0.2657451923076923
AFDERBL3G23J5U6HHQBAZLTREKOA,0.018455955518296752,0.4923028280272931,22.2,0.4779999999999999
AFDERNB6BIR3U2DOR3S2KX7KJJXQ,-1.4196526526637565,1.1719151371753844,14.8,0.24299999999999997
AFDH2GAWP3RSARBENKZKV2Y7W34Q,0.5577466835865666,,19.0,0.4000000000000001
AFDIUCNEDNFPWKTJ63N4VQNZIFHQ,0.5577466835865666,0.0,18.142857142857142,0.15574945887445885
AFDK44VZEDMW26DZF2VDWSDNHE6Q,0.5577466835865666,,24.0,0.3722222222222222
AFDMBP5WKTPK4TUMUXPDDDQOFP2A,0.5577466835865666,,35.0,0.4399999999999999
AFDMZ4TRX3HXQQUGWAHJQTIF65BQ,0.5255020959591663,0.2678376503103222,3.7219730941704037,0.6760376776520274
AFDNHQUKH6IZULW3MH575JMEDWHA,0.5577466835865666,,6.0,0.0
AFDNLNTANUGENK62RSTAQALJOWPQ,-0.3410711965272165,,261.0,0.2714015151515151
AFDPKX3DYZI6FV5GXLI7NVTULR4Q,0.5577466835865666,0.0,30.6,0.2129292929292929
AFDSQSP5V3OKKBRVZDPOQMJSLNKQ,0.5577466835865666,0.0,9.5,0.1875
AFDSTZALRDM64PFS64CMKVIZUN6Q,0.5577466835865666,0.0,6.434782608695652,0.4785990338164251
AFDUIMTDQILPKQMOJQ2XM3EGBPPQ,-0.11636672649877075,1.3482268201706746,8.0,0.6153472222222223
AFDZ2TKCJCQTGS5IEUTKES43CKKA,0.5577466835865666,,6.0,0.0
AFDZTUGGQIHCVV2AQ5B2Y22KPVRQ,-0.10659696693231659,1.0913545377378349,80.26086956521739,0.26397973192266666
AFE337D2J37YRU5U6MVTVKNDKWDA,-0.7005983485727298,1.3631248063578554,36.4,0.17736961451247166
AFE454TBPJXVP55M6STLR6R5664A,-0.8803619245954865,1.5040099828505988,22.8,0.17666666666666667
AFE6BPTGLVC7ZE7TCSR3G3T2K6VA,0.5577466835865666,,35.0,0.5
AFE7OXQ2GPXOICDFCLDEOW55SKLA,0.19821953154105337,0.4923028280272931,23.4,0.5032261904761904
AFE7XVAELVHIHWHKM6NFIVLS55YA,0.5577466835865666,,11.0,0.0
AFEA4J7GALPGC6PJDLQQLTDYFSKA,-0.3410711965272165,,2.0,1.0
AFEAJQIVVIZCTKQNNHD73H7VQSPQ,-1.2398890766409998,2.5422408723206935,27.0,0.2833333333333333
AFEBIROAXLIDRIA7UKEONIX2T5LQ,-3.0375248368685663,,222.0,-0.0109523809523809
AFECJFZZCGTND6HWT4EENHOVLYGA,0.5577466835865666,,2.0,1.0
AFECWDHJXGC2NPMMCW6FT55WUY5A,0.5577466835865666,,26.0,0.7333333333333334
AFEDZ3V72UXPLF5SSZQAOSMHZQIA,-0.4694737508291856,1.3157346521557305,2.4285714285714284,0.3535714285714286
AFEEZNPBQQMYEF3ZNDAAKPD3KEXA,0.5577466835865666,0.0,2.0,-0.10000000000000002
AFEGHKRUQPHJXO654PI6VT2WDRWQ,0.5577466835865666,0.0,142.0,0.1372655122655122
AFEHQFGHHAGB37ILECOPN6ZNOJVQ,-3.0375248368685663,,3.0,0.0
AFEHTC33FA4UXWIO2MKKHFHPBO5A,0.5577466835865666,,25.0,0.675
AFEHUA43I6DXUYV4U2IW2AVEAH6Q,0.5577466835865666,,11.0,0.5
AFEI6AGUAQV4FH4TSBSHUHRXBHYQ,0.5577466835865666,,23.0,0.5
AFEIN7QWSQ6EFW45LKD7ZOCSMLGQ,-0.7405458099111202,1.4980298001896388,68.33333333333333,0.27064142416225745
AFEJ2MZWR7O64X2S3ZI2J7BFKTYA,0.052161626022563606,0.7139536118171598,7.671875,0.3343985333243146
AFEJKJ56OD6H2XH55DGHJI2526MA,-0.5807559645575587,1.6803899900283645,37.13333333333333,0.29000444000444
AFEKAJBRLIJLH5BTSKQQUA63IOGA,0.5577466835865666,0.0,33.666666666666664,0.3163690476190476
AFEKLROUUZQMAEHTHHGP2ZHFV37Q,-3.0375248368685663,,42.0,0.175
AFEKXB75RG55V2AMHSSXS4D3NUDQ,0.33304221355812086,0.4494089400568916,21.25,0.5102120535714285
AFELPHCVIVREBKR6OVK54QE33TYQ,0.5577466835865666,,63.0,0.325
AFEMNWPO23WHVPSHB4N4RMMPQXQQ,0.5577466835865666,,139.0,0.1173076923076923
AFEMVUNGJXKV5HA463WSDY4I2K7Q,0.5577466835865666,0.0,70.0,0.33322916666666663
AFEOQSQDQJOR5RIPIQHKJVQHBE7A,0.5577466835865666,,13.0,0.0
AFEP23NFXJI3T44Q4XC55NT6COAQ,0.5577466835865666,,59.0,-0.0518518518518518
AFEQWKRQRTRB5DCVMZBEXIVYZRDA,-0.6406771565651442,1.037865490072283,92.0,0.336434953934954
AFERCDY2EFJKT7QUQ75GISNHTFOQ,-0.104540175444642,0.5050920442263032,397.7894736842105,0.1994738287795904
AFESOGK6RAEMUSOE6P5YFOAB6KMA,0.5577466835865666,,25.0,0.4583333333333333
AFETVW7S5M4LVJ7GTWPCKT7S3YBQ,-0.8974822651690825,1.5691051320385352,47.0,0.1722233963677416
AFEUJGH6HN52IP6H7ZD26KYZGEWQ,0.3979568382330052,0.3968558261111267,7.488888888888889,0.35291666666666666
AFEUSYXIOR2S7XQEZWUA3SOCQZSA,0.5577466835865666,,31.0,0.4166666666666666
AFEV5KMXLLJKBSGXCBRZUOZQSRPQ,-0.11636672649877078,1.337483805775908,44.25,0.2411875
AFEVG476PAAYPHQQWLNZSMH6U32A,0.5577466835865666,,1.0,0.25
AFEX6EZ2RDXY23CNVDQ7IOM37KHA,-0.3410711965272165,,9.0,0.6
AFEXLWL4SUBFCZHPNARIJSSRK57A,0.5577466835865666,,5.0,0.0
AFEYY6TB5DOF2U4WCL7GRMNZREJA,0.5577466835865666,,95.0,0.1888888888888888
AFEZ5USUDVJLGSOB5SVVBUOLVNAQ,0.4079437035676028,0.43281982906496164,129.875,0.2449383521929929
AFEZEXHKWDXTL7WIZMSC4X4NBGQA,0.5577466835865666,,11.0,0.327
AFEZUIQCY3XUUXMUFOKWXLXB3IJQ,0.5577466835865666,,13.0,0.9
AFF3KDB5H6U7BVDEIDTU2JAEYPXQ,0.5577466835865666,,11.0,0.6
AFF3OMRONF4EAG4MGCTIHNZOZU2Q,0.5577466835865666,0.0,4.5,0.26666666666666666
AFF4ANFJAIAJS2SKDYJNUFOYV6KA,-0.3410711965272165,,267.0,0.2491071428571428
AFF4HYG5UDHPRHSG4YIAPV4E343A,0.5577466835865666,,2.0,0.25
AFF567O3QSOCJ2LLELJLYK525D6Q,0.10833774352967507,0.4923028280272931,37.833333333333336,0.2747674448567306
AFF75EKIFKNWGEWS4U7E5IWZQT2Q,0.5577466835865666,,115.0,0.1928571428571428
AFF7ENSBOBGYJQANUB6RZVFDE4NQ,0.5577466835865666,0.0,20.333333333333332,0.45107658617424246
AFF7HZTLTBXKYP2LJODVEMYQ75OQ,0.5577466835865666,,31.0,0.5072727272727272
AFFB5XQCMCRBGPZFJLMTHPORDNPA,0.5577466835865666,,25.0,0.2425
AFFCDWM66CJL6RZPDNZ4EYVXGH2A,-0.3410711965272165,,23.0,0.3
AFFCDYHUH2JWTMIYBOQFGEWDL6DA,0.5577466835865666,,21.0,0.4333333333333333
AFFDTNKCLTZIQQU5AVNW6KDG2G2Q,0.5577466835865666,0.0,11.2,0.48553030303030303
AFFFV4Y35FUSSYUMRHYV4P34X2MA,-1.2398890766409998,1.7976357602275665,9.333333333333334,-0.11444444444444445
AFFGOQCJHIASA42WX7WBODWIBYRQ,0.5577466835865666,,15.0,0.88828125
AFFH5QKBOZANHO4ZZ7OKL7JFXFUA,0.03343625352019313,0.6970616760696574,10.125,0.25827609890109887
AFFHBQAMFTXYQIEHNRAKZPBJZGJA,0.5577466835865666,,22.0,0.0
AFFNSHESNZE54MPCJSH24PQ4KZ4A,-0.6406771565651443,2.075730980144566,7.333333333333333,0.19999999999999998
AFFNTMCC75AYZT67CGCNIBJMHREA,0.5577466835865666,,132.0,0.3598057338169643
AFFOHQDTKLECGKHIGBJ76UOYQYQA,0.5577466835865666,,23.0,0.412
AFFP7OMXXDGNZ3LSQKTMHYWRK37A,0.5577466835865666,,98.0,0.2851239669421487
AFFPV4IYIVU2BAG4CX7UF77Q75YA,0.5577466835865666,,33.0,1.0
AFFQBBI6O5VWJCDAGK7ZCV5WYCMA,0.5577466835865666,,26.0,0.5552083333333333
AFFQMD7UHEWWCSLYZUVBTTV3EGSA,0.5577466835865666,,39.0,0.4416666666666666
AFFR7R7ADZWGXB57TLBOHHSFC53A,-0.34107119652721657,1.5567982351084244,15.0,0.4333333333333333
AFFTVICF5EABBFHLUVPHFCBDG42A,0.5577466835865666,,3.0,0.91
AFFUQ74IYR7WHL47W7E5DG4CVHBA,0.5577466835865666,,23.0,0.5
AFFUYLZDWUQJS2QOUO7YSWUFKTEQ,0.5577466835865666,,3.0,0.8
AFFV2URUQPFTO44LU5JSIQISYXYA,-0.7904801365841081,0.6355602180801735,69.5,0.2045875850340136
AFFVGJL3IEVM3HW7EX3TI6OSQEXQ,0.5577466835865666,,26.0,0.5526515151515151
AFFVVXONBPN2SUFPXUJUTIRH3E3Q,0.5577466835865666,,9.0,0.7
AFFWGDBDBUOKL3RMQIJNFJUAGVSQ,0.5577466835865666,,211.0,0.2921875
AFFWKJPKJPS5CQHY3JIVZ7AMHBGA,-1.2398890766409998,,268.0,0.110079365079365
AFFXM7L6V6JSL7JGPJBC2Z3X2HIA,0.5577466835865666,,9.0,0.8
AFFY2VLMWDE4Q4CVTN5XJXDX7OWQ,-0.3410711965272165,,25.0,0.5666666666666667
AFFYYNK24CALIKW3UNL4XX6QWIQA,0.5577466835865666,,5.0,0.65
AFFZC56PV6LULWV5PQDSFMV3BS2A,-1.2398890766409998,,31.0,0.0374999999999999
AFFZDGL6WH5YI2XV32NEMUCVXPYA,0.5577466835865666,,8.0,0.5
AFFZVSTUS3U2ZD22A2NPZSKOCPGQ,0.16862430865925807,0.7590967993563635,66.59756097560975,0.2729669506466764
AFG3UPNZF3HTRC5EVLRSU4ULLJZQ,0.5577466835865666,,1.0,0.8
AFG4JI5VU7OPZKQK6ZJOURYIPPFA,0.5577466835865666,,9.0,0.5
AFG4UXMDWOFNTYUFKYTO4MLAAEWA,0.5577466835865666,0.0,10.0,0.3
AFG6BOX7SFWFTWNRMO7LSMDLA6CA,0.5577466835865666,,7.0,0.505
AFG6YQ3GOY7TVFKQ3SKDVS6Q6RDQ,0.5577466835865666,0.0,8.5,0.1
AFGBCKY332YUCUTAHCB56EPUSXRQ,0.5577466835865666,,43.0,0.15
AFGBVLT5NQKF7ADOMGLKJ2SBQMZQ,0.5577466835865666,,11.0,0.4333333333333333
AFGC44UF7B4Q6OEJGD7ROSWIRSEA,-0.6406771565651442,1.037865490072283,59.0,0.3340395021645022
AFGDGJBHZYIZRLHOEOFTRPNV2H5Q,0.5577466835865666,,4.0,0.275
AFGEJNQOVHGHQEPJDOK7I7OMIK7A,-0.3410711965272165,,2.0,0.6
AFGEM6BXCYHUILEOA3P2ZYBEF2TA,-0.04146523648928882,0.8130113626909258,21.31111111111111,0.24603601182767845
AFGGQCSEGPS7EKWJ4GG2L4LV4TKQ,-1.8391009967168552,2.075730980144566,73.66666666666667,0.10908730158730158
AFGI5ME27MRLT4LGEEO6KVLCKOOQ,0.5577466835865666,,21.0,-0.1026785714285714
AFGI5XVA5EBVOE2EOS42KHQSULXA,-0.3410711965272165,,234.0,0.2103535353535354
AFGIT2Y7X5GIN7FIGZPHWVZO3PTQ,0.19821953154105337,0.8039271517306702,34.2,0.44632812499999996
AFGJZAE7ZA7QGNDK6JNTHY6XEESA,0.5577466835865666,0.0,12.625,0.47337962962962965
AFGNIWCBLQT2QIXXKIW7Q6VREZRQ,0.42934412928459764,0.4804383657846045,40.57142857142857,0.4447906359513502
AFGON6WJ2WPTDH4HHUR6AH5L263A,-3.0375248368685663,0.0,38.0,-0.21942857142857142
AFGP2WDUKQSUSQHKJITVQKYQJKYA,0.5577466835865666,0.0,18.0,-0.02375
AFGQNFBBMERT5BUXHNILILZFLVVQ,0.5577466835865666,,316.0,0.3060897435897436
AFGRAUIXGHWO224SV5YN3TNEUMJA,-0.3410711965272165,0.0,97.0,0.3016782407407407
AFGS7QZJCPOEUJ5VD52DGH36GKZA,0.5577466835865666,,1.0,0.1666666666666666
AFGSBGWCXHHFDH4SUMSAQ5XKWI7A,0.5577466835865666,,6.0,0.5666666666666667
AFGSSQOL4VGYWYL4CJU6THOL3ZAA,-0.3410711965272165,,56.0,0.3177083333333333
AFGSYNXYSHBBKTCA5NIV7GCZYE6Q,0.5577466835865666,,2.0,0.0
AFGTULLYCZFHXXHMNX575HBI3DQA,-3.0375248368685663,,16.0,0.375
AFGUPTDFAWOHHL4LZDV27ERDNOYQ,0.1491931017166652,0.8651125254362846,53.18181818181818,0.2853780228609774
AFGVVDXBYYDPS5WLN3ERL27I3TUQ,0.5577466835865666,,24.0,0.2794270833333333
AFGWR7GZLOWSTFN2QJBE5NMGVEGQ,0.5015705660794552,0.2247044700284458,17.8125,0.4632062843840188
AFGYWRG5C4M43O72QUA4E3TG5PUA,0.5577466835865666,0.0,27.5,0.10386904761904754
AFH2J3MX45WQ4X2HWX7D7ZTFPU5A,-0.3410711965272165,,69.0,0.358984375
AFH2O73CG4KWBGSVFVKTDGLGERGQ,0.5577466835865666,,31.0,0.55
AFH37SUSDVJI6GWNF2YSSGAPUB7A,0.17253902068065957,0.707186126269829,6.428571428571429,0.46619047619047616
AFH4CAXNOWUVKNSP6TLRT4CGQ2YA,0.5577466835865666,,8.0,0.5
AFH4ZOHBO4U6XHYJPX2EATYILE6Q,0.5577466835865666,,21.0,0.675
AFH5QOWETRD6KS65W5OS4XJZWCMQ,-1.2398890766409998,,14.0,0.7
AFH5WAC7WO4U37JXZ4TGRE2JJAUA,-1.2398890766409998,2.5422408723206935,77.5,0.2540025252525252
AFH6CFVOZ3EVUVMGO725UERQOFHA,-0.3410711965272165,,2.0,0.325
AFH6JVL73CZOVTQ2LR3IG27HRNKQ,-1.2398890766409998,2.075730980144566,10.25,-0.07430555555555554
AFH6OSJPK3XE65N46DAFT6WUTPXA,0.5577466835865666,0.0,16.0,0.17361111111111108
AFHBNIEWALW2KMNCCO3SZVSYF5ZQ,0.5577466835865666,,6.0,1.0
AFHBV7DUA5EHYG7SAQKBSZIKDEEQ,0.5577466835865666,,2.0,0.85
AFHCOLVOIP7SY4MIJ637FXD63UCQ,-1.2398890766409998,2.5422408723206935,16.5,0.15
AFHFEJY646YSQTNQK4Z4VYCNLP4A,0.5577466835865666,,156.0,0.4255102040816326
AFHGQ26ZOJJT6SN4K2M2NXCW37WQ,-0.11636672649877078,1.1577286879694966,15.5,0.5113693482443483
AFHHYNMWSZ5DF44YBQKTV5HHA6KQ,0.5577466835865666,,5.0,0.0
AFHKNQ6MMAVS5DQHKSMQA3UIEUNQ,0.5577466835865666,,5.0,0.8
AFHL6YRD7V3FAMZJ2L6Y3ITMB7YA,-3.0375248368685663,,30.0,-0.1
AFHO7OBEBKY4YNEFOKI2GSFCHLNQ,0.5577466835865666,0.0,79.0,0.24295634920634915
AFHP5ELLKFTYFI6FH2X5XF4WDRDA,0.5577466835865666,,11.0,0.5
AFHQ44UDZ6AJ5M52BM2KWNGP6VOQ,0.19821953154105337,0.8039271517306702,31.4,0.08351564625850338
AFHRPCWEWPAAA2ZVLDTJHDIFR3VA,0.37798310756381,0.4019635758653351,10.6,0.4616666666666667
AFHU44I5ZIPV76KZSEFD5Y437C2Q,0.2581407235486389,0.7338817259896108,42.666666666666664,0.1561866181657848
AFHWDGNMBPRUWUXL7MFZXFVZJYOA,0.5577466835865666,0.0,24.6,0.5167361111111111
AFHWXNXC6ESEVULAEURH2C35FYEQ,-3.0375248368685663,,64.0,0.06
AFHXI3DOW6EDSVWJVXOXY3SKRW7Q,0.5577466835865666,0.0,29.8,0.2096190476190476
AFHXTLFE47LKLAY3SVP7T4Z2JN5Q,0.5577466835865666,,26.0,0.38
AFHYESNZHGG4F5AGDIC6CBLCIESQ,0.5577466835865666,,8.0,0.0
AFI43MRCEWAHZYBPKTSLDRPG5TIQ,0.10833774352967507,0.6355602180801734,30.0,0.4075
AFI4DMVU5WFRIPSQA5F7L2M7TSHQ,-0.3410711965272165,,21.0,0.4625
AFI4YBDJHXY66T7VRSIXUB3B6I6A,0.5577466835865666,,47.0,0.3635416666666666
AFIALQULING7EYR7VFCUVPOC3A5Q,0.5577466835865666,,4.0,0.8
AFIBRPRMSNV5KOKIHPOCIU3MLJ4Q,-0.3410711965272165,,59.0,0.4428571428571428
AFICQHAE6YOEIGE5TYZG5TN7OTRQ,-0.24120254318124065,1.5853657231462255,21.333333333333332,0.19069533295922186
AFIDB4NPTG3E7KHCX7BUO4WDE6LQ,0.5577466835865666,0.0,12.875,0.6234848484848485
AFIDDD6WMWMGSFZONTE567C2HOPQ,0.5577466835865666,,21.0,0.4840909090909091
AFIDUMRXIZN7F6IMJSI6KLZPIPVQ,0.5577466835865666,,73.0,0.3981481481481481
AFIEHMJYIJLSX4NDYPAJJVHYJP2A,0.5577466835865666,,10.0,0.0
AFIETS7NCBAHVIQBPUDVJ5MG5CAA,0.5577466835865666,0.0,7.0,0.668560606060606
AFIFCPYKA56DJ26GZ6TKSN5KR6BQ,-1.8391009967168552,1.037865490072283,22.666666666666668,-0.20972222222222223
AFIHRVEGROVTQTQOEIZIKILJDEOA,0.5577466835865666,,5.0,0.6000000000000001
AFIJLAW3HIOMRUFSWNH54IJ3XQAA,0.19821953154105337,0.4923028280272931,202.4,0.22241537298680153
AFIJZ3OSCYP2VX22UNQBJI5UHO6A,0.5577466835865666,,1.0,0.7
AFILSTIIOQ5MJHRT4F7YIGIHQLEQ,0.5577466835865666,,4.0,0.0
AFIM5RAUX2YR3UFV6LBGEXGGDXTA,0.5577466835865666,,63.0,0.2123015873015873
AFIMQYEOZY3LTUMQAH3DKVS6LZIA,0.4079437035676028,0.34986438533103925,12.166666666666666,0.4390277777777778
AFIO2BZVHQ63IEXQ7XA52UX7VWMQ,0.5577466835865666,,9.0,0.625
AFIOW5YO3N7AS2EULD2KVBVIVYAA,0.5577466835865666,,17.0,0.6454545454545455
AFIQTNATAZ6T4FK6ADJQHPO2GUOQ,-0.6406771565651442,1.3729669905337185,5.0,0.18055555555555558
AFIR7BM5VQWYSJLZ36SQI7H3WMXQ,-0.3410711965272165,,30.0,0.1708333333333333
AFISLSUP4LCJZ376KJ4LNO5IFMLA,0.5577466835865666,,9.0,0.5666666666666667
AFIWYBPRAGQIAJOBA4QGIKL2BZAQ,-0.01649807315279484,0.7792223849631172,19.916666666666668,0.21580036475869807
AFIYR4TWQXGHJYDATBQARIK2AR5A,0.10833774352967504,0.8988178801137833,7.25,0.5416666666666666
AFIZUCNBOIIEJBQIPTD7BXCQFKTQ,-0.7904801365841081,1.9066806542405204,17.0,0.037500000000000006
AFJ2UCAN43BZZ7L5Z6X6I4BZ5V5Q,0.5577466835865666,,9.0,0.4375
AFJ4VDAUVZJ2GLTPJHGFIL6DVITQ,0.5577466835865666,,7.0,0.4
AFJ66GJGJ5FS2C2I77YVR7JMSAGQ,-0.04146523648928879,0.4494089400568916,7.222222222222222,0.24163510101010097
AFJ7CNYUSTYVZIPQFKAYH5VFCV7Q,-2.138706956754783,,8.0,0.0
AFJAPNBWGKWDPQJS5K6A7IOAEMFA,-3.0375248368685663,,51.0,-0.1023809523809523
AFJBKPK5W56XWSNPQU2WW66ISWYQ,0.2237719600530163,0.5678151868058541,118.90274314214464,0.29865305479407295
AFJBVD32IH6ZX5BNLILRZIPUJZZA,0.5577466835865666,,30.0,0.1
AFJC4MCHM32ALDX3FPAY5PQXITGA,0.5577466835865666,0.0,2.25,0.2833333333333333
AFJCFG4ITTGCZQZOSWDJM3L27IIA,0.5577466835865666,,41.0,0.1
AFJCWJGLRX7DBTO7WY44U7B24KVA,0.5577466835865666,,17.0,0.2333333333333333
AFJFY6RIJZTL25N3MY6F2I24JC6A,-0.3410711965272165,,18.0,0.3774999999999999
AFJGUSPU2TVTQ5NQMQCGL52IWO6A,-0.3410711965272165,,10.0,0.5625
AFJHM4DEMY7IU6ZCUBCETLREE43Q,0.3080750502216269,0.7428209316252768,24.61111111111111,0.28339657738095236
AFJI6VGICAIRUGGAPB57NHZJG3RQ,-2.138706956754783,1.2711204361603468,29.5,0.125
AFJKNSBQBOUTRWUW3M6S7SKFOY4A,0.5577466835865666,,2.0,1.0
AFJMUM67V35KW632G5CIHZEDT2GA,0.5577466835865666,,5.0,0.5
AFJOCZGYW6QFTYEYBZXCFZNWONKQ,-0.11636672649877074,1.278322309295637,14.416666666666666,0.2750925925925926
AFJODL64ZRKBO2TD3LZOSPTKOB4Q,0.5577466835865666,,1.0,0.0
AFJOJHHSNWXSLAI3BGFCCAZWOKKA,0.5577466835865666,,53.0,0.6
AFJP74KDEKRSPJN5JINL452T6WNA,-0.7904801365841081,0.6355602180801734,28.5,0.11249999999999995
AFJQKK7TUBI3N3Z45R6AFIVS4Z5A,-0.3410711965272165,,12.0,0.2181818181818181
AFJRIATLX72VV27RDYLM2EPFLHWQ,-1.2398890766409998,2.5422408723206935,100.5,0.19244505494505496
AFJSECCFXJ35ABMZUJEF2KZOZR6A,0.5577466835865666,,10.0,0.0
AFJTRBXMURLHS5EGNXLUHDHIZRFQ,-0.3939428365339097,1.208842728898332,32.88235294117647,0.18203956582633052
AFJTXYGTP7UQGE7SNKSQNAFX23MQ,0.37798310756381,0.4019635758653351,14.2,0.4576363636363636
AFJVWLG3X5N75S4JP6YD3L3X5IKA,0.5577466835865666,,2.0,0.5
AFJW22MEZIRKULPSUALY7PEIDIRQ,-1.2398890766409998,2.5422408723206935,2.0,0.25
AFJYBVEQ7H33H37I7L62K3VVIIXQ,0.5577466835865666,,26.0,0.2589285714285714
AFK2I7EJSSICSL2XMIHIL5YIHGVA,0.5577466835865666,,22.0,0.4125
AFK2IP4LQN3ZKZC55FVWKZ7WX72Q,0.5577466835865666,,21.0,0.65
AFK2KFTFJV5KHPKTQINXEZVGBQQQ,0.5577466835865666,,19.0,0.9
AFK3MUXLBQNB46UZ4BQVPYDQ2MCQ,0.5577466835865666,,4.0,0.9
AFK5JCY35EJOQRD7WXWLKIHSLMWA,-2.138706956754783,,7.0,-0.15
AFK6R43UKGWON2XYKND3E4UXSLUQ,0.5577466835865666,,77.0,0.61
AFK7OYHDESSAWUPMYPOBUC7L4E3Q,0.5577466835865666,,8.0,0.5
AFKAC3ZHOIK5BAQPW4W2V2P7DLAA,0.5577466835865666,,1.0,0.8
AFKACPZLPON4JTXLI3H7UCWAU3FA,0.5577466835865666,,5.0,0.0
AFKCOIOFQPRWL3I4A5OQDDKECVOA,0.5577466835865666,,248.0,0.2366269841269841
AFKFBJ3ZLGYAUQYGW7YCIAUFZGOA,-0.3410711965272165,,11.0,0.6
AFKFX7TCULLSYTJHVCNFIIQAB7CQ,0.5577466835865666,,19.0,0.65
AFKGKGBBVS5KU6QMFGY2LCS2XZIA,0.5577466835865666,,2.0,0.8
AFKGU4S26DZ5B2OTAS72FBAYNVHA,0.5577466835865666,,170.0,0.3627575757575758
AFKH3ZUWQBG7XTXBA6MJLPHU7WXA,0.5577466835865666,,6.0,0.8
AFKHUTFTFFBJCYIOLYCGZDPNMNNQ,0.5577466835865666,,51.0,0.2170138888888889
AFKJQMCY3HIYNHN3FEMLQXPGIPWA,0.19260191979034225,0.5526262382279837,10.53125,0.5262902462121212
AFKKLSEAK6P26VECMU7HGZPEQNOA,0.3651428521336131,0.5203564315112189,101.78571428571429,0.16065566959245678
AFKLAXFAU7AEOYJ4LCGUJIC2RJZQ,0.5577466835865666,0.0,41.333333333333336,0.26076388888888885
AFKMEDRJ64OVJLMGIEFOZKVVDJPQ,0.10833774352967507,0.6355602180801734,98.0,0.26969696969696966
AFKNGFP66KO7454MGQPRRD7HD2SA,-1.2398890766409998,2.075730980144566,3.5,0.375
AFKNVFEXRGUGJAGMENCOWLVDYVCQ,0.5577466835865666,,7.0,0.6499999999999999
AFKQ7HTHC5LYV6PPR7ZXD7QBIZXQ,-0.06019060899165932,1.2591472923824327,24.5,0.2053371136964887
AFKSXUF543QDK3LZ44ZGHQ2XUJ7Q,0.5577466835865666,,7.0,0.1953125
AFKSYG2XHOCLCVDDKEZMWQTFFG7A,0.4453944485723438,0.3177801090400867,11.125,0.6166666666666667
AFKYGPKF7DTI6U2QAV5CTVYYT6XA,-3.0375248368685663,0.0,21.0,-0.029166666666666674
AFKZDUEVDYUJV2PYLIMFKWIW2CZQ,0.5577466835865666,0.0,2.8333333333333335,0.7875000000000001
AFKZENTNBQ7A7V7UXW5JJI6UGRYQ,-0.5862033456491574,1.3640224849578553,156.8181818181818,0.17079336088788763
AFKZQNNOLA7TXYJ7ORZZ22XFZSJA,0.5577466835865666,,2.0,0.6
AFL2OFFLVAF23YDY25XSIBOQH44Q,0.5577466835865666,,39.0,0.5625
AFL5LOO2ILNOXKAYVFCF7M2VCDMQ,0.5577466835865666,,24.0,0.5900000000000001
AFL67NQVASAIXDH2VPHA3LCYJTSA,0.5577466835865666,,4.0,1.0
AFLBQSNPHQKFHIDRZYBHICXD2X6A,0.5577466835865666,,16.0,0.4166666666666667
AFLDJFIGCSOZNOO7TAJFMWBOTNIA,-0.3410711965272165,,3.0,0.6
AFLDXCV6NW772XIGKJEDSTUT3QOQ,0.10833774352967507,0.6355602180801734,22.0,0.5811363636363636
AFLELKD65ZTBC4TE7PDTT2IDVL4A,-1.2398890766409998,,60.0,0.1663265306122448
AFLELRUNMWJAK5WW65YGMTIVTENA,-1.2398890766409998,2.5422408723206935,19.0,0.26458333333333334
AFLEUJNQJQOYOYDUJ2PSZ4O2TUJA,-0.11636672649877075,0.8605526033570225,1.0,0.65
AFLEZ6HNBXY34AFQJRTI7T7AGGWA,-0.3410711965272165,0.0,15.5,0.0833333333333333
AFLGWVMNAKFSOPJNKKLYHP2F2IMQ,0.5577466835865666,0.0,27.333333333333332,0.24436728395061733
AFLJOQRAVS6KBZUWV3TIJUULOA5A,0.5577466835865666,,2.0,0.6000000000000001
AFLJU7PMUR5CBDAKSYSNQQGM5KBA,0.5577466835865666,,57.0,0.3363888888888888
AFLKLHWWA6JE5LBMJ7E7XMRVN7UA,-0.3410711965272165,,63.0,0.3291666666666666
AFLKS523NY36AY6WTAAKFAHYT7BA,0.5577466835865666,0.0,62.0,0.4051485260770975
AFLMN2SD7GZDKACXL3GI3NCYCBFQ,-1.2398890766409998,,36.0,0.2083333333333333
AFLPIQCVZCBUJF3BZGYH75VWV2SA,-0.04146523648928879,0.5189327450361415,27.333333333333332,0.38680555555555557
AFLRC4EB3O4FNS4VCICJ4S22TQNQ,0.5577466835865666,,7.0,0.7
AFLSPFE4NYR7IVOP72E4X7ZV2ETQ,-1.2398890766409998,,24.0,-0.0105555555555555
AFLSY5KKZPWTEINHNYKMTKMRVPVQ,0.22068997854389794,0.9533403271202602,20.5,0.5290625
AFLUOMMI4GS453Q6DCIJFEPZ6W3A,0.5577466835865666,,2.0,1.0
AFLUUTBWEBDKUKMG5BH3YM5OM7OQ,0.5577466835865666,,110.0,0.205
AFLVEMK5QV73AU4A6BO3X5EFSE5A,0.5577466835865666,,13.0,0.2666666666666666
AFLWQYLJQ5OX3YJEC4ESRKTGTJVA,0.10833774352967507,0.6355602180801734,9.0,0.090625
AFLX66DKF6R3H6OEOC3TIVAYXZIQ,0.25025635617921976,0.6149321337167591,445.1578947368421,0.1742137886077923
AFLY4NJ2L3ZH7BSRAY754QUTR2YA,-0.3410711965272165,,5.0,0.0
AFLYWY6Y4X3N3DPWU6XK7HROAKQQ,0.5577466835865666,,22.0,0.4196428571428571
AFLZMJ3DM4UQY4PC5L4XVOAXBCSA,0.5577466835865666,,18.0,0.1333333333333333
AFM2DSFXQRROQL75DRQ6J32PMRRQ,0.5577466835865666,,60.0,0.5
AFM3NVIT5GV4JZECXTOKGQWQGAWA,0.5577466835865666,,32.0,0.55
AFM4HNRPPSTSWQNJDH3ZNAPU2TBA,-0.3410711965272165,0.0,39.5,0.22666666666666663
AFM5NV37IAPIP2AZXEZTKP3BJWKQ,-0.34107119652721657,0.8988178801137832,106.33333333333333,0.34882902591235926
AFM6RTI7O3HNJME57GMWCTPQQNUQ,0.5577466835865666,0.0,52.333333333333336,0.40322349773242633
AFM7HUKTSQAG4AW3WX7WVVHACQSQ,0.5577466835865666,0.0,2.3333333333333335,0.6666666666666666
AFMHO73ZLBHUMB36EHB4GUFLM3SA,0.5577466835865666,0.0,22.5,0.5725595238095238
AFMM5RQLG7N45RORJJF3TBJL3QKA,0.5577466835865666,0.0,4.0,0.5333333333333333
AFMOHJOF54QARPV5DJNPJDN3F4AQ,0.21204749892741928,0.7817185318350736,31.846153846153847,0.29752543752543753
AFMOJCLGXTSSJ3HAFCQIDDMEG6VQ,-0.7904801365841081,0.6355602180801735,34.0,0.08833333333333335
AFMON5DX7C33UTGOEIFTW4X2FM7A,0.5577466835865666,,48.0,0.58
AFMPZQS3JTSLVLTHXH5Z6OOK7NNQ,-1.2398890766409998,,74.0,0.0583333333333333
AFMQX2KRQIMIDVPLR6GYVLONPXAQ,0.5577466835865666,,55.0,0.1166666666666666
AFMSOGF4XRTZLM33IXTULXOUYXMQ,0.5577466835865666,,6.0,0.5
AFMSUJKT5HL5L6EGU32OKXCMB5LQ,0.5577466835865666,,6.0,0.75
AFMUAGW4SBJNFDO7BQPMGD2WMCPA,0.5577466835865666,,8.0,0.0
AFMUIT2N2L4JX7DK3RJKEG6YWGMA,-3.0375248368685663,,49.0,0.0892857142857142
AFMUZMDL3UITNNJIVD56OMZXWCMQ,0.5577466835865666,,33.0,0.5399999999999999
AFMVC4BYDFNQDNNGJJOIZQTEA3SA,0.5577466835865666,,7.0,0.0
AFMVHT5HDBLRNEWMQXA4KUXODOVA,-0.3410711965272165,,4.0,0.0
AFMWCGYATA6WOAIT6HHAQEHEWTTQ,0.10833774352967507,0.6355602180801734,69.5,0.41374999999999995
AFMYNMB2GBYEFN6OAIHXF6AVYJFQ,-2.138706956754783,1.7976357602275665,18.0,0.03749999999999998
AFN2SSNCKX5ESXL7CGMKZCTJTGRQ,0.5577466835865666,,1.0,0.8
AFN4CBF7K45NM7AC4OKGZ2Z2E56Q,0.5577466835865666,,26.0,0.2375
AFN4JFDMHCUG5CIT5S7O3IN5L6TQ,-0.3410711965272165,,19.0,0.0
AFN4NDDAQTXAQDUUV4KWMQR5QMVQ,0.5577466835865666,,22.0,0.2441666666666667
AFN5NVRERAXUCPMBW7BO4RRQZLQA,0.5577466835865666,,33.0,0.7083333333333334
AFN5RPNT5Y6CSKFQGEU6IN56C7DA,0.5577466835865666,,5.0,0.5
AFN66VCFBCTISJBEJ4IKYQEKXVVA,0.5577466835865666,,7.0,0.0
AFN6MLEDRC3QNPCFCPSCCQGQNO7A,0.5577466835865666,0.0,50.5,0.019742815055315072
AFNBVEQTD74ZIAWOM6LH7TSTN2VA,0.10833774352967507,0.6355602180801734,59.5,0.4508333333333333
AFND6LRTPYBYHVIQOLD6TI7B4K5A,0.5577466835865666,,4.0,0.75
AFNEQKDVYISDAX242ZJZU5LFSRYQ,-2.588115896811675,0.6355602180801737,118.0,0.06944444444444445
AFNEVDXPMUUXW3EIGVGCZKQRNBEQ,0.5577466835865666,,3.0,0.4549999999999999
AFNF2WEK5GCRYDRTOWBYTXTXBQPQ,0.5577466835865666,,114.0,0.3788888888888888
AFNFYPHHOYYU357WZSSJDY4SXOSA,0.5577466835865666,,62.0,0.65
AFNH7W5ENRFRZX3Z2KP6OI67YEPQ,0.5577466835865666,,10.0,0.2
AFNITO7E5IXQO6HPU7CF3TDBGAQA,0.5577466835865666,,8.0,0.7083333333333334
AFNMEWWTIZR25B3MIGSPBONLACRA,0.5577466835865666,0.0,27.2,0.2607919164169164
AFNNIR2WSMXQ4F5CZCT4YM34OVEA,0.5577466835865666,0.0,47.5,0.4746590909090909
AFNNJUFE43JIO2PZ3M3W67BFWJDA,0.5577466835865666,,2.0,0.8
AFNOE72IGHPY5XTBEHKOIL4E6XVA,0.19821953154105337,0.8039271517306703,21.8,0.2968333333333333
AFNQQL6PA67ODXLQTKF4L3YM2TAA,-0.21266864222524753,0.9608767315692092,56.714285714285715,0.3074179141353511
AFNR3D5OZTV3AKQYJQRTKFVEEKZA,0.22068997854389794,0.9533403271202601,19.375,0.4274045138888889
AFNT6ZJCYQN3WDIKUSWHJDXNND2Q,-0.9087456471253954,0.6838978608617621,23.157894736842106,0.17488793005240375
AFNUVPE7WLZAAGM534ZKYBAAUCZA,0.5577466835865666,,2.0,0.5
AFNVVQHL2GOXIHE6NWWC3ZI3SUZA,0.5577466835865666,,6.0,0.5
AFNXF4NDLCMPMAM57VBU3AMD7PHQ,-2.138706956754783,,10.0,-0.5791666666666667
AFNYBJ7EWEBYOTQ5DAZIX3SPVJ7A,0.5577466835865666,0.0,198.75,0.27918879223329973
AFNYI3KPK32K54NCBH5MMPQT2QHQ,0.5577466835865666,,12.0,0.6
AFNYRQUQ6O4DJKKWM4YT2OKRFNYQ,0.5577466835865666,0.0,5.0,0.0
AFNZ22ECUMV7ANKZHFAIGVFGDI3Q,-0.3410711965272165,,2.0,0.8
AFNZ2BKU73XESGZ62ZQ6NIPPAJDQ,0.5577466835865666,,44.0,-0.0388888888888888
AFNZHLVWANRWLF3N24KCMPOTYG2A,0.5577466835865666,0.0,27.454545454545453,0.44002272727272723
AFO2VP5GWU5PF44UFVG5HTOHYLHA,-2.138706956754783,,4.0,-0.1
AFO3G62P2JXCNMWZTAIB56KPG56A,-0.0789159814940298,0.9363011904174023,107.91666666666667,0.23656318052502381
AFO4Y3O3ONZKMT3LNYW7RKFRL6KQ,-3.0375248368685663,,26.0,0.0
AFO5YJW3MGIYDHA3HHHAUS5ZAHPQ,0.5577466835865666,0.0,95.66666666666667,0.2279282407407407
AFO6QN6ICKWUFQV3UEWK5EECIQTQ,-0.6107165605613515,1.2021630811886541,20.5,0.4390833333333333
AFO7RWACXRPNINN7C7HG5CCGVMCQ,0.5577466835865666,,49.0,0.2666666666666666
AFO7TPKQ2N45X75UKWC5RV7TKAUA,0.5577466835865666,0.0,2.0,0.2
AFOASAW4HQGTIGDN6LSM4EDEN3XQ,-0.04146523648928883,1.037865490072283,71.0,0.17362373737373735
AFOAVWO4MITHAYNENA6SLWOJZ55Q,0.5577466835865666,,87.0,0.1194940476190476
AFOBMEIH5TBHE2TTBKXW63B7QNUQ,0.5577466835865666,,57.0,0.378125
AFODRXNLEQI45IJTZOSHP2H2AMMQ,-2.138706956754783,,75.0,0.0566666666666666
AFOELOYLQUGV6UDAZU2YLAOVZ4JA,0.5577466835865666,0.0,77.0,0.3533120265151515
AFOEUN2ZGL4ZAY43DYHRF6SENVWA,-1.2398890766409998,,42.0,0.1347222222222222
AFOG3AZFQLN7UKMC62P6TDAJ3VNQ,0.5577466835865666,0.0,42.6,0.29048148148148145
AFOGL6WXVDZBOLCJYF4AGP46543A,-0.3410711965272165,,8.0,0.3
AFOGWJCZMC626A5IBK32HEHZB4VA,0.5577466835865666,0.0,67.66666666666667,0.1921186353329211
AFOI4UM6OQFR5NC2PCKAIMSLTIBQ,0.5577466835865666,,15.0,0.4166666666666667
AFOIFH6R3T5HN3NIXH7YGUDJ2DFA,0.5577466835865666,0.0,32.0,0.48750000000000004
AFOLQMVXM7ZRYERQ3JAD7JYNKKIA,0.5577466835865666,,16.0,0.29375
AFOMMZPFMNVCAC6VYYGQPJSRZFTQ,0.5577466835865666,0.0,8.625,0.6739583333333333
AFOMPD3GFTVVGBHFI6ZWRYB3OSFQ,-1.2398890766409998,,419.0,0.2537005928853755
AFONEWN6ZE6PEAO6W45A3A2KK5TQ,-0.16130762050445993,1.1833487263388907,2.6,0.475
AFOOKIA3GO6ZQJDEVZMUZT2BYMNQ,-2.138706956754783,,24.0,0.25
AFOROICAXE6G6N4NU4Y3G2XOXWEQ,0.5577466835865666,0.0,4.0,0.6
AFOU3KAJIZ7YQCXJ3CJOYJ3J7GSQ,-0.5336750279801701,1.29077810400027,80.96428571428571,0.24270930341591085
AFOUV6VK5HAJYBOOU6HLGZQ2JDJA,0.5577466835865666,,14.0,0.7125
AFOVZVBWKGGOGIABXBSIWGOO5IGA,-0.3410711965272165,,280.0,0.2362938596491228
AFOXGPLG5WFK3D3ALTCXFQNPWZPQ,-0.04146523648928883,1.037865490072283,10.333333333333334,0.17203703703703707
AFOZZCGRU6QG4XA2LY2ZCPKYVOGQ,0.5577466835865666,0.0,11.0,0.6583333333333334
AFP2WI7HGB6WFZTRRJ3G4YU4YKCA,0.5577466835865666,,93.0,0.2175
AFP3TEDZF7GCO5BPPZSI7YDPVIVQ,0.5577466835865666,,21.0,0.6166666666666666
AFP4PCVJ723ZNLOS4IPWVLLC3T2Q,0.5577466835865666,0.0,6.5,0.7
AFP4QIHNSLCZRQOJBVHI26MTIK2Q,0.5577466835865666,,9.0,0.3
AFP4XVTNWUOJYDJBW3SVFDH6ZMWA,0.5577466835865666,0.0,562.0,0.2217180367818123
AFP5QZ4TOGDGN7IAWCGYEKCNH2RQ,0.5577466835865666,,7.0,1.0
AFP635WXWWJDGQW4KCPOSJBN64OQ,0.5577466835865666,,18.0,0.0
AFP6NQEUPGXF7UEQUXIFNMI23QPA,0.5577466835865666,,2.0,1.0
AFP746DEQQ5CXUJJHCI2GUSX4VCA,0.5577466835865666,,25.0,0.6
AFPBTK4XMHY7YEPVLM7LWU4WL4WQ,-2.363411426783229,0.44940894005689186,52.0,-0.12281249999999999
AFPBVAEV3FCQOHKJJGAKQLZLTCZQ,0.3180619155562245,0.6325265004336349,5.666666666666667,0.4109206349206349
AFPCVPIO7CQ4O4L3MOB45MOTUBQA,0.5577466835865666,0.0,15.2,0.5555378787878787
AFPCYJ6AE7PEMBUKRSVQ2E6RLAAQ,0.5577466835865666,,59.0,0.125
AFPE4CB5IUL3KSG6V7457Z4MXVNQ,-2.138706956754783,,6.0,0.025
AFPEDLJK47FSAQF5BN5XFHGL3JSA,0.5577466835865666,,2.0,0.78125
AFPFKTPZFYVN2F73WQELAIM43FIQ,0.5577466835865666,0.0,6.5,0.12777777777777777
AFPHB3EWV5G6DRPMZGJAHWOJSSTQ,-0.34107119652721657,1.5567982351084244,28.666666666666668,0.12814814814814812
AFPHKIJFGIU4G4POXRFCEF5RJJHA,-0.11636672649877076,1.0607791894047436,35.44444444444444,0.3077995901338253
AFPIRNSJ6DI4QWTFO4SCB3RRPCLA,0.10833774352967507,0.5189327450361415,17.0,0.5416666666666667
AFPIWRC7U5TIT7ZTT67WUPX37HTQ,-1.2398890766409998,2.5422408723206935,25.0,0.1238095238095238
AFPJ6ESAD7JHEKX2UAR2ZGFAAK3A,0.5577466835865666,,6.0,1.0
AFPJCGADRTQ4QFU26KTSIKDAXPSA,-3.0375248368685663,,61.0,-0.5
AFPL5NUU3K3YPT2QXAL2MDDQCL5Q,0.5577466835865666,,12.0,0.1666666666666666
AFPMM6GCKHSMTND4AUHR7D6WZBJQ,-0.3410711965272165,,14.0,0.33
AFPN22U3CZFXYZXJ6JQJ5MWB3KKQ,0.5577466835865666,,92.0,0.1751851851851851
AFPNB5ZH3BCJBHGUZOOEAJLY44YQ,0.5577466835865666,,22.0,0.4222222222222222
AFPNFXLGPX26UPTSXTVANX2TOAYQ,0.5577466835865666,,27.0,0.5
AFPOVAXL53UGE4KRXFP67W5OINBA,0.5577466835865666,0.0,54.5,0.25
AFPRITKDXFXEHWGCVZ76C7SOUTMQ,-0.3410711965272165,,64.0,0.2653571428571428
AFPRXPADBCX62WKODFJFJ2A5RLKA,-0.3410711965272165,,21.0,0.3125
AFPTBX44SVSUWJX6A72C32SJJKOQ,-0.7904801365841081,1.9066806542405204,14.5,0.2816666666666666
AFPTM2BBYFZ6EYXS73Z32HWBZKDQ,0.4453944485723438,0.3177801090400867,22.125,0.7417736114332096
AFPW6F37BEJYXBOK6JPXQNCTWAAA,0.5577466835865666,,249.0,0.0465773809523809
AFPWBSOHU5ZRH5WZX5N63HBD3CVQ,-0.4534234315414395,1.4759313695296143,24.125,0.30874999999999997
AFPXW4XSAWC6PJLRPU6TS5L56SWQ,-1.2398890766409998,,2.0,0.8
AFQ45AI7SSTOBIIJV5HWIH4QJLXA,-1.4196526526637565,1.3331623605348741,58.4,0.19286111111111115
AFQ6XXFJ5SLTOCP763DJ3YDPATAQ,-2.138706956754783,,21.0,0.1
AFQ7WYW4KSH4VI5OVXCP2GV6PBRA,0.5577466835865666,0.0,64.5,0.3841518829754124
AFQB56FVNI4K6LGR56BUONFAMEAA,0.5577466835865666,,43.0,0.43125
AFQBAAAFLJAE4BLS7RBOBGKLYI5A,0.5577466835865666,0.0,3.5,0.8
AFQBJ2RR4STUWJ5WKVC2XJGER2AA,-1.2398890766409998,,1.0,0.5
AFQD2HCDJQN7WFG22WDNVUE5THRQ,0.5577466835865666,,24.0,0.4083333333333333
AFQDMJM34DLIV4SD2SKVOOI2O2XQ,0.5577466835865666,0.0,37.0,0.5116071428571429
AFQDX4KZ5DHWGB2US6IBC7VMBK3Q,-0.11636672649877072,0.4494089400568916,20.75,0.38636363636363635
AFQEEB5BLBR2F27EZVGKBIKYTI5A,0.5577466835865666,,1.0,0.4166666666666667
AFQFQ5HIJW7UOFDBJG7FKL2QJDYQ,-1.060125500618243,1.8420285130180227,68.0,0.19997191889599117
AFQGQHFY3WYNV56UTODSIGFPKFLA,0.5577466835865666,,3.0,0.25
AFQGVYRETSWAXYNUD3VZX3BOKTPQ,0.5577466835865666,0.0,2.5,0.5750000000000001
AFQIVYHWA34H6K3JDVAOYOXH534Q,0.5577466835865666,,5.0,0.6166666666666667
AFQLNQNQYFWQZPJQZS6V3NZU4QBQ,-0.21266864222524753,1.414372252539658,3.0,0.33428571428571424
AFQMLIX2OHJTWZTA57WTOSCP7QVQ,0.5577466835865666,,6.0,0.5
AFQMW57GEUJGFS6RKLFFPDRNAQFA,0.5577466835865666,,2.0,0.8
AFQN4IUBJFROO45SVZPGMLP255OQ,0.5577466835865666,,16.0,1.0
AFQOWS53WHEFRW2W6AWOQ2MOEMZQ,0.5577466835865666,,443.0,0.2052459927459927
AFQPFVN3UYYBXWHZDX4QH3YPA6FA,-0.3410711965272165,,7.0,0.5625
AFQQQ5LGNSQUEBGDCYBAZZE5T3DA,0.5577466835865666,0.0,101.92307692307692,0.20449282603531488
AFQRHZWGBWP7YYJFRDBPAL7WA36A,-3.0375248368685663,,13.0,0.0048255920410156
AFQRTCWQB3YBSWSLN6VK574R266Q,0.25814072354863893,0.5189327450361415,43.666666666666664,0.28821751469017093
AFQTFQ47OA2VE7DO3DKZQR4EK57Q,-0.3410711965272165,,15.0,0.1687499999999999
AFQTGNTKIKCYSDA4VJQM5ULT7DDA,0.5577466835865666,,1.0,0.7
AFQUQBVD32BYOVYEOTGE4XEVGAHQ,0.5577466835865666,,12.0,1.0
AFQV3KHSFDO375DPX5RGOLY2L4CQ,0.5577466835865666,,11.0,-0.625
AFQVUPQAGOUMZUDTTHVQRVGFEZFQ,0.5577466835865666,,29.0,0.5625
AFQVVOJUM3PRG4UD2WU5MJ3JAMHQ,0.5577466835865666,,32.0,0.2475
AFQW7QX2DREMFPK5WSMQKG27UOQA,0.5577466835865666,0.0,89.33333333333333,0.3115635951350237
AFQWP6G73QDAZJDGYQZGSMRWJU4Q,-1.2398890766409998,,51.0,0.0958333333333333
AFQYALWXI54HIEQF3R774L7F4V2A,0.5577466835865666,,83.0,0.2132485569985569
AFQYT7EAPIHCFFCHKNSOSFJH76KQ,-0.006627334159297219,0.9850545303227435,28.0,0.383030767345811
AFQYXWEOPSBCMIPRFS6UZCWLJ3CQ,0.5577466835865666,0.0,11.75,0.3536458333333333
AFQZDTGOFXWVYVK3GKDWUKGDMBLQ,0.5577466835865666,,4.0,0.7
AFR2UI2WWR6J2JZM24FBR336Z4MQ,-0.34107119652721657,1.5567982351084244,9.333333333333334,0.0
AFR3UUB6F6CZEGL6TEFMWO6DO42A,0.5577466835865666,,20.0,0.7
AFR3UV6CBLKVE2PDOUXTAKRFD5UQ,0.5577466835865666,,10.0,0.4666666666666666
AFR45QOWJ6GIBYF3MP6W72RZNJPQ,-0.3410711965272165,,7.0,0.5
AFR4MDCNV267F7DBBR22SJG5FZYA,-2.138706956754783,,134.0,0.0639705882352941
AFR4OP5K2FXY2NNCIORWKVQZCDLQ,-0.3410711965272165,,38.0,0.25
AFR6Z7GDY2L4NCKQNCLJNQNUKIYQ,-3.0375248368685663,,20.0,-0.1878787878787878
AFRBUI2CROLJWEWOR3F7F6ZYEAPA,0.5577466835865666,,19.0,0.4
AFREIHMGTS5WYJ7Y4LMNJNVVRUIQ,0.5577466835865666,0.0,38.5,-0.14583333333333334
AFRFE674WE2SM55QEESOCAWZDGFA,0.5577466835865666,,23.0,0.375
AFRFJRLOBITTFGMAM6ODSGLIJJEA,-0.3410711965272165,,45.0,0.0111111111111111
AFRITMS76CZAZJKIRDQ7FC5MMXZA,-0.3410711965272165,,20.0,0.25
AFRIUHBUT3I62AG63WOJ6GO7MK7Q,0.5577466835865666,,61.0,0.1185185185185185
AFRMQTSZ4M7KOPCHGYXKLRPKFYIA,-0.7904801365841081,1.160368893651379,17.75,0.24185267857142856
AFRPH4LO4KG4ZSTH3Y6VPDFJYE7Q,0.5577466835865666,,127.0,0.2435294117647058
AFRQODQXI2ELG5TWTT5SSFR4WBRQ,0.5577466835865666,0.0,13.75,0.6571969696969697
AFRRY33UKK3KLUJXWVA3OXLAJMEA,0.5577466835865666,,79.0,-0.1621428571428571
AFRSJBVHF66WZ4L354MAELPAYKGQ,0.5577466835865666,,1.0,0.8
AFRTHV24JEJE7DISYXI4BC5YB3MQ,-0.34107119652721657,1.2711204361603468,9.0,0.6
AFRUKJALGRWHYX62JSXKKTGXE5JA,0.5577466835865666,,47.0,0.4420454545454545
AFRVV3L6CJUHLLKWA3PIG7JCYJQQ,-0.04146523648928881,0.7338817259896108,19.833333333333332,0.33888888888888885
AFRWRFROLSWDUPFVWCWLMARPVGJA,0.5577466835865666,,43.0,0.5208333333333334
AFRYBB7TDBHOLAVGFZM6D7DDG46Q,0.10833774352967507,0.6355602180801734,4.0,0.79375
AFRZ3YEUSNVS6THSGMGSWWCMPJ5A,-1.2398890766409998,2.5422408723206935,67.5,0.0708116883116883
AFRZ447WPUXE2XSWVHDJUD3ZWXIQ,-0.3410711965272165,,21.0,0.1374999999999999
AFRZT4CA3LWX5ITFOWONN2KPKCFA,0.5577466835865666,0.0,35.3,0.3113020833333333
AFS2U7T5GP5RNPREZ3WAC3RRWCTQ,-0.34107119652721657,1.2711204361603468,57.5,0.5993055555555555
AFSATLEARRYBX5ZD2LLNU4TGY4EQ,-0.3410711965272166,1.7976357602275665,9.75,0.381547619047619
AFSCQMP2EPYLGJN7OBTMEXCBE2OQ,-1.379360816658656,1.3553222051556646,23.03448275862069,0.18293150814702538
AFSDTNTR5DVFLBWC4Q4Y5SNG4TFQ,0.04413646637869052,1.3055743869596843,10.857142857142858,0.4011309523809524
AFSFAFYKIIDU2A7ZBNSXTKTVIJTA,0.5577466835865666,,4.0,0.625
AFSFXIYYZ5MNFJHEX3QHKWPK264A,0.5577466835865666,0.0,43.5,0.2333333333333333
AFSG7TRHSOHNXHAWKTKGPTRPHKVA,0.5577466835865666,,21.0,0.5805555555555556
AFSGQCEINAGMWU3MAZZKWU2UGGKQ,0.5577466835865666,,8.0,0.35
AFSH2ADUKP7QBX2P6BCWUKZYE5NQ,0.10833774352967507,0.6355602180801734,115.0,0.3192460317460317
AFSHBL3LUTLGO3UJONM6LVEJLEQQ,0.5577466835865666,,57.0,0.25
AFSHD27Z7NWMCD4LUS4USMNFUHLA,0.5577466835865666,,15.0,0.7666666666666666
AFSIRXNII2NO5ADYAYU5VGJ4DVSA,-1.6892980166978915,1.5567982351084249,36.25,0.17863425925925924
AFSJGCYOYHJGG2VBYGB7WLKHQ37A,-2.138706956754783,,52.0,0.1649999999999999
AFSJRGJT55NS24HBKME3IGNZ4PGA,-0.5862033456491574,0.41983726239724717,24.0,0.1178794437885347
AFSKPY37N3C43SOI5IEXEK5JSIYA,0.19630034745540118,0.6435873133629013,101.74377224199289,0.2818140806285168
AFSLJXRMFXVP3IR4ZIXQERRZO3XA,0.5577466835865666,0.0,26.0,0.34270833333333334
AFSM7ESAI3BK56XMWJRVCZRYCS3Q,-2.138706956754783,1.2711204361603468,25.0,-0.15500000000000003
AFSMHCVY3AM5OWPJTPEDBXIRTR4Q,0.5577466835865666,,97.0,0.2675019425019425
AFSNGBROR4NUCU6UQCJBB4VEJOPA,0.3126145344646258,0.8781526377431861,22.424242424242426,0.3889077898812747
AFSQODWB3COZA3NW445UC3QG6KHQ,-1.2398890766409998,,9.0,0.1
AFSU2WP64PLAYHJKRHORUICXFFCA,0.5577466835865666,0.0,21.23076923076923,0.44247252747252747
AFSV637IF56HT53U2RJ4DV6RSVHA,0.5577466835865666,0.0,17.333333333333332,0.1791666666666666
AFSWT22BABKEAANIPCAO2DUDVAUQ,-3.0375248368685663,,37.0,0.5
AFSWWYWKSZBJVKWZNNWVAZOG7IJQ,0.5577466835865666,0.0,31.0,0.4666666666666667
AFT33VUS3ZFGIAHGRXAZWBA7DD4A,0.5577466835865666,0.0,27.0,0.46133267195767197
AFT55RTC3WI2OGPDK6ZZLQOVJFZA,0.5577466835865666,,1.0,0.7
AFT55VEODOLZZ5KXVSUFZIWV6CBQ,0.5577466835865666,,8.0,0.5666666666666668
AFTC6ZR5IKNRDG5JCPVNVMU3XV2Q,0.3991317635664873,0.35319284448585153,46.11764705882353,0.2995191409897292
AFTDSPCG32FV2VPWLEYPDQARTSQA,0.5577466835865666,0.0,1.0,0.6
AFTFDIQUEOTOEPOX7RDKIAWLC3RQ,0.5577466835865666,,21.0,0.3208333333333333
AFTG36MRC5CXEBIRIRSMZNUKBJFQ,0.2881013195524317,0.4341702842313388,12.3,0.50465625
AFTG7W3AJ5DM2CCQWJLOJWL4ETKQ,0.5577466835865666,,2.0,0.5
AFTIM4OKTMFNKK4BRL4GNDHMPFSA,0.5577466835865666,0.0,87.5,0.3379707792207792
AFTJJTMT7S2GWKVSRAKO3IY4TUUQ,-0.3410711965272165,,24.0,0.2055555555555555
AFTLB43X76QKXWYYG4J6KKKGD7QQ,-2.138706956754783,0.0,21.0,0.0
AFTLTH2ZDYNCDL2VPKZBTF75RKTA,0.5577466835865666,,14.0,0.0
AFTLUVGQWKW6XSQ5TB6UER5Q263A,0.5577466835865666,0.0,70.0,0.3237373737373737
AFTMEJZVNY32NOSXQU3LB6HZD7IQ,0.33304221355812086,0.4494089400568916,33.5,0.31683531746031746
AFTNPJYJYTKF27LQKDPVTBHENBKA,-1.2398890766409998,2.5422408723206935,49.0,0.23545454545454547
AFTO753L3RBCKK5O6VZTSAYOOYAA,0.5577466835865666,,123.0,0.1426997245179063
AFTP6HWPRLWRFVVRP65WD7OPCHXQ,0.5577466835865666,,28.0,0.4388888888888888
AFTPWW67O3POISX7RO75HMRHQL3Q,0.25814072354863893,0.5189327450361415,68.0,0.5135532407407407
AFTQMFNQNWDTYDQDF3IC4W7TLVOQ,0.10833774352967507,0.6355602180801734,37.0,0.1447916666666666
AFTRZS3Z3OLZYHXBRQPLOKFV4RGQ,0.5577466835865666,,9.0,0.0
AFTTX2A3ZJPLFLMBZL3IUBUGAI6A,0.5577466835865666,,2.0,0.5
AFTUR267URQRM65ZFY322SGQ7KJA,-1.2398890766409998,2.5422408723206935,10.5,0.25625
AFTVZ4JFSEWQFGPJJ7VUG2LCSAHA,0.5577466835865666,,59.0,0.5041666666666667
AFTX5XGVRRUV7H7LJ6MP5LVDX5PQ,0.5577466835865666,0.0,9.5,0.7555555555555555
AFTXQF7EBQSGHI7URCWUHW5LEHTQ,0.5577466835865666,,39.0,0.126031746031746
AFTZ4DDX3WPX4XQ4WUHU5RDEUFVA,0.5577466835865666,,24.0,0.1166666666666666
AFU5KXXFSVIZLVR4C2CYU3HMK2OQ,0.5577466835865666,,2.0,0.8125
AFU77WPOVDJWJ5TT55AV7GUOQ2AQ,0.5577466835865666,0.0,23.8,0.5363333333333333
AFU7EVDOO4TIPZUAKOHFPFTG7OFA,-3.0375248368685663,,4.0,0.0
AFUB7CHTXRPD447QVQCHBZVN2IPQ,0.04971918613095005,1.078107666763301,26.869565217391305,0.5039279636426375
AFUBQWBW7BUAEFDDGBHFIUDGWK3Q,0.5577466835865666,,158.0,0.2907070707070707
AFUCTUJ63B6QQMGFJLJARMIMGPIA,0.5577466835865666,,7.0,0.25
AFUDWIMEA2LWNVEGMVVEOXFDBZTA,0.5577466835865666,0.0,9.916666666666666,0.33356481481481487
AFUEIH3ZQSMUFHD5QYA3FM7IWZEQ,0.5577466835865666,,91.0,0.2286458333333333
AFUEQBZGK777OQIPKCIGQKK53MDA,-1.2398890766409998,,17.0,0.4
AFUEY4VM2YWM3AL3ODNGIHEKD3UA,0.5577466835865666,,9.0,1.0
AFUHTRC3ZAQDQCFTV6PS3NEGJHGA,-3.0375248368685663,,57.0,-0.0285714285714285
AFUI76XKYNCVGJGRW36E7RJH5XYQ,0.5577466835865666,0.0,127.5,0.34804634692792585
AFUJKVQEP47ETYUNHAEFW6VJPTBA,0.5577466835865666,,5.0,0.8375
AFUL3FLW6IDSNCAJQPCOPMBCIIPA,0.5577466835865666,,3.0,0.5
AFULFJKOH3O25XBT54XAP4WSGG3A,0.5577466835865666,,62.0,0.4599999999999999
AFULICIEPKGIYC2SRV5YN7ZAORIQ,-0.3410711965272165,,12.0,0.0
AFUMP7GO4PZ3S6DLUBFPX6OK544A,-0.49087417654618043,1.6491940632001212,28.333333333333332,0.3742195767195768
AFUOEWBD5Q4WDQWKZ4I2PACGG7RQ,-3.0375248368685663,,13.0,-0.4875
AFUOJVLKDMSETEHFWQV3Y5QKU64Q,0.10833774352967507,0.6355602180801734,19.5,0.3657142857142857
AFUOL3UH6FR22IH7VGEIWWKK7KVA,0.5577466835865666,0.0,2.125,0.525
AFUOYIZBU3MTBOLYKOJE5Z35MBDA,-1.3090289135728292,1.6999122498838881,96.53846153846153,0.08939186206364334
AFUSHNNLRNRO7Z45ICYGVQ5JU6EA,0.5577466835865666,,26.0,0.2777777777777778
AFUSWNVA72MMWHGYWJ652SYX2JJQ,0.10833774352967507,0.6355602180801734,228.0,0.36193626449308264
AFUU6XU234MPQHFZZQF2LSHWPZDQ,-2.138706956754783,,55.0,0.1388888888888889
AFUVLAB3XMV7KOPMH52DWJNRRJBQ,0.5577466835865666,,27.0,0.5
AFUY5OAE7UHKPSUAWSIV4Y5CDDBQ,0.5577466835865666,,2.0,0.8
AFUYKPKI3DZ5FHBQRUWFDYKUOBOA,0.5577466835865666,0.0,25.0,0.4246164021164021
AFUZ3HSONK4B6QP62HWG3IQSA3IQ,0.5577466835865666,0.0,15.25,0.8291666666666666
AFUZ5E7QAHSVTLIY253GFAYZPN2Q,0.10833774352967507,0.5189327450361415,23.0,0.38015625
AFUZAL2CCOB7LVGRTZL3NMY2WDBA,0.5577466835865666,,9.0,0.4125
AFUZG4S57VOZIENQ5LJHBPEO5T2Q,-3.0375248368685663,,978.0,0.1892642857142856
AFV22L7AEKI2LW6HMLRLUKNYVBGQ,-0.03465601012479046,0.7979027445357988,42.40909090909091,0.2582563964865101
AFV2BXTNV6XJ4BSUQ3SO7KU2DV3A,0.5577466835865666,0.0,13.5,0.5449404761904761
AFV2WGGI3QDG4ATVHYAJ5AVWORXQ,-0.7904801365841081,1.9066806542405204,33.5,0.2471428571428571
AFV34NH3TBU4SQPR7GTJEAFYGKJA,-0.7904801365841081,0.6355602180801735,3.5,0.6
AFV5F6WO2JX664SF6KC2YNW7S74A,0.5577466835865666,,11.0,1.0
AFV6ITAVNGPWXSUOSQGHIAL6XRCA,0.5577466835865666,,56.0,0.0416666666666666
AFVBLZOM7T7MR4IDBZSYYA3USZ6A,0.5577466835865666,,3.0,0.5
AFVBRJC6HLAWP2YL25JO26PE6VWA,0.5577466835865666,,32.0,0.425
AFVDCABSBLUD46YMYSHPXVHAGC3Q,0.5577466835865666,,120.0,0.2073260073260073
AFVDINNYZ3KAC3SKCYYFAB6EI3RQ,-0.6406771565651443,2.075730980144566,5.0,0.4583333333333333
AFVFFSHYMKHMQKKYQIHE2IDLPA2A,0.5577466835865666,,21.0,0.8
AFVFLOD4M7Y3LOVDOYOC4IL34XQQ,0.5577466835865666,,2.0,0.7
AFVFZ7B6ZKQ5ZMGI3UTAXDW2NLRA,0.5577466835865666,,10.0,0.7
AFVGL7HOHKHSR5N3EUAVLYSBZCTQ,0.05216162602256361,1.086975212738494,25.125,0.357014652014652
AFVHGFX2RLJ66WW3BRY25OLNK2PQ,0.5577466835865666,,8.0,0.85
AFVHJ6WOYXAFXPKYKG3JBSX23D5A,-1.6892980166978915,1.5567982351084249,24.5,-0.012815656565656575
AFVLDYB5UOMWSAAJ4TUTQAZN32XQ,0.5577466835865666,0.0,62.0,0.006800595238095248
AFVLSLVYPFC5ZQT5KKSJRNFFKQYQ,-0.3410711965272165,,491.0,0.1199196174196173
AFVLUOHDJL6SDQ725KU7LYBGK46Q,0.5577466835865666,,10.0,0.0
AFVNEEPDEIH5SPUN5BWC6NKL3WNQ,-0.9830839680370618,1.846361004725325,24.714285714285715,0.2799117772108844
AFVOEH5QKPSJEK4VMWS4GUWCZ6SQ,-1.2398890766409998,,35.0,-0.1458333333333333
AFVOXZV56LIZ2XJG4L3XRF2ITYUA,0.5577466835865666,0.0,47.0,0.1933164983164983
AFVP66AZENGK2SKTLADNPJGIYPTQ,0.3580093768946148,0.5992119200758554,12.11111111111111,0.1919753086419753
AFVQTQM23HW36W655KNBHZKAUPLQ,-0.3410711965272165,0.0,21.0,0.5965277777777778
AFVRQVUCVADWFFB7U4J5ILVOEGOQ,0.5577466835865666,,52.0,0.4416666666666666
AFVTVAR5V6XKWMVHARHZXRCOSHIQ,-0.3410711965272165,1.2711204361603468,46.5,0.3082407407407407
AFVVAWYOXQK63S7ZDK5EZGNM4LSA,0.25814072354863893,0.6355602180801734,5.444444444444445,0.4972222222222222
AFVVXZ2UVRM2KT73SLGNVZYUM2PA,-1.6892980166978915,1.721105206714045,37.25,0.19483333333333336
AFVWRJSFTXSLWZUPRKKTVPY5JQRA,0.10833774352967507,0.6355602180801734,7.5,0.1
AFVX7R6QEFN757VJJAHIJIZAEIXQ,0.5577466835865666,,11.0,1.0
AFVYSMFSLQ72KM36STL6FXLDMQVA,-0.3410711965272165,,126.0,0.1174533799533799
AFVYUP667HX5PIHBJW7WBVVFHZVQ,-0.34107119652721657,1.2711204361603468,7.5,0.3
AFVZ732L42ANKKSNKE4UNPI2GTQQ,0.5577466835865666,,70.0,0.2741071428571429
AFW2PDT3AMT4X3PYQG7FJZH5FXFA,0.16243994337601034,0.5981796291784113,422.3258426966292,0.17228018551777616
AFW4FXFFDVKGQMSGIA74HUKKFNZQ,-0.3410711965272165,0.0,29.0,0.0722222222222222
AFW4PPP2GYKKZW2JXAGWC4ZBOIGQ,0.5577466835865666,,22.0,0.65
AFW4XOXE6A2J4FLDS7ONEJZEUAHA,-0.3410711965272165,,280.0,0.3464803312629399
AFW55Y3JTHHHZXTKOFWINTSJIZIA,0.5577466835865666,,27.0,0.1171875
AFW5WQNZAMTNKQITLSP2EBDVSKWQ,-3.0375248368685663,,13.0,-0.5
AFW67E4KVDFRUYNPRI5ANTQWEQFA,0.5577466835865666,,21.0,0.4933333333333333
AFWABVKN2DNOHA3H6DMIN3WJYXLA,0.5577466835865666,,17.0,0.55
AFWAXSLBIVNLLSKAKEXZWH6ZRFIQ,0.5577466835865666,0.0,3.0,0.5
AFWB27GHB5LSZCAZEULWVTE2YO3A,-2.138706956754783,,25.0,0.1333333333333333
AFWCNCO44IOXKK6HAXXPZWQQHAHQ,0.5577466835865666,,7.0,0.7000000000000001
AFWEEHWSXZG4LPIMBA3XYJE7R2VQ,0.5577466835865666,,13.0,0.3
AFWFFYN33BTY6NWWDTPEWQQBYDUQ,0.10833774352967507,0.5189327450361415,11.75,0.50125
AFWHJ6O3PV4JC7PVOJH6CPULO2KQ,0.07837714752588228,1.1004007370474906,19.066666666666666,0.37625950004856257
AFWK5HW3FB4HNVYJUHU5ZW7NPCYA,0.33304221355812086,0.4494089400568916,16.5,0.5371527777777778
AFWKMTS6HGPLGCF7XA7PCPM76ITQ,0.5577466835865666,,18.0,0.2375
AFWRGOGF4AI2IHRX7KZ2IYL63RXA,0.4079437035676028,0.34986438533103925,19.333333333333332,0.3653042328042328
AFWRW32IAVMIN5I4GFUSDRLBZZGA,0.19821953154105337,0.7579497874249913,21.5,0.31529166666666664
AFWSWV6JG6RC5V6XEL4EXW4KKQBQ,0.5577466835865666,,1.0,0.8
AFWTME2ROGUQI5J5FB3DWCLKZNBA,0.5577466835865666,0.0,16.785714285714285,0.3857246369701727
AFWTT7HY7QEAGHNGQKUNPAKGKCQA,0.5577466835865666,,19.0,0.5
AFWVN52MRBWOTIK7UGXBWGOY4HBA,0.1659542743061996,0.7081765064542138,93.8974358974359,0.20087681462939458
AFWXGZWG4TOCWAGDQSUUKONXVVCQ,-3.0375248368685663,,14.0,0.5
AFX2DJTS22HUXFZCOAK6OTHEDTYQ,0.5577466835865666,,34.0,0.2208333333333333
AFX4ROM4BGEA6KAV6JKX2CDVPP3A,-1.2398890766409998,2.5422408723206935,77.5,0.27425595238095246
AFX54TU2SL5JJ53SZ72G6PEMSOOA,-3.0375248368685663,,15.0,0.0083333333333333
AFX5CAKRRP3RSR27ON65ZRI4SXMQ,0.5577466835865666,,2.0,0.7
AFX5GCBHJZRWAIDMOJQPLQYQIT4A,-0.6406771565651443,2.075730980144566,52.333333333333336,0.34880952380952385
AFX7DU23Z43UGPBH2TCSCQFU2SZQ,0.5577466835865666,,12.0,0.71875
AFXALFIRQPYVRT5RP3WTD2Q4WW6A,-1.2398890766409998,0.7338817259896108,267.5,0.14255644137997076
AFXAX77UJGWZG2JU2Z52CQQH7YAA,-3.0375248368685663,,17.0,0.5031249999999999
AFXDYTFXJLX4YG3UD7W23W7Z5Y4A,-1.2871952808575147,1.653914024638998,35.73684210526316,0.03442069281433316
AFXDZW5H5LXQAZU7TM57Q25V5LQA,0.5577466835865666,,21.0,0.25
AFXF2A2PAFC2ZP6NG6VQOELRHHAQ,0.5577466835865666,0.0,12.666666666666666,0.613136574074074
AFXF3EGQTQDXMRLDWFU7UBFQZB7Q,-0.4829898091767612,0.6873432119409539,335.05263157894734,0.12985526868727745
AFXFEXKD2XNGFLVJ2MMAXNYJSDAQ,0.5577466835865666,0.0,8.0,0.2625
AFXHSWTPVNVZMQE7BZUEZF4OZHMA,-1.2398890766409998,,21.0,-0.0249999999999999
AFXIUBD7MXOW6DBKXW7L5UKBM4IQ,-1.8391009967168552,2.075730980144566,19.333333333333332,-0.17175925925925925
AFXKMVUEARVTNAAHYLF4ABKOILFA,0.5577466835865666,,27.0,0.28125
AFXMK2IQCHI3APYUVZ4HRDXIJJJA,0.5577466835865666,,21.0,0.2762247721354167
AFXNV267KBJBGT2MFSCHYAFQ374A,0.5577466835865666,,7.0,0.6533333333333333
AFXOCOWM2PQ754R7QUC3EMGIOADQ,0.3580093768946149,0.39634143078655626,48.77777777777778,0.37188071188071187
AFXOUPWEYPJDJRWMANPPBIVECPLA,0.5577466835865666,,46.0,0.2207070707070707
AFXQDJLOL5GVFJRHGTU2LNMZHEMA,-0.6406771565651443,2.075730980144566,10.0,-0.041666666666666664
AFXR7W6KTYBKQO4KH2NYV3UOEH5A,0.5577466835865666,,116.0,0.3386666666666666
AFXRCMU3XL62EBWBP7X52ZO5E2KA,-0.04146523648928883,0.9282951149211032,13.0,0.2554166666666667
AFXSSG44WLADRXCGOAQPBIW6L4QQ,0.5577466835865666,,4.0,0.0
AFXSTX2BS3VYZDUVT7XMYDOARDXA,0.5577466835865666,0.0,48.75,0.34687236952861955
AFXT6QE65FLBETAO3VNEDARUI2DA,-0.1613076205044599,0.9846056560545862,38.6,0.4766736111111111
AFXUNKJFY5ERNDCRPH5J22372ZMA,-0.42278191290119693,1.6793490495889887,13.454545454545455,0.20681818181818182
AFXUP4WWKENB7LAW7SXIWSEYMH2A,0.21204749892741928,0.5846303696727001,38.15384615384615,0.474582998020498
AFXVYJDUZ3HLSA5C3EDTJCWDNSIA,0.5577466835865666,0.0,71.5,0.32999999999999996
AFXXUSAEIK5VJPDSPSE3W6CMQHZQ,-0.3410711965272165,,16.0,0.2541666666666666
AFY3BPXSRDQ2R32A42JJY7HZMJGQ,0.5577466835865666,,2.0,1.0
AFY3UMP3NES7ZTYNG55CSYFKE4IA,0.5577466835865666,0.0,13.0,0.49020833333333336
AFY4R7XMEMOPPE4XIOJ7AGRQTVSA,0.5577466835865666,,74.0,0.4261428571428571
AFY6NMFTXXN7AL3NSMJ3GM42Y4CQ,0.5577466835865666,,3.0,0.0
AFYCVOWPEIUNDIODFVICC7ITNASQ,0.5577466835865666,0.0,6.0,0.075
AFYE7WI2MA22IZZO6SXNM3AQRAGQ,-3.0375248368685663,,5.0,-0.2
AFYEGLQ6U4TTCG36W443KAWFNBJA,0.5577466835865666,0.0,30.333333333333332,0.34111111111111114
AFYEQGWZLEEM3VICX4K7GEITCNDQ,-0.3410711965272165,,2.0,1.0
AFYI3QUQRIF2V6K5SQ5TFEWI7EGA,-2.138706956754783,,17.0,0.25
AFYKPHVGG43S3P4YMVSICBMSA5QA,0.5577466835865666,,2.0,0.0
AFYMNMPJ7TCETT3PK55JBS57I6DQ,-0.34107119652721657,1.2711204361603468,11.5,0.6166666666666667
AFYNCUNHKHRPPUOQSQEDJLSIL74Q,0.5577466835865666,,69.0,0.5285714285714286
AFYOZ6GIVSYHLH4OCRCFDESNIATQ,-0.7904801365841081,0.6355602180801734,17.5,0.55
AFYPRMPB3XQUHB7ZDJ2NVZRVRQVQ,0.5577466835865666,,30.0,0.7833333333333333
AFYR3MTNDZASRHNYX3SOIEPUSFNQ,-0.3410711965272165,0.0,4.0,0.48124999999999996
AFYSLPBHHOX43I7UNIIXIE7VD4SQ,0.5577466835865666,0.0,24.5,0.5133333333333333
AFYSWCXEGLPB2Y3RL323HFLGMT4A,-2.138706956754783,,58.0,0.3
AFYUE4KEBHOHSVH6QG7DGLE2YRXQ,0.5577466835865666,,2.0,0.8
AFYVDYPYTX3YUFXKX3WJLAEJOQXQ,0.10833774352967504,0.7683548371641559,62.42857142857143,0.22748321078272377
AFYXWRH5SULLY46JOJBBC3P6RWBQ,0.5577466835865666,0.0,15.333333333333334,0.4566666666666667
AFYYMPUD6YQE23IA4MRYA4ZR3MMQ,0.5577466835865666,,2.0,0.91
AFYZ6GKRPEFTKYEHUOSTDR4CBJJQ,0.5577466835865666,,61.0,0.2523809523809524
AFYZV2HD2I4TADEMI5QAQ5AGFFGA,0.5577466835865666,0.0,17.333333333333332,0.1794444444444444
AFZ2WFNVLG46EXHEF5AEG4LNR5JQ,0.5577466835865666,0.0,17.333333333333332,0.5140514520202021
AFZ4C2QTQZ6QXPSTWCAISSXRUJ6Q,0.5577466835865666,0.0,7.0,0.525
AFZ4G2LPX27EYRV4BD4TP3W4ZXXQ,0.5577466835865666,,4.0,0.5
AFZ4GAOLMHTZZLHY5ZAZDC4VRTSQ,0.10833774352967507,0.6355602180801734,30.0,0.1635
AFZ4H2HBXTMHVCZEBTNJP7W6R5LA,-0.34107119652721657,1.3588849055539074,22.125,0.2791666666666667
AFZ5LNTQPR45C4MPRYIEFVKGI4WQ,0.5577466835865666,,21.0,0.3715277777777777
AFZAVVJSYQL5OUDHGT5MFO5KJWWQ,0.5577466835865666,0.0,9.0,0.4166666666666667
AFZB3WNDA3IKBDZIW3YH4KANAI5A,0.5577466835865666,,4.0,0.5
AFZC3UVPS3YDTAVOSOMU2A5SANMA,0.5577466835865666,,27.0,0.25
AFZCWIOD6EICPVQSSFO7YX6N6YWQ,-0.3410711965272165,,171.0,0.2059920634920635
AFZEWKQYA4ZH6UUJC27BXONQM6DA,0.5577466835865666,,13.0,0.0
AFZHB636MCCJNJHINABLEUCMQVTQ,0.5577466835865666,,6.0,1.0
AFZHE5NHEVDX7KVTV2NSY3FA4XWA,0.10833774352967507,0.8988178801137832,70.5,0.2903057359307359
AFZHGG66WZRBIJTYPCHDSHY5GIWA,-0.6406771565651442,1.037865490072283,27.666666666666668,0.33371794871794874
AFZHPATMBXNNBDADBUAFAT4ETAEA,0.5577466835865666,,10.0,0.75
AFZHVLKU2IFGM26MNHEHZV24MVLA,0.5577466835865666,,7.0,0.8
AFZI4HCFSGEXTEZAG2VICNAQTZBQ,0.5577466835865666,,5.0,0.5
AFZK2BA7HVTZTYYVBQ6YYL5XPWLA,0.42934412928459764,0.326393596739921,7.214285714285714,0.46517857142857144
AFZNUOLBP4VX46FPIMS6R7TPFPHA,-0.3410711965272165,,93.0,0.1016666666666666
AFZPBQFGXJE7YVGVOCQ3INMCI6JA,0.5577466835865666,,3.0,0.8
AFZPMWS2IY6WSK7O7F5JMOLM4NRA,0.5577466835865666,,14.0,0.4277777777777778
AFZQ4QEIYOYSZK6ZOQW66XOQ3GIA,0.5577466835865666,,22.0,0.55
AFZR3DMRF5KW3WM6LVZ6SGSBGQXQ,0.5577466835865666,0.0,37.666666666666664,0.18287037037037038
AFZRBHATWMMOZ75SQMQGZNOD7CRA,0.5577466835865666,,38.0,0.6
AFZRGBUVYJMAM2UVML42IFJX3VQA,0.5577466835865666,,36.0,0.4266666666666666
AFZSAYNMKDTQVOXQW2TCIGBR7RHQ,0.5577466835865666,,8.0,0.65
AFZSK2IFCP3KOE7IRNVSE3C3NKVA,-1.2398890766409998,,19.0,0.425
AFZSZZURRC4XKKBIBHSIQFLXCOFQ,-0.04146523648928879,0.5189327450361415,21.666666666666668,0.5418518518518517
AFZTOO5BBNV4F3Y7QJACBRLXAJEA,0.5577466835865666,,33.0,0.3666666666666667
AFZTYHXKI3CKU3S7OO4CADH4OEBQ,0.5577466835865666,,19.0,0.25
AFZUK3MTBIBEDQOPAK3OATUOUKLA,0.05282013776971639,0.8927208251416252,109.55725879170424,0.17840156883741992
AG25ZASYXSIF666IYOAOXJTTX2WQ,0.5577466835865666,,15.0,0.7
AG2BJOE43JDTA64QMYS6WLUS37WA,0.10833774352967507,0.6355602180801734,19.5,0.17708333333333326
AG2C5BVJIQA5DQUAONBZBINZSYEQ,0.5577466835865666,,2.0,0.8
AG2FJHNU5Y4HIDFK22Y6EJDFZ4WQ,0.5577466835865666,,2.0,0.0
AG2IOTNA76CJWFX5IURRVMJWVVBQ,0.5577466835865666,,66.0,0.1633333333333333
AG2JBD4NI56SYO4DFA3HJIOUWZHA,0.5577466835865666,0.0,91.0,0.1579940892440892
AG2L7H23R5LLKDKLBEF2Q3L2MVDA,-0.41597268653669844,1.4573017117039266,50.75,0.29777362828144077
AG2LKLOEC5D7YP6VJNWU3IIIHERA,0.5577466835865666,0.0,731.0,0.20925474317358417
AG2MBUI55GM2K4JSJFBTC26FXDMA,-0.7005983485727298,1.2058907275960056,22.6,0.19894345238095235
AG2MOYLWZ7VV33MY66YL3IJ7HI4Q,-1.015184606612554,1.85296052895144,10.75,0.4527777777777778
AG2NK3JFSVD5GLZUL63LKXGORPUA,0.5577466835865666,,28.0,0.0
AG2NOIYXWRLBHPHJBL2S4D7T5VIA,-1.2398890766409998,2.5422408723206935,26.0,0.14053571428571432
AG2R7Q3QDT7QMPR27PFV36V6BR7A,-2.138706956754783,,9.0,0.6
AG2UEDPK43QC5AU6HZTCBANPW2FQ,-0.6842562052979339,1.6363616059779704,26.418181818181818,0.3478023704830523
AG2ZGWAGJOGZN22KZ6CHW62URNOQ,0.5577466835865666,,84.0,0.1192857142857143
AG32BO2VHFQML455DFYN55LRTG4Q,0.5577466835865666,,105.0,0.3035714285714285
AG34ZX3BZMU2AB63EMR3327DJNWQ,-0.3410711965272165,,7.0,0.5
AG35BKPUEUMX7LV5YLOQ5YCQ3GOA,-0.19475200674125184,0.9793213458496006,87.62790697674419,0.2164976596639518
AG37FXF32G5JGPGN37V6WAOQKUBQ,0.5577466835865666,,27.0,-0.1333333333333333
AG3BG6PCNVQKVYNWHT7IJHEKUQAA,0.5577466835865666,,21.0,0.0
AG3CK5SCLW7IHASZSW5I52W6VQDA,-0.6406771565651442,2.075730980144566,11.333333333333334,0.3506944444444444
AG3D23KNXZKTXGW2BNP6IXS6YDQQ,0.5577466835865666,,68.0,0.29375
AG3FZ7ST6C2R77BP2O4JMYRQ52MA,0.5577466835865666,0.0,14.5,0.6291666666666667
AG3HMLZJHOGT7PJQX3KGGHHC3AEQ,0.5577466835865666,,93.0,0.33484375
AG3IIIN4QARMCMYS5TGLZUZ4HRUQ,-1.4196526526637565,1.8420285130180227,11.6,0.19812500000000002
AG3J2ECL3DW3UPGGPX2TUF7SF5AA,0.5577466835865666,,5.0,0.6
AG3JJOGV4VW4LV4OR6UB6N7NPLEQ,-0.3410711965272165,,27.0,0.6854166666666668
AG3LKHMZRLJNHARYZDQLZ7XDKYEQ,-1.2398890766409998,,25.0,0.2399999999999999
AG3OMNZUNUF3QAFTI4FVLTXTFXZQ,0.5577466835865666,0.0,23.5,0.3136574074074074
AG3OMX2OKPGW6HEMNPEVIP7CB4HA,0.5577466835865666,,14.0,0.03125
AG3PLBKYS3Z2IJHOBNCEOM4SXAYQ,-0.8803619245954865,1.6327837637973917,60.8,0.23555343915343915
AG3S4FROO422V5KP7DJCBXVUQLJQ,0.5335415342118688,0.17299210329486966,322.3967684021544,0.1826808084913429
AG3SP44WMKMFLUZI36G3P3HBCVWA,-2.138706956754783,,23.0,0.0
AG3V3SP3WZANUQR6GAAKMCWCP72Q,-0.3410711965272165,,88.0,0.37
AG3VSNBVZL5UXFTFFAQMIREN26AA,0.5577466835865666,,2.0,1.0
AG3VXRJ5OUQDF3UAEOEIIZ6Z5Z3A,0.1725390206806596,0.4804383657846045,16.857142857142858,0.3870606575963719
AG3WYLGVKWBLBYL5UEQOKD2KVDFA,0.5577466835865666,,21.0,0.5
AG3XU5GJ7ATYTRQ3664DTIOF2BRA,-0.3410711965272166,1.5567982351084246,32.285714285714285,0.2916429924242424
AG3XVMSR63FRTMHFIACPDO7OYZDA,0.5577466835865666,,91.0,0.4214285714285714
AG3XXUDFM7GM2H65FLDBSC4ENYBQ,-1.2398890766409998,,23.0,0.4833333333333333
AG3ZLSFL6WEHCXA2SETWSPPDGTVQ,0.5577466835865666,,13.0,0.425
AG435XOKDSHTIJNM72GXXGZ2T7JA,0.5577466835865666,0.0,2.3333333333333335,0.5
AG4363JLAHPMXXRDWLELC7CS4KVA,0.5577466835865666,,28.0,0.375
AG44DQLCEHRU62BFWBHDAIIHS4XQ,-0.25118940851583826,0.9891535123850631,34.6,0.22223032106782106
AG44FSSBEFC4BCDOIYRLVYVK6PZQ,0.5577466835865666,0.0,56.5,0.3924305555555555
AG46WWUBBVHZDPXJ5ZRDIKGHQLUQ,-0.34107119652721657,1.2711204361603468,24.0,0.35863636363636364
AG47HU3MDS5O52R7Z5SRZO5LWX4Q,0.5577466835865666,,107.0,0.4107954545454546
AG4AY3ZUV6CCSV3GPLIB4ASGKCYA,-1.3522413116552228,1.6248124366206476,43.375,0.07208526234567902
AG4BBARVNO6VTOC654NFRHDCER4A,0.5577466835865666,,22.0,0.6
AG4CMACPLR2DPFISKIUJ7EG6OMYA,0.5577466835865666,0.0,2.0,0.9
AG4CMTXPGODUYDK466SGORLF4MOQ,-3.0375248368685663,,11.0,-0.3125
AG4COLOHCLHWUUYWCZ77TPJLE3EQ,-1.329770864652378,1.8030515032151682,35.266666666666666,0.0941904342779012
AG4CZLNP6BBFS3EHZD523FWY5WEQ,0.5577466835865666,,284.0,0.2353009688723974
AG4EATR4WL4QOALBK2QV3T5CJVSA,0.5577466835865666,,22.0,0.0
AG4EMCK4UVIBJKL7DR7ZHTF7CO2Q,0.18323923353915697,1.04667355880496,15.166666666666666,0.4610677083333334
AG4FRNPMHSM4HS2IBC2H5B7IUQDQ,0.5577466835865666,,56.0,-0.0041666666666666
AG4GRM4E4LZBSQNUBEQ2LSNNJV5Q,0.5577466835865666,,3.0,1.0
AG4GVZM7SUDK4REL56U7DK4GQWKA,-1.2398890766409998,,160.0,0.1844505494505494
AG4IBL6TDT3RZJRIJMOFL2TGXJGQ,-1.2398890766409998,,218.0,0.0989510489510489
AG4JCTFIA6PZNLS6QDQAHSMZMF3A,-0.3410711965272165,,63.0,0.6500000000000001
AG4LLC6OSJUW7MTIZE4G332S5MYA,0.5577466835865666,,29.0,0.0642857142857143
AG4MIJDYTNWORGOKC2K22CPHFODA,-0.7904801365841082,1.5423160762929178,36.5,0.29595716653138526
AG4N4JABA6W7WTXO46RJTBAZ573Q,0.5577466835865666,,6.0,0.4375
AG4NGLW57WS4PMTDFVYYICYXMLMA,0.5577466835865666,,24.0,0.1121212121212121
AG4NTS4JQDDFHSGS4233TNBMXNNQ,0.5577466835865666,,298.0,0.3100348056891026
AG4PYEKPTTEMMWBRIXTC2UAVWQPA,0.5577466835865666,,2.0,0.7
AG4RDNEXBUS7SKHLYCZHG2Z4FZ5Q,0.41946700972290774,0.49857445446986004,15.461538461538462,0.4591666666666666
AG4RU5SMNCJ6TBCVN4M6IKY6X3PQ,0.5577466835865666,,19.0,0.8000000000000002
AG4S3VMKGHGEKQIRVNC5LGOFHRIA,-3.0375248368685663,,30.0,0.5
AG4S5RCVIUSITJI2KCBI6W2VFGMA,0.5577466835865666,,13.0,0.6333333333333333
AG4T2QLCIUPQHPZDQTGQOIQOQX7Q,-0.34107119652721657,1.136924681137487,27.333333333333332,0.28182870370370366
AG4TV5GQSCCDIQU7NCU5WSHVEAWQ,-2.138706956754783,1.7976357602275665,40.0,0.04333333333333333
AG4UY5TXNQGJEGFB3Z3U457NFKEA,-1.2398890766409998,,60.0,0.124537037037037
AG4VTWACVROUOA2KBR5WMK74Q4GQ,-3.0375248368685663,,5.0,0.0
AG4Y5I6ZSKGBY43KKNIHVOMBNW2A,-0.34107119652721657,1.5567982351084246,66.66666666666667,0.06645880574452007
AG4Y6GHCUH6T352ABJ6EUNEPGJIA,0.5577466835865666,,55.0,0.3407142857142857
AG535JFIAGQV4CY7TREDVYPDNGKA,0.5577466835865666,0.0,24.666666666666668,0.5410763888888889
AG54HW54DL4HYJARBLCRETL7L4YQ,0.5577466835865666,,54.0,0.41875
AG55FRTLHYWH7LACKFHHRATAHPLA,0.5577466835865666,,14.0,0.3999999999999999
AG56IAC5WMZYNSRHULIBSMRVFGHQ,0.5577466835865666,,20.0,0.6
AG57CQ6P4QWYMWUV6MTAOETUKHTA,0.4453944485723438,0.3177801090400867,70.375,0.31621234668109666
AG57WKP4UAON47LATKVUWCTW4DDA,0.5577466835865666,,3.0,0.5
AG5DTPDJ6XF4EU2LLSFHPJO4UZEA,0.5577466835865666,,3.0,0.6
AG5ESK2B2EL7CKQC3QC74UQVKNYQ,-0.6406771565651443,2.075730980144566,72.0,0.027407407407407398
AG5ESKHGJ42U6Z7D7I6FJ3OZ56BA,0.5577466835865666,0.0,26.0,0.625
AG5FGD5Z74CTCIWMMCSR2AQ7CM7Q,0.5577466835865666,0.0,1.0,0.7
AG5FGEYGAMLVI7NOKMXL7ORUZNDQ,0.5577466835865666,,8.0,0.625
AG5HINCRUM4HZ5AG6GNREUGDTNXA,0.4079437035676028,0.3669408629948054,89.66666666666667,0.19103313449667614
AG5HOQN6X5G5IN5F2XPRAFOEYGFA,0.5577466835865666,,7.0,0.3999999999999999
AG5IX5MH4TBKUEHMIQ4ZMNSFEFLA,0.5577466835865666,0.0,1.0,0.0
AG5KDDU7RCGXHBA6BPPXXW3IP6UA,-0.6406771565651443,1.430598851326836,20.476190476190474,0.35500770393627534
AG5MZAXLQHADZ3UYXZQGVNFEJZ4Q,0.5577466835865666,,6.0,1.0
AG5PZHKBEOMIYZCNUL7S6FOJATYQ,-0.7904801365841081,0.6355602180801735,152.0,0.1856222076534576
AG5QC2TGPZRTGSNFVFSLXDHG2ORQ,-1.2398890766409998,,31.0,0.25
AG5RBZZWD2F6I33DISMD2JHJSV5A,0.5577466835865666,,5.0,0.6666666666666666
AG5RCAVKSAKDXA4RRARBMUKSSYPA,0.5577466835865666,,17.0,0.75
AG5RLYHH277YN5CG5UIMLHMG4XWQ,-2.138706956754783,0.8988178801137833,37.333333333333336,0.028108465608465628
AG5SPXKXC3M32V7FSF4IAZRCW7VQ,0.5577466835865666,,132.0,0.2739583333333333
AG5SV4UPCDKZAVM2SOW6CSWR4EKA,-0.04146523648928883,1.037865490072283,65.0,0.20719696969696966
AG5T663F5V7WASRHQSWDX6ISGWUA,0.5577466835865666,,23.0,0.8166666666666668
AG5T7BAPUYBT6LE5FSBDGUE6ZCXQ,-0.7904801365841081,0.6355602180801735,15.0,0.5625
AG5XGWBUVIQWZBR2CSPLHNBGINLA,0.5577466835865666,,299.0,0.1118055555555555
AG5XOMIEGWTQKCHPGS77VKDDYUOA,0.5577466835865666,,5.0,0.7999999999999999
AG5Y7PRM4OD7TC23Q6S7KMNL2XNQ,0.13829833953346782,0.9060208861521496,43.1,0.24911146420451974
AG5YNREZVJP6XATLCKEM4NTGLICA,0.5577466835865666,0.0,5.75,0.2833333333333333
AG5YY4OVNFDHJV23F7PFXV3FHAJA,0.25814072354863893,0.5189327450361415,22.666666666666668,0.3483796296296296
AG62SYAV42JMDOJV3DO7NSI4TTBQ,0.5577466835865666,,14.0,0.425
AG63IU6BFAGO3FYPMUOAULVTHGMA,-0.3410711965272165,,2.0,0.6
AG66YLW2OK4E25SLM3VCBHKRBURQ,-3.0375248368685663,,33.0,0.0
AG67LXCTBMBBOY4H7CEXR73UGROQ,0.5577466835865666,,26.0,0.45
AG6BAEKWLCWH2TW3KKLVK773YF6A,-1.127536841626777,1.3955473421721605,50.25,0.08802020448626893
AG6CEWBCJCCJ3FQPCTZ3QXYVSLJQ,0.5577466835865666,0.0,17.0,0.425
AG6DIQWOKFZFS3LM65IG5NU4UZYA,-0.6406771565651442,1.5740009477795285,16.833333333333332,0.11481481481481481
AG6GQ2NTR2JCVELBW7RMZGFBUO3A,0.5577466835865666,,4.0,0.5
AG6HFVGPY3YC67EHKLKXOXICZVYQ,0.5577466835865666,,27.0,0.4125
AG6JCB3T4PRY6AYIVKFOV6MPJB7Q,0.5577466835865666,,3.0,0.875
AG6JYOZ2MM5ZJZR2EM3NF3TW6CAA,0.5577466835865666,,8.0,0.0
AG6K6COJV7WZIHE6RIRZN4BSRNGQ,0.5577466835865666,,4.0,0.8
AG6K7GPCDHQNKMVDMTYKKWSOAVVQ,-0.3410711965272165,,2.0,0.4374999999999999
AG6KA2HYMCNL5RDXP2SSOWYSGHOQ,0.5577466835865666,,41.0,0.15
AG6LPVVIUPRU4MNIX3NLED2U5J6A,-0.04146523648928883,1.037865490072283,3.0,0.6999999999999998
AG6MQNEZY4U7U5DREL6MOE3KVG5Q,0.5577466835865666,,8.0,0.7333333333333334
AG6MR5HTNWERSCG7YH2QVY52I66Q,0.5577466835865666,,69.0,0.1761904761904761
AG6MS57RFS4F2MZ5XJUINK7J4YCQ,0.5577466835865666,0.0,40.5,0.3071428571428571
AG6MTCSSINCEVTNVZO2SOUUSDR5Q,-0.6406771565651443,1.5567982351084244,20.22222222222222,0.35039700863510387
AG6NAC74NJXO4ELJFVJDKISVQAEA,0.3580093768946148,0.5992119200758554,18.22222222222222,0.6079187016687017
AG6NLVX4D3V2BWYIXB7SWLU5OAIQ,0.5577466835865666,,6.0,0.9
AG6PIMULBMZMJXCQLQOTDTRIWG5Q,0.5577466835865666,,20.0,0.009090909090909
AG6RPXIP3FYKEIUL25BJCN5JFDZA,0.5577466835865666,,42.0,0.276199494949495
AG6SCI5AUYGTWBHLCCJHDPDTODXQ,0.5577466835865666,,7.0,0.275
AG6SNHIVEFMJIXCLZWKTGEOV5ZBQ,0.0674823853426849,1.1624767407903902,10.454545454545455,0.49911616161616157
AG6TI455ZBVZPUE5UM4Z5USXNUMQ,0.5577466835865666,,39.0,0.5
AG6VIQTSTVZM6O6W3A3RHWNEUMIQ,0.5577466835865666,,18.0,0.6333333333333333
AG6WSAG3LWJZORZR27RPJUYA2NZQ,-0.3410711965272165,,47.0,0.425
AG6XGVJWFFNW5QTUTTPUAC4OBPZQ,-0.20279152266355757,0.9601064895764329,306.6923076923077,0.23312411698551758
AG6XRL7KEXPU2VWUVFYCIXJMFW2A,0.5577466835865666,,7.0,1.0
AG6Z6UPUHAIKZZCT7KQ4S6IFFVPA,0.5577466835865666,,92.0,0.325
AG6ZXPQSSFI5DH2SKHOMSNMWITAQ,0.5577466835865666,,15.0,1.0
AG732MXNWFLTLT6CJ27MD3WNIASQ,0.5577466835865666,,22.0,-0.1666666666666666
AG73KP2HS4CKZFD2L3PFULRHSVNQ,0.5577466835865666,0.0,27.0,0.33
AG74HNQCWELUSMAKMXX4TFMAMYOQ,0.5577466835865666,0.0,33.0,0.15000000000000002
AG76RJNRLQUCHEVV4D75QND46LPA,0.5577466835865666,,41.0,0.2079365079365079
AG775DSEE4NCWI6NA3A4TALVSRHQ,-0.5657756665556624,1.3482268201706749,31.0,0.029166666666666667
AG7BLXGCWCXHXMN574SP7PKUYSBQ,0.5577466835865666,,20.0,0.55
AG7CXUKMCJ6YHFMCWKARXHXVPMOA,0.5577466835865666,,5.0,0.7
AG7DH74UOAJIB2NWCI7VGSVF3KCQ,0.10833774352967507,0.6355602180801734,27.5,0.496875
AG7FS5EQU2WOSBFNQGDY3VP25LVA,0.0819019235263285,0.6448389602477168,25.705882352941178,0.39096746084797557
AG7FVWM5QM2Y5ATJQVZM4GCSAA6A,0.5577466835865666,,14.0,0.475
AG7GV2GFOT74SEFBKJ7YXIJ2F3LQ,-0.3410711965272165,,17.0,0.4625
AG7J5OHI7UPCU4IJPBW7HNUPLUIQ,0.25814072354863893,0.5189327450361415,10.333333333333334,0.7615740740740741
AG7J7ECHU4TI4E4TZ53ZCBIKL7YA,0.5577466835865666,,52.0,0.3136363636363636
AG7JH2A6PFUAANQZ4EASUGDC7XHA,0.10833774352967507,0.6355602180801734,36.0,0.03715277777777775
AG7JSIKUQPSL5AAPRDRKDNWM4U2A,0.3991317635664873,0.35319284448585153,38.76470588235294,0.2220191165044106
AG7LADSHPBHTRV3OQR4265ES6GIA,0.5577466835865666,,4.0,1.0
AG7LRUVAZG4AMMG3JSS2L7PNVCLA,0.5577466835865666,,29.0,0.2885416666666667
AG7MEBFQTVWCUJMKDKKE3W4KTT3A,0.5577466835865666,,7.0,0.5
AG7MKASYD5IEHFSJQACOWGHK656Q,0.5577466835865666,,4.0,1.0
AG7OMLZYEZYOV72P4NBV2EVJG6ZA,0.5577466835865666,,19.0,0.125
AG7OYMPAYRH5BDPAUAVS5YWIVBGQ,-0.3410711965272165,0.0,17.0,0.6399999999999999
AG7P37OYETQ43CMXLZKCMYQXHZOA,0.5577466835865666,,7.0,0.4666666666666666
AG7QDTQYHFOIXFWSVUUBZOEIW2NA,0.5577466835865666,0.0,20.75,0.527695707070707
AG7SWTY2OY6RDZETALLMH2ZR5VYA,0.5577466835865666,,95.0,2.2204460492503132e-17
AG7TKHLDUM5NKS5IW3XWS6RWHILQ,0.3009415749826286,0.6794424527769537,12.285714285714286,0.17142857142857143
AG7VNLW34SGZ7JNJSL6XT3U3VFEQ,0.5577466835865666,0.0,13.0,0.7916666666666666
AG7WKI6NUQBA2OLKG5QQP4TXXODA,0.5577466835865666,,35.0,-0.0999999999999999
AG7WKTZINOFIXMZJYIPKIB7PV7NQ,-0.5270335165507579,1.4162468355393438,40.310344827586206,0.21785596257846832
AG7X2YKMH6EETSAKSVZ3QRWITD5Q,0.5577466835865666,,24.0,0.39
AG7ZARYS7FRD6IELOUEOFC7HGPMQ,0.10833774352967507,0.6355602180801734,8.0,0.775
AG7ZXSSKZPKMPGGHKXNE7PZI344Q,0.5577466835865666,,45.0,0.5437500000000001
AGA3PQKDGXZQB7D3XXO74OO3GM7A,-0.4227819129011969,1.5282307029333295,30.90909090909091,0.2985993265993266
AGA3VBG56LW5VBDMWXE23N4PG2IA,0.158272070202663,1.032765383089333,16.0,0.41971777065527066
AGA5NVURIH4FYZ2Y5OEE5SF3IXGQ,-0.6406771565651443,2.075730980144566,45.0,0.19227716727716726
AGA77XVPYPRDNC3AJAIC557RGSLA,0.10833774352967504,0.8988178801137833,8.0,0.2809722222222222
AGA7G25NGVP4CKBHYCOWI7OPXFIQ,0.5577466835865666,,19.0,0.5933333333333333
AGAANUTK7OBMDHQUKSFZZARKCJ7Q,-3.0375248368685663,,11.0,-0.1777777777777777
AGAE6KDFMIALPBHFHEJKT4KJKEIA,0.5577466835865666,,43.0,0.05
AGAFWZBZFPXKTQLIQUYVDVJK2FZQ,0.37798310756381,0.5684623405687435,46.1,0.11452389277389277
AGAGHNKEUJHHPRDGNZWSAJH7EGJA,-0.3410711965272165,,44.0,0.5625
AGAHANLSS7DG4ZHNPP5S56W4SKHA,-0.3410711965272166,1.6642873188885918,16.875,0.2010453869047619
AGAHV5WINQWBIQYQWD3O7THAJDPA,0.10833774352967507,0.6355602180801734,33.5,0.1854761904761904
AGAI6BVT4RMJ6ZRWGRAPBJ3RUJ6Q,0.5577466835865666,,6.0,0.15
AGAJIGBX3UA7OEFS3XA42FR5SGWA,-0.04146523648928883,1.189024292359669,17.88888888888889,0.2751995442186414
AGAKNRAW23NJ36YPFRNCUX4WS3YA,0.5577466835865666,,75.0,0.2566115702479339
AGAM2CCKV52HI4YZU7ASZTSXA7YQ,0.42934412928459764,0.33972122638847685,310.57142857142856,0.22329893206202936
AGAMJIJZG46DZUGZ5L2PSLGVP3LQ,-1.2398890766409998,2.5422408723206935,8.0,-0.1375
AGAMMFYEWRRZ6DWMODRNER7FLHBA,0.5577466835865666,,2.0,1.0
AGAO6UNI7SXDU4VQLCZVI4WEVLVA,0.5577466835865666,,5.0,1.0
AGAQA25V3AR7HU6RKJ72C5PUT5UQ,0.5577466835865666,0.0,63.5,0.3077380952380952
AGAQU5F3APPRBAFIZMQSBU2QIJWA,0.5577466835865666,,2.0,0.8125
AGAV7VPO2ZPOD4QYXSYFTENHHX2A,0.5577466835865666,,16.0,0.4444444444444444
AGAVKNCPQC4E4KVNDMKCNG74DLAA,-0.3410711965272165,,511.0,0.2016493055555555
AGAWRQSMW2RINWN35JDTPYMKL2QA,0.5577466835865666,,11.0,1.0
AGAWTF3V56XUCWIZZ7FPS6LL7FFQ,0.5577466835865666,,27.0,0.5
AGAYAFWWJLDWOHMIRXILF65ZVETQ,0.5577466835865666,0.0,21.0,0.525
AGB2OD4PZ7AMECYHMRMTUMYJSQGQ,-1.2398890766409998,2.5422408723206935,10.5,0.07222222222222224
AGB377UZDJ6IV6NMXLJ4GESBTZVQ,0.5577466835865666,,122.0,0.0953703703703703
AGB6TDH6NV66DR6GPPAAOGJBP2VA,0.5577466835865666,,18.0,0.625
AGB6W4XCPTDTIUP3GGEUC42OBPQA,0.5577466835865666,,21.0,0.2841269841269841
AGB6ZEKVRQ32H2I7V3KNJNRCOTMA,0.5577466835865666,,10.0,0.5
AGBADUNW3ZWJDSFCOIORYXGNUWLA,-3.0375248368685663,,19.0,0.0
AGBALMWEDCZRIX2QENGWDZET3EFQ,-1.2398890766409998,1.4211558514218587,32.8,-0.05135317460317464
AGBAWYOBOBB5REBQO2VC5ZMPZDZQ,0.5577466835865666,,26.0,0.34375
AGBAZXC4DWPPAWOBIL4O72OG2DHA,0.5577466835865666,0.0,271.0,0.2116455286568068
AGBBEKOCKHTCQ673LZBRD464EZ5A,-0.34107119652721657,1.5567982351084244,46.333333333333336,0.30061928811928806
AGBC6QL4KQQPGU3B5TN6BPZNVT6Q,0.5577466835865666,,9.0,0.8
AGBCR4VWZNF2T62P2AUJ72XVNOXA,0.5577466835865666,,16.0,0.7083333333333334
AGBD56HIPNBFHYUZQE4HCHEY4YJA,0.5577466835865666,,11.0,0.4375
AGBD5EOISKZJYPXVAEOLJQ3JQDAQ,-0.9402831166030721,1.3729669905337185,46.0,0.14070767195767192
AGBE42CMMBVZMNV4IWVAZ7TRCCNQ,0.5577466835865666,,21.0,0.55
AGBEKEEAIDO6SIFJNSD46IGTF3IQ,0.5577466835865666,0.0,12.333333333333334,0.5541666666666667
AGBEMITBTFVH5AU4LCTLJCFUQNSA,0.5577466835865666,,3.0,0.0
AGBFYI2DDIKXC5Y4FARTYDTQBMFQ,0.20295015196270486,0.7399893906031111,56.526315789473685,0.20809184822186072
AGBGLR7EK6ULC2OXPXCCWEAE7Y7A,-0.3410711965272165,,9.0,0.8
AGBH3WI2WKLQX3CMET5EBONWYCPA,0.4707643080916844,0.27012816722116634,43.03225806451613,0.3011796827724247
AGBJABSJLN7H7AALE7VKHYDGC76Q,-0.11636672649877075,0.9568647026411482,28.4375,0.2359660218253968
AGBO5SEPWTF5NLYD33PFPGGVRUJQ,0.17253902068065954,1.0407128630224378,22.0,0.3813246724615772
AGBOAGO2YKGMEMRHPFBK6K2Q6RFA,0.5577466835865666,,12.0,0.2166666666666666
AGBODH3OWST6Z3EEQKAGR5T64XZQ,0.5577466835865666,0.0,28.666666666666668,0.2447222222222222
AGBOGNMAG3UCA6B4Z6VT62DVNOIA,0.2309038180906455,1.0840151502545678,27.90909090909091,0.487681277056277
AGBOYAEBYUG7XQIUWD472ASYPV3A,0.5577466835865666,,4.0,0.3166666666666667
AGBPS7QDYY5IH4NO5KBESHI7KVQA,0.5577466835865666,,4.0,0.5
AGBSMECRMOHN27JOJXPM7QZBDTIA,-0.3410711965272165,,1.0,0.6
AGBTKC7B33AV4GBCAUN42BH466PQ,0.10833774352967507,0.6355602180801734,25.0,0.525
AGBUJDDLRJIUJFTKPABJT6CJTHRQ,-0.24120254318124065,1.5853657231462255,18.444444444444443,0.5081261837121213
AGBV72RM4MSS5GC2I4LQR33HPMEA,0.5577466835865666,,5.0,0.6
AGBWZSPAIQMKAYQNMIUXJFRNRDXA,0.45787803024059076,0.2996059600379277,14.333333333333334,0.4006172839506173
AGBYLU533D4JXYWDELNXLBBQOLSQ,0.5577466835865666,,13.0,0.2
AGBZTGGZ7CGQHLNOZDVJNHRYDFPA,0.5577466835865666,,18.0,0.5
AGBZYPQKIUZGWHXOZZFAMVEQZ5JQ,0.5577466835865666,,17.0,0.6900000000000001
AGC3Q6IXOVLTTDMS4Q55FPYUF6FQ,0.13829833953346782,0.9939920041974819,41.166666666666664,0.3205557796948422
AGC4QWMCERWYFRIRFEUYDW4SNFNQ,-2.138706956754783,,49.0,0.6299999999999999
AGC6RAOTWSUWXFPFJ2SQUB4CDRVA,0.5577466835865666,,27.0,0.5
AGC7ZUHGXOPXDPEB76W55USPGUMA,0.25814072354863893,0.4641475574605516,83.5,0.2561607142857143
AGC7ZZBIWDFPRACV5XE2DUNZLY7A,0.5577466835865666,,18.0,1.0
AGCCFLGNMV6ABDOO4O6SUJW65ICA,-0.34107119652721657,1.7976357602275665,27.75,0.18764880952380952
AGCHWDKXBTWJR5HF7AHWGXXLFNYQ,0.5577466835865666,,6.0,0.5888888888888889
AGCI7FAH4GL5FI65HYLKWTMFZ2CQ,0.12498251908733769,0.8767815014621543,53.96296296296296,0.2933530728395495
AGCIVNDDRX3PXIUINEG4NCRGWCRA,0.10833774352967501,1.2711204361603468,25.875,0.41670192307692305
AGCKEZUL53B5NEKKW6VQZVU5BSJA,0.5577466835865666,0.0,9.0,0.3361111111111111
AGCLVDA44LS5HWGQ3QELSDXDYICA,0.5577466835865666,0.0,7.2,0.914
AGCM2OTPTYYEXBQ3TTBH7C23U27Q,0.5577466835865666,,16.0,0.0
AGCN4M35EAWFYEQTCXUIHDLO2PFQ,0.5577466835865666,,13.0,0.6
AGCO5AU5AVDFJKKVVX2TAYMDDP3Q,-0.7904801365841081,1.9066806542405204,26.0,0.4859375
AGCOR53ZRYMLDCOU4M2LRD3OJPVQ,0.5577466835865666,,67.0,0.29
AGCPAPUHXYA3EEIL2KGSQTGO5HRA,0.5577466835865666,0.0,48.833333333333336,0.41754280317896386
AGCPNKEGN6XZDD52B3YLWYUSJ3VA,-3.0375248368685663,,4.0,0.2
AGCQR2QLP3XWU64TBYFJCAZWQQKQ,-1.2398890766409998,,138.0,0.1670386904761904
AGCRBF2VXDVYUBUAUMIRLKUNOI3Q,0.5577466835865666,,2.0,0.0
AGCRKF4ILD6L7Q7OVHSYSIU2RHOQ,0.5577466835865666,,51.0,0.3611111111111111
AGCS6HSZBL6OPU4V4LD5H6GMBC4Q,0.19821953154105337,0.4641475574605516,4.5,0.385
AGCS6U5CA46LTCMTBRGSOPCFP7OQ,0.018455955518296728,0.8039271517306703,13.2,0.425
AGCTNUP4YCT4SVXVIBUOSDVWV2JA,0.5577466835865666,,6.0,0.7
AGCVSWL73WABJDSPMZA6MKGUT6YA,0.5577466835865666,0.0,1.0,0.6
AGCX2OFBYHXWZDKJ6U36BID77O4Q,0.5577466835865666,0.0,23.0,0.65
AGCZ3PPMQG5QWLCKO7OXQRNM6OCQ,0.5577466835865666,,46.0,0.3328125
AGD4DWA3GWX76A6MSPM7OVGCQ2AQ,-0.34107119652721657,1.2711204361603468,23.5,0.26343537414965984
AGD53FZJLNU4UOJE43EZTFFDJYTA,-0.041465236489288855,1.2711204361603468,80.55555555555556,0.3493926053975073
AGD7BM57ZN7YCPFAGOOIZUAZJWKA,0.5577466835865666,,2.0,0.8
AGD7R6EVPDKNZEIYEU3QHFIQ6IUA,-1.2398890766409998,2.0757309801445665,18.75,0.04285714285714285
AGDASUJ2PWW3NEEJODTJP5DNDDDA,-0.3410711965272165,,22.0,0.5166666666666666
AGDCD2ZNYMDZAVQKQ3RZ56LJTRVQ,0.15827207020266298,0.9319142129150909,39.098765432098766,0.33315660071432945
AGDCKDGD7L4EGIO5JMXLJCGXH4RQ,0.5577466835865666,,26.0,0.6
AGDDPM64XFF5WPK63RDLQ7RBHNVA,-0.7904801365841081,0.6355602180801734,13.0,0.475
AGDE67QCY44IIOF5BDVXDLPWF7BA,-0.3410711965272166,1.7976357602275665,23.25,0.3713541666666667
AGDHXFCOVPYLY26TQKIFU6FHQHWQ,0.5577466835865666,,21.0,0.7041666666666667
AGDLD6R6Z6WB5KNG6Z2L6LNRMLZQ,0.5577466835865666,,63.0,0.3741496598639456
AGDLSGM4WNQP5RESL2RNGYI26JYQ,0.5577466835865666,0.0,14.5,0.7275
AGDLWS5NQLIJOXPG3EMD6LWEIJXQ,0.5577466835865666,,6.0,0.075
AGDNPXZHZBXDJ7ELU54GBGOYHP6Q,0.5577466835865666,,85.0,0.0807077922077922
AGDNYYDWS7ARCCUK5J7YPFZCDWKA,0.5577466835865666,,55.0,0.3733333333333333
AGDO3NCWKRLQ2SSZPAOTZSQ6BEEQ,0.5577466835865666,0.0,24.0,0.3227272727272727
AGDQO4VIXXMHZMFRFHAHO2PNCYRQ,0.19821953154105337,0.46414755746055153,45.6,0.4035097402597402
AGDRYKMGWAGXITLB4OLIX3AZFQCQ,0.5577466835865666,,9.0,0.6666666666666666
AGDSMHOJ3CZSQ7W3I3NQL5LAYAFA,-0.04146523648928883,1.037865490072283,10.333333333333334,0.5041666666666668
AGDSNBZVYAETVTRLIK23BEYH3WUQ,0.5577466835865666,,1.0,0.75
AGDTAK2RJA6MCSUE3PXI6VTR5FCQ,-3.0375248368685663,,16.0,0.2
AGDTHJ7R5N2HOHYK4AACLB53BULA,-0.7155786465746262,1.733506536884493,20.25,0.1337909038299663
AGDTLRCK7PKGPJHYMJFOC57KCDKA,0.5577466835865666,,4.0,0.3333333333333333
AGDU7RAA3TBYLZ67IWC3UMC2CLFQ,0.5577466835865666,,20.0,0.8666666666666667
AGDUEOFEXTNMWRWOE3E7XJFBDWPQ,0.5577466835865666,0.0,29.166666666666668,0.3443419312169312
AGDUXF4E7K4X5WBBCKNPG6AD2UCA,0.5577466835865666,,34.0,0.1125
AGDVYFMNSE2GX2YMGDQUGG7ZAJHA,0.5577466835865666,0.0,3.0,0.5599999999999999
AGDYBBRC2NXCXZL7PVEZTU42ZD2A,-1.2398890766409998,,2.0,0.6
AGDYG3SIUU6GZJLYNSOBEIRJVJFA,0.5577466835865666,,36.0,0.8
AGDYVM7M7BVVZYCTHUYSLSUKBEGQ,0.5577466835865666,,32.0,0.4333333333333333
AGE234CQ2UMNZDB5ID34LCXSTWOA,-0.3410711965272165,,47.0,0.219047619047619
AGE2H5TX5W3RGHTV32K4T4UQ7DSA,-3.0375248368685663,,18.0,0.0
AGE325VS4HOTE3WXYCTXYCW4LTNQ,-1.6892980166978915,0.6355602180801733,20.5,0.2545454545454545
AGE46QM42JCCX5JTZZZ7VA2R7LUA,0.5577466835865666,0.0,45.5,0.3731139520202019
AGE4I2TEPV4755LBURJBJNGPSS3Q,0.5577466835865666,0.0,11.0,0.22499999999999998
AGE4TXFUPKOYJB4KWMVCYM645D6Q,-0.3410711965272165,,12.0,0.3181818181818182
AGE62643KEU7MHKTLICGBVTJT45A,0.5577466835865666,0.0,5.5,0.5062500000000001
AGE6VO6FAPDJOCXN4S7D4KV6E5AQ,0.5577466835865666,,10.0,0.5
AGEBPS4VGK3QLW2QICW7PHEFOBJA,0.5577466835865666,,17.0,0.2624999999999999
AGECAT7BVD7D74HJCURBAZ7GEUIQ,0.5577466835865666,,56.0,0.2458333333333333
AGEFGQNUBPAGS4JYBD664PSZKDNQ,0.5577466835865666,0.0,39.0,0.43749999999999994
AGEFLX2M37K7NSODGTH4XTOFNCVA,0.5577466835865666,0.0,23.0,0.008680555555555577
AGEIL3UMHB37SCI24FNDUGSQMERA,0.5577466835865666,,2.0,0.7
AGEIZLGCJPT2XWV7ISYN6NXDTA6Q,0.5577466835865666,,18.0,0.6666666666666666
AGELVSC7FROZX63343JHL7MHJ6PA,0.25814072354863893,0.4641475574605516,64.83333333333333,0.3437037037037037
AGEORTCITOA7IS7QJ4CMTX4ALGCQ,-2.138706956754783,,18.0,0.1575
AGEP2CC2QIJU5IHQZXCC7BE5JSDQ,0.03919790659784556,1.0535150748289681,10.846153846153847,0.45172161172161174
AGER56PV7SSBSDO4OX24AHL4QOMA,0.5577466835865666,0.0,16.666666666666668,0.2074074074074074
AGER7R5Q22DIDJBAW3TURAHPN6DQ,0.5577466835865666,,2.0,0.0
AGESD5PX335TWCG24JEH5HGU3U3Q,0.5577466835865666,,44.0,0.3515151515151515
AGESLQWKNQSQ5FIJVR7Z5WX4UWLQ,0.5577466835865666,,7.0,0.4910714285714285
AGETS26EIQG2SHMMP4TXSTLW4TKQ,0.5577466835865666,0.0,14.0,0.18125000000000002
AGEWZZZN3NFAKRSBZMO3ZG67H32Q,0.5577466835865666,,6.0,1.0
AGF3LLXUN4OIVPFTCVCNVLRGPJUA,0.5577466835865666,,97.0,0.1916666666666666
AGF42GID7QWDCNFTJRCTMKAITJJA,0.1570688334153621,0.7847398633684961,16.662650602409638,0.30754394277791436
AGF4LWQD2ZPMSA2KOOFLP5IGDOEQ,0.5577466835865666,,45.0,0.4
AGF5RVFM6B7LTHYFA2BZBRWO33OA,0.10833774352967507,0.6355602180801734,45.0,0.28854166666666664
AGF6GWDAWG7UW3R5O2G5O5JZC4BQ,0.5577466835865666,0.0,11.0,0.409375
AGFAB5SHMZQOEBKY6FYYP4QROYTA,0.5577466835865666,0.0,14.5,0.7729166666666667
AGFALR55HVNYM4KFZYF66QRS5TPQ,0.5577466835865666,,158.0,0.1741978609625668
AGFBOGXXNXNW3BK5EVZKWF7746NA,0.5577466835865666,0.0,71.5,0.2694559228650137
AGFEPRCURHO2HL5DXVA3ZKG7335Q,-0.4227819129011969,0.8483760476131016,128.9090909090909,0.2266900072150072
AGFETIUFABYTBKH3H237OWO2FLBA,-0.5807559645575588,1.4598792582382225,9.266666666666667,0.28671296296296295
AGFG6XMC2CJ4OLE6ZDLYASLVZ7CQ,0.5577466835865666,0.0,79.0,0.3285714285714286
AGFHXULBCMATHKDAIGDQIYXNQNYQ,0.5577466835865666,,16.0,0.2111111111111111
AGFIF5JJCH3ELJKQGZ25ZIRQOIMA,0.5577466835865666,,27.0,0.1739393939393939
AGFJAPF5SAJG4AGK3LXKAG7IT3PQ,0.42934412928459764,0.3263935967399211,26.714285714285715,0.36409640087095446
AGFKWX5UV6XADCUDKYILHVF2GIQA,0.5577466835865666,,61.0,0.0494949494949494
AGFMQUWYRKQZBV5MVB2FAPVDFVAQ,0.5577466835865666,,23.0,-0.15
AGFNKUPLGHJ7X5IRLMJBDIMCLMKA,0.4453944485723438,0.3177801090400867,23.875,0.3414236111111111
AGFP6OEYQRZU3IERNUHL6DPZNAIQ,0.5577466835865666,0.0,15.0,0.6864583333333334
AGFRYR26NF57JVP32JITLDXXOIIA,0.5577466835865666,,3.0,1.0
AGFTJTENALICRNLERZIM3RTRRDDA,-0.3410711965272165,,2.0,1.0
AGFUJ3EGB7VTLV3ZMKEZVRJHPA5Q,0.06184716352378971,0.9783206591939212,30.517241379310345,0.3761777520551766
AGFV6IBYOVGKEG4JDONTGWESDFWQ,0.5577466835865666,,2.0,1.0
AGFWIDDE6JBJ5UPX7EZTSZELRCPQ,0.20463965925615185,0.6159209578234601,67.17857142857143,0.3538769983975576
AGFWZ4OETH6KXKY47UN36SOVQEYA,0.5577466835865666,,12.0,0.0
AGFXURLTENFEBATHTRXXFL2SPQEQ,-1.2398890766409998,0.0,49.5,0.09880952380952379
AGFYQKHHDAB2577M24LUAF5POSYQ,0.5577466835865666,,41.0,0.2345454545454545
AGFZN7GMJJSJBF2EQHCAUY6ZIM6A,0.5577466835865666,,2.0,0.0
AGG2NB2RZZ42ZAKKZBEMTU35D53Q,-0.04146523648928883,1.037865490072283,17.666666666666668,0.5140625
AGG2WW2S4MAFYCV5SEOVBQD2XVAQ,0.5577466835865666,,7.0,0.25
AGG3LLILZEGKCA4SAS4Q7X2Y7ISQ,-0.34107119652721646,1.5567982351084246,33.666666666666664,0.16215277777777778
AGG4G7NWIO2N2S4X2FVW5UUNJT5A,-1.4196526526637565,1.8420285130180227,51.2,0.1156878306878307
AGG5OL7437GO5YJ57IRXD4WVCZGQ,0.5577466835865666,,10.0,0.78125
AGG6ECFDYW6UNOXCGYW7ZQD2USRA,0.5577466835865666,,30.0,0.498
AGGBKPZNJKNB2SI3YFWE3XHMK6TA,0.5577466835865666,,14.0,0.8
AGGCOGRPBF6EW575FNSPKLJXYQAA,0.5577466835865666,,6.0,0.8
AGGFJ7VY3HU3HA7XFTYYOXXD4ZGQ,0.25814072354863893,0.4641475574605516,64.5,0.33097658128908125
AGGHHNTNWUXUG2LEOP4KGUMULISQ,-0.8803619245954865,1.2133116636545094,132.0,0.18357006227222072
AGGJ6SHNO3HLK5JODWEITQQJETKQ,0.5577466835865666,0.0,18.0,0.401722582972583
AGGLI3SQU72HO6NRDK7SS4EBZ5VQ,-1.2398890766409998,0.0,2.0,-0.5
AGGLOHDR6L7GZMIFCGXPPHS23OTQ,0.5577466835865666,,10.0,0.5083333333333333
AGGMDRXIZJHBVVQFKU2LJ3LGICTA,-2.138706956754783,,11.0,0.1805555555555555
AGGO2DPSHP7SUUAUJWK55AZURN3Q,0.5577466835865666,,20.0,0.0
AGGOUUE2QZ23ABB7XE5SCBCGT63Q,-3.0375248368685663,,32.0,-0.0833333333333333
AGGP3SVBKBFYSOQEBZMCZFCJKTCA,0.4079437035676028,0.3669408629948054,38.5,0.47414772727272725
AGGP54JBY3L6POIYWMCNKY44DONQ,0.5577466835865666,0.0,189.5,0.20312499999999994
AGGPFZDUFMEICMMF73QJCIO7CGLQ,0.5577466835865666,,75.0,0.3222222222222222
AGGPKWSQNXS3HGAPZFPMYFPQ7XNQ,0.5577466835865666,0.0,13.8,0.5533928571428571
AGGQPFQZKQMDR2L2IZ2ADW6TEXDA,-0.3410711965272165,,1.0,0.0
AGGSC25YPG7PSE7YIICAAZQBMW6Q,-0.7904801365841081,1.9066806542405204,42.5,0.13154166666666667
AGGTIOAQBT2XEBVS3H2WNVAWV3NQ,0.5577466835865666,,2.0,0.8
AGGTLDBYSQQOQ6IRE5EQH6HSK56Q,-0.3410711965272165,,53.0,0.0333333333333333
AGGY5KI7FMMWWYP2B3X7SC7IHE2Q,0.5577466835865666,0.0,42.0,0.3333333333333333
AGGYFCTTSSKTCS4QSGAS2Q2CGFIA,-1.9140024867263372,1.7014347869108912,30.25,-0.20602509469696972
AGGYRRVH7J3ASMACCA2UWDCY77JQ,0.5577466835865666,,21.0,0.5787878787878787
AGGZ357AO26RQZVRLGU4D4N52DZQ,-0.34107119652721657,1.381853601044564,143.58333333333334,0.14514653950189402
AGGZAFJX4MPXGAZUE33IAHAVIYKA,-0.2719313595953871,1.3463048992788826,28.23076923076923,0.32222222222222224
AGGZSCOST2XKUBATFRUVXGL2X7SQ,0.5577466835865666,,91.0,0.3390196078431373
AGH4VVX2CH2UHG5FE6NBZOPVIDUA,-1.2398890766409998,2.5422408723206935,14.5,0.22999999999999998
AGH666ZKW75GNIT4LZCBILO7AQBA,0.5577466835865666,0.0,3.5,0.7
AGH6VRI7RAU7SOLNXFVN5VWRW6QQ,-0.3410711965272165,,42.0,0.2954545454545454
AGH724HLH66QPZMI2ET4QQBA4PAQ,0.5577466835865666,,31.0,0.3625
AGH7DSGETOCUZENUWDBJRFXOHEYA,0.5577466835865666,,25.0,0.355
AGH7IQ2Y3DY4I6FXD5KWXIYAN57A,0.5577466835865666,0.0,1.25,0.875
AGH7Z3HCNZNJR6G3X3ZXQDV2EGCQ,0.5577466835865666,,50.0,0.4444444444444445
AGHBB2ES5D5DNZC5RUW3WNCOWPOQ,-0.34107119652721657,1.2711204361603468,101.0,0.102281746031746
AGHBRJ2WBPTZMU6R2ZZNPPE2T7RQ,0.33304221355812086,0.4494089400568916,4.25,0.6097916666666666
AGHD4VWC75OAVZCUZACJGYVEZINA,-0.3410711965272165,,6.0,0.0
AGHFRQFS3YXAXG5BBTU4ZFCHSHUA,0.5577466835865666,,5.0,0.8
AGHG6IRFDMBNK7RVW2ZFEJ6K27PQ,0.5577466835865666,,1.0,0.8
AGHIUN3V7KF7HV5XEIHXGXZNLO4Q,0.5577466835865666,,24.0,0.5
AGHJ3VOLFH57MW235I6KTHTQ2TSQ,0.5577466835865666,,2.0,0.65
AGHJ5PPBTLFLO77WEF4KEANJBRQQ,0.5577466835865666,,70.0,0.5071428571428571
AGHL76CO24LBO7VPVFCWQCECAOJQ,-1.2398890766409998,,12.0,0.1363636363636363
AGHLDN5HYLZDD23IQQU2FRGBCEEA,0.5577466835865666,,6.0,1.0
AGHMLD6PADUUKHJ7LF437PFNDL7Q,-1.0033580555584252,1.7936892444676422,34.8421052631579,0.1979027777777778
AGHNA7A2TUF2EYS2ZYNP4SPTKY5A,0.5577466835865666,,32.0,0.4121212121212121
AGHRQ6BLKUBDEUZH3NT3DXJWOOWA,0.5577466835865666,0.0,21.5,0.32708333333333334
AGHRYSZV6QNKV7QEXWFLIQUJ232A,0.10833774352967501,1.2711204361603468,13.875,0.5716888020833333
AGHT25BYEABW36US2SQLT7DJYSGA,0.5577466835865666,,3.0,0.5
AGHV75FDJRMJMTXU5CHJGCA7N67Q,0.5577466835865666,,32.0,0.2125
AGHWZRZY7UYGZAYBZ2JADLTCSKKQ,0.5577466835865666,0.0,3.25,0.6097709517045454
AGHXCSGANT6RAPEJPIQZV4EYI2UA,0.5577466835865666,,5.0,0.8
AGHYD7QDXZ4GKZG42W6TWXVTVQQQ,-1.2398890766409998,,13.0,0.1
AGHZV23KQUP5S32LBAEAGO3QMQ3A,0.5577466835865666,,11.0,-0.2430555555555555
AGI3VWFRRXY5MAZALSP2KBQYZMXQ,0.22068997854389796,0.4651824473907201,14.0,0.5385416666666667
AGI5WCODFNNY5MKGED2667RA4ZAA,-0.3410711965272165,0.0,34.5,0.26333333333333336
AGIAAM4LSGEGLP4IMKCFZ6OQQXSA,0.10833774352967504,0.8988178801137833,16.25,0.3011111111111111
AGIADC5U3GJJHMWYZA3K57RK4NOA,0.5577466835865666,,31.0,0.2958333333333333
AGIE6PF7DAMR3SG4MR7XKSR4OCAQ,0.5577466835865666,,5.0,0.0
AGIEGCFNZT6H3TBNHIRFRX2SBAHQ,0.5577466835865666,,7.0,0.9
AGIENJ3CKSAF3S2Z66IIDDGXNJQA,0.5577466835865666,,33.0,0.75
AGIF4RXMGYGGOETIN7H7SHI2HTGA,0.5577466835865666,0.0,28.666666666666668,0.20533333333333334
AGIFPBRP2WHQ6C3H5CV45KUB7GWQ,-0.3410711965272165,,140.0,0.0806746031746031
AGIGXUUY2YSLLUWMZNQAKSKJ7VNQ,-3.0375248368685663,,11.0,0.175
AGII7CWVYIB2BEVHKBAEFZTNSRDA,0.5577466835865666,,9.0,0.690625
AGIJLFDWVKG57TYZTHBLW2DRXYEQ,0.25814072354863893,0.4641475574605516,15.166666666666666,0.5291666666666667
AGIKIE7SX36YMIE4SFEOQFV62GTQ,0.5577466835865666,,139.0,0.2307692307692307
AGILOBEJLNCWCUNVM4YXRSDX5WCQ,0.5577466835865666,,68.0,0.4527777777777778
AGILTDUNVM2ZLQZ24AHKPA4I5I6A,0.25814072354863893,0.4641475574605516,14.166666666666666,0.3648611111111111
AGIMKDMO3LUDHHGG4ZHXPPZ5OYMA,-0.34107119652721646,1.5567982351084246,40.333333333333336,0.15275132275132275
AGINCUWXX4NVVWN55T55DYNIHOHA,-1.2398890766409998,,12.0,0.2111111111111111
AGIQ6IYKJPETC2AZ7ZDBUT5PMZEA,0.5577466835865666,,6.0,0.5
AGIRDGXXNVS3ZGT2G7OZZAJY4MMQ,0.5577466835865666,,13.0,0.4416666666666666
AGITLL3SHUQJMUVC4LWUSND7G7DQ,0.5577466835865666,,106.0,0.4734126984126984
AGITTRPCLDZRSCBZKO67R7XJTWBA,0.5577466835865666,,11.0,0.65
AGIUQK6WEAZ3N3ZK7Y3J4Q3ROK2Q,0.5577466835865666,,1.0,0.7
AGIV5OAXNWAOSZVBLC7EHADCMZGA,0.5577466835865666,,55.0,0.2433673469387755
AGIVCFIF6OOD25YVU5WFCRT46RIQ,0.5577466835865666,,11.0,0.65
AGIW7MUCULNVHSYUFWUSKIDHAICA,0.5577466835865666,,7.0,0.3333333333333333
AGIXTIMXPEXIUXG7Q663I7GMLOTA,-0.19126821650825268,0.6766055199156052,66.0,0.18899185305435304
AGIY6JMOIDKWRKAQBEP3VFWGWDSA,-0.3410711965272165,,18.0,0.2466666666666666
AGIYSA62BZULHNSJTMPAT5IC3MLQ,0.5577466835865666,0.0,2.5555555555555554,0.7000000000000001
AGIYUTCLWHHOWH2CJPCYXDD256NA,0.5577466835865666,,2.0,0.5
AGIZ2XQK3K7PZYV5Z4K7NK66756Q,0.5577466835865666,0.0,119.6,0.17791281866281863
AGIZBZE2A5RHHMTOFNBJM2L22QPA,0.5577466835865666,,1.0,1.0
AGJ2JO45F52FXDSPOGK3PKXU5OKA,-2.138706956754783,,20.0,-0.375
AGJ2KJ6DA7ULLYUI3G5DQKR3UV2Q,0.5577466835865666,0.0,80.0,0.3418333333333333
AGJ2OMRPTIXYFD5FJDQD2ZM7BNOA,0.5577466835865666,,49.0,0.7666666666666666
AGJ3XWQI46FTJ77PQHHVT5D56FTA,-1.2398890766409998,,8.0,0.6
AGJ53XJHNSULUP53Q7K6LSA2ETXQ,0.5577466835865666,,40.0,0.9
AGJ6KAVJYUYFYVCOTJCCCTU7VCVA,0.5577466835865666,,48.0,0.2128571428571428
AGJ6YDXA2JKJE5UQWQZWB3MWNKOQ,0.5577466835865666,,12.0,0.3916666666666666
AGJBOGH3OSFCC5DROTIA4DY2GDRA,0.5577466835865666,0.0,20.666666666666668,0.6343518518518518
AGJC2XNWKBP4W7ACO7EC4OZI6P2A,0.5577466835865666,,9.0,0.55
AGJCKQTMSQCD5YRZ4KQ2GZNT4LMQ,0.5577466835865666,,8.0,0.775
AGJCQJMMUWTSCMZWQ2BMYCBOKBVQ,0.5577466835865666,,47.0,0.3
AGJDGUWUGHG5NLH7MR7FLBTMIWEQ,0.5577466835865666,,17.0,0.0
AGJE5H2HHMZUTTCN2YGZBLKS3QGA,-0.7904801365841081,0.6355602180801734,280.0,0.15771872863978126
AGJFEHVC4XBS44CGHQTP4JQM5FUQ,-1.2398890766409998,2.5422408723206935,16.0,-0.07636363636363641
AGJG435R2EJLXGQ2SCU5G2WDBSIA,-0.3410711965272165,,132.0,0.17625
AGJGJJ5JHJGIDHMW7EQ3CBSRRZ4Q,0.5577466835865666,,73.0,0.3657407407407407
AGJGO3CDKAJQUESHDTGB46WPKHCA,0.5577466835865666,,791.0,0.1212647148173463
AGJHOFW33RUPBXXDO25V6GGGFHTA,0.5577466835865666,,2.0,0.0
AGJHXACJPEJUDTONGTC7RGTMBMJQ,0.5577466835865666,,7.0,1.0
AGJJZYM3TLWHJNQDSIEQEC6POHVQ,0.5577466835865666,,80.0,-0.0177777777777777
AGJKAJIM6NKJ73KRSGEEMLFZ5GLA,0.5577466835865666,,15.0,0.5666666666666668
AGJKHQP5FNQVKH5IUIBWWLHELUOQ,0.2581407235486389,0.7338817259896108,154.33333333333334,0.23506667408880322
AGJMFQINXUUTEHELLCZWZ7FOUWKA,0.5577466835865666,,14.0,0.3666666666666667
AGJMW3TUCFXJCBHGHLQUX3KAPVFQ,0.5577466835865666,,21.0,0.8
AGJNVOT2M5ABHV6TDAPHZ44GKYHQ,-0.3410711965272165,,23.0,0.39375
AGJNW4NJKGIKH5YFFKZ5Z6FPCIAQ,0.5577466835865666,,1.0,0.7
AGJO2OS2ZIRSD24IAOOXTAV57HTQ,-2.138706956754783,1.037865490072283,7.25,0.08579545454545452
AGJOKZFVJ665TS2NJFP46AJQJL3Q,0.03343625352019312,0.8954067942595041,17.583333333333332,0.3544642857142857
AGJSTXSEWFVQWVQINO6QKMNBUUNA,0.33304221355812086,0.8988178801137833,17.1875,0.4565139678030303
AGJT4SLVYY2VOORU7XZCK2YIRYAQ,-0.5657756665556624,1.7014347869108912,50.25,0.18479166666666663
AGJUT4Z42GSGX2YGIYH574YNTESQ,0.5577466835865666,,2.0,0.0
AGJVDVEZKTGTBT4CSQIGTVRHGFMQ,0.5577466835865666,,80.0,0.3083333333333333
AGJVJZIJR3GKCY4CJD56MKIKP6FA,0.5577466835865666,,20.0,0.575
AGJW4QRNRZCR7P726R5E32TDGRGQ,0.5577466835865666,,5.0,1.0
AGJXHIPXCK4WKVEZ442E55WLA4NA,0.5577466835865666,0.0,22.2,0.32999999999999996
AGJXL67RNFKX2XVYLHM2EG4UOTCQ,0.2367402978316441,0.8348065259605837,27.571428571428573,0.4084918481402856
AGJXTLEOLLTIX5AAGFPBZ7CNNVOQ,0.22068997854389794,0.6687419028879539,8.375,0.2783333333333333
AGJY4LG74YJEJBVWIPIMIZ464ELA,0.47477887926837126,0.4119843835519102,9.753846153846155,0.06660973641742872
AGK3F6BXYCB6AN2OKEVQ4XJPKFLQ,0.5577466835865666,,50.0,0.0944444444444444
AGK3NYKU3CARH7ECUIKNPLUMO4OQ,-0.19126821650825265,1.0507587234327653,58.833333333333336,0.25044865319865317
AGK4YQYSSY3FU3SNX3EQJONELJJA,0.5577466835865666,,103.0,0.1842592592592592
AGK5CKDQ2FQPMW7355MCA2MIZUPA,0.5577466835865666,,151.0,0.1401960784313725
AGK6RA227KTKYYYKVKUIFURZQCHA,0.5577466835865666,,30.0,0.41
AGKAFOV5L7PJNCIKBCJM42BJ5K4A,-1.7791798047092697,1.7521186061812408,42.6,0.1891309523809524
AGKAL4ZH6TKRJX5ABK66AKNU4CEQ,0.5577466835865666,,14.0,0.35
AGKASBHYZPGTEPO6LWZPVJWB2BVA,0.05440867072284806,0.7818510152750274,40.32,0.3904038011988012
AGKBIUKC4XGWNRIIH33OQIVVE3DA,-1.2398890766409998,1.271120436160347,19.5,0.03944444444444445
AGKC2AJZES36RVSLBSYOHNQQWHLQ,0.5577466835865666,,8.0,0.4549999999999999
AGKDNSUWEKAGQ7GMAI6JCOSUKP6Q,0.5577466835865666,,5.0,0.2
AGKDVEFZ3KQQ6P65LZBRKBSVNUEA,-1.2398890766409998,,48.0,0.225
AGKFRCDY4WBW4RH6GFYFJ3T3XBSA,0.3580093768946148,0.7196302387481113,37.407407407407405,0.28502883219318403
AGKH2QE47CJHTV3HDCP7U6SGQHZQ,0.5577466835865666,,58.0,0.4395833333333333
AGKHDQO3Q74QAOVEQEIZ3BMSDEBA,-2.138706956754783,0.0,7.0,-0.2
AGKHLEW2SOWHNMFQIJGBECAF7INQ,-0.028438890400683262,0.8400547260930332,25.17391304347826,0.24191231021394066
AGKKAXZPXFYIBA3N53YNJYU2AT3Q,-1.442123099666601,1.5024597230506955,72.25,0.1280059321686054
AGKKCD6TYVYVC2EOWPV6W3DPXOWA,0.4678648955751884,0.2842311702843717,27.8,0.5175146464646464
AGKKOTJIXO26HCUZLFH7DWDXEHIA,-0.3410711965272165,,583.0,0.0994505494505494
AGKL6HULUU4BORINRMSKERMGN6YQ,0.5577466835865666,,25.0,0.3
AGKLKPFCNFYZCWKGTIPRVSUVH4TQ,0.5577466835865666,,15.0,0.5
AGKMQ4MPN2246RS6RYYOUZXZ5BYA,0.5577466835865666,,225.0,0.3506204906204906
AGKMYLSUFPBJOVGVOTAWJAA6LB3A,0.5577466835865666,,13.0,0.0
AGKNLO6XEIGAUGDRSVDGBTTMMI2A,0.5577466835865666,,3.0,0.5
AGKO5OGFXXCN354PFOSNIXFTYOXA,0.5577466835865666,0.0,206.5,0.339125939849624
AGKOCI42H5IOUPNTMSL2TNMPT4DQ,-3.0375248368685663,,3.0,0.0
AGKQIAGUYCZUZUOZRJSWFBRQ4QUQ,0.5577466835865666,0.0,58.333333333333336,0.46306353152056284
AGKRR3EPZBPRC4VYVWYPXVURJEJA,-0.4694737508291857,1.754312869540974,10.428571428571429,0.6323809523809524
AGKSMQPOOZ5SFO3DBIYLPHFFEQOA,0.5577466835865666,,18.0,0.3
AGKSSNLDIG5HY5FXYVE6UVXKVDYQ,0.10833774352967507,0.6355602180801734,1.0,0.7
AGKTKZCIVBDXOAROEYTJTFCEF2ZQ,0.5577466835865666,,29.0,0.5
AGKTNVC27SRGFBCPK2ZUAYAMXBMA,0.5577466835865666,0.0,188.0,0.16902353023320765
AGKTPA4K3NKKVKX3RHSW7ZBLZEXA,0.5577466835865666,,55.0,0.0138888888888888
AGKVNYQO6TEMOBIJJXZ3GFUS7YRA,-0.5978763051311546,1.6986061319423842,9.285714285714286,0.3299319727891157
AGKWHKOHLJ67RWNS3UD6EESLUJWQ,0.5577466835865666,,10.0,0.0
AGKWXMFORZWA7EEQSP3IIIKRB5SA,0.5577466835865666,0.0,6.0,0.5480952380952381
AGKXRBHCLNZEYQW3TNBHM6KABJ2A,0.5577466835865666,0.0,14.0,0.46458333333333335
AGKZ5NMTU4O434FWV6DTY6VPE5ZQ,0.5577466835865666,,27.0,0.4020408163265306
AGKZQXDUBIFLGOOE4G2AXVE3VGPA,0.5577466835865666,,11.0,0.6666666666666666
AGL3ZIRVGBCALLXKL3KH33D47Y5Q,0.5577466835865666,0.0,10.5,0.24374999999999994
AGL4ONTBDK25CMT2FVCZAUGLWNHQ,0.5577466835865666,0.0,59.0,0.5098484848484849
AGLART27AD2W23TI6DJIQK4VL77Q,0.5577466835865666,,14.0,0.55
AGLC26NTLVHQAAEKAXBUMJPW5APQ,0.42934412928459764,0.33972122638847685,26.571428571428573,0.2910714285714286
AGLFNVDGHG5FUL66DCV6K6S5WI3A,0.5577466835865666,,20.0,0.29
AGLG7HGHPBKQ7KW6SGNOI3QER36Q,0.5577466835865666,0.0,6.0,0.5625
AGLHRXHXPXK6M7LUU4NZXE3GQFMA,-0.3410711965272165,0.6355602180801734,24.8,0.35447619047619044
AGLI3S64VJKPRU4YJJYJCG7NUCFQ,0.5577466835865666,,75.0,-0.0904761904761904
AGLNBZ6ZWHJRPPBR3WMCB7O4IWHA,0.5577466835865666,,5.0,0.5
AGLO362476HXCO25AQPZBVUBOTFA,0.5577466835865666,,49.0,0.2901360544217687
AGLPOJMBASVR7R6MRV5A7U566HYA,0.5577466835865666,,201.0,0.341025641025641
AGLQDDJTHRGIY4KWEXLA3YBD47PQ,0.25814072354863893,0.5189327450361415,26.666666666666668,0.28768518518518515
AGLQQCIS5V6EGUCS5SSNHWZHQM6Q,0.01845595551829674,0.5801844468256895,125.72,0.25124854292069204
AGLSLOX2P37AHI3226NKGC6EACCA,0.5577466835865666,,28.0,0.3560714285714286
AGLSPX46WV5MRTNJ7ZTVYSHABZJQ,0.5577466835865666,,3.0,0.55
AGLTD5D27LFEX6DOPBCPPPIQ4LWA,0.5577466835865666,,60.0,0.2303729603729603
AGLW7BUU3JTLK2TBWJ4EFHUYSKXA,-1.2398890766409998,2.0757309801445665,8.25,0.21339285714285716
AGLXR57CUE7T523XBH5ADVTRXJFQ,0.5577466835865666,,2.0,0.5
AGLYXJWOKX3CTL3XV25BZN5CFUGA,0.5577466835865666,,1.0,0.7
AGLZ77IVBJNR3CLB7LELXTWYLREA,0.5577466835865666,0.0,9.0,0.5
AGLZXJAG6OG3A2XVUTIP7P7E2O5A,0.5577466835865666,0.0,45.333333333333336,0.22285353535353533
AGM3X56CJGAJDIT7DQTJMSBVG2UQ,0.5577466835865666,,21.0,0.4
AGM3YP753ITBWIEJ7ESAZVLMD7AQ,-1.5394950366789277,1.037865490072283,94.0,0.18776529026529024
AGM4LKIWCYW2O2Q36JQMC6EIVPSQ,0.5577466835865666,,44.0,0.2081128747795414
AGM7CFO4KCD5WGEOAY5LXGNLXBNA,0.10833774352967507,0.6355602180801734,33.5,0.4734956709956709
AGM7LYL3KI2CWJ7GY5ECYNPGLRCA,0.10833774352967507,0.6355602180801734,6.5,0.0
AGMAAAXJUHX6OPJWI56TFZD3D3MQ,-0.6406771565651443,2.075730980144566,10.666666666666666,0.44259259259259265
AGMADXJ2IX5EL2WOEAMK3YPPWO7A,0.5577466835865666,,4.0,0.0
AGMAH35EZUFTDCSEW4PQQY7EUMAQ,0.5577466835865666,,48.0,0.1142857142857143
AGMAPS3YMZRN2XQ57PTNLPDCKLBQ,0.5577466835865666,,72.0,0.17625
AGMBLP4JLQK6M3UZQY655VZP73XA,-1.040151769949048,1.8948744685624783,19.11111111111111,0.47696759259259264
AGMCOSKKD4CZJLQMIPYTC2L7CX6A,0.5577466835865666,,12.0,0.0
AGMD2RHNLNVBRKSNK732CM3T27FA,0.5577466835865666,,4.0,0.5
AGMDLK6RM7S3KMSZSCSTRIXXRTJQ,0.5577466835865666,0.0,47.5,0.19880952380952385
AGMF7G6Y5WX4WXHQUZXSBWZHEJIQ,-3.0375248368685663,,26.0,-0.8888888888888888
AGMGATAWNY43GHVJH7QIICP4ZQQA,0.5577466835865666,0.0,82.0,0.4887254901960784
AGMGNTI5Y7GXQCGZYA2PJQRWI3SA,-2.8094665687799947,0.8618784486003641,15.671641791044776,-0.010965848173353122
AGMIR55WOIO2FXQ3CECMFR2FHKXQ,0.5577466835865666,,62.0,-0.2264880952380952
AGMJ25LFDEQJRF3OACBXGONJJ44Q,0.5577466835865666,0.0,4.0,0.5
AGMJ3EMDVL6OWBJF7CA5RGJLXN5A,0.33304221355812086,0.4494089400568916,26.25,0.2870738636363636
AGMJFVYKSZAU5AR3IBQMNCJUBSWA,0.5577466835865666,,9.0,0.5333333333333333
AGMJNLHASJA3QAPS23T7LW4VBGLA,0.5577466835865666,,12.0,0.5
AGMKOM3374MIOS47KXTIFEGAFKOQ,-0.14133388983526476,1.2533416523754992,18.88888888888889,0.137775888133031
AGMKYHHJC5F2TB23XAI6B3XIELAA,0.5577466835865666,,15.0,0.55
AGMMAQVN5LH5CYR5VLPGAYRLFBJA,0.5577466835865666,0.0,5.0,0.5166666666666666
AGMPLWXJFPA4HCHRGK6GWJ2PIV2A,0.5577466835865666,,21.0,0.0875
AGMR4JSMZNB6U2GMRY7ZPDQFBBOQ,-1.599416228686513,1.6327837637973919,33.0,0.21655158730158736
AGMRS5FXDLGWAHH6NBSY7XVISE4A,0.5577466835865666,0.0,1.5,0.48828125
AGMRTU7EIH2JBCDAUKLODARJXHHA,-1.2398890766409998,1.7976357602275665,26.2,0.1361269841269841
AGMRVMOQ4QIQZ7LUGKIRMNRUGJLQ,0.5577466835865666,,23.0,0.2166666666666666
AGMUU2ZAK7Z4L6HLCQ3YAKDBAJJQ,-0.4227819129011969,0.9966091801267325,61.90909090909091,0.2325734464538358
AGMVLAZ2MTEAIVIZZPI32YRJQVFA,0.5577466835865666,,36.0,0.4399999999999999
AGMXMZWCPYOPWYT3AGRU25Y7QLOQ,-0.34107119652721646,1.5567982351084246,12.0,0.33416666666666667
AGMXROOBB544BZ5FZ27NBIRN7COQ,-2.138706956754783,,73.0,0.2022222222222222
AGMY5ILV6BKWZ22ADOMCTFNSSH5Q,-0.7904801365841083,1.721105206714045,14.5,0.04479166666666665
AGMYVL7XCG2SSQFV4U2H4IARHBLQ,0.5577466835865666,,8.0,0.875
AGMYZVLX4ECVWHPBLYAV2GU36YFA,-0.3410711965272165,,36.0,0.5333333333333333
AGMZO7NPGHYPLCOCLMQEDGKNCHVA,0.04140449713822311,0.7894813617789235,623.1063829787234,0.18702254561783732
AGN4NFX7IOZUSK4MALJ7SQHCUKXQ,-0.3410711965272165,,22.0,0.0
AGN5WTQGOP3RZLACLWBZNGFK2UMA,0.5577466835865666,,4.0,1.0
AGN7BAT25MJJSRPRJLCAP5ZVYALA,-0.8803619245954865,1.9692113121091728,31.0,0.30972727272727274
AGNBI6M3GB4JJEA24YN5TTQMDQMA,0.5577466835865666,,14.0,0.3444444444444444
AGNEMQIK7HFXBLCBRZMBFWV2TOVA,0.5577466835865666,,17.0,0.3999999999999999
AGNFVXK3OGIKFCQUASZC7OMH2RZA,-0.3410711965272165,,20.0,0.2666666666666666
AGNI7RHCQM3VIC2PQLFVUZ2XCBGA,0.5577466835865666,0.0,6.0,0.7250000000000001
AGNLHE4I2AO2V23VQ5Q2BIBDFM2A,-2.138706956754783,1.2711204361603468,12.0,0.17689560439560442
AGNMJ2LCYQ57BIMVHW75C6MCJPWQ,0.5577466835865666,,15.0,0.3125
AGNOZO5LJUUO2HMMH7T43LXP4HJQ,-0.7904801365841082,1.721105206714045,12.75,0.47916666666666663
AGNQVHZDKTKGX6OYVTEWV53YIQSQ,0.5577466835865666,,3.0,1.0
AGNUR74M4F4QK5BACK4IOZW47E2Q,0.5577466835865666,,41.0,0.8083333333333332
AGNUU3OZ4L7UGAXA72NJIDDFJYDQ,-3.0375248368685663,,25.0,-0.5625
AGNVHS4AY4B7UMI67FO3WLRTELPQ,0.10833774352967507,0.5189327450361415,306.5,0.3113967092520462
AGNWCODLFTQSLLD4DUTROW5UEKBQ,0.25814072354863893,0.5189327450361415,2.3333333333333335,0.5
AGNY7DYN2AEOV7UM5TR75LRM5SGQ,0.5577466835865666,,74.0,0.1901515151515151
AGNYBNJTU624N33KWBRWHTLIVXRQ,-0.6406771565651442,2.075730980144566,9.0,0.011111111111111108
AGNYVH3XWJJETCAWURHBFLQPNHPA,0.5577466835865666,,5.0,0.4277777777777777
AGNZBST6NX5G67HPZE7KUTN2DE6Q,0.5577466835865666,,12.0,0.4666666666666666
AGNZODFXG6WNNJUAKR3MI42SDG5A,0.5577466835865666,,2.0,0.0
AGO3ASQ7A7MJOKSPQQ7NQOKZHNLA,0.10833774352967507,0.6355602180801734,5.5,0.0
AGO3H7RLCHVCCYG44FAHDBYPUA4Q,0.0674823853426849,0.8396745247944942,80.0909090909091,0.20391560756534013
AGO3N3SYF2NFSQGRSEDVQGNHBIDA,-1.2398890766409998,,83.0,0.1102564102564102
AGO3WKZC33MCSLR2BLPTQ37BQC4A,0.5577466835865666,,9.0,0.6666666666666666
AGOARSYUNQFUDQOYQ34OZVAIJIVQ,0.5577466835865666,,24.0,0.1681818181818181
AGOBGYVNSICHBXHD6IMPYFTGCBWQ,0.5577466835865666,,79.0,0.06
AGOEOPHEQDQYEQEJFI53KFUDLZVA,0.5577466835865666,,12.0,0.85
AGOGYRY7ZP2CRQQARCEHFZJQJRPA,0.5577466835865666,,2.0,0.5
AGOIAAYVSIJTHJWCMNXCG7CUF3YQ,0.5577466835865666,,89.0,0.3228571428571429
AGOIGPPIPBEVDV3RAQV6KTRVMY4Q,0.5577466835865666,,70.0,0.5142857142857143
AGOJ2WRTHOHG74QBQUSM7LCTOVKA,0.5577466835865666,0.0,8.5,0.4833333333333333
AGOJCRXEVP2RYIFRXBOSWCISVZZA,0.5577466835865666,,1.0,0.5
AGOL7B2AP3JDLUIWDQU2F6HXQQJA,-0.3410711965272165,,2.0,0.0
AGOMGWFQQGFNSIQNGXIL2USM3EOA,-3.0375248368685663,,40.0,0.1247023809523809
AGON3GV6Q37EUUSTQUWEAZ35D5JA,0.5577466835865666,0.0,1.0,0.0
AGONBH7MBHL533S4LB6DFBOKODLA,0.5577466835865666,,13.0,-0.6999999999999998
AGONQ3R67VNNSMTBCACXIZTIDO2A,-1.2398890766409998,,33.0,0.42
AGOOMXAKSPZJBJWAOBDMDRBWL4IQ,0.5577466835865666,,17.0,0.9255208333333332
AGOP4L5MJWIFVHANVTS6MAKNZUQA,-1.2398890766409998,,16.0,0.3333333333333333
AGOQVJABLBHXIU4ETWVLKZ6Q6P5Q,0.10833774352967507,0.6355602180801734,70.0,0.1833333333333333
AGOR46NARFZQ35TJA7GVUWC7WX5Q,0.5577466835865666,0.0,11.0,0.39375
AGORX72T6YR43UQNAFHOOMJWHTBQ,-1.2398890766409998,,73.0,0.0777777777777777
AGOTIZH7DO5TBSSAKDOMYQKDMDSA,0.5577466835865666,0.0,49.5,0.5251893939393939
AGOTZY5BC6M5777IA7NZ4ZSHLUMA,-0.004014491484547873,1.1797566195468274,16.25,0.4152856995435121
AGOU6VS6GPDH3OVV2UZJWQXP6TLA,-1.2398890766409998,0.0,16.0,0.1270833333333333
AGOVHPSATUMD3YDRA4ESONVROHEQ,-1.2398890766409998,,30.0,0.0399999999999999
AGOVW6NFUETMVWLUT4YFJGTSBH3Q,-1.2398890766409998,2.5422408723206935,14.0,0.1958333333333333
AGOWAMOCXA7S6BG2FUW45CP76VLA,0.5577466835865666,,54.0,0.2666666666666666
AGOWLE4WQ7LR2TACF3WY3ZU7PQEA,0.5577466835865666,,40.0,0.4479166666666667
AGOWLR52GJKEQ6ARUX5V6TJP7QLA,-0.04146523648928883,1.088522509198261,58.333333333333336,0.2896979049756827
AGOWSJ4ZAWXI37BO7ZQ4ACUFXWEA,0.5577466835865666,,30.0,0.62
AGOYHRFI2AELLOQOTDDEI6YF3EWQ,0.5577466835865666,,39.0,0.2666666666666666
AGOZEV2KNVZXISNG4LF6GDDDKCQA,0.5577466835865666,,27.0,0.2069444444444444
AGOZKQQ2BA7Y3HYT3BH3ZVZPI7RA,-0.7904801365841081,1.9066806542405204,92.5,0.28193722943722943
AGP37V5AZ3TUZO3YKBPPOSFNSR7Q,-0.3410711965272165,,70.0,0.4416666666666666
AGP5DJYOCZK7JNM23N3O4TBTCPEA,-1.2398890766409998,,32.0,-0.2666666666666666
AGP5RJCHPRDZ35TIERPXHVSIDOYQ,0.5577466835865666,,21.0,0.39375
AGP6DTVY2ZZL35NFZTHRB66FBQZA,0.5577466835865666,,41.0,0.3666666666666667
AGP77N3JWBG4QCXQV3IFI3FS6AEA,-0.6406771565651442,1.3729669905337185,18.666666666666668,0.06371753246753248
AGP7K5DJ6MEYEJBGM45PAX43STAA,0.5577466835865666,,32.0,0.1775
AGPBYMEVZKTYSCLNSN4YDADOIIKQ,0.5577466835865666,0.0,16.4,0.5805833333333335
AGPCAJL4CPKKT4HHQXDHMSENYLOQ,0.5577466835865666,,41.0,0.7475
AGPCPPOPETGPH4DIWBJ7VNYTXCMQ,-0.3410711965272165,,22.0,0.5047619047619047
AGPDXNN2RD5RUDXRU4RCYJANYIPQ,0.5577466835865666,,25.0,0.475
AGPFDHDKKUAYY256F7O7HVYZQUIA,0.5577466835865666,0.0,79.5,0.1514180672268907
AGPFRZFBH4N6GIZTAVMORDDQ6CPQ,0.5577466835865666,,4.0,0.26
AGPH7544I2VKY6BNZUB6TJCGIUNA,0.5577466835865666,,4.0,0.65
AGPHO64AEPAVURFUJ2DCM7ZUUNAA,-1.4850212257629407,1.6617637581968043,132.9090909090909,0.10168573979465521
AGPKEFAZEOPEF2FCSPWZGLKTU7AQ,0.5577466835865666,,11.0,0.75
AGPLJUO3D2KABJY4D2TMYQGE5M5A,0.5577466835865666,,2.0,0.0
AGPND3LBV3Y442ZIYGO5OZKKLUOA,0.5577466835865666,,7.0,0.7166666666666667
AGPNK4LAUX7FV5LKFYB4NCZN32PQ,0.5577466835865666,0.0,22.0,0.625
AGPNYBV3JEPE74UKPDHDRTZYUYFQ,0.4978254915789811,0.2320737787302758,17.8,0.3991203703703704
AGPOZ62Q3ULTH7RLBK4BIJ75T2KQ,0.018455955518296697,1.2133116636545094,51.8,0.282237012987013
AGPQ7WZJ46LXVEP6HD6W7PHPQCPQ,0.5577466835865666,,36.0,0.0375
AGPR2UDFIJJCBA3EKFEEAJBWKROQ,-0.10804433871993943,1.1849037187657527,9.777777777777779,0.26262987012987016
AGPRJ7DWS4UA6NBFXUN7TRUFQYEQ,0.5577466835865666,,44.0,0.15
AGPSKOE7DHQUESZXLR2UFKZU5FAQ,-0.9402831166030721,1.8710386207450893,10.333333333333334,0.09444444444444444
AGPTIMGZKZBARDXGPEQ4DAGRSVGQ,0.5577466835865666,0.0,15.333333333333334,0.24027777777777773
AGPTT6T3WCBKB5HJKZ5R6NTEKIHA,0.5577466835865666,,127.0,0.1284090909090909
AGPVEFS6575CL3PTN5LRWHA4FSWQ,0.5577466835865666,,97.0,0.37625
AGPWOG4H6DEHOVNEXCNDN4VK5U4A,0.5577466835865666,,90.0,0.3425925925925926
AGPXNVE7IY3QVMN7YKKUQT3BPHUQ,0.5577466835865666,0.0,28.0,0.5229166666666667
AGPZQCZ2CJHNAJT4XENZDN2UQVSA,0.2581407235486389,0.7338817259896108,10.666666666666666,0.5038888888888889
AGQ2BWZLHY4WKCNHD3WDWAFF45CQ,0.5577466835865666,,75.0,0.13875
AGQ4FW7A3CNUJSP5KYNUVCEBZA2A,0.5577466835865666,,40.0,0.4861111111111111
AGQ5PTYKBS73AT6ONAVTWZPWLTBA,-3.0375248368685663,,11.0,0.0
AGQ7UXSCBTVVUAAYGCA76PVF2QWQ,-2.138706956754783,,26.0,-0.0377604166666666
AGQANGDZQGK2IOWOXHOCTPBPQRKA,0.5577466835865666,0.0,16.5,0.5166666666666666
AGQARYVRSOGTB5K3UBQJRXAWCIEA,0.5577466835865666,,8.0,-0.1
AGQCFT47KDI77JKRSOMAK34MJPAQ,0.10833774352967507,0.6355602180801734,55.5,0.3654761904761905
AGQDWXQV7GNQ5UHVKQ2QQ3NIUKBA,0.5577466835865666,,121.0,0.3005263157894737
AGQEEZHWS36H2GPOVYNY4X6MSYLA,0.5577466835865666,,23.0,0.125
AGQEISHKPZXUPELV4AQC4JOQ3STA,0.5577466835865666,,7.0,0.8
AGQFGXUGFSZHNRQGP7J24RVSLZSA,0.5577466835865666,0.0,40.18181818181818,0.3970770202020202
AGQKAYTTEBN6OTSAAPXJ5DVTMM3Q,0.5577466835865666,0.0,13.4,0.53775
AGQKBA5POXDOUO4U43YF2LNEZPLA,0.25814072354863893,0.5189327450361415,67.0,0.23162234590806016
AGQKJ5PJCGQYO3XS64SROLUTFGXQ,0.5577466835865666,,4.0,0.0
AGQLSHZSTYZUX6267GBDCOJI7HLA,0.5577466835865666,,34.0,0.3703125
AGQPAYVT3UXTUMSX5NTDVXMUIIVQ,0.5577466835865666,,48.0,0.375
AGQPEWUXHEIPQVSYFZ6W2AZWAWFA,0.5577466835865666,,13.0,0.6
AGQRRV3PURFW32M33CFUGR4RZDNQ,0.5577466835865666,,31.0,0.55
AGQSSZPF5DTU56OIYEZVVKTMKJIQ,0.5577466835865666,0.0,4.333333333333333,0.4777777777777778
AGQUP5NFCYMHZ52HV7FRGZTZ7BGA,-0.04146523648928885,1.4677634519792215,33.333333333333336,0.519214168595679
AGQW2VVGIE5EVX6QUHDBHJCAH6PQ,-2.138706956754783,,14.0,-0.125
AGQWFA53NMJ5GSM5EKE4LSPMPH6A,-3.0375248368685663,,155.0,0.1221354166666666
AGQWMWS4K55RPK22I2LEHUQZ3MKQ,0.5577466835865666,,6.0,1.0
AGQWSKEHMHOXQEAOLPVQJ2CNZIAA,-0.7904801365841081,1.9066806542405204,43.5,0.2696831955922865
AGQXWQL42ONKPE4ADQF565EJSV2Q,0.3704929585628618,0.37287560154392424,21.0,0.5656328914141414
AGQXXVYUA3B37ZKHA4IEPZXXJNCQ,-1.2398890766409998,1.271120436160347,17.0,0.2375
AGQY2FSHOYN3GEIEXNLG3ZYCN3UQ,0.5577466835865666,,37.0,0.4875
AGQZ62NG56NGPMSA5SLSJILAEWBQ,0.5577466835865666,,19.0,0.80625
AGQZEESWUCNMSGI5LQCICT5QMU2Q,-3.0375248368685663,,24.0,0.0
AGR2M4VTI4F75WSBMEAINORY2IFA,0.5577466835865666,,8.0,0.4555555555555555
AGR32EOEBXDKEXQ5ITLY53TKLDOQ,0.5577466835865666,,14.0,0.5
AGR3HPV7EKXP4S367QO3EIGTNG3Q,0.5577466835865666,,3.0,0.175
AGR4JFAC5RJTAL3U5IDQJVZQJAGQ,0.5577466835865666,,1.0,1.0
AGR4K7YADDKMEQT764O7AR2BA7WA,0.5577466835865666,0.0,17.5,0.2833333333333333
AGR7FIKIZCHIZRR4LD5BR6ROV2TQ,0.4079437035676028,0.3669408629948054,28.666666666666668,0.34204365079365084
AGR7FPL3GINITMBFV4X6RDSJJYJQ,0.5577466835865666,,7.0,0.0
AGRANNVVR24DZ7IDN3YUTVINLX2A,0.5577466835865666,,6.0,0.7
AGRBMBADEZGF2BFMDMCB3CXNHZEA,0.5577466835865666,,47.0,0.2851239669421488
AGRC3JDXRCSSQ6TOMEB66Y5ORIYA,0.5577466835865666,,223.0,0.1863562091503268
AGRCMTNBBLDAQWAQ4UCZJAR52IMQ,0.5577466835865666,0.0,21.333333333333332,0.4773148148148148
AGRESDHSWKRHTNABSWNBZLGVSGEQ,0.5577466835865666,,6.0,1.0
AGRFIMYCGTTMMWGAXA3WJKABIZFQ,-3.0375248368685663,,4.0,0.0
AGRHJCTHMA6WKACERW3D6CWGMEGA,0.5577466835865666,,10.0,0.6083333333333333
AGRJ5QGACCBXPT4U63FLOUMIAJZQ,0.5577466835865666,,22.0,0.5
AGRJENQSN7IELT7QVISWUQ4U6UGA,-0.3410711965272165,,70.0,0.1083333333333333
AGRJJTLCJBH3S2QRWU42OJNMD25A,0.5577466835865666,0.0,18.333333333333332,0.31333333333333335
AGRKCZLSFFECGP54U2T2CBYB3RLA,-3.0375248368685663,,6.0,0.1339285714285714
AGRKORVXCVNDGPEAF5W7NG74FP2A,0.5577466835865666,,19.0,0.3072727272727273
AGRKTMF2N365CHSX3HZDFII2EXDA,0.25814072354863893,0.5189327450361415,4.0,0.8333333333333334
AGRKXBW5ND5BRREJLMLX3GRPUTAQ,0.5577466835865666,,32.0,0.25
AGRLJDWT6YCZ4SDXSZT7TZEC3MKA,0.5577466835865666,,53.0,0.5425
AGROEPHOJYIEK32TWNBMILSH5FPQ,0.5577466835865666,,67.0,0.16875
AGROPS2VIN3R7UUTWO2F662NSNMQ,-0.6781279015698853,1.5889005452004337,38.125,0.21755455192955192
AGRQV4NXI76YDR247XG4QDXFO3JQ,0.5577466835865666,,9.0,1.0
AGRRENMRRSE36UPX6ICQBKT5NOLA,-0.3410711965272165,,6.0,0.10625
AGRS2IMWXSUFWS3DZWITXXUDLZCQ,0.5577466835865666,,18.0,0.0
AGRSSPECMD74WOD35UYRIJIFVUPQ,0.5577466835865666,,10.0,0.0
AGRSW6MPQOGFHVMYGV3X5LVHEQUQ,-0.3410711965272165,,12.0,0.053125
AGRUKTHXESHTPHHK4GQYQNRFZP3A,0.32327245399166665,0.7768592562686286,14.434782608695652,0.2646917545015371
AGRVYK4MSC2AUDQJHT4NSRX7Y6SQ,-0.04146523648928879,0.5189327450361415,38.0,0.15244708994708997
AGRXAONJSICJOJTFYWJBHTNF6EDA,0.5577466835865666,,36.0,0.3533333333333333
AGRXRS7Y7ALTQP4VVJEWEDWUKVFA,0.5577466835865666,,39.0,0.3899999999999999
AGRZN4NJZMYGFRBBJZVVH4V62G5Q,-0.3410711965272165,,72.0,0.28125
AGS2VC3GYD2G3OHHVOITYNMVTHUA,-2.138706956754783,,5.0,0.0
AGS3RTM7ELSR6WMKYNZWSUPBBEGA,0.5577466835865666,,2.0,0.8
AGS47C3SO62X375JL7RWNBKCFXXA,0.21204749892741928,0.5846303696727001,5.846153846153846,0.4778846153846154
AGS4BZHM7C75W52ZGTFNP4P47T3Q,-2.588115896811675,0.6355602180801734,75.5,-0.12946428571428564
AGS4NGH3MXCK4YYBILRZDJEKI4OA,-3.0375248368685663,,185.0,-0.0381410256410256
AGS4RIAZGIL3OZVYGRIMLIXXFK7A,0.5577466835865666,,40.0,0.2333333333333333
AGS5QOB3WT6YOOW7INDT77LPVG2A,-0.3410711965272165,,37.0,0.21875
AGS665VSZWLC26WMXYQLKIQEOCIQ,-0.3410711965272165,0.0,2.0,0.8125
AGSAE67FONXAUAZB4GNNKLOHVYPQ,0.5577466835865666,,32.0,0.5412878787878788
AGSDX3SIVTOZVKQYI6JDMYSYNKJA,0.5577466835865666,0.0,17.166666666666668,0.6260416666666666
AGSEFEIS5QUQOW2CZOA7XZNQCZTQ,0.5577466835865666,,5.0,0.4222222222222222
AGSG3AQPXZW3GMBFZVCT7JL7JAZQ,0.5577466835865666,,20.0,0.6
AGSGQ6Z2XBJPLC5C2EOZDPCDXKDQ,0.5577466835865666,0.0,7.5,0.91875
AGSIN7A4MS4DIGF2WHC3BVXORPSA,0.5577466835865666,0.0,5.5,0.15
AGSIZBBCW7UXNRTS3NYL54ALD2MA,0.5577466835865666,,7.0,0.0
AGSJMCWJRNAU3QSXRCVBFG3QSD2A,0.10833774352967507,0.6355602180801734,27.5,0.3194444444444444
AGSJPU73GOSNLTSDPGMIGYWTQDZA,0.5577466835865666,,5.0,0.7
AGSK2ZJI7BJWAP7L2XHT43LNJBEA,0.5577466835865666,,117.0,0.2530552780552781
AGSMNIT5YGSO35M2YRIE2OZIOSUQ,-0.49087417654618043,1.352625614305292,12.11111111111111,0.20668540564373897
AGSO7IQTAL2PTNOK6CAUOP67XMEA,-0.3410711965272165,,50.0,0.096590909090909
AGSODDONBJBIP3H4PQT46N5DIX4A,0.5577466835865666,,26.0,0.6360714285714286
AGSP6LSQK32SQEJO3YVVNACPWMSQ,0.33304221355812086,0.4494089400568916,158.0,0.33950152439024384
AGSQ6UFQQSDUCSHAEPJ5L2VZWQHA,-3.0375248368685663,,45.0,-0.075
AGSQVK4UUU72VERV2ML7JOKRRI2A,0.5577466835865666,0.0,26.5,0.4041666666666667
AGSRRWF5ANWUPHCC7HVAUAA67SSA,0.5577466835865666,,23.0,0.2
AGSV4K43Q6TIIHGN6BB2Q5A2I5PA,0.5577466835865666,0.0,14.5,0.5170454545454546
AGSVZNZBTSGQBKZDZTQYEZHGDPCQ,-0.3410711965272166,1.7976357602275665,10.75,0.27
AGSXHQK3PDRCXWLM5OUVHPJJ7X6A,0.5577466835865666,,31.0,0.2285714285714286
AGSXX4BI6HRYWQGYH3TBS6UIGXHA,-0.3410711965272165,,30.0,0.0125
AGSY3OFX2P2BCELBW2QCLPMQGAWQ,0.5577466835865666,,16.0,0.5
AGSYP37K3WKNWP3RWSAHTYEBVISQ,0.5577466835865666,,5.0,0.5
AGT2QEYDUYHZ3SM2EXJSW4K2PGYQ,0.10833774352967507,0.6355602180801734,54.0,0.3646428571428571
AGT3IMHFYIO7V4RQAIOCBMRNKDJA,0.5577466835865666,0.0,4.666666666666667,0.2708333333333333
AGT46HVOHTI5CMCZ4TGFKYNVNW2A,0.5577466835865666,,5.0,0.2
AGT4MFN27CCIP2BFJXVKNKFHVQDA,0.5577466835865666,,6.0,0.0
AGT7VETYIJPKXAJP2E5PLMIQAXXA,-1.2398890766409998,2.5422408723206935,8.0,-0.5
AGTA2L53YA56UEPBA2BFXBCM5F6A,0.5577466835865666,,12.0,0.5166666666666667
AGTAPCL2ETGPB4GKIBFZZUHPTCZQ,0.5577466835865666,,6.0,0.7
AGTAUJFBVNKEOPBB6FCHTBSMRKHA,0.5577466835865666,,52.0,0.5428571428571428
AGTEF5GLNELCNW4KWIWMN2BMBYLA,-1.2398890766409998,,70.0,0.2357142857142857
AGTESV4VOVCXYBBNBKFDF2XWVXDA,0.5577466835865666,,68.0,0.3953124999999999
AGTEZBCXZQ2ILZXKAKUMRINON2AA,0.5577466835865666,,2.0,0.5
AGTFULIOVJK6RHUYWETEGSE5ITCQ,0.25814072354863893,0.5189327450361415,8.0,0.40972222222222215
AGTGRPUDTYB3TPSK7ZDOSZYJ4B4Q,0.5577466835865666,,7.0,0.7
AGTHQ6ANUEV7VOOVAEFWVMFIILUA,0.010640147865133376,1.173140634080806,12.565217391304348,0.5110990338164251
AGTILLNJMBXIL3WADOUT5D7JL5JA,0.5577466835865666,,14.0,1.0
AGTITI6OKWPN2AVELIAJALJFX6NA,0.04413646637869053,0.9915273979058562,36.392857142857146,0.20309492315444694
AGTJAM6NFSYTR5KB6DQNHZ3ZIFFQ,-0.17462344095059004,1.1433845324507936,18.185185185185187,0.35161360964138744
AGTJFW75JCNHR67UHCEEY3XTCQDQ,0.5577466835865666,,14.0,0.4214285714285715
AGTK6PB3DIN2CH5DTOZTY37C74YQ,0.5577466835865666,,3.0,0.5
AGTKCQCGCIFLZRFBHYDAW2Q556FQ,0.5577466835865666,,30.0,0.1866666666666666
AGTKVXQFOE5DZURWIPGAPHKHLRVA,-0.34107119652721657,1.5567982351084244,45.333333333333336,0.25876767676767676
AGTLZO4SBYP4UGYVM65EKRFPNRAQ,-0.3410711965272165,0.0,80.5,0.28333333333333327
AGTMX7DFJLYO4AUMQHKRZUXJUPMQ,0.5577466835865666,,36.0,0.0749999999999999
AGTMZCWIWBH43TCW7UKG2YV2EKKA,0.5577466835865666,,303.0,0.0582925782925783
AGTP4V3GFJ3YGVKDYXDK3SJ5IAYA,0.4978254915789811,0.2320737787302758,7.733333333333333,0.24916666666666665
AGTP7GWXSGP6J64WABPD5JSGSVSA,0.5577466835865666,0.0,3.3333333333333335,0.7666666666666666
AGTR4A6CYH6AGEIYCAPYPQZERZLQ,0.5577466835865666,0.0,11.833333333333334,0.775
AGTSIX73WHCG34ACPNGESUPTFV3Q,0.5577466835865666,,72.0,0.2714285714285714
AGTSSHKA4HTPDZJOYOVWQ3E6TXCQ,0.5577466835865666,0.0,18.333333333333332,0.525
AGTTE3T4URI4FV5HDIJREAVRBQ6Q,0.5577466835865666,,4.0,0.45
AGTTKVGELZSYCBFLWM5ANOAMVGGA,0.5577466835865666,,46.0,0.35
AGTTU5RVVW6AP353QAU7IUWRMGAA,0.5577466835865666,0.0,43.0,0.2366914682539682
AGTUOJDEQXZDIZVCIGK66OZTHQZQ,-2.138706956754783,1.5567982351084246,7.0,0.22708333333333333
AGTUTPMCIHOEEMHF6UJ7MND2VF2A,-1.2398890766409998,2.5422408723206935,25.5,0.17499999999999996
AGTWSUM5ZMMQSS2XPC3UCU6OKYBA,0.5577466835865666,0.0,13.8,0.34750000000000003
AGTXCV4I4U63O43O3KIZAN76U2UQ,-0.34107119652721657,1.7976357602275665,15.0,0.20871212121212118
AGU2D4UZSVG4K5OWXRN4KACBHNBA,0.5577466835865666,,9.0,0.503125
AGU35F2Y2RSPSDNNHPE7OH5JRWMQ,0.5577466835865666,,9.0,0.7
AGU3OPSRPA3FMA2KHVNQWRF2AOSA,0.5577466835865666,,25.0,0.475
AGU4LV3HM2ZE6ZVAB3I7MJZ6QAKQ,0.5577466835865666,,45.0,0.34666351010101
AGU5MU2XMEHAHMDXVYW3YZ7DEUXA,0.5577466835865666,0.0,12.571428571428571,0.6538690476190476
AGU72IKMVPNJTI3N35TMXXGGX7BA,0.5577466835865666,,13.0,0.5386363636363636
AGU7O3UW7U2UMZGSZMKNZ6K6VHUA,0.18323923353915697,0.600911815463005,165.41666666666666,0.1869038579363119
AGUAZ5DU5K3G5GYNVPSA3FKVVYXA,0.5577466835865666,,1.0,1.0
AGUBVALCZEWORXHAH3OMRQ3JKI4A,0.19821953154105337,0.8039271517306702,17.0,0.29863636363636364
AGUCASPOMC43UGO44EIHJW3SHACA,0.5577466835865666,,5.0,0.5
AGUDVYQBOGVJ6EE7DK56SJHYIRBA,-0.34107119652721657,1.2711204361603468,41.5,0.26666666666666666
AGUFDVO4TYIFQHQUMDXFHSHH43BA,0.5577466835865666,0.0,16.333333333333332,0.6659722222222223
AGUII72LZDGUGT74KQTSCO3JNP5Q,0.5577466835865666,,238.0,0.1718596117424242
AGUIZMFZHUFBUIX4UO3CA3JWRUFA,0.5577466835865666,,11.0,0.2333333333333333
AGUJA7GM3CHZGZTQORVA4V7TO6HQ,0.5577466835865666,0.0,63.333333333333336,0.20003306878306878
AGUM5IYMRR6NJBQ45FEI32TQMD3Q,0.5577466835865666,,9.0,0.5
AGUMKAETPKF5G37FKT6CXLBRPOAA,0.23674029783164405,0.9723571475729981,78.42857142857143,0.2514950740397169
AGUNN5632O4AITGTUZQO77YKW5EQ,0.5577466835865666,0.0,2.5,0.65
AGUO64P7C4QQ3NVBLJAHCGLLUCQA,0.39095573676132855,0.6905157384330325,39.41237113402062,0.259741748708882
AGUP2SMMKWBDCOAOSZEULRGMAZZA,0.15482832353556036,0.885435228979112,248.20689655172413,0.19270224705270333
AGUPCJOOM5ASVXLIVN7PENJPTDPQ,-0.3410711965272165,,65.0,0.25
AGUPJUIQILLTN73KEVAI7PCSGNLA,0.5577466835865666,0.0,81.5,0.24319444444444444
AGUPV7OLIQLBYHU23MU4YLJ3RCCA,0.5577466835865666,,19.0,0.9
AGUQFBJGLRCTSY42ZQJDKNF7ZQRQ,0.04760680568414915,0.9300548363012946,50.7972972972973,0.2863005463920642
AGUQWZPJVSU6FY7UD6GSSLVHUI5A,-1.2398890766409998,,12.0,-0.75
AGURRMC56GEZMSKAFBKAJI4BVP3A,0.5577466835865666,,7.0,0.5
AGURY2EBCHKHIPIGZRXHHJEIMTMA,-0.34107119652721657,1.2711204361603468,67.5,0.2432133838383838
AGUSFHNYMZY6KL5YRU5FBXVSITXQ,0.5577466835865666,,8.0,0.3
AGUT4PQSIW77BHDY5JHF5RCAHHOA,0.5577466835865666,0.0,4.5,0.455
AGUTETM5WZDRPZJ2XYLKKFESNYJA,0.5577466835865666,,15.0,0.375
AGUV4Y7N5GESLHGGSPWB26ZWDYLQ,-1.2398890766409998,,3.0,0.0
AGUVP7ETMXXQXCPXZWIZQJYUM7GA,0.5577466835865666,,4.0,0.5
AGUVWI4XDTFOVM3B4MNTCYJ3GAVQ,0.5577466835865666,,50.0,0.3833333333333333
AGUWDJXPNE4CB2AFX4YK76XZUHGQ,0.5577466835865666,,4.0,0.3571428571428571
AGUWL2R2JFLC3K65HLD6AHJV3KBA,0.5577466835865666,0.0,32.90909090909091,0.4220980465815176
AGV2C4KYP77OQFD764SX5PRKOHZA,0.10833774352967507,0.6355602180801734,26.0,0.59375
AGV2W5TFSVS5RUVCL3GLNPA354LA,-0.6406771565651443,2.075730980144566,129.0,0.09918148960363866
AGV3JEME5YIGXADUTXWKVZS6Z7JA,-0.16130762050445996,1.6078543034613406,49.6,0.38078210255456346
AGV4WWE4CB7LRPPV6PG7RCEFBT3A,-1.3397577299869756,1.452393777637744,53.0,0.2448737373737374
AGV5IAI7ELBBT327V7EUBECMW6MQ,-0.6583010365673754,1.011158988879923,66.0,0.22288524787254732
AGV66SEIUUS6ZTYBGDK5U7GN7CUQ,0.5577466835865666,,10.0,0.0
AGV7PGVB5GKH4AS5PPO7KUHIV32Q,0.2881013195524317,0.6066558318272547,84.0,0.3404810188721953
AGVAAODGT4THPVI2H3HS7LOGFGSA,0.10833774352967504,0.8988178801137833,55.75,0.3150934343434343
AGVB4KKQLWGJMYT7VRNWHQ3ZJXBQ,0.5577466835865666,,29.0,0.55
AGVBJTKAH4YF7EWMRB64Y2GJMRIA,0.5577466835865666,0.0,44.0,0.2648148148148148
AGVEYTISKLZ4ETNFKLNVSX76BSKA,0.5577466835865666,,2.0,0.78
AGVFBOZNHUPLBZIGSFDXDUQUXXOA,-0.7904801365841082,1.721105206714045,7.25,0.26416666666666666
AGVFSYZDAPDQGKIE6REPZD2TJQHQ,0.5577466835865666,,1.0,0.8
AGVJ5R7FMFCNQ6P462DFVJYQWTAQ,0.5577466835865666,,45.0,0.4204545454545454
AGVLLL3Z55OFM5JTJJWFJFQXPUGQ,0.2581407235486389,0.7338817259896108,4.333333333333333,0.425
AGVN63Y4ZAL23AZZF3F76O5OG3LA,0.3943252508386061,0.3635897346913292,26.181818181818183,0.17223054723054723
AGVOLYJSGAPFQTGD3VI4UK6KYZ6Q,0.25814072354863893,0.6355602180801734,34.111111111111114,0.34296031746031747
AGVPCZYZLHED3TG4BNAC3PJLZOMA,0.5577466835865666,,37.0,0.325
AGVQJFWTGNXNOKM6BOGYN7RB3OPA,0.5577466835865666,0.0,12.0,0.4377777777777777
AGVR7FBU3FB6EUMARQXE52OTBTIQ,0.018455955518296728,1.2058907275960054,20.8,0.2659375
AGVRBNDGB6OZW4PCOLS3XVU6VJHA,-0.1613076205044599,1.1719151371753842,141.8,0.25084892884892884
AGVTTSGBWYNT4BBOY2URZ2OAJGWA,0.5577466835865666,,58.0,0.2857142857142857
AGVVUU3QRQBHNASSGI5YQLPYOI2Q,-0.5283249215509214,1.2139950044392607,9.583333333333334,0.3271527777777778
AGVWGLLS7SG3ZQTICDD7K6EAPRMQ,0.37798310756381,0.4019635758653351,23.6,0.5363333333333333
AGW32O72S6APOAM3XMSPU5ZILSMA,-1.2398890766409998,,49.0,-0.2666666666666666
AGW3EZTECWQK6HP4M5ODTUHXCPDA,0.5577466835865666,0.0,30.428571428571427,0.5392120181405895
AGW7DNVEEOZ55KAPREK54O7DYLKA,0.5577466835865666,0.0,22.5,0.030245535714285704
AGW7TKBKOZSCLUAKOC7I7YALE2TA,0.5577466835865666,,19.0,0.4549999999999999
AGW7XKZ6P2PIADO2CXQJFP2GGH7A,0.5577466835865666,,4.0,0.35
AGWAH3TF23FY2JK4SBXIDHT2VC6Q,0.5577466835865666,0.0,15.5,0.681640625
AGWDYYVVWM3DC3CASUZKXK67G6IA,0.37798310756381,0.4019635758653351,279.4,0.21372345700720938
AGWGG4V6N3SUUPAFPGATQNEUJQ5Q,0.5577466835865666,,2.0,0.5
AGWGMDSRIXUSGG3AVYX65RVPWCLQ,0.01096580651734854,0.7488008652568748,292.0416666666667,0.21442351798910814
AGWGOMUGDA2RT47E5TGM4SM7Z2DA,0.5577466835865666,,7.0,0.625
AGWI452C24HVTPJSA7KWM3HNOUBQ,0.5577466835865666,0.0,23.0,0.3333333333333333
AGWIQXPIU2YMPLU76Z525M2SODCA,0.5577466835865666,,12.0,0.4833333333333333
AGWIR7A3ZM66QSAL3TJ22GSHU55A,0.5577466835865666,,5.0,0.0
AGWIY7R73JEOW4S7NC3K2FG335NQ,0.5577466835865666,,50.0,0.0611111111111111
AGWJ2MHDJSHU6GBGGHQU3BBNCZLQ,0.25814072354863893,0.5189327450361415,11.666666666666666,0.5272222222222221
AGWJ7DDJ3VM4NK5BV6IXG6PGUQOQ,0.5577466835865666,,22.0,0.5958333333333333
AGWJLGWTPWBAKOTORI4X27TPIXYQ,-1.2398890766409998,,7.0,0.35
AGWL3SAUWG5YLVWHHSG57DKTGGDA,-0.7904801365841082,1.5567982351084246,6.75,0.3458333333333333
AGWL5CBYUUQDUKDKW6I7H5HABGDQ,-0.3410711965272165,,86.0,0.235625
AGWMXUNLBBX7IGNFTYR2MV2LLLJQ,-1.2398890766409998,,5.0,0.0
AGWPN6VFNXRK6WUIYKN26LANIKRQ,0.5577466835865666,,87.0,0.27
AGWSEISP3NKF47Q2CG45DBOYURYA,-0.9028323715983311,1.5145243211056247,134.25,0.1920410343624629
AGWTITAICUAGJUSDWMKQJECKYVSQ,0.5577466835865666,0.0,21.25,0.5184106762378247
AGWTJ3SUYOWR74EHYGGDFNWNDLIQ,-2.138706956754783,,24.0,-0.0666666666666666
AGWTWN3DZWJM7O4AHUOYMJEMAH3A,-0.3410711965272165,,66.0,0.1298941798941799
AGWVVLSUJLLLX5WH27MBWHBOYDGA,0.5577466835865666,,9.0,0.6625
AGWVX2ZYWUI6S4KYVEIVXCAWVO4Q,0.5577466835865666,0.0,15.0,0.3465986394557823
AGWWTJ2WJXCTXGD3TFDWUUBYOAXQ,0.31057176655527624,0.7879868964292971,15.15,0.4523451028138529
AGWX2VRM6GYPGQM3XNL2NEYY7JAQ,-0.8100196557170165,1.5299013573845694,57.17391304347826,0.1420308786257248
AGWXP7COJW7C2IJ5ZCOLET6FB3DQ,0.5577466835865666,,16.0,0.3875
AGWYHOMRFV6GEDYW57SXYBFGI5KQ,0.19821953154105337,0.45578385336253774,62.333333333333336,0.272942237351578
AGWYLKIQ27OHS4ULQEAZ2EIXNQXQ,0.5577466835865666,,9.0,0.0
AGWYMHQPH26D56XUZ54FGTKH5IZQ,0.5577466835865666,,37.0,0.33125
AGX22TATEBZUHXGF44CYSEZAZZTA,0.5577466835865666,,80.0,0.1194444444444444
AGX26GKPUFEHTDBTE7PDC45FOM2A,0.5577466835865666,,56.0,0.3724025974025973
AGX2NNH2M3RNS5SODCZMONPR2PAA,-0.3410711965272165,,73.0,0.0930555555555555
AGX3AWV4OCYWLPLPTY4H75SQAKGA,0.5577466835865666,,51.0,0.3259259259259259
AGX4Q77WTLDCTTEK4672R25EX5EQ,0.5577466835865666,,46.0,0.25
AGX4QGDAQZQRII5YUAUAASPRUW3Q,0.5577466835865666,,32.0,0.09375
AGX4YCV64M5R5ATFMNW4RDJNGJZQ,0.5577466835865666,,40.0,0.2895833333333333
AGX547GEFL46LSQR3IDMX6TE5OJQ,-0.3410711965272165,1.2711204361603468,24.0,0.38350694444444444
AGXANWGCXOFLCJDQEEJ5AVDFOWUQ,-1.2398890766409998,,18.0,0.445
AGXBKSPHDEMRUMMO5OOSQRWKMIUA,0.5577466835865666,,10.0,0.7
AGXC4FH7GTG6KRIQPKTABJBEQHXQ,-2.138706956754783,,13.0,-0.3458333333333333
AGXCHND2PQ4BCHN2WLQQAGRGJV6Q,0.5577466835865666,,6.0,0.5
AGXCWIHCKNYQVJRWALTI353V3DTQ,0.5577466835865666,,6.0,0.8
AGXCXUE5GUHYO3HOIBK6YBOKTNCA,0.5577466835865666,,22.0,0.0
AGXEMWK7VR7MZ2CTUCMP3PXN36LQ,0.5577466835865666,,14.0,0.6
AGXFB2KKVUFFURDZDWAZJAV35OHQ,0.3580093768946148,0.5992119200758556,29.444444444444443,0.4658487654320988
AGXFEGMNVCSTSYYA5UWXDV7AFSXA,-0.43737311225369335,1.3569532984572905,44.642857142857146,0.23511047694864656
AGXFIFO4VWNHPAX3VJPRQ2QJSCSQ,0.5577466835865666,,321.0,0.2462215320910973
AGXFNIG3IY6FIR7FNQGQBXTOSDHQ,0.5577466835865666,,1.0,0.8
AGXIVMV6SGCJK3PD522DMRDI7JUQ,0.5577466835865666,,12.0,0.875
AGXJDEF5RT6WIUPKW4BKVZX3NAKQ,0.5577466835865666,,34.0,0.9
AGXPI72I5AC3HGO3L37BGW6IO4JA,0.5577466835865666,,27.0,0.0
AGXRCFQ6CDA7ZSATOJHLJRZFPEYQ,-0.04146523648928879,0.5189327450361415,16.666666666666668,-0.03222222222222223
AGXSDQD5FK3QJRPW5NQ2ALKAXOWQ,0.5577466835865666,,2.0,1.0
AGXT3RNOFJODHMPMDB3TXBAU42YQ,0.5577466835865666,,10.0,0.5
AGXTQH7VZXHTMV32PC2AISSIRDPQ,-2.138706956754783,,2.0,0.0
AGXUP3GM6ZAXIF7J3YRZQGQOZ4YQ,0.10833774352967507,0.6355602180801734,20.0,0.6158333333333335
AGXUSUEWCTXOEVO2UVKFCYZT5GNA,0.5577466835865666,0.0,3.6666666666666665,0.6583333333333333
AGXVBIUFLFGMVLATYXHJYL4A5Q7Q,0.34626012355979413,0.6763128071526459,20.88235294117647,0.47607223097572365
AGXVNSXY4CSZ43CDSZSD665YXMMA,-0.3410711965272165,,25.0,0.5
AGXWFMT3JAU4VZT765NPGGL5V4ZA,0.5577466835865666,,27.0,0.3519345238095238
AGXX7ZWLBXK6WF4SCAF3AG4MWJMQ,0.5577466835865666,,107.0,0.2483333333333333
AGXXHB5J54QBT6LU3WQOL7MDN7KA,0.5577466835865666,,3.0,0.7
AGY3SUFW22SSPOJVQM5WQI3ZGGFQ,0.5577466835865666,,3.0,1.0
AGYAGV4P7GDMEGQN3L4TGX4FGQQQ,0.2581407235486389,0.7338817259896108,72.66666666666667,0.3239106066654143
AGYARUOU42LQRJD3XH5ELDJ77NKQ,-0.3410711965272165,,22.0,0.0
AGYBOBPV47L6FRILNSZ7S6XFLPFA,0.15827207020266298,0.9856776276905888,10.0,0.4462125220458554
AGYDARCUZUAX7ENAUJIUDUGDOJAA,0.5577466835865666,,54.0,0.4833333333333333
AGYDZXXV32IH5YIDK5XSEC5UFIEQ,0.04971918613095003,0.970560138534594,73.08695652173913,0.3079646041341099
AGYEAZK4OEYF2MSSTGJ5WNJDVZKA,0.1915616213179883,0.7984689446524067,41.592592592592595,0.30222292175417176
AGYG4DVZ3CXRAMGOR54HGLGHYUGA,0.5577466835865666,,189.0,0.2277272727272727
AGYHODXSOVZGHRYHNALJKVFN6HCA,-0.17764976377925598,1.123930829468629,8.181818181818182,0.32626262626262625
AGYJP62BSNVPJCL7YZHSZP4QYMRA,0.5577466835865666,,3.0,0.2
AGYKSH5FCQ6CZOZKXOCDOJ23VIOQ,0.5577466835865666,,2.0,1.0
AGYLFDG7WVXI4Z5E5C5JBZIOQDUA,0.5577466835865666,0.0,116.0,0.2903935185185186
AGYPMYXECLNQ2I5WWFQ52COBAFHA,0.5577466835865666,0.0,30.5,0.1648809523809524
AGYQ7Z42HRPMMX3GNRNGYOJP2KSA,0.5577466835865666,,83.0,0.275
AGYTEAXMUXEFHXUSVVTKONKBFTVQ,-0.6781279015698853,1.7280760947289902,10.75,0.10567708333333332
AGYU3KLQWZIUYKAXV7YARVZGUI2Q,-0.34107119652721657,1.5567982351084244,14.8,0.12
AGYU7P3LUCMV4OZZAKC6D6NWSQHA,-1.040151769949048,1.66813538719065,20.88888888888889,0.091089265672599
AGYWDTDUSHHZEHTF456VJTOVOKYA,0.17253902068065957,0.707186126269829,5.428571428571429,0.27678571428571425
AGYWLS3CZGZ6Y2IHR5AQYUU3EYXA,0.5577466835865666,,124.0,0.0560555555555555
AGYY4GYHK7BB25XHU5BLWTQDW2BQ,-2.138706956754783,,34.0,-0.1499999999999999
AGYYBT7T6JANP4756OS5UDKLX7UQ,0.25814072354863893,0.5189327450361415,10.333333333333334,0.5
AGYZB6ENUOE64CG2C6QLX47V4RTA,0.5577466835865666,0.0,23.5,0.11180555555555552
AGZ2KJZISWXCR2ZDCBFBSYGRAPHA,0.5577466835865666,,27.0,0.4
AGZ43OSSBC7C7TXC6OJ7T5ESXFYA,0.5577466835865666,,65.0,0.4057954545454545
AGZ5BQZVJ3C4LG3REK7X2WUYPOHA,0.5577466835865666,,8.0,0.0
AGZ7SOPOBQCAWQA27UM6XMCIVUJA,0.5577466835865666,0.0,22.666666666666668,0.46428571428571425
AGZAXDFAB7AYQBNZWS3F75EGFDCA,-0.3410711965272165,,30.0,0.1907407407407407
AGZB6HMWLNYGKAEHZTGK3NU46PEA,0.5577466835865666,,1.0,0.0
AGZBKPRU67CETEDMDPPQWNBS3MDQ,-1.2398890766409998,2.5422408723206935,57.5,-0.0392628205128205
AGZDEKBYZ6MFSLB5W5LKFIJE5JNA,-0.34107119652721657,1.2711204361603468,21.5,-0.08958333333333335
AGZE3IYHOEGKUTJZSQCSFSQ4IFFQ,0.10833774352967507,0.6355602180801734,86.5,0.22446428571428567
AGZES655DC2ZQZG4OKSOUHQMIVEA,0.5577466835865666,0.0,2.0,0.8000000000000002
AGZFKS2YWMNIDET6P3HH3BJPXGWA,0.5577466835865666,,36.0,0.5027777777777778
AGZFRAVHZY6FKJ7JUMJ6Y5R7HMHA,-0.749624778397118,1.0907692040739878,179.54545454545453,0.20250805028662955
AGZGA2B5XSMI45L7T3TJM6SZZ4LQ,0.33304221355812086,0.4494089400568916,39.25,0.3792508417508417
AGZHUIQEFS4VR23E7SKABSLIVEEA,0.25814072354863893,0.5189327450361415,58.333333333333336,0.3465362811791383
AGZITV7VCIL4HKIHXNYYWUIJ3MMA,0.25814072354863893,0.5189327450361415,166.33333333333334,0.29749181145358056
AGZLXGG5W3LYRHURJTLL4KPDTXDA,0.5577466835865666,,37.0,0.2599999999999999
AGZN2MRRAPSJOFQVARCSYWLSXBEQ,0.5577466835865666,,10.0,0.33
AGZOSBAECC362LI7AEQ6P2ND3OBA,0.5577466835865666,,1.0,1.0
AGZOWOPR5THWINOUGM3KTSY34STQ,0.5577466835865666,0.0,5.5,0.6
AGZOZUFSUL643HJMMKFMLADI7OKQ,0.5577466835865666,,14.0,0.3533333333333333
AGZPO5P6KNQ22P4WHOOZOZUGSJ7A,0.5577466835865666,,4.0,0.5
AGZQ7O3IZFE7VKAEWECFZCBRZOPA,0.5577466835865666,0.0,35.5,0.245436507936508
AGZQVE7TNAIFEUPM4ITALZGWPNSQ,0.5577466835865666,,4.0,0.5
AGZRXGKEE2XHTNLSZONQR75FG7BA,0.5577466835865666,,215.0,0.1740285062160061
AGZSHUCC6LSMQE5CQP5MQUFTFCPQ,0.5577466835865666,0.0,6.0,0.775
AGZT7ZU75PHSV22C2QMPHLJNFK5A,0.5577466835865666,0.0,19.6,0.3131481481481481
AGZVVKFA4QTXBRLFYRCTDWIPYWIQ,0.25814072354863893,0.4494089400568916,8.333333333333334,0.5675925925925926
AGZYNKTWTUPP4ZLJ77LH7TFL6Y5A,0.5577466835865666,,55.0,0.2861111111111111
AGZYX75NRN524ZBY2VNWIYVVIOIA,-0.3410711965272165,,22.0,0.1999999999999999
AGZZ35KI6RBFZYHG4TZPOAIACVMA,0.3580093768946148,0.5992119200758556,5.111111111111111,0.5090277777777777
AGZZ7IE2V6GMFGVNPJPFDBGS2X3Q,0.5577466835865666,,48.0,0.5333333333333333
AH23K7IAT3VTGWZJQFPHVIT4HLSQ,-0.2691657661181139,1.3710042061269545,9.6,0.4824355555555556
AH25FFNH7SC26PTT4WGJKBY4XYRA,-0.7559102181181934,1.625153891376255,25.076923076923077,0.160501628001628
AH2AJKHK4EQVS3KYZ6JUKFXK2PPQ,0.5577466835865666,,16.0,0.2380952380952381
AH2B7RFJ3JIFZX5A52WKNH2MVTYA,0.5577466835865666,,60.0,0.4447916666666666
AH2CJIKJPIIRDG264ZWX2UUQN5SQ,-0.1413338898352647,1.253341652375499,29.22222222222222,0.32145061728395063
AH2D3MIPMJ2ZNWQBO4RZOSRWD5GA,0.5577466835865666,,34.0,0.411111111111111
AH2E34BUG4OSIJENFERR4FIYI76A,-1.2398890766409998,,4.0,-1.0
AH2FFAK6UYBB2DMREP2U75N5PRQQ,-3.0375248368685663,,31.0,-0.06875
AH2IJBHRQBNBXRUEQKTBMBXYYJTA,0.5577466835865666,,7.0,0.0
AH2IW7MZIXM53IRDZ2XYU7ALGFIQ,0.5577466835865666,0.0,30.0,0.5105546536796537
AH2JZ2XBZ4WYWY2GBU33YXFT2LWQ,0.5577466835865666,,34.0,0.58125
AH2KSYKRALNLIUPR2RW7AMBTGTLQ,0.5577466835865666,0.0,13.666666666666666,0.1388888888888889
AH2LEELEG5S4XLK44WCJPIRDEDUA,-1.5394950366789277,1.2280190086786817,27.666666666666668,0.1985479797979798
AH2MMHTSPZAOTQMORMZG2RPGZESA,0.5577466835865666,,5.0,0.85
AH2N6BAT6DVATRODM6EKJNWWN7YQ,0.5577466835865666,,5.0,0.8
AH2NL42TJRHTU6OOXMEZRLCU6JLA,0.5577466835865666,0.0,2.0,1.0
AH2NNUODDGF2ML5UMQI23VT6WH2Q,0.5577466835865666,0.0,7.0,0.57
AH2OYZNLIGO3HQDJOYVORGLODGCQ,0.5577466835865666,,6.0,0.4166666666666667
AH2P4QUUKIFZGS6ABSFEAF3TRZTA,-0.3410711965272165,,144.0,0.2645833333333333
AH2RTUHR6HFPDYZUTNZIG2BILG2Q,0.5577466835865666,,20.0,0.2678571428571428
AH2SK57JTJATVPUL34OIS44AQARA,0.5577466835865666,,18.0,0.5
AH2SR3SVIMB6E2CH3AH57H5VJLXA,0.5577466835865666,,3.0,0.0
AH2TEPB4TV3XJ6P6RAYIJDNIPHKA,0.5577466835865666,,1.0,0.8
AH2TXWXPKPO42QC2FW4UGNOSES3A,-0.16130762050445993,0.9846056560545863,5.6,0.429047619047619
AH2U5PEO5K7PAMZQKFWSX3R23ZIA,0.42934412928459764,0.33972122638847685,49.142857142857146,0.23360866316223458
AH2UPXRCHEBBCDGHYEULULXBK7HA,0.10833774352967503,0.7638483183110468,15.7,0.47675
AH2WTEH276AS6UDBMUB6FLTVOFLQ,-3.0375248368685663,,114.0,0.069023569023569
AH2XDJDFD76NG6SMSM5NSS6EJ6TA,-1.2398890766409998,,44.0,0.3464285714285714
AH2ZC5ZF77R2NMXAPLJ2O6U2O36Q,0.5577466835865666,,22.0,0.253125
AH2ZTRKXBZOCI5VSC6ZGSH6NHBDQ,0.5577466835865666,,74.0,0.2733333333333333
AH334TV27YASQE5WB7XJXM7DDI4A,0.5577466835865666,,6.0,1.0
AH33IRCXWMV2PDQPNVBP6GEHSFBA,0.5577466835865666,,26.0,-0.2818181818181817
AH34LHESDUTCTLUUAL7KUCUXCPOQ,0.25814072354863893,0.5189327450361415,9.666666666666666,0.0
AH35BDKRIDHVX4M6AIK6UGJGFXFA,0.5577466835865666,,146.0,0.1431372549019608
AH36C2YF45UIU7MKNJLFMM3BDVEA,-1.060125500618243,1.3331623605348741,17.6,0.22999999999999998
AH3A6NGDPWGSXQLGCUKL3JUWZM3A,0.5577466835865666,,12.0,1.0
AH3ACQ7TBS7IT4SRSWEYLLJ3ND3Q,-0.16130762050445996,1.6078543034613406,36.0,0.1563131313131313
AH3AE47ITB2YXDKZSQJUGADS6SIQ,0.5577466835865666,,33.0,0.08875
AH3E34SIJGD5GYEKPRXLFFZN3NTQ,0.5577466835865666,,2.0,0.0
AH3FAPGJUJBJFVZRQJPT3XEOI37Q,0.5577466835865666,,24.0,0.2375
AH3HGJJWTN4OO2W2L62TZ4TSVDIA,0.5577466835865666,0.0,11.0,0.521875
AH3JA6PPI32KGJPMYYAGXT7FLIXQ,-0.6406771565651443,2.075730980144566,18.333333333333332,0.06555555555555559
AH3KBLJXHMU3DWNID7RNZT32KSZA,-0.3410711965272166,1.7976357602275665,17.75,0.1875
AH3OG6QD6EDJGZRVCFKV4B66VWNQ,0.14607437208407054,0.9476819897385718,52.05343511450382,0.34474675096453405
AH3P6JTB7K26CSMOMOL7OIIH5CRA,-3.0375248368685663,,7.0,0.0
AH3UC5PMFYF5LKKFBONAMU4QHIFQ,0.10833774352967507,0.6355602180801734,23.0,0.6637500000000001
AH3UYU6Q2ZG3S4LWNGEL3DGADK2A,0.5577466835865666,,5.0,0.45
AH3VLI2334OWSIFBC2GDOYEWVSRQ,0.5577466835865666,,72.0,0.1898148148148148
AH3XDEVX5WC72IRRTVTSW6ZZ3MKQ,0.5577466835865666,,2.0,0.5
AH3YRKP6KFFAEENTFXSQQ6QBIKXQ,0.5577466835865666,,2.0,0.8
AH3ZTBSYDPFXERSKY2W3Q5V7HWFQ,0.5577466835865666,,12.0,0.5333333333333333
AH43PWBEUFJWDYQPIC36EJOQYZ7A,0.5577466835865666,0.0,145.5,0.42794444444444446
AH446WQU4LXWTENT55OJSK4BY2VA,0.5577466835865666,,2.0,0.8
AH45HFUNRO3OVUEXKRYBTWG3Q5CQ,0.5577466835865666,,39.0,0.2111111111111111
AH46X4UHBAV2KZ3UV77D4VG66TPA,0.5577466835865666,,296.0,0.246167976056865
AH47C4CYZSOEQD2ZSB3A3FVILP3Q,-0.3410711965272165,,6.0,0.25
AH47SG6GYDB43WZAOL6SC2W6MSFQ,0.5577466835865666,,3.0,0.5
AH4BXKBECWRRUZCZNKI6723HHC2A,0.5577466835865666,0.0,5.333333333333333,0.7333333333333334
AH4CGRSYSW5CWLRGQYRZKNJBUPAA,-0.5907428298921563,1.6256536696279023,22.666666666666668,0.2942304618606702
AH4CMK2M37HJMT5GS46BACZUOV6A,0.5577466835865666,,12.0,0.0
AH4D3IM3SAPLKNESBLMKHUUES4XA,0.5577466835865666,,3.0,0.55
AH4EKC7KUYINI5U7MBLZQQY7LFCQ,0.5577466835865666,,41.0,-0.6510416666666665
AH4FS5WFXP6G4REX7BSQFRLRLNZQ,-1.2398890766409998,,19.0,0.25
AH4FT75HQYRS36JB6KL2JJNWSP2Q,0.5577466835865666,,5.0,0.4
AH4FYADJKK33UO5DFGXUMFX744BQ,-3.0375248368685663,,6.0,0.0
AH4GMMYJ7KVFKRMHKXCCRYG7JC6Q,-3.0375248368685663,,16.0,0.8
AH4HHXQCNMQJVDZ2IOM5HAJFJTBA,-0.34107119652721657,1.2711204361603468,8.0,0.35000000000000003
AH4HSNAI7FMEFQNMP57SOTGGZASQ,0.5577466835865666,,1.0,0.4166666666666666
AH4I4FH62IYYT66F5N6CIJG75ARQ,0.5577466835865666,,30.0,0.2111111111111111
AH4I54TPB7L2VNPDZC2ZKJPARVEA,0.5577466835865666,,18.0,0.286590909090909
AH4J4SCNHHXHG4CL7E6RIQGCH42A,-0.34107119652721657,1.2711204361603468,27.5,0.20625
AH4JL6XLW5CMB34QAG7SXAFCWHUA,0.5577466835865666,,11.0,0.0
AH4JLQFF2GKTZMKPUG62VIPWELEA,0.5577466835865666,0.0,24.142857142857142,0.5395238095238095
AH4K5W3WGI5UT6MMNJ66GCV643OA,0.5577466835865666,,6.0,0.0
AH4KAKXUUFJIWCE2Q6UP3YP3PAQQ,0.5577466835865666,,59.0,0.1946428571428571
AH4LP6FUAH3IY6N66XGW5U6NP4NA,0.5577466835865666,,12.0,0.611111111111111
AH4MB6HER73XDOV6I4ICPNT24YQQ,0.5577466835865666,0.0,11.636363636363637,0.274965564738292
AH4NCXMQJAFB54BLGMM2Y2Y24KXA,0.5577466835865666,,28.0,0.1672727272727273
AH4O5W3EM4CKQGHMBVTSPCJRYF7Q,0.3420303923592587,0.4699135867093129,24.2,0.33144767316017315
AH4PMXWWUVG7JCEH2VK7VBVE4IUQ,0.5577466835865666,0.0,2.0,0.6
AH4PSBGO5XWI5D3CNE6CI7YG3F5A,0.45787803024059076,0.2996059600379277,2.0,0.9099999999999999
AH4PSWEGLHZW2K7VB73T4QZ76DHA,0.5577466835865666,,35.0,0.21875
AH4TMJAEGJYYOLB5BY3SPHHNDJAA,0.5577466835865666,,60.0,1.0
AH4U4335HKPJBG6MS5IP6NK7TADA,0.5577466835865666,0.0,2.3333333333333335,0.3333333333333333
AH4VGTN3VWRIESJMI4VGQHSQ4KRA,-0.5657756665556624,1.575222524174331,16.375,0.3274255952380952
AH4X2YNDJ27FFDEMS4HPRMYV752A,0.5577466835865666,,146.0,0.1756313131313131
AH4Y7WM3MLKQ4GCG6OQSVD3C2GDA,0.5577466835865666,,12.0,0.5681818181818181
AH4YEHVN2JDOS7Q655D6FXXXW24Q,0.5577466835865666,,2.0,0.8
AH4YFLUWAZGPVK3OLL6XFG347D2Q,0.5577466835865666,,17.0,0.6666666666666666
AH4Z47YBJ7FV42RHZBLKLGHH35CA,0.5577466835865666,,43.0,0.2678571428571428
AH52INCVGKJIYWBZMW5X5NBSE3EQ,0.19821953154105337,0.4923028280272931,8.4,0.6877083333333334
AH536W3OE7UD4WKIOOY6OMTXV2RQ,-1.0900860966220358,0.6451180509165934,21.083333333333332,0.19401455026455025
AH54HZDZ7RYX5BACMUJ6NKKJSVUQ,0.5577466835865666,,117.0,0.1735
AH54RKVFOJMRKOIOCPJCECNMYDIA,-1.2398890766409998,,1.0,0.0
AH57CHOVB47S7HVWPFA2O37PZPVQ,0.5577466835865666,,8.0,0.6666666666666666
AH57O4SAOZLW7FEVFBTC3V3JAQZA,0.5577466835865666,,4.0,0.0
AH57R2ABJWI527BPU6AFO7L4VPJQ,0.5577466835865666,,32.0,0.6833333333333335
AH5AW5PRJIYE4CFJOEHAMKTQGVYQ,0.5577466835865666,,6.0,1.0
AH5B55NREQZIWV2CBBIS4VGOQ72Q,0.5577466835865666,,36.0,-0.0833333333333333
AH5BXLIPVCNNER45GNHX6QGLUYRQ,0.5577466835865666,,11.0,0.0
AH5BZKHA23YTMJKUQWXNQNLBJSMQ,-0.3410711965272165,,6.0,0.0
AH5GZ5O673LE353SOPVGTNAIEQNQ,0.5577466835865666,,3.0,0.0
AH5HEN2Z5KLTDYEJLTP7LXYFUPPA,0.5577466835865666,0.0,18.5,0.23791666666666667
AH5JTPU3DLWQG55U2LQLH2CDMM2Q,0.25814072354863893,0.4641475574605516,45.5,0.09138888888888885
AH5KA4H3HEBROHEZTG2MLMZZUORQ,-0.9402831166030721,1.8710386207450893,35.0,0.23824074074074075
AH5KNRSD6RKBCN4F7WT6TPIYEUGA,-1.2398890766409998,,91.0,0.2722222222222222
AH5L6CXK2R7JWG3SOFXOYLT7PDVQ,0.5577466835865666,,49.0,0.465625
AH5L7ILVA6HYLZOUZIQAWNHVVK3A,-0.49087417654618043,1.4254558789534297,39.083333333333336,0.3135872126628429
AH5MCM6NQYRBFY5IPF6WGQL5QTYQ,0.5577466835865666,0.0,248.66666666666666,0.2705997942386831
AH5OGXFCGV3OEA7H4NIZBQXGCOCA,-3.0375248368685663,,328.0,0.0074404761904761
AH5QXM4FFDVMF7N564YAIYUWLW5Q,0.5577466835865666,,5.0,0.8
AH5R3FHGQZ7VFOQVCWSUKCIQIY6A,-1.2398890766409998,2.5422408723206935,28.0,0.0885416666666667
AH5RHHMJUBBX3GYIXV5DOHIKXSAQ,0.5577466835865666,,30.0,0.425
AH5RKO5JF332LQMJY2PQXMNHGXYQ,0.5577466835865666,0.0,464.0,0.21691386242158545
AH5RLY4VTK7XCRCKK5IVJNTL2J5A,-0.3410711965272165,,3.0,0.0
AH5UH4UNXWYWUSROBEO4ISKUBQ3Q,0.5577466835865666,,19.0,0.6416666666666667
AH5Z53QCWLNKZZZXXZ5Z5A4HA4HA,0.5577466835865666,,20.0,0.0454545454545454
AH5ZBPCVWAAGJCOPLXMFXD7PGIJQ,0.5577466835865666,,33.0,0.16875
AH64T2MRMNF76UENPWCIMMCYTSZA,0.5577466835865666,0.0,15.333333333333334,0.5666666666666667
AH64UIO3AH2MFSVZ2OUHHB2UVTSQ,0.5577466835865666,0.0,8.5,0.6425
AH66FSBWTQC75KM2DSTCHNKVQTGQ,0.43377180357087236,0.6676251608292394,21.275862068965516,0.352073754789272
AH66ZLP5R2D62NUEKGEUCZEICXHA,-0.9402831166030721,0.5189327450361416,49.333333333333336,0.30997045282759567
AH67BI7JTOFR35HMZYFVOEHM4CPQ,0.1491931017166652,1.090769204073988,11.090909090909092,0.5133333333333333
AH6BXEDXT2FGO7EYMDPTQG7HO7VA,0.5577466835865666,0.0,36.5,0.428030303030303
AH6C36C5NO6YPJ4S7S7OCVB2FZQA,0.5577466835865666,,37.0,0.525
AH6CATODIVPVUOJEWHRSRCSKAOHA,0.2508332611086895,0.6657504240551615,20.5609756097561,0.4179934907504346
AH6CZQHGPZ5KJWS43S5WKLM6FPLQ,-0.3410711965272165,,8.0,0.7
AH6D22EYUB4BRUQLMRDI4ADHBA3Q,0.5577466835865666,0.0,16.0,0.55
AH6DTVCBQNHSNYEV42AQ5O2AUTNQ,0.5577466835865666,,25.0,-0.0149999999999999
AH6J4HVM2MN3CLRADMVQ6QKSAR4A,0.5577466835865666,,3.0,1.0
AH6KRJWCDYDJ2AI5ZPYOJDFUPP6A,-0.34107119652721657,1.5567982351084246,9.333333333333334,0.3233333333333333
AH6NLFSXCVUW2RRJFLVGVMGNBMWA,0.5577466835865666,,1.0,0.8
AH6OTMPCD63WHCVIVJ66RJAIXR2Q,0.5577466835865666,,10.0,0.5416666666666667
AH6PDU5N7P7TLLVFHCY64IFV7HIQ,-0.04146523648928879,0.5189327450361415,39.333333333333336,0.24111111111111105
AH6PLOGWYIVIWLJTY756BHNFD4YA,-0.1270669393572682,1.3302735979625862,51.714285714285715,0.22038487042058472
AH6SCJR5VCXGJTNKL7A27JGANMTQ,0.5577466835865666,,32.0,0.069047619047619
AH6VWIWXI5PHPWSAD6OITE46SANQ,0.5577466835865666,,69.0,0.1017316017316017
AH6WWJMN4OXMR4FDTQZTEZFUZ6PQ,0.5577466835865666,0.0,25.0,0.04650974025974025
AH6X55ZNDYTAYPY6YE7RHM4U5EZQ,0.5577466835865666,,15.0,0.3333333333333333
AH6ZNRRCEEWR6P34CNLQ2LRLUU3Q,-1.9752855240068223,1.6484516845610198,20.454545454545453,-0.03727272727272724
AH72UL73KOWO6TYA5WJFLCDFSJPQ,-1.2398890766409998,,34.0,0.1
AH72UZNJL6SQJWKOLAIR5P2W3I2A,0.5577466835865666,,4.0,0.625
AH74YZQJEUF55CYLLS5FIGGEXKLQ,-3.0375248368685663,,547.0,0.0223819444444444
AH76IQOCFNQJNEPMP2XUVMQWGYMA,0.5577466835865666,,28.0,0.3046875
AH76VKO4URX67RHM56TE3U2KG3NA,0.10833774352967507,0.5189327450361415,710.25,0.15333243180108372
AH7BIQXCIWZ6T4ZXRNO4MM754ORA,0.5577466835865666,0.0,2.0,0.75
AH7DCJTN4CQJ6M7KJPCSX4FHM67A,0.5577466835865666,0.0,1.0,0.6000000000000001
AH7DSQKRNRX45EP42R364AWLJ3TQ,-0.6406771565651443,2.075730980144566,124.33333333333333,0.2899187452758881
AH7FRM3KDCGWQA63HWLYCENDSRKQ,0.5577466835865666,0.0,9.0,0.625
AH7GUZGWAL2HBDSSQ3VP3WCS56FA,-2.138706956754783,,50.0,-0.1715277777777777
AH7HVGL3WQN6HCJEH2G756H3EGIA,0.5577466835865666,,12.0,-0.6999999999999998
AH7JE7MZA5J6FRCVSYWAPKPNDH2Q,-2.138706956754783,,12.0,-0.1291666666666666
AH7JN7M4NCIHSDTB7XJZ7RY5SOTA,0.5577466835865666,0.0,2.0,0.4
AH7JREEFQLI6NGLWZB4WAPFQP5XA,0.5577466835865666,0.0,56.25,0.25010305118857745
AH7KKC5MZSTA5JLCOIH6D6OXFXRQ,0.5577466835865666,,2.0,1.0
AH7LZVUB3QTRURUNM4MWWIDOY35Q,0.5577466835865666,,31.0,0.8
AH7MF4YWSQ2KF5HWJU4X6KBELWJA,0.5577466835865666,0.0,18.6875,0.581568287037037
AH7N3ADEE6DTTFSRATXSKKQRWIMA,-0.34107119652721657,1.2711204361603468,18.0,0.1
AH7P2ZJ7NDT2NNVS7ZEGNEPT2J2Q,0.04413646637869054,0.707186126269829,74.85714285714286,0.24816356728762742
AH7QBCAEAR623PMKDCBP4ZF2B3NQ,0.25814072354863893,0.5189327450361415,43.0,0.4166666666666666
AH7QCGMVJNEMPUSBNBKPGKXDIIGA,0.5577466835865666,,47.0,0.2909090909090909
AH7UKE3JVRDLDME7ZEDCPVF7QS5Q,0.5577466835865666,0.0,201.5,0.1399423156084598
AH7WTN7TCK5JXMZ6G224FKEG65UQ,0.1491931017166652,0.8396745247944943,23.272727272727273,0.260839072543618
AH7XQFTZQ46HFA2LO4ELY6NGRBCQ,0.19821953154105337,0.8039271517306702,20.2,0.335
AH7Y2ZY5QULUUVCEO5QLXGW5BIJA,0.5577466835865666,0.0,12.75,0.3908854166666667
AH7ZEJIEQQI3UYTXXXDKWGN4YY6Q,0.5577466835865666,0.0,13.0,0.6375
AHA2WDWVW362PAUYTFWENSLFBIQQ,0.5577466835865666,,4.0,0.0
AHA37JAG3YQHAN3ISJJ2WPU6Q2HQ,0.5577466835865666,,71.0,0.4582070707070707
AHA3TUSHLZYFHBVVFBQFTWJJK4AA,-0.3410711965272165,,12.0,0.4024999999999999
AHA64YFRYIQVKQHF4JSDDCABSKXQ,-0.3410711965272165,,82.0,0.371875
AHA7ZNGZII4O5AHGEOICYEK2C2WA,0.5577466835865666,,12.0,0.5333333333333333
AHAAVBGPLWBB3DOF6WXTNPZ2MOVA,0.5577466835865666,,6.0,-0.75
AHABXUTVL6XUIXXJ3X4AKNFHNB7A,0.5577466835865666,,22.0,1.0
AHACLF2COQQE2V33ZFXQ7THZOJ2Q,0.2905305570662527,0.7247223700346825,8.04054054054054,0.32993524774774774
AHAEM7RA57X2FCMAOMK4CF466DQQ,-1.2398890766409998,0.0,45.0,0.0702380952380952
AHAETVXVOZMNLTX3B6DTG2QR6ZRQ,-3.0375248368685663,,13.0,-0.9875
AHAEV2H2NQI7BO4BZDIQ5TILGT5Q,0.5577466835865666,,33.0,0.5125
AHAFC4USPHAY43SHC5R5ARG4RCFA,0.10833774352967507,0.5189327450361415,45.25,0.2503472222222223
AHAHB742KXGJEDS43NKCDU6BVQHA,0.5577466835865666,,5.0,0.1
AHAHEGCIHHGZGZMJM24IEAUUIMIA,-0.34107119652721657,1.2711204361603468,36.5,0.5833333333333333
AHAHGC3AY2K76ZPAHCTGCFQ76YIA,0.5577466835865666,,2.0,1.0
AHAI5HUHQGZ4HO5MMNFEX4MVIM3A,0.5577466835865666,,13.0,0.55
AHAJ2VTSM5LONALC7LW7G54NLSOA,-0.3410711965272165,,62.0,0.3714285714285714
AHAK64IK5EQO5GNQ2PKAKZJQA4XA,-1.4645935466694455,0.8605526033570225,37.75,0.20104166666666665
AHAMGOTUGK4FYD2NGZHG6SX42VXQ,0.5577466835865666,,4.0,0.0
AHAPCGHBMF73N7VH4B3T4XBO7UHQ,-0.3410711965272165,,2.0,0.7
AHAQE7NKHYLQ6ICQUGXSUMWOJHOA,0.5577466835865666,0.0,12.0,0.42500000000000004
AHAR2ITQ3O2FJJDLIORAQ226KZHQ,-0.3410711965272165,,289.0,0.1536813186813187
AHATA6X6MYTC3VNBFJ3WIYVK257A,-0.32785328652554324,0.9119079145980037,46.86764705882353,0.2836377408518377
AHATCIEF4MYPVVQNQC6BRLTFRIYA,0.5577466835865666,,29.0,0.1833333333333333
AHAWL3U7UKXOVLS5EGO7ZWROEHZA,0.5577466835865666,0.0,11.666666666666666,0.8611111111111112
AHAXAFCZATBRJKQOILWNS6222UEA,0.5577466835865666,,16.0,0.3110909090909091
AHAXKWKAW5LSE5NEQHOTCVKZEC5A,0.5577466835865666,0.0,66.0,0.39791666666666664
AHAZCIAV2THZY4U3FIYADQAT2JJA,0.5577466835865666,,1.0,0.8
AHB2NCHZLSHHWB6MKE7A277N4TOQ,-1.2398890766409998,,48.0,0.1583333333333333
AHB5CGLYN3Y6NIPHNQLYFJT2W2PQ,0.07463207302540817,1.0405920531970152,21.475,0.3825325095210059
AHB7AOKW4QERAWDSXOURS4FZINUQ,0.5577466835865666,,28.0,0.7666666666666666
AHBDW3ACDVDLPYTWH45CKLU7ROFA,-0.3410711965272165,,6.0,0.4833333333333333
AHBE5YPZBUHJ2OH7DO67ORX2C3OQ,-1.2398890766409998,,11.0,-0.025
AHBFFS54YL6MCGMMEKXBYB4LIZSA,0.5577466835865666,,93.0,0.2409090909090909
AHBFX2PN5ZANXOX226VZTMX73K3Q,0.5577466835865666,,5.0,1.0
AHBGAX5HBGZORPCNUC7JTXL4IW7A,0.5577466835865666,,85.0,0.0916666666666666
AHBHMMUTJ5W3SZUHVKUP35ZYKUHA,0.4127760577617629,0.4083954014747862,7.709677419354839,0.2745959595959596
AHBHR6ZGI4N55BOH54AL4Y4CFH7A,0.5577466835865666,,26.0,0.34375
AHBI5SLZDP3Q3LZPETJLCHQFGLUA,0.15827207020266298,1.198423840151711,23.77777777777778,0.46126102292768956
AHBIGTZCJOWAGUEGZPJ4A7YGBDYQ,0.5577466835865666,,15.0,0.6666666666666666
AHBK64LKDCGTRFZEI2VIQA7QT2QQ,0.5577466835865666,,1.0,0.0
AHBNOPRQZEGQ4RT6FAWS4E4KZKZQ,-0.6406771565651442,2.075730980144566,50.666666666666664,0.33396464646464646
AHBOHSZXLPCC34WRLQTBXULBNH3Q,0.5577466835865666,,4.0,0.25
AHBOHYL5D6GMIEKBQIH73KKHPTHQ,0.5577466835865666,,3.0,0.0
AHBPASCTICMEIRD7WBBDPO5X7YMA,0.5577466835865666,0.0,11.5,0.32
AHBPNB4OFDSGKU7UM5IATLVSPGJQ,-2.138706956754783,1.271120436160347,34.5,0.24166666666666659
AHBQXUIOU7CV6YRNQMKG6LJVTRHQ,0.5577466835865666,,2.0,1.0
AHBSL5FBY72KB63INTSP3SNGMFBQ,-0.24348525525772008,1.2130638154602649,4.634285714285714,0.4682661488437158
AHBSZHFWGXFTKXR4CU23NU3UHFWA,0.5577466835865666,,4.0,1.0
AHBTAGRWBE6QY66M6G6PRSYL7TIQ,0.5577466835865666,0.0,5.5,0.81875
AHBTHXKKLBGXXNAXWPLLU4NECWCA,0.5577466835865666,,23.0,0.6
AHBTMFDWLT4AQHPZBMHFXMGFWOVA,0.5577466835865666,0.0,21.25,0.3295833333333333
AHBUZA43Z6A27QY372AUL5D5OYPQ,0.5577466835865666,,18.0,0.45
AHBVOATDD3RGQQ73JAMC2EBADKUQ,0.5577466835865666,,3.0,0.625
AHBWF2BW7BDFK4SAKBQLVN7PPEUQ,-1.6892980166978915,0.6355602180801735,23.5,0.14499999999999996
AHBX4IJYBYLNDA4N5MDF6HFOE5TA,0.5577466835865666,,11.0,0.525
AHBY3OQDEBBXOWLZT6SZ5TLSERJA,-0.3410711965272165,,14.0,0.1333333333333333
AHBZRDFYB2FWUAO63DCSF2VSTJ2Q,0.07545416254990249,0.9447760509840577,1.2439024390243902,0.0
AHC2ZPX7EDDQPTJSLDXWLGCQPGLA,0.5577466835865666,,15.0,0.0
AHC3V4GQF2DRXAMEEJ6S2RRIF2BQ,0.5577466835865666,,93.0,0.5333333333333333
AHC47FXJ6VIKKY4SFGWQ44YSZP7Q,-1.2398890766409998,2.5422408723206935,19.5,0.13357142857142856
AHC4YDJ5WS3MDCNSKMJTOZRKZWPA,-0.21266864222524756,1.414372252539658,14.428571428571429,0.4971230158730159
AHC5IMHOSWX536YGLYJUI2LDHJPA,0.5577466835865666,0.0,35.833333333333336,0.5118641975308642
AHC5L6ZXZXLJGTYK2FVORKUCZTAA,-1.599416228686513,1.9692113121091726,8.0,0.7222916666666667
AHCACWS3ZET5VOCEQSU73CHTBOMQ,-0.3410711965272165,,2.0,0.0
AHCAXVBOOT6J4GU6M2CETQIXF7KA,0.10833774352967507,0.6355602180801734,2.0,0.3833333333333333
AHCCVB4GY7SG7JCAZH7GE2BR7KGA,0.5577466835865666,,2.0,0.8
AHCDZ4OXU7U4AWYCAK2674R3NYVQ,0.25814072354863893,0.5189327450361415,11.666666666666666,0.41944444444444445
AHCEBEXXWM2CZO2NGPQT45BTOYMQ,0.5577466835865666,0.0,45.0,0.27834790209790206
AHCFUQ5RHHD6IKT3WGVPON6R3OTQ,0.5577466835865666,,4.0,0.0
AHCFVTFHBNWWLUQB4ZZCD3H7J77A,0.5577466835865666,,10.0,0.4333333333333333
AHCG4HEZ2HRZPVTYXJPNUHBBVQFA,0.5577466835865666,,138.0,0.252579365079365
AHCG4JUQSSTI6SPIYAUQJOT4FYBQ,0.5577466835865666,0.0,7.5,0.6
AHCJSI7OXRPQ66URXSBFN633ERFQ,0.5577466835865666,,60.0,0.3075
AHCKACFQHPP4VYO6KQSDONCSSYXQ,0.5577466835865666,0.0,5.785714285714286,0.46249999999999997
AHCKTKPOVN5D72LKKWCDKETMIJQA,0.25814072354863893,0.5189327450361415,4.333333333333333,0.39999999999999997
AHCKY3X6TF5HJQTOQHGUWSB2JUGQ,-1.090086096622036,1.6491940632001212,23.666666666666668,0.06499999999999999
AHCL2NHTJVVIITYBXWXDFWW42RNA,0.5577466835865666,,10.0,0.0
AHCLQZA4RNWVMD5KVNGKY572JCMQ,0.5577466835865666,,14.0,0.2
AHCLVJWUA4O6BWTQTEAR4YI72SKQ,0.5577466835865666,,66.0,0.3233333333333333
AHCMCE5ZOEHEAEMOX2STYRXCREFA,0.5577466835865666,,82.0,0.5166666666666667
AHCMR3IQDEYFJXPDLIODZXXVNJTA,0.5577466835865666,,2.0,0.5
AHCMVKKF56LYDCDRWFNRQ3V2ZR5Q,0.5577466835865666,,1.0,1.0
AHCONVE7YVM6TEYO2BAJAIAA4YJQ,0.5577466835865666,,65.0,0.4375
AHCOOS4PEYHYLNIZ4NOXDKIGOLCA,-0.3410711965272165,,206.0,0.1586080586080586
AHCOPM2SKJ64SUIEHISCSJQM3T4A,0.5577466835865666,,33.0,0.4482727272727272
AHCPBEFQV7JO3HHVH2EVO5ZATMBQ,-0.3410711965272165,,103.0,-0.0099999999999999
AHCPHQE3JUM5TTR3Y4JEG6XB7YKQ,0.5577466835865666,,3.0,0.0
AHCPZDDPHJE3G7M6ST5WGRPLXHOA,0.054408670722848045,1.072321499284651,22.56,0.22156979166666665
AHCQENT2I3XVM7WVIP5HYDVYTDGQ,0.5577466835865666,,69.0,0.5173611111111112
AHCV2CNCOCG6WECDROOUYPDZIFEQ,-0.34107119652721657,1.189024292359669,21.0,0.18149711164847881
AHCWFGEJ6V3UR54B6W6ELGRKNUXA,0.5577466835865666,0.0,14.5,0.35
AHCWHNTFHR4T2SG7JXIJOT5PA6NA,0.42934412928459764,0.33972122638847685,28.714285714285715,0.32261647083075656
AHCWVFXOTHPISKVXQMXKTAHWUNJA,0.5577466835865666,,202.0,0.3172184429327286
AHCX5B44PQONYEL6H6UCQ7TUPLDQ,0.5577466835865666,,10.0,0.6953125
AHCXD2LKPZPAWUXZ32ZZNE3NYYZQ,0.5577466835865666,,14.0,0.2
AHCXDVOX4IOEOFH7SWBWE4DXCA5Q,0.5577466835865666,,25.0,0.575
AHCXO3ILYB76YYFDXB6K65TWGYAA,-0.3410711965272165,,15.0,-0.0375
AHCXORATWB3GJZS2HPMTPAIEHP2A,-0.34107119652721657,1.0558719347652368,54.83168316831683,0.1410896387249596
AHCXQS3ZHZEK7U5IJMR4R7ZEBO7A,0.5577466835865666,,158.0,0.1799744897959183
AHCXVDS5SWUAQCGUWGT2D6KTH37Q,0.33304221355812086,0.4494089400568916,58.5,0.4297470238095238
AHCZKF7BGNDSCAL2QFSH7FHEIMHA,0.5577466835865666,,35.0,0.4590909090909091
AHCZKT34YZL3CVXYVH2CNKQDCYBA,-0.2126686422252475,1.0920509544622314,76.57142857142857,0.196134817563389
AHCZN4CSCTWTUCXUIG73WYTKAYDQ,0.5577466835865666,,25.0,0.0
AHD2V3JUPKTG7ROOPGTUNJLDZWRQ,0.5577466835865666,,104.0,0.1478030303030303
AHD4SYZMLZHP5BJ4YEITSBWPK5MA,0.5577466835865666,,14.0,0.2041666666666667
AHD4YEOMWFY47HIM63OVZ7KCL2JA,0.5577466835865666,,4.0,0.7
AHD5DLIFV3IRT76VAXMCO5EBIBSQ,0.5577466835865666,,17.0,0.85
AHD5DXKPN6RBJFDJTOQWQKKTDHJQ,-0.7904801365841082,1.5567982351084246,2.5,0.6416666666666666
AHD63A5CM6WNHRO3QICC5CW46IKA,-3.0375248368685663,,9.0,-0.275
AHD772JFF3N6N4OWQNFIYZUSRDKA,0.5577466835865666,,8.0,0.5625
AHD7EWDQMNA5VOMDQEDHMNXB4MRQ,0.5577466835865666,,194.0,0.2289855072463768
AHDAT2RRDJYOD7A3GKAA6NZIC6VQ,-3.0375248368685663,,37.0,-0.0333333333333333
AHDCJCKC5ECOHFMIOJOUG6NRHO6A,-0.2511894085158382,0.2842311702843717,11.1,0.19452777777777777
AHDCTGXCOQONSBGYDV2NDDGGYGHQ,0.5577466835865666,,7.0,1.0
AHDF7J4POYZFSKSU2V2MAOJ6BV6Q,0.2581407235486389,1.037865490072283,12.5,0.42743055555555554
AHDG4GWPNZV4WXMMEEHYKUPYB67Q,-1.2398890766409998,2.5422408723206935,79.5,0.002068452380952393
AHDHL6T4YFIUZ3NDQEQ44DPL4KUA,0.5577466835865666,,1.0,0.0
AHDHYC55QPEOKEBVQ2JBMP4TQVYQ,0.5577466835865666,,30.0,0.0
AHDIZUBULWAHDOZMG7FJODOMB5IQ,0.5577466835865666,,222.0,0.2236201298701298
AHDK7DARANJKIA7JLQUVOHGHQV3Q,0.5577466835865666,,9.0,0.0
AHDMCP2GIHNOUJ3CR3TSTYWG7QFA,0.5577466835865666,,8.0,0.6
AHDMNQCZQZAOSITJRKU75J34TEEQ,0.5577466835865666,,98.0,0.4193668831168831
AHDNYURIEGVNNTLAI4XTVL77MCSA,0.5577466835865666,,102.0,0.2242857142857142
AHDR3NP6DSYP542YNO5HDI7KSUJA,0.5577466835865666,,8.0,0.5
AHDR7KO7FLNO7MQUS27D3P72KUMQ,0.5577466835865666,0.0,21.0,0.31296296296296294
AHDTLLCX6TUWIATBJELRTK2KKJPA,0.5577466835865666,,49.0,0.2880952380952381
AHDTTBI6YLMFEQ4IPKBZBO42CXOA,0.5577466835865666,,107.0,0.2425074272133095
AHDWCKXSINGBFFOECNCDMBJXNT7A,0.5577466835865666,,139.0,0.1733974358974359
AHDWWJYXAP32YSSRTHT7QVL2EVVQ,0.5577466835865666,,63.0,0.3274972943722944
AHDZ3PFHIGTE7EOQBUMVRBFRMWJQ,0.3009415749826286,0.6794424527769537,20.428571428571427,0.3761507936507937
AHDZRM7MKMTZU4EO76BUWIANJAWA,0.5577466835865666,,7.0,0.0
AHE2H77LQCUDXIXFI46LFDCVKJNQ,-0.04146523648928883,1.037865490072283,85.0,0.275012025012025
AHE2K6WF62TK2N2HGG7Q6GLFYGGA,0.5577466835865666,,3.0,0.5
AHE2OKZ2C6YM5M3YXFYNANJEFMVA,0.5577466835865666,,63.0,0.112310606060606
AHE4UY7O6D5J3ASEH2E66NJ3JAPQ,-0.3410711965272165,0.6355602180801734,6.0,0.72
AHE5BLPXG7UHZYTPQ3GAHKZ7L44Q,0.5577466835865666,0.0,57.0,0.6875
AHE5R4ANS77PUJWBZ7J3OIV6GGSA,0.5577466835865666,,7.0,0.9765625
AHE6A2KMCMQSOHCMNE7JQHSAHTRQ,0.5577466835865666,,154.0,0.1802777777777777
AHEAZJ75XG4TMDLFWDK567HHCU2A,-0.5657756665556624,1.3482268201706749,62.25,0.2135649022694477
AHECWYK63MH2VFO4EAJATI37O2XQ,0.5577466835865666,,31.0,0.45
AHEDNX6O6ROABU44WTGKLNZZD7VQ,-1.6547280982319765,1.250584021636453,27.46153846153846,0.05753739316239316
AHEGPASZZG6ZQGVTDJKUAHVDVSUA,0.5577466835865666,0.0,28.5,0.34341666666666665
AHEI5DRJMW2UV463URYIINVUW3CQ,0.5577466835865666,,78.0,0.2214285714285714
AHEJ5LC7BSEADCIZQQQPZPVWOLCA,-1.8391009967168552,1.0378654900722832,20.0,0.31111111111111106
AHELX7UOIDURULSSVA52BNVTMT7A,0.5577466835865666,,2.0,0.7
AHEMNG4G3HTLA2YBFPBBSUC5GRLA,-0.3410711965272165,,264.0,0.1786764705882353
AHENSGR43GHPRMP7GXP6Y3LR5R5A,0.5577466835865666,0.0,5.5,0.5777777777777777
AHEOBXBPM3YX2JREPJXX7N2C24UA,-2.138706956754783,,5.0,-0.0857142857142857
AHEORE52AGZSVN3DSLYNRMLIDWTQ,0.5577466835865666,,20.0,0.6743055555555555
AHEQRHKGEACLR3RSXRQ7TUIXZGSQ,-0.16130762050445996,1.6078543034613406,24.8,0.5053452380952381
AHERMQFOBNZD2TL4XQBOAG4ANXUA,0.5577466835865666,,41.0,0.45
AHERYFLIDASGZDPR3VMP2IAGIWMA,-0.3410711965272165,,15.0,0.5
AHESEVBKET4S4GMESHM4WDDI2GVQ,0.5577466835865666,,2.0,0.5
AHETBQGXXC7TMZ2MIFVPOKZJGXMA,0.5577466835865666,,1.0,0.0
AHEWI2CRJXHPIYZWP6RYZ2FDCJZA,0.5577466835865666,,55.0,-0.0020833333333332
AHEWYFQXL4M2D5WLNGCYARXMVS2Q,-2.138706956754783,,35.0,0.2749999999999999
AHEXPPYJYGQM6XUDMAVLGDUUL6ZQ,0.5577466835865666,,25.0,0.5666666666666667
AHEXQPGWXVYWQCVIOMCGTUABWKWA,0.5577466835865666,,276.0,0.0918018353174603
AHEXYBTBZX4UQB7R46QRACLUEGJQ,-3.0375248368685663,,7.0,0.375
AHEYMNN5MR4HMXCEIGLEPLNJLNPA,0.5577466835865666,0.0,100.5,0.18848214285714282
AHEZIVRGCNRMZSGHJHORIETQJSOA,0.5577466835865666,0.0,13.0,0.5625
AHEZLJU3IXCVBVDWTBXTKRREADCQ,-1.2398890766409998,,45.0,0.3
AHEZM6PZQS5FDVLW3RRJVQSULDFQ,0.5577466835865666,,31.0,0.3916666666666666
AHEZPCQDJ6RC5HUVM7CGXZWGQHQQ,0.5577466835865666,,65.0,0.615625
AHF23TTAPE3MPI45R2YET4OGHFTA,-0.3410711965272165,,19.0,0.0444444444444444
AHF2OTODCQC4BETX7CHZMOHUBODQ,-0.1912682165082527,1.4542104059621148,14.88888888888889,0.33350944297472074
AHF5OLUZ6VKGFAJ7J5CIPI57O7GQ,-0.3410711965272165,,2.0,0.8
AHF5UCD2OTD6A35HM4Q4CBQMF47A,0.5577466835865666,,100.0,0.5062008978675645
AHF5ZWLZI6NQY3F36GGCPOW5IV5A,0.5577466835865666,,33.0,0.3541666666666667
AHF76MPDIG6HQHAMO5VTHMPQUSTQ,0.5577466835865666,,9.0,0.91
AHFAJWA2MDSLJ747IQEF3PHELF4A,-0.9830839680370618,1.6173965492734066,73.42857142857143,0.22479078626400054
AHFDNUUE3JO4OSHIIYB54U6MCV5Q,0.5577466835865666,,96.0,0.6154761904761905
AHFG6DBOC5H5PRWGFY43YE2GKN4Q,-0.3410711965272165,,131.0,0.1851851851851851
AHFHEG7YEVEIXRWFISCBW237AJ2Q,0.5577466835865666,,2.0,0.7
AHFJN6JDNJXMWRQLQE57MSSYNMPA,0.5577466835865666,,4.0,0.9765625
AHFJOOXHFV7YUIQPVPQ7K25GPFNQ,0.5577466835865666,0.0,70.0,0.299520202020202
AHFKB3FI5FLJASFNZ5RNKU6SUVCA,0.5577466835865666,,49.0,0.0942857142857142
AHFLLZLXIWRHZIX2JCSUVNTFWUCQ,0.5577466835865666,,8.0,0.0
AHFLQE2JRKV4XJDSLX3LSEPMHF7Q,0.5577466835865666,,17.0,0.125
AHFMYJJRTDFK46AVWU4UAFU2K6MQ,0.5577466835865666,,8.0,0.1666666666666666
AHFPRA2FBIEOARQ6MVSQUHHKSJJA,0.5577466835865666,,27.0,0.3
AHFQM7EFBT2DQLAY6EYIEWJCAXTA,0.5577466835865666,,26.0,0.125
AHFR2P34DFCGTJYFLV4PLYFVF6IA,0.3009415749826286,0.6794424527769537,36.142857142857146,0.20376984126984127
AHFS6FQCQWKVH35AH6X5OYCJHRFA,0.5577466835865666,,2.0,0.8
AHFSUITNWGBNJOOVWFDDWMK4B72A,-0.6406771565651443,2.075730980144566,107.66666666666667,0.30073352573352574
AHFURURV4H35BXUUTXYMJYA36CTQ,0.16962078081016027,0.7684393460554325,7.909090909090909,0.3612527056277056
AHFVMT6EHIYXHWTCAY5A2OBVF3HQ,0.5577466835865666,,29.0,0.4458333333333333
AHFXER2TFR35K5EJC3RGRVPXIY5Q,0.5577466835865666,,31.0,0.20875
AHFY2QSS6PK5MHSYZFI6TXUYNPLQ,-2.138706956754783,1.271120436160347,35.0,0.1249999999999999
AHFYQYDCMZ7AE7OBCHCRSAMAHQDA,-2.138706956754783,,42.0,-0.8125
AHFZ4IDT7GNXZ5DGFYCDH372V5YQ,0.5577466835865666,,2.0,-0.1
AHFZ5U4EOB7NQLHQ3RLCNRNOTOOA,0.5577466835865666,0.0,6.0,0.4368055555555555
AHFZFJJ7RWRX6RCUSCFFXX3QK73Q,0.5577466835865666,0.0,7.0,0.7847222222222223
AHFZLS7XC23434VUET3E4AVMEG3A,0.5577466835865666,,13.0,0.375
AHFZUNQFXSVVT6Z6BYKE5CLBX3KQ,-0.11434236190391986,0.5615531791113085,7.1441441441441444,0.5383985250131084
AHG32V5Z74FFKFLACRPEDM2FU5FA,0.5577466835865666,,40.0,0.2765674603174603
AHG3VPRIK7KNOJWVYGCFPT72CJIA,0.5577466835865666,,36.0,0.3041666666666666
AHG3Z4XA2TONTEW35RW55WJYFUWA,-0.015966856911592827,1.0337770224751075,59.1063829787234,0.16710764152409957
AHG4GBND2MX3LYZUYFKZUAFZUNCA,0.5577466835865666,,8.0,0.4833333333333333
AHG54SRWF6PQXUW2E56WLSRMYVYQ,0.5577466835865666,0.0,5.5,0.5833333333333334
AHGAOIZVODNHYMNCBV4DECZH42UQ,-0.318878162450333,1.4421427756139296,46.51851851851852,0.31332383452128393
AHGCACA7P5EXJA2JPVEGKRWAC4AQ,0.5577466835865666,,22.0,-0.04375
AHGDWJAWQF3RHC5XWPY5Z55TTWIQ,-0.3410711965272165,,49.0,0.1464285714285714
AHGFYFT7I77M255JEL7XQW4KFU6A,0.5577466835865666,0.0,36.25,0.4359722222222222
AHGL5IFUVGPK7GCXROL2QKGOJYLQ,0.25814072354863893,0.5189327450361415,37.666666666666664,0.34944444444444445
AHGOKDHR4J5EP4E5KYHZYDZM2CRA,0.5577466835865666,,60.0,0.5234375
AHGONLBPMXIJRW3JUB6HO4UVPP6Q,0.5577466835865666,,22.0,0.3727272727272727
AHGQ7AVM46MCLVPVUYZB4QAT2KJQ,0.5577466835865666,,11.0,0.5952380952380952
AHGQCTSFJOB5KKW36IJPQATZOZWA,-0.34107119652721646,0.0,137.33333333333334,0.11043382543382545
AHGQUQWK77Z3AJCQ6BAK2OETTCCQ,0.5577466835865666,,10.0,0.55
AHGSTQFACX43PT7KOWBHYIBKFIMA,0.5577466835865666,,6.0,0.5625
AHGTHCERTEZUXNBLJ5SWHK2CDLXA,-0.34107119652721657,1.4101815107280864,40.285714285714285,0.3336070738891211
AHGW4FDYTQOVZF4W2NZGYDOGWNDQ,0.5577466835865666,,45.0,0.3553571428571428
AHGW66AAYSLECZ72ROLIDILZW4XA,0.5577466835865666,,5.0,0.8
AHGXJJX6ARMNBKS7DJ3BQY4B7NSQ,0.5577466835865666,,1.0,0.0
AHGXPVAKAXN6WGGQFOCWXE4AAIEA,-0.04146523648928884,1.2711204361603468,13.666666666666666,0.187037037037037
AHGY2SJ2W22YN6N6BMXZ3DHWTDIQ,0.5577466835865666,,64.0,0.2253968253968253
AHGYEB5L6IBPKVAGBKGEVUYF6IQQ,0.42934412928459764,0.33972122638847685,48.42857142857143,0.42650382653061225
AHGYS4PUIMJLYMMLQPFQSK5DZFBQ,0.5577466835865666,,16.0,0.8
AHGYYB43Y7CIIJHJOG3FW7GTDIQA,0.5577466835865666,,18.0,0.4625
AHGZURRCBNA3F2POO2N5E3D33SUQ,-0.6406771565651442,0.9645095488046249,27.333333333333332,0.26302504208754207
AHH4EDVBK4H6ZWPSCSNQHX3BRKZA,-0.04146523648928885,1.4677634519792215,19.833333333333332,0.7041666666666666
AHH75KMG3SJWIXJTWYM2NCWEM5ZQ,0.5577466835865666,,45.0,0.0236111111111111
AHHANFB6QSX4M4UV2XZ26UEODY2A,0.5577466835865666,,65.0,0.4787878787878788
AHHBOVMYZ42TQRP27XZXF336WOQA,-1.2398890766409998,2.5422408723206935,33.5,0.30107142857142855
AHHBXLYVZCDODBPA2NTPSACJD6CA,-0.3410711965272165,0.8988178801137833,84.18181818181819,0.1983089392781906
AHHBZX2VXTYVCQN2KC2UQGLUSR6Q,0.5577466835865666,,14.0,0.0
AHHERIGT6AP5VIONTNKZBBNXNBUQ,0.5577466835865666,,52.0,0.379375
AHHFR4MDXVTQEJOQMFZJTJUOGWGQ,0.5577466835865666,,14.0,0.6
AHHFW36BP4VMQWC6V2NTKIXFAA2A,0.5577466835865666,0.0,18.823529411764707,0.2328186274509804
AHHH2KN35BPYAIWTZTNXNWXIQ2VA,0.5577466835865666,,8.0,0.8
AHHI5AVBTJAXV2SRJOOME2JIR2VA,-3.0375248368685663,,12.0,0.0
AHHJHKHJXPD3LDIZMZR3OM4KCLTA,0.5577466835865666,,141.0,0.1125
AHHKNZRXSHRMSGS4WZU4G2XUFF6A,0.04413646637869052,0.8771564347704869,33.0,0.2257980907980908
AHHKXZVCS55EEPBEIUGKYURBPQFA,0.5577466835865666,0.0,6.5,0.5
AHHMS3JJ3ZBFBNA4732S37ODD6HQ,0.5577466835865666,,25.0,0.9
AHHNIGZ3FI5HOQJVVR5UUPNPA67A,0.5577466835865666,,24.0,0.355
AHHPKZ3F4WPTUYZQYYAGB6UQNT4A,0.5577466835865666,,29.0,0.7125
AHHQFOTZX263BSZWDMCNJ6I3UJFA,-3.0375248368685663,,8.0,-0.75
AHHRSOC5H67LUBCD6635IHDWOKUA,0.5577466835865666,0.0,50.5,0.06996527777777775
AHHSVX4TCVG62S2LPXBH5K6Z4EMQ,0.5577466835865666,,48.0,0.334090909090909
AHHZZEGA6MXIVYR5VX3DXFZXJX5A,0.5577466835865666,,5.0,0.5
AHI2VJV5ZA6TQYBQ6V223JS4UT6Q,0.33304221355812086,0.4494089400568916,19.5,0.3458333333333333
AHI3B7VVKAJT3TUWF3LWAB5CAYAQ,0.5577466835865666,,2.0,0.2
AHI3JGUFPMIJLPYTHBMTFAOZ4XFA,-0.46947375082918563,1.489776129664162,5.928571428571429,0.25457142857142856
AHI632FGV3J64TLWKNVAJ5WFCFMA,0.5577466835865666,,203.0,0.1784722222222222
AHI6KSEBLTLT2BWU4VXQ5UIO6XXQ,0.3580093768946148,0.5992119200758556,16.22222222222222,0.3105454282407407
AHI7KZRH4QGI67YB3LJQDGU77ABA,0.5577466835865666,,6.0,0.25
AHI7SBHYECQUIS63BKXBHY325VVQ,-1.6393636900249033,1.4980298001896388,9.777777777777779,0.13148148148148145
AHIAZHE7MZDDPKVLL2UUEZMU44ZA,-3.0375248368685663,,43.0,-0.29
AHICMFSXNGRPMKUMYGQ5BENM5NPQ,-2.138706956754783,,22.0,0.0
AHIDLXPSUCF73EUM3MZ2FS5IQE2Q,0.5577466835865666,,5.0,0.425
AHIFWJCLH3DZ5S6XBY7XKEKIFNMQ,0.5577466835865666,0.0,1.25,0.49375
AHIGYE5HYWO6I3FCWCFWV47ZA4ZA,0.5577466835865666,,44.0,0.3222222222222222
AHIHAWKDJ5CU6H7KGIWOLZ2ZSFBA,0.10833774352967507,0.6355602180801734,5.0,0.85
AHIIIXITFYOOEPURI5DOA5DPDJ4Q,-0.5657756665556624,1.7014347869108912,28.75,0.09209280303030302
AHIINB4N7CDLONZJG5DMBCGVSJOA,0.10833774352967507,0.6355602180801734,11.5,0.48333333333333334
AHIJSMJHAD4MF4HMNDIUB3QJUSXQ,-3.0375248368685663,,7.0,0.0
AHIJYAUMDY36ORJ22PQPULOW5GPA,0.5577466835865666,,43.0,0.3423076923076923
AHIKFBG7C6T4VFVWDFKIXPDV57QQ,0.5577466835865666,0.0,21.5,0.7222222222222222
AHIKLNT645Q4BDERBVBMXW66BMPQ,0.5577466835865666,,88.0,0.5333333333333334
AHIKPF2IMZPQYFIP5PRG6P6HFXXA,0.5577466835865666,,32.0,0.5700000000000001
AHIKSP2ZASXWVAKXRJ7ZWUZFO3MA,0.5577466835865666,,88.0,0.1596153846153846
AHIL63TZRABKLCVM22CGMMKZDRXQ,0.5577466835865666,0.0,63.333333333333336,0.3959523809523809
AHINUHJATGR6EYPXJEY6TVOD3KUQ,0.5577466835865666,,18.0,0.5444444444444444
AHIP7ZFRI55JRNAHI6FQRKW72JWA,0.5577466835865666,0.0,4.8,0.465
AHIPBTOT2RCSOLJVMU454CT4KUBQ,-0.3410711965272165,,29.0,0.0666666666666666
AHISGZ2YCQX5NEW4MREY5IJIYSCQ,0.3126145344646258,0.4947829587264823,160.3181818181818,0.15851880702935894
AHISZUYKY5Y4HV7YBPPVL7WR4VBA,0.5577466835865666,,17.0,0.1
AHITBJSS7KYUBVZPX7M2WJCOIVKQ,0.007450022292413668,1.1282510646590644,15.795918367346939,0.42158722060252674
AHITZR3J7RDQZINCF3UFOJNH4CTA,-0.014228331031295383,1.1561416705161527,41.09090909090909,0.35909559607769326
AHIUY42LYABHMLM4QZB5K522SOAA,0.5577466835865666,,5.0,0.2
AHIV5E4QZIRUS6OGUKXYJHKXBHKQ,0.5577466835865666,,11.0,0.1
AHIWMQOEAZHHYEVXMQDLZ3KIJR5Q,0.5577466835865666,,197.0,0.2741269841269841
AHIWQPWLNR6J4UFVXFYK7DAXGRAA,0.5577466835865666,,28.0,0.0
AHIX3DW2JH7FBTNJBLDOJW7F3JJQ,0.5577466835865666,,11.0,0.35
AHIX5IBCI5DA27NEME6RU2VGQZJA,0.5577466835865666,,128.0,0.2740740740740741
AHIXHVS6KVFHUFZNJXAZKMJME73Q,0.5577466835865666,0.0,27.5,0.2666666666666666
AHIY6B74GDWBKUNVWCROPLFDMVVQ,0.5577466835865666,,10.0,0.655
AHIZZGKL76ODWQM26AEH6TPJHHFQ,0.5577466835865666,,50.0,0.019345238095238
AHJ2AQXUZAQNK6ZNOPLPYXZI2P2A,-0.04146523648928881,0.7338817259896108,42.166666666666664,0.18215880102040816
AHJ3S3V3XBCJZFF7EE4RALKBJPPQ,0.10833774352967507,0.5300938658838961,122.125,0.17331673570587258
AHJ4I7SQKUOFHNUO2IFZSGM3D7MA,0.5577466835865666,,13.0,0.7
AHJ55OX4D23DRIMOJFJ7B2VL734A,0.5577466835865666,,6.0,0.85
AHJ667WYZSREOOY7SHJGZZMK7FBQ,-1.2398890766409998,,3.0,0.2
AHJCFK363BYVHQRCAQHOV5EOLL6Q,0.5577466835865666,0.0,8.5,0.421875
AHJGGNSEYFQJBHVHJ2FL2K63UN3A,-3.0375248368685663,,43.0,0.2833333333333333
AHJIEUECGTMA3ATM2IKS7U4AY7EA,0.5577466835865666,0.0,28.5,0.3005208333333333
AHJIG2OSUZ2B5J3J3XJNXBAZOTJA,0.5577466835865666,,6.0,1.0
AHJLEDHREQABWVXKPKQSVP7G3PSQ,0.5577466835865666,,9.0,0.0
AHJLJJPOYSF57Y3LSRFJJUA7UB4A,0.5577466835865666,0.0,9.666666666666666,0.4138888888888889
AHJLO5VWFBKI3RWBCLC6OMXJQIXQ,-1.6892980166978915,1.9066806542405204,8.5,0.35
AHJLWOMDSVKS43YZ4T4KFDN3K3WA,0.5577466835865666,,2.0,1.0
AHJOK2L33SEMVG6BU7A7RMIXAHJA,-0.5657756665556624,1.1309876970533495,7.25,0.09040909090909091
AHJPXPTM7EZMVIHG3XR73IWXNL5A,0.5577466835865666,,59.0,0.2722222222222222
AHJQPUQLSQZE6LMIUMY7WNRXCQQQ,-0.15812596429166775,0.956183713259575,165.47345132743362,0.2137713219289706
AHJRT37B2SEFQPUMUGQ3Y5V2T6UA,0.5577466835865666,,5.0,1.0
AHJVPUQUW5UCB2RZ2RNGBKJZ7VRA,0.5577466835865666,,21.0,0.425
AHJWHH2LP6RKLEKKWUNA636K3VFQ,0.5577466835865666,,4.0,0.85
AHJXGFDGV6XSQJTKKJCT6IVMZDBA,-1.2398890766409998,,35.0,0.5175
AHJXGOS6BPOBWIIFVSUMPKS4CLUQ,0.5577466835865666,,19.0,0.3833333333333333
AHK3RGAQEMCEDMAOQOEG7RLVQCKA,0.5577466835865666,,6.0,0.0
AHK4XCGBZXL6PMIZP5RLWV3RCKCQ,0.5577466835865666,,3.0,0.625
AHK7CM34N4GYVKHIQOAJMX2VLOIA,0.5577466835865666,,26.0,0.5
AHKAKKDTONWPQT3ALM7OXATPALJA,0.5577466835865666,,19.0,0.5
AHKAPILJMQ2OABX3SURPSW6P5ZEA,0.5577466835865666,0.0,76.5,0.3142448979591837
AHKCM6JME3JF3MNM5QSTAZEGHKVA,-0.3410711965272165,,283.0,0.237598814229249
AHKEN2TXDAX7B4E5T43PAM5UV33A,0.5577466835865666,,22.0,0.46875
AHKEZWZRN6DKIDCNBZPUSQXOACIA,-3.0375248368685663,0.0,54.0,0.145297619047619
AHKHEQ2T2ZC3ZM25H3UNMGCXQA6Q,0.5577466835865666,,8.0,0.25
AHKHGQ4AJCDVN2OWQJNLKUZUCKDQ,0.5577466835865666,,14.0,0.1
AHKHM6O6MSZMQOZXBDUJ2MC2J26Q,-0.6406771565651443,2.075730980144566,64.0,0.3908201058201058
AHKIMFUXMLOUN7SBXHEDD2K2AN7Q,-0.3410711965272165,0.6794424527769537,21.375,0.2744568452380952
AHKJ6WIIAYPVKX5SMETII52FJNKA,0.5577466835865666,,6.0,0.8
AHKJOOAD6EZWMTAVRS2SIWPJSNNA,0.5577466835865666,,22.0,0.8
AHKJX7LBIJ566BB25DZHADOBF5BA,0.5577466835865666,,48.0,0.34375
AHKKQZZQGGCD6OJBM2YCC2JLEBDA,0.5577466835865666,,38.0,0.275
AHKMIUDLDZIIKHFA2OFHZU3OYBSQ,0.5577466835865666,0.0,9.5,0.4855555555555555
AHKMODQX6CK23H2UIZ43KP5QZR6A,-0.3410711965272165,,77.0,0.2294047619047619
AHKNC7ODVHOGTBQLHUYWL4SXZFQQ,0.5577466835865666,,25.0,0.5
AHKOBGGZVGMAYTLMQTHUZ4KTFODQ,0.5577466835865666,,4.0,0.0
AHKOW4PZYZI5WXL5NC4HSNTPAIAA,-2.138706956754783,,18.0,-0.75
AHKPBOMJ7XAGASIUOYBASRKEB5FQ,0.5577466835865666,,32.0,0.4654761904761905
AHKQB3JEN3FAH4IHE4U4FUA3XZJA,0.5577466835865666,,6.0,0.1166666666666666
AHKQKE46BOZQDE6TIKGSOUS3NEYQ,0.5577466835865666,,4.0,0.8
AHKQL6PGHDMRL2GNIE2RPRNK7MIQ,0.5577466835865666,,54.0,0.1716145833333333
AHKQL6RSNLVT72O5TROEJH5NWYZQ,0.5577466835865666,,51.0,0.0438095238095238
AHKQWKWAG6Y74AB2AMRKSAUVPCPQ,0.5577466835865666,,20.0,0.3788888888888889
AHKR255GVFASZHIJFRBUSMZDDEWQ,0.5577466835865666,,59.0,0.3121212121212121
AHKRHX3654A52EFWIHZAROQSXNFA,-0.6406771565651443,2.075730980144566,9.333333333333334,0.34555555555555556
AHKRW3X4AMX4J3QICWGTYO4LC4QA,0.5577466835865666,,23.0,0.6166666666666667
AHKU7OEDQK522PVRJNNLRWHMGUOA,0.5577466835865666,,2.0,1.0
AHKUEYPT5TY5GILOM7P76RZZW2EQ,0.10833774352967507,0.6355602180801734,1.5,0.55
AHKUHEIUY7WUAMGKHAXC45LCRHZA,0.5577466835865666,0.0,5.4,0.6625
AHKULNJ7UQDGZ6Q2GLJHZTEEDW4Q,0.5577466835865666,,25.0,0.5
AHKV5AZHO5E4FARBV7B35SXGODBA,0.5577466835865666,,27.0,0.275
AHKWW7UAKEI3TIJYRHQEOXPV5JHQ,0.5577466835865666,,8.0,0.0
AHKZ6FLSDFO7YUXHTRHM5BYTKJOA,0.5577466835865666,,31.0,0.2916666666666667
AHL2GFGCGPVOF72UKIUR4TIU4UIQ,0.25814072354863893,0.9248759684418177,10.444444444444445,0.41095604858104856
AHL4ROMSXJIYURYRTDIWYIRHNCOQ,0.5577466835865666,,152.0,0.4076923076923077
AHL524XXUKPPFR6IOLLYYL5NVMBA,0.5577466835865666,,119.0,0.2503189792663477
AHL5ZHN64UHJOGQLPINJ3BN4VBPA,0.5577466835865666,,7.0,0.3666666666666666
AHL654JV4AF5GHNGPICNEHIWEZ4A,0.5577466835865666,0.0,40.5,0.32627976190476193
AHL6B3BWHT5TCU6JJUQPOETIAEJQ,0.5577466835865666,,72.0,0.2410714285714285
AHL6MYQQDDXM7MU2NUGVWFSSYSYQ,0.5577466835865666,,118.0,0.4208041958041958
AHL7DQNUCWTCILEACAZMSBVB42WQ,0.5577466835865666,,31.0,0.3125
AHL7KQODIWX7MDJ7RQBYQBURAAIA,-1.2398890766409998,,59.0,0.0309523809523809
AHLAC4T55CKFSUEY2YRPHEFV5A2Q,0.5577466835865666,,2.0,0.85
AHLAEA5LYPVGXHFK2C2XDMIL4AFQ,-0.3410711965272165,,15.0,0.3
AHLBMUBKQVDHTSNUIFN64BU7NJSA,0.5577466835865666,,23.0,0.0562499999999999
AHLC5H2CEWSAOXOA53VIIROLPZKA,0.4453944485723438,0.3177801090400867,17.125,0.48160984848484845
AHLFWCI4VUUJZWREBOWIA4ZHLSDA,-1.2398890766409998,2.5422408723206935,19.5,0.043750000000000004
AHLG6HSOKZ3FKKDYUGOHHQCQNIUQ,0.5577466835865666,0.0,367.5,0.17975479232738759
AHLGIUJHGJPI46RRP67M6KUHCHNA,0.5577466835865666,,9.0,0.0
AHLGXBC6ZIPHEEFL3VVCIDKGBV7Q,0.5577466835865666,,282.0,0.2185117302052785
AHLH6GP2CDY4CZFKZYLUUFACC4QA,0.5577466835865666,,21.0,0.6666666666666666
AHLNKQOS5STNQG5VSBMA5CQMBQJQ,0.5577466835865666,,10.0,0.1
AHLNMKVMOMO7SMAI3TRC3RCMUAMQ,0.5577466835865666,,31.0,0.1625
AHLNPXXPOACV2R5T3725CCTLBFCA,0.5577466835865666,,35.0,0.8
AHLOPBURTWE7G36ALEPHCRWGKAMQ,0.5577466835865666,,10.0,1.0
AHLQJVWRY6DXKJNTAP4UFXK5WLAQ,0.5577466835865666,0.0,15.5,0.5510416666666667
AHLRBFU22NED3KP5FI36DWSCJQIQ,0.5577466835865666,,3.0,0.5
AHLRW7X4WVLZJDS6BM6J3YP3NNSA,0.5577466835865666,0.0,82.4,0.29461564625850334
AHLSTYOQCGKMKGPSODJW7Y7SAWMA,-0.5657756665556624,0.8605526033570225,110.0,0.20016827501202494
AHLVYTD6QPNAYBIIDTR7H3GWAYZQ,0.5577466835865666,,43.0,0.4375
AHM23WOKYPBB3PRQ67UASUHTJOIQ,0.5577466835865666,,11.0,0.6
AHM2C3X2SOLVW6A5EQNNXNGLZ5GA,0.5577466835865666,,4.0,0.4499999999999999
AHM2XKCUWJ4GZQNGDGNEVEN7FJYQ,-2.138706956754783,,260.0,0.0803703703703703
AHM5AX7XEZ4RR276KJCS7VLFDZNQ,0.5577466835865666,,77.0,0.29375
AHM6SRQPZMNFYOR66BUCJPIYOUIQ,-0.3410711965272165,,35.0,0.5750000000000001
AHMA2JETA7LYPW6NNYLLHUMRRPSQ,0.5577466835865666,,26.0,0.4583333333333333
AHMCKN74VJC5CV6IAC5IGPPHIOEQ,0.5577466835865666,,11.0,0.1361111111111111
AHMDRJHAXGFBR2ZRWIFBSUD7PHCA,-0.5978763051311546,1.6986061319423842,35.57142857142857,0.37063492063492065
AHMEMDJ4JWT7OBE35SURUWGHMGVA,0.5577466835865666,,7.0,0.0
AHMJXNHLOLR6B2CHVQUTCCPWIVNQ,-3.0375248368685663,,37.0,0.0
AHMMJGYA4FRFYIB325KOIKRFN7OQ,-0.5657756665556624,0.8605526033570225,17.5,0.2727380952380952
AHMNJSXO6ZB3C7AFPSL5HGLUH6LQ,-1.2398890766409998,2.5422408723206935,75.0,0.12422619047619046
AHMO6GV56HC3LYCVNNAPFNWF4HFQ,0.5577466835865666,,2.0,0.8
AHMP47DAWWBKPNXNYUC7HRPZKRYQ,0.5577466835865666,,43.0,0.65
AHMPAVDSNW5IBZ64IDU7CV7C2QFQ,-2.138706956754783,,42.0,0.0291666666666666
AHMPPMXQ2JILQAJNCZMWRXTXHKHQ,-0.04146523648928883,1.037865490072283,62.0,0.14226641414141417
AHMQIHEGCYUSYQSGTLUMQUXJR22A,0.5577466835865666,0.0,70.5,0.19767691798941794
AHMSW2JZ5QM4EN5G62EL7IRSM6NA,0.5577466835865666,,11.0,0.8049999999999999
AHMTJ6V4VM7VBRHEGYXWPWVFPBIA,0.5577466835865666,0.0,29.5,0.0583333333333333
AHMUE2JFY2JOLVO3X4TMOU6QI3GA,-0.34107119652721657,1.5567982351084246,39.0,0.3638681027966742
AHMWCAGVFWRIQGRRLRL5KB7KVZPA,-0.7904801365841081,1.9066806542405204,34.5,0.1918181818181818
AHMXJVDR6ABGM7LPGEM665DHF3XA,0.5577466835865666,,177.0,0.1744987468671679
AHMYFQKGC63ASONWKPQSYEE3U2IQ,0.5577466835865666,,7.0,0.625
AHN4W5UPINW54AZAYFQS4XZTWYDQ,0.3198243035564476,0.7763150465652239,11.029411764705882,0.20649219788925668
AHN535MBJTI4BGLTUORFR3TLABLA,0.5577466835865666,0.0,78.77777777777777,0.23380508748749984
AHN5UNTOQUK2HK26VSI3BYTHO4HQ,-1.2398890766409998,2.5422408723206935,61.5,0.24187499999999998
AHNA2T6S3LRE5NPKVWQ3VAYAN6OA,0.5577466835865666,,25.0,0.9
AHNAOQRKXEQI7U7FBGHAWLZGHECQ,0.5577466835865666,0.0,11.5,0.3627435064935065
AHNC624MDCTOOUYQO2GCVQN62J6A,0.5577466835865666,,26.0,0.41875
AHNCI7SNDGUEME66ETFAAAJGR6RA,0.5577466835865666,0.0,23.25,0.4764456005992464
AHNCL7NLOKEPI7UADY4TIXN3UTFA,0.5577466835865666,0.0,17.0,0.31620370370370365
AHNGFLCHE75OQH4PZFLNJTTKUBSQ,-0.6406771565651442,0.5189327450361415,42.0,0.44490740740740736
AHNI7LY6NHWHIORTEVNZNBEK6KTQ,0.5577466835865666,0.0,19.8,0.6168055555555555
AHNJACUG6SFB2DYJ3V7LNPTUCZHA,0.5577466835865666,,7.0,1.0
AHNJPE2OCPVUOVD2GSTCLP2L4ELA,0.5577466835865666,,4.0,0.0
AHNJWDEEEUK5R3EFVDPOYZ7MIZ2Q,0.5577466835865666,0.0,64.0,0.5431287136066547
AHNLARH6XR2FFGAR55JXWUYBUNAQ,-0.3819265547142068,1.2996885073348574,11.090909090909092,0.26795114585090235
AHNO7I2TIE2UZAP3FFB2OYWO7EHQ,0.5577466835865666,,47.0,0.15
AHNTBBOCVJSXTQ7SBFAO2KS3BUXA,0.10833774352967507,0.6355602180801734,39.5,0.585
AHNTNORB4V4WEELIYXTSKV56Y4AA,-1.6892980166978913,1.5088852305888036,11.583333333333334,0.20128235479797976
AHNY7NZJAHZLQ7LZ72RRCCJRSORQ,-1.2398890766409998,,20.0,0.4722222222222222
AHNYN3M6B25BFYNJQXJYIAN7A3SQ,0.5577466835865666,,34.0,0.3708333333333333
AHNZO5Y5M7KTPJKJFCVWGBXXSJLQ,-0.3410711965272165,,117.0,0.20952626918536
AHO6GNOJYGFCOEDIVYE7BNLSFXBA,-0.3410711965272165,0.947437234281239,5.9,0.3069444444444444
AHO6NKSLKTMVGTODSOXMIHE5NHMA,0.5577466835865666,,27.0,0.925
AHO7BGD4GJ2DQFL5DHPGPKQMOMFQ,0.5577466835865666,,75.0,0.1076388888888889
AHO7EANWAF5DADLCTPXOJXJB6KEA,0.5577466835865666,0.0,6.0,0.4
AHOA2G5R6QLHZLSDC6OUDVHA6QSQ,0.5577466835865666,,17.0,0.25
AHOA5TXDNJS5M46HBO7W7KNS4A4Q,0.25814072354863893,0.5189327450361415,8.666666666666666,0.49814814814814806
AHOBSJFKJLNJHIGHK2YKKQUEF7HQ,-1.2398890766409998,2.5422408723206935,27.5,0.3704861111111111
AHODIBBJYTI5UOYOQAUHKTW43HCA,-2.138706956754783,,75.0,0.2
AHOEABHRAFWXIT4JZ5MKJ3FMASGA,0.12383460353163682,1.008368188928521,75.55172413793103,0.20504226174616064
AHOEHEQKKWTDZ3Z4LNEM27ZVTQ6A,-0.3410711965272165,,4.0,0.0
AHOEIYJJHZ7ITX75BOFQYNXVVJQQ,0.37798310756381,0.36886707498552435,33.9,0.4114744318181818
AHOFPBOHW5GOWIGYIFHXIFDP7ANQ,-0.5657756665556624,0.8605526033570225,106.5,0.2281816059757236
AHOGNB63HKQ3TRGTLWVS7WAZX3VA,0.5577466835865666,,4.0,0.5
AHOHZTCL3LM46MJ22CF5IXBFHKEA,0.5577466835865666,,850.0,0.1275352349324952
AHOLWSYOTSZVBSX6PKJNF5LKARUQ,0.5577466835865666,,47.0,0.575
AHOM32O53OIB4D2F5UV3HYJVRSWQ,0.5577466835865666,,63.0,0.3333333333333333
AHON56Y6WVRIVFXZVPC4DKYIWOFA,-1.6892980166978915,1.721105206714045,41.0,0.07427469135802467
AHON62ZTIJDYLKV6JZNHBTBQXPRQ,0.5577466835865666,,37.0,0.5375
AHOO2SFW7M5UUXCSUUXCJTI2RU5A,0.5577466835865666,,77.0,0.5062500000000001
AHOQCTRWIKMFF3GIW2WKBG4AJK5Q,-0.08940219009535727,1.0860457767303657,132.16,0.24211457798307642
AHOQLRQWLOGGZE2WTEBZ6GJS7WHQ,0.5577466835865666,,66.0,0.4727272727272727
AHORTSSMI6ZZFUFWMPT4UFR2ISUQ,0.37798310756381,0.5684623405687435,46.6,0.32692195767195764
AHOS25WDF4GOAFWZKM7IWR65ISJQ,0.22068997854389794,0.6687419028879539,18.125,0.3025568181818182
AHOSFHKHEGDAA53TE5RBW3K24RUA,0.5577466835865666,0.0,1.0,0.0
AHOSO5AB2V3TPUIYV5QMPKOYCC6Q,-0.34107119652721657,1.2711204361603468,152.0,0.2948809523809523
AHOT2ODB3FZ72IU5KMHHFPB6SNNA,-0.3410711965272165,,22.0,0.7166666666666667
AHOTTCH2V6EADWONZ3GAVU5KUP3A,-0.16130762050445996,1.6078543034613406,19.2,0.17063852813852812
AHOU6PXJJIFATDQB4FDMXR3AJ4VA,0.5577466835865666,0.0,66.0,0.2691666666666666
AHOUSIB6RBPP2QOAGC576XXTVK3Q,-0.08426608792327851,1.275652074192003,37.857142857142854,0.2220814306001381
AHOWY3AZUEHTJP5DMK26T5F3T7NQ,0.5577466835865666,,3.0,0.0
AHOY6RP5IP57UAV75SOAXQO7KR3A,0.5577466835865666,,15.0,0.6041666666666666
AHOYPV27QTG6MUSKZ7ROFBAEH55A,0.5577466835865666,,6.0,0.6
AHP2BTIKX2Z7SKTUEQKJ65B3XQHQ,0.5577466835865666,,3.0,0.8
AHP2KP53ADVEVBG75JDYKVBHM35Q,0.33304221355812086,0.4494089400568916,16.25,0.2546875
AHP2RH5SXS2KHPT4KFH2OHLKWDIA,0.5577466835865666,,15.0,1.0
AHP33HWZXHK3LO2EOA5YJKF4KDIQ,-1.6892980166978915,1.9066806542405204,30.5,0.16568783068783066
AHP4TFRHPU6KG6OX27HGSNDPGGUA,0.5577466835865666,,38.0,0.8166666666666668
AHP564BL22HULHU6HZQ3HXQ3XOTA,0.5577466835865666,,77.0,0.4156249999999999
AHP6U4VQFISNY5KK24O3QLDJJOUA,-0.34107119652721657,1.5040099828505988,26.0,0.35762037037037037
AHP72JXZGI7BXLCNOMT4G23YW6HQ,-0.49087417654618043,1.514869401727366,15.5,0.3552693198005698
AHP7JZGBY57C6SQPZUNDIC6RYR4Q,0.5577466835865666,,5.0,0.0
AHPBIP5JNVD4ZDTULYEAAX2PBDGQ,-0.1444547852523265,1.3837007671000807,7.65625,0.23484087527056277
AHPBKJ37I6UU7I7BARPE2GLT3BTQ,0.5577466835865666,,13.0,-0.1
AHPC3AQJPUUYEP5DXZ66PJGGY7SQ,-1.6892980166978915,1.721105206714045,20.75,0.2783333333333333
AHPDYUI3FSKDHR7CDLL5JUD6HCLA,0.5577466835865666,,90.0,0.5361111111111111
AHPF5C2IRGXPX7HWPEJ2MGSF6XIA,0.5577466835865666,0.0,8.0,0.1959595959595959
AHPFHP43AXWRYZZ4HPNCW7I7J3ZQ,0.17253902068065957,0.514797756867657,87.32142857142857,0.23633382240175263
AHPFTU3P6FCD57ELJNKKDHASQWJA,-2.138706956754783,,50.0,-0.1152462121212121
AHPJYIG2QLF3EC45JN4VFXA4XDQA,0.5577466835865666,,26.0,0.495
AHPKGA4LC3SWKKR624XXTHVIMREA,-0.3410711965272165,,33.0,0.1172727272727272
AHPKZL7FJIDA3CLNQ6OMKY46RA7Q,-1.060125500618243,1.4769084840818796,16.2,0.31625000000000003
AHPM4MW3I3WPQNHYB7SCBE2EDJAA,0.5577466835865666,0.0,12.0,0.5866666666666666
AHPMFUMEWIB3XPWYR2ASSCFW6UKQ,0.5577466835865666,,110.0,0.5000000000000001
AHPMVES5LY5N3ZKP5K6DKADNZWCA,0.5577466835865666,0.0,11.0,0.16805555555555557
AHPPVOKN2GL7CHSFWWG3HCMMGECQ,0.5577466835865666,,95.0,0.345
AHPQ4CPYDRMHILUHA4WJOQ7ANKQQ,0.293388483553101,0.8996186088962959,13.205882352941176,0.33156281545252136
AHPRWGBEWXGO4AQUO52WWD23RZAA,-1.2398890766409998,2.5422408723206935,9.5,0.125
AHPUCPL5F3PBJDSOS2IJJVZU3FHQ,-1.2398890766409998,1.2711204361603468,20.0,0.02696969696969695
AHPUDDBBBV2WPNPBJXFXK3NJP7DQ,0.4079437035676028,0.3669408629948054,46.333333333333336,0.3017630385487528
AHPUOQFCP4RDXGWERKYVI2DZUVZA,0.5577466835865666,,21.0,0.5833333333333334
AHPUT3ITXCHQJO7OMF74LEMYHIVA,0.08190192352632847,0.9054027145196076,25.705882352941178,0.37583123779814953
AHPUTMVGLRALZT5UGHVPIARZFD2A,0.5577466835865666,,13.0,0.78125
AHPVUPZYSW73GDFKTJQWM4HL3DRQ,-0.34107119652721657,1.2711204361603468,26.5,0.337037037037037
AHPXOTCN73CFLTMSGZVEQI5S7TNA,0.5577466835865666,,29.0,0.7625000000000001
AHPYUHTXCDBU46G7HXPI3Q7JO47A,-0.7904801365841081,1.9066806542405204,20.0,0.4125
AHPZ23SD4LA5VRHKGP6UKQKEQ2JQ,0.07837714752588226,1.2430504006772458,8.2,0.3945084175084175
AHQ5LUB5SXGXMH3AQEYW67LDSL2A,0.19821953154105337,0.4923028280272931,28.8,0.41739595959595965
AHQ5TKLEWDABNB2PLZLZ7BCDPSYA,-0.7904801365841081,1.9066806542405204,189.0,0.14269307902372413
AHQBSNNGSKSP42GJTD7WVW3CEQQA,-1.2398890766409998,,39.0,0.1833333333333333
AHQE5UGNEVWAJN6X7JN6RNQTIPWQ,0.19004845990365535,0.8162312222726399,42.0,0.2421210481437754
AHQFGROZVW3ZWQFYDPUM7PCPKKRA,0.5577466835865666,,26.0,0.425
AHQGNBOUXFMLZHGBOEERF75JFPIA,0.42934412928459764,0.33972122638847685,63.285714285714285,0.19568422318422315
AHQH6U6OYTJEGN7LQ34I5QYCN7UA,0.5577466835865666,0.0,51.5,0.0046428571428571
AHQI3RKQ6PS2KZPM7DSMSKFT5NOQ,0.5577466835865666,,27.0,0.65
AHQIE7JJMBMSSV5AGAHLSM35F7KQ,0.5577466835865666,,4.0,0.4166666666666666
AHQIICMVAZCKR3PWCYQNOOWKBJPQ,0.5577466835865666,,3.0,0.91
AHQIJ7JMNCO2EXSIKHXWRRSVMUXA,0.5577466835865666,,2.0,0.0
AHQLQ4DI2IULQGTHMQT7OQ5CLN7A,0.5577466835865666,0.0,21.0,0.3
AHQNKS767UDUDH6QYJNUD47C7WVQ,0.5577466835865666,,16.0,0.2785714285714286
AHQNSRKV7FLPORZT76ZJKEQV74OQ,0.5577466835865666,,24.0,0.48
AHQO5KRE5MAQGOC7FMVSG2FXPDHQ,0.5577466835865666,,30.0,0.3333333333333333
AHQOGQVFZEXDBIWMNNWHQAYB7TBQ,0.5577466835865666,,10.0,0.85
AHQP4DJQZNAM34W2U6VGDO5BVRJQ,0.5577466835865666,0.0,8.2,0.3402777777777778
AHQQ62COZ3ANN33IRXZ6Z4KF664A,-0.5015743894046779,1.272380843446863,22.892857142857142,0.3085098065200106
AHQRHZFXY5OMIIUX6OA34PBA2YBA,0.5577466835865666,,48.0,0.1399999999999999
AHQRUAIW7INCVZX2K5YLB67FMHYQ,0.5577466835865666,,27.0,0.65
AHQSEHPJ6OXZTTTRL3IBGQ4G6TCQ,0.5577466835865666,,14.0,0.0
AHQTJFNBXNEG3YRP5MSGN7AQSRIA,0.5577466835865666,,46.0,0.4499999999999999
AHQV36LR2CZ2JIXQ472WAC3TCHKQ,-0.49968611654729594,1.3570101496753835,95.23529411764706,0.17514958423208854
AHQW66DMLWVAY3KSMWFELOUAMD3A,0.5577466835865666,0.0,13.8,0.508888888888889
AHQWQ26F2MMN745Z3B42MATL3AAQ,0.5577466835865666,,2.0,0.7
AHQXP5DFJ7SDDXGUI6ASF6OFJURA,0.5577466835865666,,1.0,1.0
AHR2RQH423P4MBXAKMA7DNTR5SJA,0.5577466835865666,,30.0,0.65
AHR3Y2HUSRVU2WHNCOJ4LSYODY6A,0.5577466835865666,,2.0,0.4
AHR3YG52HDU3QDNRP2Y2G6YOOKWQ,0.5577466835865666,,21.0,0.7000000000000001
AHR4PPPYOBIDES5Y7PMPVAXH7HPQ,-0.3410711965272165,,29.0,0.8
AHR747CKPTQQCMVJO3OS5YTUSA7Q,-0.21850512196624614,1.4223857571920058,5.818181818181818,0.5401515151515152
AHRA7HRO55UQ4CK3OPZEM43BX3MA,-0.3410711965272165,,36.0,0.125
AHRAWYJUESY2TPISEE73WXDJOA5Q,0.5577466835865666,,3.0,0.0
AHRC4HTC7RD3XD4XXFAZQDSBUPOQ,-1.2398890766409998,,31.0,-0.0946428571428571
AHRE7QO2OZU23T73OAGC5LUISMBA,0.5577466835865666,0.0,36.5,0.2955803571428571
AHREDOSUZTS7N2VWGAJSV6QE2HGQ,0.5577466835865666,,23.0,0.475
AHREOUUQQYYLUDNGVQZKJD2DKTRQ,0.5577466835865666,,19.0,0.3145454545454546
AHREXOGQPZDA6354MHH4ETSF3MCQ,-0.4749376893101204,1.0261582776626508,67.27659574468085,0.23783935549703025
AHRJ4MQDR4A66RZQ2LZIWGJQPDJQ,-1.6143965266884095,1.6906090049664322,18.416666666666668,0.15789930555555556
AHRJTQYC7J4SSMIEVP35PLQOKUSA,0.5577466835865666,,14.0,-0.3125
AHRK65TPD7YLL6NRMINTDHVH7HNQ,0.5577466835865666,,1.0,1.0
AHRKVKH6BNODDG4QNP5JVCCJ6FHA,0.5577466835865666,,1.0,1.0
AHRN57XYC774XGEOMBQGAOBBOL6Q,0.5577466835865666,,22.0,0.3989583333333333
AHRNMZK7YJBULIHCI42QJM7REABA,0.5577466835865666,,22.0,0.4333333333333333
AHROLU2WO2VLXZQGU2VIWBUDE2KA,0.19821953154105337,0.4923028280272931,24.4,0.11191748066748064
AHRQPBQJJ2PJET5WBJIKNLAFHHSA,0.04413646637869054,0.707186126269829,23.857142857142858,0.3424834656084656
AHRRQLUWWJ2VIEFKG3MMATIL6HGA,0.10833774352967507,0.6355602180801734,5.0,0.7
AHRRWD26DSMDKJNWGW67TIZ2WEMQ,0.5577466835865666,,24.0,0.253125
AHRS6K5X7E7RKGEAU6S5TLPW2OXA,0.5577466835865666,,24.0,0.5625
AHRUYFFBLYWCAPN636OF7ESELCVQ,0.5577466835865666,,21.0,0.3999999999999999
AHRWSWKJHAUDV67MMUD3ZOT2NV7Q,0.5577466835865666,,52.0,0.215625
AHRWXKSDBIAHNUCHQM62MDVXQTGQ,-0.3410711965272165,0.0,31.0,0.6533333333333333
AHRXAQIUXEYOX4RZY4FTPB5QZORA,0.5577466835865666,,3.0,-0.1
AHRY6RC5I37JOTY2CRKYVARAQ27A,0.5577466835865666,,5.0,0.5625
AHS6ZWKXWAWCOAQW7IYU7PSCOTYQ,0.5577466835865666,,2.0,0.7
AHS774I5MUP7XDZM5DWOY4XOIKPA,0.5577466835865666,,72.0,0.3727163461538462
AHS7BGK4AGICKGM7MC3LFN7MHFPA,0.5577466835865666,,8.0,0.6
AHS7SVRZESXQHLP3WW5WPYBCEK7A,0.5577466835865666,0.0,26.5,0.7458333333333333
AHSAUHUTLVNKJ72GUIPGI5XZH6ZA,-0.6260622316852453,1.0462693964180916,11.78048780487805,0.048091894555309184
AHSDSJIJUZVBJXQJIKFJVCAOPGYA,-0.5408085032191684,1.66813538719065,205.88888888888889,0.20357051288852757
AHSFG7CIC4KP5ZLQBDFSNBPNK6SA,0.5577466835865666,,19.0,0.0
AHSJUMYFSGTPA7AHGXC72Z7A3Q7A,0.5577466835865666,,19.0,0.11
AHSLAQOLEXQBMXVHJ7Y2QF3W36CA,-2.138706956754783,0.7338817259896108,47.25,-0.17243589743589743
AHSLHNWYIQJCU3RIB3YVTTHMMYGQ,0.5577466835865666,,21.0,0.7708333333333334
AHSMOBNDANZP5HE2EUQPFK7ICULQ,-0.3410711965272165,,522.0,0.0991991341991342
AHSNFKU4EEJU47KC46XTINT5T4GQ,-3.0375248368685663,,8.0,0.4333333333333333
AHSO3Q2PDF4HUAVJSAVY7CJKECVA,0.5577466835865666,,50.0,0.2477619047619047
AHSPLDNW5OOUK2PLH7GXLACFBZNQ,0.37798310756381,0.8039271517306703,32.6,0.42336561109607984
AHSPM5QU3OMM23SLIARJZNFCDKRQ,-2.138706956754783,,22.0,0.0
AHSQUK36SXSSYDJIRVSUC4LHEAVQ,0.5577466835865666,,49.0,0.0461805555555555
AHSQXJ6D37QPQ4R5W6YKQ3CJ6P4A,0.10833774352967507,0.6355602180801734,39.5,0.1270833333333333
AHSRLS4TYALPWYNKMX32TCDUWYPQ,0.10833774352967507,0.6355602180801734,9.5,0.3
AHST2XJVAQZNF77CNOBD3PQUQCPQ,0.5577466835865666,,36.0,0.4727272727272727
AHSV67ZNUCEJTCZDEZ3MKKKEB5IQ,0.15827207020266304,0.4737186171406195,80.77777777777777,0.13443958433541767
AHSVA6LUUYWICODBJ5HYYD4R6UCQ,0.5577466835865666,,12.0,0.7
AHSVFGT45NDDAFX5SHDIQCCWZF6Q,0.5577466835865666,,21.0,0.72
AHSVXOBFFXPP2NPOMOF7OIA5AXXA,0.5577466835865666,,20.0,0.5249999999999999
AHSWBB6FZBEA7W7PMSO4L5SC7ERQ,0.5577466835865666,0.0,5.5,0.5
AHSXXZHYMXDRVKC643TJZYQ7XGYA,-0.686770381186364,1.7029559627059405,25.076923076923077,0.3870178379312995
AHSZGM4ZIB44IJIZAXDDNPF3GMFA,-3.0375248368685663,,45.0,0.025
AHSZMTDCXEJRB42FXWH4HLPPPJOQ,-1.2398890766409998,,10.0,0.91
AHT24MMCKVNZ7RGZ46LFEWBUPOFA,0.5577466835865666,0.0,4.05,0.5848333333333333
AHT2NP62KHFFALXILR7ZIQ2VFM7A,0.5577466835865666,0.0,13.5,0.4479166666666667
AHT3NNPRGAN65K6ESCJNKI7TPWPA,0.15827207020266298,1.198423840151711,11.333333333333334,0.4921296296296297
AHT4BYG5DOGZ2QV3MYWV5PYC5Z3A,0.5577466835865666,,31.0,0.4125
AHT4SQDDNRQFLPGHAULPNTKJA6OQ,0.5577466835865666,,54.0,0.197
AHTBBASAHXHHOXKLSSZG2IPUDDFA,-2.138706956754783,,164.0,0.1351190476190475
AHTBPU7ASQDCHJ7ZTWH3HOMBHZ5Q,0.5577466835865666,,26.0,0.2083333333333333
AHTCJK6Q37Q2W33CSKNPKZGTII3Q,0.5577466835865666,0.0,11.0,0.7
AHTDWYY75GI6PZZGZ7MMT7RZVAFA,0.5577466835865666,0.0,2.0,0.9550000000000001
AHTFLHCD7UJXK7UNNM2FLNB5PWEA,0.5577466835865666,,9.0,0.0
AHTFXVHMYQB7DXSFSBVWFAHJJXQA,0.5577466835865666,,29.0,0.2388888888888889
AHTH3QIBTJ76TOZ4LVVUW2OTSEXQ,-0.6406771565651443,2.075730980144566,8.333333333333334,0.06666666666666667
AHTH75HJJ5QPIP3ZDF2XNIBE3CWA,-0.9402831166030721,1.2280190086786817,4.166666666666667,0.26666666666666666
AHTKN5PA26VHUFIEC2AZAYA5O5DA,0.5577466835865666,0.0,28.8,0.4100347222222222
AHTLWVDXSMG5YMVMEIWWOU6XBZMA,0.5577466835865666,,115.0,0.1112599206349206
AHTLZM3KXP2OWF4SYAKISHIBHKNQ,0.5577466835865666,,40.0,0.4452380952380952
AHTODOWYXIF7UC2KCYMZJUSTVG5Q,0.25814072354863893,0.4494089400568916,40.0,0.4117936847103514
AHTOJQKB56M5W4PW4XBN35WQT36A,0.5577466835865666,,8.0,0.0
AHTPISLRJDT2DX7NZCICCQHBMPGA,0.5577466835865666,,5.0,0.3571428571428571
AHTQXC4G55PA5IOKCLBPY46J5M7Q,0.5577466835865666,,39.0,0.4583333333333333
AHTTPP5KN4Q3KKI7YTXBKBJGTKJA,0.5577466835865666,,146.0,0.2714999999999999
AHTTU2FL6FCNBBAESCJHOHHSSW7A,-1.2398890766409998,2.5422408723206935,59.5,0.0925595238095238
AHTU4O4QDYDGUXW5ZO7OOYCTSXRA,0.10833774352967507,0.7683548371641559,9.785714285714286,0.4066468253968254
AHTWISCZKNLEBVTIFZP6EZRY2ISA,0.5577466835865666,,69.0,0.0324891774891774
AHU2PE2WIJCBES3AKNLJNPZEH52A,0.5577466835865666,,2.0,1.0
AHU2Y2ZFQKI3V3ARFDKZA6ER4NUQ,-0.34107119652721657,1.2711204361603468,17.666666666666668,0.2915509259259259
AHU35J4HQ5QFWXAU4U7I4RZKCH4A,-2.138706956754783,1.271120436160347,31.0,0.31666666666666665
AHU3XZZH2PVAH3WH2LXMIB5JQSLA,0.19821953154105337,0.8039271517306702,83.6,0.3558076923076923
AHU4AATNLHRFIVORJPZP4UU5J6CQ,0.5577466835865666,,2.0,0.5
AHU4B72BKINX7IEAF7ALAWRV5YMQ,0.5577466835865666,,12.0,0.25
AHU5CQIGTPW3L7CSVCMW66XSSPDA,0.5577466835865666,,2.0,1.0
AHU63DJFTJKHHGHUYHVN2SFI2MSQ,0.5577466835865666,0.0,28.0,0.14123658459595956
AHU7GJQJED3AM4KJONXMNSKA77EA,-1.2398890766409998,,49.0,0.1291666666666666
AHU7PK5YWYMKZPXBNSEZULXNTQ7A,0.5577466835865666,,5.0,0.0
AHUA5544H3YZPZFRGLWZUF232GGA,-0.3410711965272165,,16.0,0.55
AHUB4LKR24W7P77S3TEUBOUW5SWQ,0.5577466835865666,,11.0,0.5
AHUGN4YTPAAQ24FNWGWCONPAWN4A,0.5577466835865666,,5.0,0.5
AHUGWEVE55JJDSTXWBQZDYDM2R7Q,0.5577466835865666,,3.0,0.8
AHUI3T2JPCSDI7HDKDVKWUWNDLYA,-0.3410711965272165,,8.0,0.25
AHUIALQKBRNIMHD5Q75HUGWRWTAQ,0.5577466835865666,,1.0,1.0
AHUIAPMKFKZBAY4EBMKHRLIMMGZA,0.5577466835865666,,1.0,0.0
AHUJHAGQY5ELB3CCRB3SXOREMXRA,-1.2398890766409998,,4.0,0.3
AHUJQAHKGKC4VIGEMDQ4CVKSMLGA,0.5577466835865666,,17.0,0.5599999999999999
AHULBGUFZV4G7OCQGXDW2PRC5DVQ,0.5577466835865666,,128.0,0.2814646464646465
AHUOQCSFAOSE3EH2IC55EFQU3LWQ,0.5577466835865666,,141.0,0.3518939393939393
AHUPSSURLQ34LP2NWLZHML566WIA,0.5577466835865666,0.0,2.0,0.6
AHUPTBY3F3UN2S5H7K5JLP6MAV5Q,0.24051684354640787,0.6308696726602875,121.17647058823529,0.23087067544463735
AHUQ6ITINLH4DIKRH5UHYVI7LH6Q,0.5577466835865666,0.0,6.0,0.5
AHURTXMTMOJS53XYSCI5WU2V7DZQ,-0.3410711965272165,,91.0,0.1546666666666666
AHUSHZFGJYMZ6YP2SQO5TYFVBEIQ,0.5577466835865666,,13.0,0.6
AHUUQNQ4STDFK4YKEQUNWRRSW7PA,0.5577466835865666,0.0,11.666666666666666,0.2222222222222222
AHUVQ4UNB2JGV6MY4ZT75SZLPUBQ,-0.22871896151299367,1.218979219514516,12.125,0.2909090909090909
AHUVYK76GXA5XUGX63D6HSFV5OYQ,0.5577466835865666,,59.0,0.315
AHUWWVZ447VKWMUP7GSYJIDTKDEA,0.5577466835865666,,27.0,0.2
AHUX7LYUKBTCPVVALKMMPH6JYCGQ,0.33304221355812086,0.4494089400568916,20.5,0.10407407407407405
AHUYNN727VWY5ARFWDUKLWP36NSQ,0.5577466835865666,0.0,20.0,0.48428571428571426
AHUZNBF5YKIQB7DWRVD7UKJ7ZMUQ,0.5577466835865666,0.0,36.22222222222222,0.4907613035113035
AHUZTCICIHL6NBXDZCKVJTGHNCHQ,0.5577466835865666,,31.0,0.91
AHUZWTG7TORSTA4OECWLEYXHVC3Q,0.5577466835865666,0.0,21.666666666666668,0.4218253968253968
AHV2CP4GCS7MBOTJB3MPNJZIA3MQ,0.5577466835865666,,3.0,0.0
AHV3KIKOBTJDLEWINYCPPEHIH7UQ,0.5577466835865666,,2.0,0.625
AHV3V3SLT35QHQX3NQOFUDBNV2RQ,0.5577466835865666,0.0,31.115384615384617,0.5026268680814135
AHV6QCNBJNSGLATP56JAWJ3C4G2A,-0.008124939107019405,0.542922122504825,112.84908536585365,0.21263863580723072
AHV6WYWX6JIJW2MKRNGFIB54K7AA,-0.11636672649877075,1.2482154891664439,45.75,0.37435975009838646
AHV7RJLGGLLWDHTKAUCSWFDKPZAA,0.5577466835865666,,5.0,0.0999999999999999
AHVA35ZHKZELPUIMFOST3DZ2F2FQ,0.5577466835865666,,7.0,0.0
AHVAUXDI42RSCQ3IDT65HRF4Q6JA,0.5577466835865666,0.0,1.5,0.8
AHVC23XPR4J63SSNSIRNG4H6AEWQ,0.1725390206806596,1.0191636791654306,19.857142857142858,0.3273611111111111
AHVDW3N5PNOIH3HZMXIWSCFJB3PA,0.5577466835865666,,49.0,0.3982142857142857
AHVHZI5OFQ6DMTAYXS6LDPMVXCMA,-1.2398890766409998,,45.0,0.2374149659863945
AHVL3NK2ELY5UFEPB7EYXU53ZGAA,-2.138706956754783,,7.0,0.25
AHVOK65L3F75OXOCN43YLHK43CRA,-0.6679140620231377,1.718258049749324,21.363636363636363,0.3144300144300144
AHVOLBWSTIHEM6VGNYMEQGVWR2YA,0.0013356149447008607,1.003951427354753,29.047619047619047,0.38948988422999903
AHVOQ4CBGSXUQKOR2A3BPCV53YMA,0.5577466835865666,,3.0,0.8
AHVOY4RBF5CZF47IOQILPRCXWAAQ,0.5577466835865666,,21.0,0.3106060606060606
AHVPSZCUQH3UMQCGQSDZ7BZVUHNQ,-0.3410711965272165,0.0,1.5,0.75
AHVPXEPKBQM7S3ZQCT4RH2XQ7CGA,0.5577466835865666,,56.0,0.1305555555555555
AHVTLG3HBHHROYEIS2XKOAMRUDVQ,0.1792970498544474,0.9622804967173354,20.157894736842106,0.1528318713450292
AHVTNUKVJIMSP6MZK6YO3Q5KX3CA,0.5577466835865666,,11.0,0.425
AHVUC6G7ADVWS4JBMECIOW7UGPUA,0.5577466835865666,,2.0,0.875
AHVUDEN6Q6EV2MQ6IF2RSFWJVU5A,0.5577466835865666,,4.0,0.35
AHVUEL57EXWBZHZWGD7IDGW5J7XA,0.5577466835865666,,43.0,0.42
AHVWKBFOVXQV6653O4XGCKOB6YVA,0.5577466835865666,0.0,13.333333333333334,0.5314814814814814
AHVWQG7IKAFZGIF7DUGCKCEOZCXA,-0.04146523648928879,0.5189327450361415,29.333333333333332,0.4916666666666667
AHVYZJVOXDVQP2V5MLHXMLXMXL4A,0.5577466835865666,,7.0,-0.2916666666666667
AHW23LKLGTLDQX3JI6E4ILZLZZOA,0.5577466835865666,,4.0,1.0
AHW2LR2YXNMBEQJ5I5OB56N6OLJQ,0.5577466835865666,,20.0,0.4166666666666666
AHW2TASGYIZN2MI2HLI2QVBPHGNA,0.5577466835865666,0.0,7.5,0.05312499999999999
AHW3GDHLPAFSHCFAEEZHPDSA73DA,0.5577466835865666,,56.0,3.7007434154171876e-17
AHW3SPBY5DM5KYWUJHODT2VYJHRA,-0.6406771565651442,1.037865490072283,16.666666666666668,0.21134259259259255
AHW7W34BLHHC4AYM4TPMLA2SWMMA,0.4079437035676028,0.3669408629948054,31.0,0.3162037037037037
AHWAIBCVNSK4HAJFE5DNRP636L2A,-0.04146523648928883,1.037865490072283,1.0,0.0
AHWDJFPHLJ2HNSPWOUHJSQ34K5MQ,0.5577466835865666,,6.0,0.5
AHWEIAIMSGEIL5UIZTF6BYKDL7MQ,0.5577466835865666,,15.0,0.1
AHWEM7E2PYGW6QCATOWYGZZJ7QPA,0.5577466835865666,,48.0,0.025
AHWFC2576577CTY7W5ORFPJVKUPQ,0.5577466835865666,,20.0,0.4777777777777777
AHWFIH4YSVWTNGAA42NO6SPMPX2A,0.5577466835865666,,5.0,0.9
AHWFJZKOUI2EMNQSPHDDDSMOOF4A,0.5577466835865666,,5.0,0.2
AHWLXRREFXOKKLDA2NM6D7CKATVQ,0.5577466835865666,,25.0,0.0181818181818181
AHWMD2O2ERFGBQME4X5HRPFYJR2Q,-0.3410711965272165,,5.0,1.0
AHWOB66HVZJLLPO2PMBOBLGNJVVQ,0.5577466835865666,0.0,7.2,0.3077619047619048
AHWPSOLHRW7LFHHORCE4CCY4KEMA,0.5577466835865666,,202.0,0.2236931818181818
AHWQI5RDKU3AHHGKAKNLB6BMQSFQ,0.5577466835865666,,111.0,0.175
AHWRKUZUZNWALPR3HG6H3QBFEBDA,-1.6892980166978915,1.9066806542405204,12.5,0.30625
AHWRLLSQNS7AJUUZKBJKJP7AIQVA,0.5577466835865666,,46.0,0.2333333333333333
AHWROXJQ3K74CELJ76MQC3CDTNSQ,-1.9589433807320265,1.6078543034613404,29.4,-0.10757575757575759
AHWRVFFCLI5KZSNGJPIVOH2HHJXA,0.5577466835865666,,82.0,0.2471653346653347
AHWTEKYJRJRJHHOX3SMZ4MB6MQ6A,0.5577466835865666,,9.0,0.53828125
AHWVQ26EA553ID4SJS6R5SHYJFUQ,0.5577466835865666,,8.0,0.0
AHWWLSPCJMALVHDDVSUGICL6RUCA,0.5577466835865666,0.0,6.75,0.55
AHWWO43M7Q7KMMBGDOR5JMJK636A,0.5577466835865666,,5.0,0.0
AHWYP4TAAA4GEWQEL5LLN3KRGPDA,0.5577466835865666,,24.0,-0.005
AHWYSJIMUEIUBSBWKASEA5WOSCGA,-1.2398890766409998,,240.0,0.3773809523809524
AHWZ6P4V5KKGMHNW5MDBI34FSWVA,-0.5208347725499731,0.9846056560545863,34.6,0.33442777777777777
AHWZGKHOHK7YVTXCTCCY7VCI54FQ,0.5577466835865666,,3.0,0.3
AHWZLEZ32TUVMHLGAT2RHWSWJ6SA,-0.3410711965272165,,4.0,0.3291666666666666
AHX2QUMEPQ7VVDSVIZZRKDU56Z3A,0.5577466835865666,,24.0,-0.5
AHX4KAMYA2RV2IOYNWGUEUTX66XQ,0.5577466835865666,,54.0,0.3133333333333333
AHX4XWVVQUKT3FCNWCVASDF4Q56Q,-0.0040144914845478726,1.2861638051886837,9.109375,0.5703931261609484
AHX5GNQNMMX5IC33WR7YDTIZOY2A,-0.3410711965272165,,3.0,0.0
AHX5YBZ65H3QVUQ6VV3KKVYO3ELA,0.5577466835865666,,21.0,0.4771428571428571
AHX63Q5CQ4ZSOTWXIP5V365VRAVA,0.5577466835865666,,4.0,0.7
AHX6Z454FV2LTSIDW4X5CPNYH3ZA,0.10833774352967507,0.8988178801137832,47.5,0.2518045785233285
AHX7R7SD55CUTIXKV7CKMZ5GBK3Q,-0.3410711965272165,,16.0,0.1
AHXBG7SNVYNFMOXYX322UZ22GDPQ,0.25814072354863893,0.4494089400568916,31.0,0.3785930735930736
AHXBL3QDWZGJYH7A5CMPFNUPMF7Q,-0.3955450074432034,1.4552003382795926,29.545454545454547,0.3024853390506799
AHXCCZAX2PMNY45NADPTH7N7CXIQ,0.5577466835865666,,47.0,0.0097222222222222
AHXCER2EZHWXLJYGCHABD53JJIFQ,0.10833774352967507,0.6355602180801734,20.0,0.54765625
AHXDSXLPSN2VHF5I4PRHJBRJHTCQ,0.5577466835865666,,5.0,0.26
AHXE3QNVEO4M7VVMVAA4YRZ5VSCQ,-1.2398890766409998,,8.0,-0.6
AHXEHJ6UR2YEXGNQ7S2K7RYYRZGQ,-1.2398890766409998,,55.0,0.3845238095238095
AHXFH3TZ4B7PPQCUQQSX5X3PYCZQ,0.5577466835865666,,20.0,0.7125
AHXIIJLNUANLM545CLMOBKHAQ36A,0.5577466835865666,,6.0,0.2333333333333333
AHXIKNHH6R3ODR7KVTW4TVEBSUIA,0.5577466835865666,,21.0,0.0
AHXJXQD5HN7CUYGNBZFFQIX23XNA,-0.3410711965272165,,5.0,0.0
AHXKM2EVB7UCQ5L2YZ3ELUCEO3GQ,-0.2027915226635576,1.2084646701779376,18.846153846153847,0.3355494505494505
AHXLIW3NWV3EOWJ5VOZRQTCK4MLQ,0.5577466835865666,,35.0,0.2555555555555556
AHXLZ6LI6HJ7YRIAV5DETEQZDWZQ,0.5577466835865666,,45.0,0.475
AHXNV4L6V654W3LP6EHELIQCOSHQ,0.5577466835865666,,41.0,0.2573611111111111
AHXOCH6XQ6UTTDLEJGD67YR4XFMQ,0.10833774352967507,0.6355602180801734,14.5,0.134375
AHXPK4NH3Y65T3HF2RDAIULQ673Q,0.5577466835865666,,62.0,0.3868596681096681
AHXPRMGLANXKQAXTOFD2DGUDWXUA,0.5577466835865666,,5.0,0.75
AHXQW44E24ZU24SO4UUZFPTAMISA,-0.3410711965272165,,38.0,0.3352272727272727
AHXS6AGWK4SBZ3QKANQISILIMK6Q,-0.34107119652721657,1.2711204361603468,15.0,0.18166666666666667
AHXSBZT52TCPZUBVCBRICTHWUCBA,0.10833774352967507,0.4923028280272931,18.5,0.44979166666666676
AHXSNO2ZJ7ZOTJ3Q4BVOEBT7P6FQ,-2.138706956754783,,73.0,0.00625
AHXTTELUUFQL2JISQXM74IBS42DA,0.5577466835865666,,19.0,0.3602721088435374
AHXUFSC7TEVSYGCPJIZTL6J2DW4Q,0.5577466835865666,,15.0,0.4333333333333333
AHXXTKKWYN62AQVPYF6QVMH4MRGA,0.5577466835865666,0.0,99.0,0.44258333333333333
AHXXX43IQZGOULMTSJVR65WSQUPQ,0.5577466835865666,,6.0,0.8
AHXZCNMFZW4FLUWCXSHVUKPWYUDQ,0.5577466835865666,,28.0,0.1766666666666666
AHY3G773FNHUXWJT2R4O7ZA4WPRA,0.5577466835865666,,91.0,0.3276515151515151
AHY3WCPLNB7T2SKB4NE6OBRHJ6TQ,0.5577466835865666,,26.0,0.5449999999999999
AHY4FDU5L5ZCEEZ672AVXN7LOKNQ,0.5577466835865666,,62.0,0.384090909090909
AHY4UW5YYIW7QQZRRHVW2VG2PPWQ,-1.2398890766409998,,165.0,0.0549479166666666
AHY4ZHJIC2OUVESYV3P4IPOCKXBQ,0.5577466835865666,,53.0,0.0
AHY55PORR7VYL72JBUYNSO6KCA5A,0.10833774352967503,1.271120436160347,38.75,0.2453495896464646
AHY6B5R363SMDDYBHFLGXRQVPA6Q,0.5577466835865666,,15.0,0.3166666666666666
AHY76MIW3WI4C7EN6HMDFPV6B2KA,0.5577466835865666,,107.0,0.2925
AHY7ZJB523OPTIKXRI63PS2V6FSQ,0.42458847912526543,0.5406547282945179,15.88888888888889,0.527677881103807
AHYARJU3M2CYM3W5SZYL33KOFVHA,0.5577466835865666,,9.0,0.3999999999999999
AHYB7CLB5GMVKNCWQ3SLGMVB4TPA,-0.3410711965272165,,30.0,0.425
AHYB7U5MR2OG5BJPAVS5K5AZQCSA,0.04413646637869056,1.0191636791654306,11.285714285714286,0.42268620268620266
AHYBOC3JAHBR4YH6VT42IQ6ZB3FA,-2.138706956754783,,18.0,0.1116666666666666
AHYCBCQJUMTM2VISOJNR4FDDBOCA,-1.2398890766409998,,3.0,0.5
AHYDLAYCM6W7T5UUIBO63FV3SAFQ,-0.0842660879232785,0.9887339997628656,74.82857142857142,0.17539556763336805
AHYDXATTJZHTIOX5CMNMGXPZU6ZQ,0.5577466835865666,0.0,12.25,0.49107142857142855
AHYEA4JYQ6G2PVYXDUN7S5RPXJFQ,0.5577466835865666,0.0,10.375,0.17083333333333334
AHYEW6ZXLQBJ6YU5NZRR4UTRK6IQ,0.5577466835865666,,71.0,0.3216666666666666
AHYFIO5UVVMIOONLI65XLW6323FA,0.5577466835865666,,28.0,0.35
AHYFLXIL7CMIVNU42WE3EL43OWZA,0.5577466835865666,,4.0,0.0
AHYFWPEQEO72LEEMM6E3WDYX4BZA,0.5577466835865666,0.0,9.666666666666666,-0.20052083333333334
AHYG6B3CNXSKERI5LGNVXIOA6WVA,0.5577466835865666,,14.0,0.4
AHYGBZX3XJDZUC7A7VNQATLM3UGQ,0.5577466835865666,,98.0,0.3740234375
AHYHCMWW5G2HHSQDLMDDJRGU43QQ,0.5577466835865666,,8.0,1.0
AHYIIOGHQYQNXYSSAOUSP4WYYBUA,0.5577466835865666,,46.0,0.510125
AHYIWMXORQUTUAC3JI5AJENZA62Q,-0.11636672649877075,1.3482268201706746,15.75,0.5303571428571429
AHYJCQYCHHT5FH6RGLT4PWUR6PZA,-3.0375248368685663,,37.0,0.2172727272727272
AHYJRGNZYYHL5KZDIKKKIJN3EZOA,0.5577466835865666,,20.0,0.75
AHYJYBWRYIMCDHWIRRPD24UFXF4Q,-0.3410711965272165,,14.0,0.890625
AHYKFYB4M26KSRJY6DSZMV6UFYOA,0.5577466835865666,0.0,23.625,0.12343749999999999
AHYKPFKP6ZRMAS3SHDFMSN2LBKOQ,0.5577466835865666,,5.0,0.0
AHYLIR2L6II4KU2CNGXPFHIQTTPA,-1.2398890766409998,2.5422408723206935,101.5,0.267936056998557
AHYOLM6ON6SWZUSPCYROBCRPAGZA,0.5577466835865666,,6.0,0.8
AHYOYF2TAQ2H4DCKTBAL6XECEMMQ,0.018455955518296752,0.4923028280272931,11.0,0.2971428571428571
AHYPJP7HKAXKK2QZG3MRPVNHUQGQ,0.2367402978316441,0.7567124238846746,5.857142857142857,0.3582738095238095
AHYQOXD6YJZHSMBVYX2ZIHW5OHLA,-2.138706956754783,,52.0,0.025
AHYSZEKDCSU2GLGROWC3AVU3WHJA,0.5577466835865666,,1.0,0.0
AHYUAH5T2DR32HISPCB23PIEP62Q,0.5577466835865666,,25.0,0.5
AHYWYS3ZCNA62VY2WPFMHZXYBU6Q,0.5577466835865666,0.0,31.4,0.5040555555555556
AHZ4WODDQMLDMFH2X4QHJAMRJCTA,0.14919310171666517,1.0907692040739878,27.0,0.3968795093795094
AHZ4XGTRIR5BTZJGMZCKLYLSN5VA,0.4079437035676028,0.3669408629948054,13.833333333333334,0.5921527777777778
AHZ547XWV2I5OBJ5FO2ZQ7JWR6QA,0.4079437035676028,0.34986438533103925,84.83333333333333,0.4041413974083771
AHZ6IT22QHREUXVNOHG2MAEKWUKQ,0.5577466835865666,,4.0,0.9
AHZ6XMOLEWA67S3TX7IWEXXGWSOA,-0.020064810772293988,1.0311207056858864,18.9025974025974,0.32729044983567246
AHZ6YRGY5KOE3WDHXGVLXKZPHHOQ,-0.3410711965272165,,180.0,0.2825591075591075
AHZ7SDYIUZ576JWWMA5LVSPHLVDA,-0.34107119652721657,1.7976357602275665,12.5,0.4979166666666666
AHZAMCQPDRULSR64PRS76ZOWLAPA,-2.138706956754783,,101.0,0.0031249999999999
AHZDAYL6YKMYMGOWAG25WROOSAGQ,0.5577466835865666,,1.0,1.0
AHZDXWXJTBINQSQKYWFUNCQQZ7EA,-0.3410711965272165,,10.0,0.0
AHZHDI7ZAFGHWLQY4P3THSAINYXQ,0.5577466835865666,,7.0,0.1708333333333333
AHZIJGKEWRTAEOZ673G5B3SNXEGQ,0.5577466835865666,0.0,5.5,0.5833333333333333
AHZJJH2PN4L55RFYSHBDYR7DP73A,-0.3410711965272165,,1.0,0.0
AHZLGKTUMZUKHOLR244MUEMGKXAA,-0.7262788594331236,1.6292457666523144,30.857142857142858,0.247288961038961
AHZLHIUGLP67LYFOQP55SDLKDHAQ,0.5577466835865666,0.0,2.5,0.5375000000000001
AHZMNUKXD3ZM75XBXPV6FQI3YEGQ,0.10833774352967507,0.6355602180801734,17.5,0.4358333333333333
AHZN2GUPPIS6U7D6GFHFJGCXB4CQ,-0.3410711965272165,,18.0,0.2875
AHZNGEEOG3GBV3Y7P4WQC5W43AFA,0.5577466835865666,,22.0,-0.125
AHZOJQDTMJ6WIHY2RV7PB6K5TG7Q,-0.09593904740527566,0.8130113626909258,63.90909090909091,0.3086366326168957
AHZSLYF6GAH4JAO442VFPN3ALPIQ,0.5577466835865666,,10.0,0.5458333333333334
AHZSUGCJIUILJFV6I7OAEQNAKCBA,0.5577466835865666,,52.0,0.3602272727272727
AHZTJJSVGM7EMEGZTDSQ2NKJC2JA,0.5577466835865666,0.0,2.0,0.91
AHZVE7M4XFMIODLNCBHUWJ5VPSFQ,0.5577466835865666,,17.0,1.0
AHZWDQGQLQLCZRUF4YYYLESXSPZA,-0.7262788594331236,1.7098926755867552,32.0,0.15408730158730163
AHZXGT7AUEGU37GNUNW7ZU3ZS6KQ,-2.138706956754783,,4.0,-0.25
AHZXN2OZBRTGQU4UVYDWDR2JU5CA,0.10833774352967507,0.6355602180801734,3.5,0.0
AHZYBJVSPJO4NMRWIQ4TI4Y42CJA,-0.0040144914845478274,0.4494089400568916,23.0,0.42021412037037037
AHZZJQYNVZUJNPNQ737ITGEQUB4A,0.5577466835865666,,15.0,0.25
AHZZPUYPNZQ7QXK55HGGE3Z7TTEA,0.5577466835865666,,8.0,0.6875
