user_id,nb_interactions,recency_days,nb_products,category_entropy,avg_rating,rating_std,avg_review_length,avg_sentiment,weekend_activity_ratio,cluster
AE225Z2VRWT6GPTOMA4H4O3H2KVQ,1,1840,1,-0.0,0.5577466835865666,0.0,17.0,0.4166666666666667,1.0,3
AE23YCERVBZ7ABKTESKSSXYTLYRA,1,4840,1,-0.0,0.5577466835865666,0.0,59.0,0.2513888888888889,0.0,1
AE246WPAV4HBLUOOOKTECTYQ7ZPA,2,1,2,-0.0,0.5577466835865666,0.0,40.5,0.2406547619047618,0.0,1
AE25NQAZI3725GZIL5FS52ZIKWKQ,9,1219,9,-0.0,0.1582720702026629,1.198423840151711,9.333333333333334,0.43994708994709,0.3333333333333333,2
AE26ICWKMFJEHDH5VDX4W42H2NMA,3,596,3,-0.0,-0.0414652364892887,0.5189327450361415,18.666666666666668,0.1840277777777777,0.0,1
AE2B7P75BH4A7L56Y365IQPYZ6YA,1,2535,1,-0.0,0.5577466835865666,0.0,127.0,0.0916666666666666,0.0,1
AE2C3MK7LXEZJVB2UXM45QCI2TBQ,1,677,1,-0.0,-1.2398890766409998,0.0,37.0,-0.2375,1.0,0
AE2DWV6OPSOUHDZEZQBC2MRYAOXA,12,436,12,-0.0,0.1832392335391569,0.8092386677973332,24.583333333333332,0.353946136039886,0.5,2
AE2JT2433VWURU2CEQB4HKLZNDRQ,1,69,1,-0.0,-1.2398890766409998,0.0,5.0,0.0,1.0,3
AE2KCUCNBBR6ZMIUJQCM7KMQMJ5Q,1,4473,1,-0.0,-2.138706956754783,0.0,126.0,0.0676406695156695,0.0,0
AE2KTZVOMXO3XBRSERKGSBX4Q4IA,2,579,2,-0.0,-0.3410711965272165,0.0,15.0,0.490625,0.5,1
AE2L2VTHKTXIDTE5R7JUU4WW3AZQ,1,122,1,-0.0,0.5577466835865666,0.0,11.0,0.7833333333333332,0.0,1
AE2MDGRKSWOV63U2JGW3MOMIEBSA,2,2373,2,-0.0,0.5577466835865666,0.0,22.0,0.3590909090909091,0.0,1
AE2MIK6YBTBRNZZGI5O5Z6VCMEPA,1,2128,1,-0.0,0.5577466835865666,0.0,15.0,0.2901785714285714,0.0,1
AE2ODZ4VYQ5FNNCONSHSNZM7PHSQ,1,6268,1,-0.0,0.5577466835865666,0.0,14.0,-0.0305555555555555,0.0,1
AE2ONKWFI53HMNABSEGANB4KVVAQ,1,3131,1,-0.0,0.5577466835865666,0.0,3.0,1.0,0.0,1
AE2SLLQC24HDEHVUWKWDT2G7B23A,4,261,4,0.8112781244591328,0.5577466835865666,0.0,29.75,0.3923958333333333,0.25,1
AE2TA5GQH4JI5RQ4W5H5PQOVYBGA,94,55,94,0.5869860483434262,-0.8574133829755601,1.2538453947336117,7.904255319148936,0.2634655636916275,0.2553191489361702,2
AE2TP5ZT3QD6FSMAWNOJVU2P5ZIA,1,2271,1,-0.0,0.5577466835865666,0.0,5.0,1.0,0.0,1
AE2UV6XH56H44OZBF3FY3IBS37TA,1,3618,1,-0.0,0.5577466835865666,0.0,221.0,0.3505847953216374,1.0,3
AE2VNRCUVMWDDI3VCA7VB6FNNO4A,2,1820,2,-0.0,-1.2398890766409998,0.0,11.5,0.3,0.0,0
AE2WCB3PAHPKVXBFCCK6RDQ76XKQ,1,3673,1,-0.0,0.5577466835865666,0.0,51.0,0.5916666666666667,1.0,3
AE2YFNTYYMTKCY6M2CQ3A75GHRGA,1,2282,1,-0.0,0.5577466835865666,0.0,36.0,0.5545454545454545,0.0,1
AE33XC2AXNEN6S3OVTPHVX7RRVIQ,1,2167,1,-0.0,0.5577466835865666,0.0,4.0,1.0,0.0,1
AE34NEUMAQ27PPO63WLRTRDUKWFQ,1,1855,1,-0.0,0.5577466835865666,0.0,29.0,0.325,0.0,1
AE34VA3WMMQ66SY7HAFPRZNZUEBA,4,656,4,1.5,0.5577466835865666,0.0,18.0,0.36,0.5,2
AE35DGEQAVUE6ADUZZMQWLZIESIA,1,3721,1,-0.0,0.5577466835865666,0.0,55.0,0.2607954545454545,0.0,1
AE35DHGBMKOUASVTTHQCYTHVHKKA,13,2497,13,-0.0,0.4886068466547372,0.24928722723493,40.92307692307692,0.5329025835275835,0.1538461538461538,1
AE36CH2CNKXKUUZSSDUBSFN5ARWQ,1,746,1,-0.0,0.5577466835865666,0.0,43.0,0.0572916666666666,0.0,1
AE3A3DKHZOBCZS6352E5VP2WE2CA,1,1884,1,-0.0,0.5577466835865666,0.0,1.0,0.6,0.0,1
AE3ADG6WP7UYB54J3CRQ22BLQE3A,6,193,6,-0.0,0.5577466835865666,0.0,15.833333333333334,0.3854166666666667,0.3333333333333333,1
AE3C62JLCUWE273CJ3MNBXLJAJ6Q,4,248,4,1.5,-0.1163667264987707,0.8605526033570225,73.5,0.3328505291005291,0.0,2
AE3C6ZSDIWLXHZ4MW6LNITGHZWLQ,5,731,5,-0.0,0.0184559555182967,1.2058907275960054,90.8,0.4269218539888044,0.4,2
AE3DNVXK3KQ52BTHWDTKCJOZ2WPQ,1,733,1,-0.0,-3.0375248368685663,0.0,11.0,0.5,1.0,0
AE3KRBQITID7SAJ2W5H5E7RD35DA,1,2249,1,-0.0,0.5577466835865666,0.0,7.0,0.3181818181818182,0.0,1
AE3LOM7QWQC2PDQJ3KDBWSTIAEXA,5,262,5,0.7219280948873623,-0.1613076205044599,1.6078543034613406,81.2,0.3195907287157287,0.0,2
AE3PCPB24YTHGIIIWZOWBZ6VZIVA,2,613,2,-0.0,0.108337743529675,0.6355602180801734,6.5,0.28,0.0,1
AE3Q6AEWP7Y7CH4N6IWEP4YBNP2A,18,78,18,1.0529407605626346,0.058403416856687,0.936224564381771,17.944444444444443,0.4211428738161931,0.5,2
AE3S23WS6PMZEJAFOOS4YA67YHOA,1,1314,1,-0.0,0.5577466835865666,0.0,2.0,0.5,1.0,3
AE3TVIQU3RAYXVKHWBBVU44GVESA,1,7557,1,-0.0,-0.3410711965272165,0.0,462.0,0.1296449829931973,0.0,0
AE3U73QGVDLZUA2DSACCVDCYAY6Q,17,14,17,1.7838593436779768,0.2405168435464078,0.7745740373169997,14.941176470588236,0.3688963779956427,0.2352941176470588,2
AE3U7D7TFKOJB4YHU223VIJZCZ5Q,2,1842,2,-0.0,0.5577466835865666,0.0,14.0,0.0370833333333333,0.0,1
AE3UAOMGVAWIMC7642H7FBAI46EA,1,1132,1,-0.0,0.5577466835865666,0.0,18.0,1.0,1.0,3
AE3VGST2ATPP7OTR3YGP43EMVT7Q,1,1462,1,-0.0,0.5577466835865666,0.0,28.0,0.3844444444444444,1.0,3
AE3VSUJHP2KB42ZW6RYEL2ZL2Z4Q,1,2184,1,-0.0,0.5577466835865666,0.0,3.0,0.0,0.0,1
AE3WI6JPR64423XDLLWJIFDTQBJA,1,1787,1,-0.0,0.5577466835865666,0.0,29.0,0.4333333333333333,0.0,1
AE3WJ3IDKDL3AVWIVWVIIFOQKBEQ,1,1987,1,-0.0,-1.2398890766409998,0.0,92.0,0.1747727272727272,1.0,0
AE3Y6N4OAXVU7AX3PZZ6M5LKEKKQ,1,589,1,-0.0,0.5577466835865666,0.0,119.0,0.3741391184573002,0.0,1
AE3YAVL3JIQDT4GSV23DI6MJ7TRQ,4,625,4,1.0,-0.5657756665556624,1.3482268201706746,22.25,0.3872023809523809,0.0,2
AE3ZEVN65B3MWKIBLFRBGMJDGJCA,7,258,7,1.1488348542809166,0.5577466835865666,0.0,36.857142857142854,0.4059920634920634,0.7142857142857143,2
AE3ZH3YVW3CVJSVJHXDKEOCQH55A,1,1927,1,-0.0,0.5577466835865666,0.0,49.0,0.462,0.0,1
AE427MY65PZ6FNZ2IY6HCTIIQZEQ,5,801,5,1.521928094887362,-1.9589433807320265,1.4769084840818796,46.0,0.1367499999999999,0.2,2
AE42GH4BGD3R3BJFMZWONYKTPPAA,1,187,1,-0.0,-3.0375248368685663,0.0,24.0,0.0333333333333333,1.0,0
AE42OJDQ4FOVEW4XS2ZWBDWFSOKA,1,2957,1,-0.0,0.5577466835865666,0.0,1.0,1.0,0.0,1
AE45QAEYVTPSHPANWBX4KRUF6MXQ,1,3235,1,-0.0,0.5577466835865666,0.0,21.0,0.925,0.0,1
AE45YMBT22253F3XWEESXGHVS42A,1,2176,1,-0.0,-1.2398890766409998,0.0,38.0,0.1775,1.0,3
AE475YIHKFR4FFV3ECYZS43DRZCA,1,6209,1,-0.0,-3.0375248368685663,0.0,215.0,0.0912245470578803,0.0,0
AE4DDAEAGC7FBWR6FUOUZI4WOZLQ,1,2201,1,-0.0,0.5577466835865666,0.0,9.0,0.48828125,0.0,1
AE4EY2RB3FDDFWK5AEBP2WP3AGMA,1,2502,1,-0.0,0.5577466835865666,0.0,10.0,0.5533333333333333,0.0,1
AE4HXIKWVZTAX53MFK77Z2TBZWVA,1,3670,1,-0.0,-3.0375248368685663,0.0,136.0,0.095,0.0,0
AE4JEBI6AAXVC6CKQCOSPLAVUCQQ,1,929,1,-0.0,0.5577466835865666,0.0,7.0,-0.175,1.0,3
AE4JY2AMAZ76UC5XAOVYLUC6E7YQ,1,3185,1,-0.0,0.5577466835865666,0.0,21.0,0.2992727272727272,0.0,1
AE4KVNO5P6N6SP6CQTZTIDHEAWFQ,11,11,11,0.6840384356390417,0.1491931017166652,0.4693923291038304,20.272727272727273,0.3819907407407407,0.3636363636363636,2
AE4L2LH55JNFCLHFXFC7YOEQSBIA,24,10,24,1.5283688992090207,-0.6032264115604034,0.9363011904174026,96.66666666666669,0.1403953029346936,0.2916666666666667,2
AE4LSM4GFD66A4EIWZ2J5OSWQNGQ,1,1519,1,-0.0,0.5577466835865666,0.0,120.0,0.6252307692307693,0.0,1
AE4NUPKI764YXEKLO3RFELE6NKOA,1,3191,1,-0.0,0.5577466835865666,0.0,59.0,0.31,1.0,3
AE4Q3FPKMKMRHPNWBCHW5XNVB6AA,1,3206,1,-0.0,0.5577466835865666,0.0,31.0,0.3285714285714285,0.0,1
AE4QJPWRRCQO3K2KCGZWRYDFV4KA,3,1483,3,-0.0,0.5577466835865666,0.0,13.666666666666666,0.7294270833333334,0.6666666666666666,3
AE4TAG762WBWX53E6DNM7XSVBDWQ,1,3136,1,-0.0,0.5577466835865666,0.0,48.0,0.2285714285714286,0.0,1
AE4VDUS22PQQM5D6W7WVWYWRYCEQ,1,1812,1,-0.0,0.5577466835865666,0.0,5.0,0.0,0.0,1
AE4WMJOOYYWIJAOTOSPZEI27LSJA,1,3295,1,-0.0,0.5577466835865666,0.0,22.0,0.3666666666666667,1.0,3
AE52U34CK7FHXFZXLBV5T7EPLKPQ,1,4578,1,-0.0,0.5577466835865666,0.0,131.0,0.505,0.0,1
AE53BPYA42RVO7EG7MIR7AMUSZBQ,1,2229,1,-0.0,0.5577466835865666,0.0,18.0,0.4025,0.0,1
AE53SGI7K7H4CEGNVNSO3CXSDNUQ,2,2607,2,-0.0,0.5577466835865666,0.0,35.5,0.4635,0.0,1
AE542ITELIXSMJJNDW2UQJSQLZNA,1,2310,1,-0.0,0.5577466835865666,0.0,17.0,0.236111111111111,0.0,1
AE54PZQCH4FATQNTHJBWND5GTPMQ,1,3334,1,-0.0,0.5577466835865666,0.0,106.0,0.1335353535353535,0.0,1
AE55IRK2BWNVKDHN3INKG7I2JNEA,1,1953,1,-0.0,0.5577466835865666,0.0,64.0,0.271590909090909,0.0,1
AE56IRAS2UYOMTI5XOSCRGXF3A2A,1,2112,1,-0.0,0.5577466835865666,0.0,2.0,0.7,1.0,3
AE56U36OKSLHOJXLTYN6K5FVDSOQ,8,2791,8,-0.0,0.4453944485723438,0.3177801090400867,37.0,0.3313516865079365,0.75,3
AE57MRF2R2ALCC6H5WQLFKT7KSSA,24,131,24,1.528368899209021,-0.0040144914845478,1.0200864169544115,22.708333333333332,0.2977619421611236,0.5416666666666666,2
AE5AEF6MZZ4Q6QVYQI66U2KNP6IQ,1,5648,1,-0.0,0.5577466835865666,0.0,85.0,0.2349999999999999,1.0,3
AE5BARZD36USKQBRWADEGTHGPSVQ,1,1404,1,-0.0,0.5577466835865666,0.0,54.0,0.2,0.0,1
AE5CE7OYTR6GVPFPLDKU4WH2U3QA,1,3274,1,-0.0,0.5577466835865666,0.0,54.0,0.3555555555555555,1.0,3
AE5DIA2HDWBPNGBO2FXN2PF4NQJA,21,109,21,0.4537163391869448,-0.0414652364892888,1.1487065987303506,61.04761904761905,0.2213543187045171,0.1428571428571428,2
AE5DK6FQTEOBBFONY64EW3ZFTYVQ,1,2618,1,-0.0,-3.0375248368685663,0.0,21.0,0.0,0.0,0
AE5EFPZILS6MKIZZBS536VEFQO4A,5,1303,5,-0.0,0.37798310756381,0.4019635758653351,8.6,0.5,0.2,1
AE5GHFQZ6IXM4QNYTLTYJO24KQZQ,1,2141,1,-0.0,0.5577466835865666,0.0,27.0,0.1888888888888888,0.0,1
AE5II4T3UESJURZWUG4L7X5LMMWA,2,800,2,1.0,0.5577466835865666,0.0,18.0,0.2333333333333333,0.5,2
AE5KMBYQASBZID6LHGS76DVDFYPA,4,50,4,0.8112781244591328,-1.2398890766409998,2.075730980144566,42.25,0.2512152777777778,0.5,2
AE5LPFNQAV3XHJNHD2ICKIN257XQ,1,3089,1,-0.0,-1.2398890766409998,0.0,9.0,0.5,0.0,1
AE5N6XYINB7U5E735LESJZJMCAMQ,1,342,1,-0.0,0.5577466835865666,0.0,3.0,0.7,1.0,3
AE5NGNFR5BFZV4VEOUVLKIYPGDFA,3,158,3,-0.0,0.5577466835865666,0.0,6.666666666666667,0.45,0.0,1
AE5NMN6ZORL2AN3DXJN7RH234DEA,1,1290,1,-0.0,0.5577466835865666,0.0,57.0,0.1844444444444444,0.0,1
AE5NOSEXKQHWMPATOYD3FM2ZJ5BQ,1,465,1,-0.0,0.5577466835865666,0.0,15.0,0.78375,0.0,1
AE5PCZCRUBNDXNLAT7SJKKBRPQIQ,3,627,3,1.584962500721156,0.5577466835865666,0.0,21.666666666666668,0.45,0.0,2
AE5QBPPZ53NJC2BDX7UZPKJEL5CQ,1,2728,1,-0.0,0.5577466835865666,0.0,22.0,0.4625,1.0,3
AE5QCAY6EVMM5KGT4GNSMBUIAIEQ,3,499,3,0.9182958340544896,-1.5394950366789275,1.8710386207450893,62.666666666666664,-0.2997222222222222,0.6666666666666666,2
AE5R25NB3AXXTVV6R4GBQAZXQFFQ,1,2854,1,-0.0,-3.0375248368685663,0.0,14.0,0.0499999999999999,1.0,0
AE5RPKDYYDXVZ7VNUHU76MFP2XFA,2,670,2,-0.0,0.5577466835865666,0.0,9.0,0.375,0.5,1
AE5TS6P6VOVNO5YYHRKEFAGHEMKA,1,380,1,-0.0,0.5577466835865666,0.0,24.0,0.175,0.0,1
AE5UW4XLVL5AXSJP24MTH4LKK4DA,1,3605,1,-0.0,0.5577466835865666,0.0,21.0,0.6416666666666666,0.0,1
AE5VC672ROYF2LMFXC5GZQ63D25A,1,2475,1,-0.0,-1.2398890766409998,0.0,16.0,0.4666666666666666,0.0,1
AE5VPKX64CVOPH6X75C7EQXAIGLA,1,3176,1,-0.0,0.5577466835865666,0.0,148.0,0.4269069264069264,1.0,3
AE62OB3JYQR2U6F34BAIJPQ5SWOQ,1,559,1,-0.0,0.5577466835865666,0.0,108.0,0.209861111111111,1.0,3
AE62UN4Q5JNY6V3J6BOXSW4XC3KA,1,3514,1,-0.0,-1.2398890766409998,0.0,62.0,0.175,0.0,0
AE63IY2VV2QNP4BLIEEOP7YMQVCQ,2,2552,2,-0.0,0.5577466835865666,0.0,8.0,0.7890625,0.0,1
AE63QWJX2YH2MYOW5UE7WO3DEGTA,4,524,4,1.5,-2.588115896811675,0.8988178801137834,29.25,-0.205625,0.25,2
AE63SKK47DLG5EONUFB3GH4UUJRA,5,82,5,-0.0,0.5577466835865666,0.0,13.6,0.1453333333333333,0.2,1
AE64BPHBPF6A3OHCTHFDKJABRRMA,1,1223,1,-0.0,0.5577466835865666,0.0,2.0,0.7,1.0,3
AE64TJC4RYNSJEH2O5BOXUYQ2OJQ,1,2434,1,-0.0,0.5577466835865666,0.0,4.0,0.8,1.0,3
AE65J3QI4AE6R6VMJDM2GELREEUA,1,1342,1,-0.0,0.5577466835865666,0.0,7.0,0.5,1.0,3
AE66SREAZUBIZQLO6N337HZ6LKRA,1,2663,1,-0.0,0.5577466835865666,0.0,10.0,0.85,0.0,1
AE676FZ5UX5SR45OR7H5IQLLPLIQ,1,1697,1,-0.0,0.5577466835865666,0.0,25.0,0.175,0.0,1
AE6AL5KN3ZXJZD62ZVOOFMNOZ4PA,4,457,4,-0.0,-0.1163667264987707,1.3482268201706746,26.5,0.4929166666666666,0.25,2
AE6BON6K5BLJC7CW5FNBII2PFQCQ,1,86,1,-0.0,0.5577466835865666,0.0,22.0,0.1833333333333333,0.0,1
AE6BQHYSTFGJAGWNJHT2QIWLQVOA,2,553,2,-0.0,-1.6892980166978917,0.6355602180801733,16.5,0.0875,0.0,0
AE6BS6CP27GCC4E24ODYORMVXRXA,1,352,1,-0.0,0.5577466835865666,0.0,2.0,1.0,0.0,1
AE6D7ZSUYY43IOUORRDOY5EGKZSQ,1,736,1,-0.0,-0.3410711965272165,0.0,86.0,0.4141873278236913,0.0,1
AE6DFDMIJAVW57EVMRJH2M2X6ACA,1,503,1,-0.0,0.5577466835865666,0.0,14.0,0.0,1.0,3
AE6EPWEAGVOKWS42HYLLT2CZWTGQ,1,2411,1,-0.0,0.5577466835865666,0.0,4.0,0.8,0.0,1
AE6ETV4O3RQHZKKWDOG5UMEAWQKA,1,1129,1,-0.0,0.5577466835865666,0.0,13.0,0.75,0.0,1
AE6FCNSLO27JTUJYWXMN7NTUBRWQ,1,6629,1,-0.0,0.5577466835865666,0.0,70.0,0.3428571428571428,0.0,1
AE6FCSWU5QD2YEOQTS6ZS6WP24MA,1,3078,1,-0.0,0.5577466835865666,0.0,13.0,0.4549999999999999,1.0,3
AE6FJD2A2MHZF3KKAHCECTSJDWWA,1,2591,1,-0.0,0.5577466835865666,0.0,25.0,0.2592764378478664,0.0,1
AE6FQEKWD2XKUATYU2TWZE6HPO7Q,1,1170,1,-0.0,0.5577466835865666,0.0,2.0,0.0,0.0,1
AE6G3FGNUAICEI7CN24HLLVKGLVA,1,2526,1,-0.0,0.5577466835865666,0.0,47.0,-0.0416666666666666,1.0,3
AE6HTDHTIHQX37MKNM4RLKC4QPAA,1,1290,1,-0.0,-1.2398890766409998,0.0,28.0,0.0333333333333333,0.0,0
AE6JGOLFSLXLAQX73X36J2I3RVNQ,4,2681,4,-0.0,0.3330422135581208,0.4494089400568916,547.0,0.2127964632043936,0.5,0
AE6LANOUP4X6HAV2THT7JMXEZ5AA,2,870,2,-0.0,0.5577466835865666,0.0,13.0,0.6,0.0,1
AE6LJNAD5XA3OPVLECDOS46HGBZQ,1,1969,1,-0.0,-0.3410711965272165,0.0,13.0,0.2333333333333333,0.0,1
AE6LXZB4CFCQIEZMHKLEWHCUAWEA,1,3440,1,-0.0,0.5577466835865666,0.0,33.0,0.275,0.0,1
AE6M4A6VUJMAC6DSDEFVSCNTRXVQ,1,4724,1,-0.0,0.5577466835865666,0.0,38.0,0.2875,1.0,3
AE6MQB5IFXKYCRQ3JUSCB4CJGAHQ,1,2678,1,-0.0,0.5577466835865666,0.0,25.0,0.4604166666666666,0.0,1
AE6MYJPNUBVETY6GBEFCBTVGBMTA,1,197,1,-0.0,0.5577466835865666,0.0,5.0,0.5,0.0,1
AE6P2YJ6FKX332MD56GPJFSHXNJQ,7,302,7,-0.0,-0.3410711965272165,1.3729669905337183,15.857142857142858,0.4837698412698413,0.1428571428571428,2
AE6R7KWG62VQK4KW25T2X2IRCKBA,1,3631,1,-0.0,0.5577466835865666,0.0,41.0,0.0533333333333333,1.0,3
AE6SFGOYFVW5332HQFP5TSJPOZYA,20,239,20,1.3567796494470394,0.0184559555182967,1.1809508541153857,29.25,0.3493484136234136,0.25,2
AE6SKOXFZQTERQA2STK7PQGOJHOQ,1,1182,1,-0.0,0.5577466835865666,0.0,7.0,0.875,1.0,3
AE6SR3MLGOVKNCT34BBN3PDC34OA,1,305,1,-0.0,-0.3410711965272165,0.0,70.0,0.1857142857142857,0.0,1
AE6T5HPHZOJKN2BGUA3ZAVDKDOWQ,3,731,3,-0.0,-0.0414652364892888,1.037865490072283,29.666666666666668,0.540446127946128,0.0,1
AE6U2ZCGCBRDU3TT3PVH44ITRLOA,1,2267,1,-0.0,0.5577466835865666,0.0,613.0,0.2610888460497836,1.0,0
AE6UBT75DVICTSPGLW5SKCLWCQKA,1,5583,1,-0.0,0.5577466835865666,0.0,43.0,0.1838095238095238,0.0,1
AE6VDHCPPW2D3R7IYILBAE5C32RA,1,923,1,-0.0,-0.3410711965272165,0.0,23.0,0.1375,1.0,3
AE6VOJKW3SN7SOLUTLAFUVZVSZVQ,1,140,1,-0.0,0.5577466835865666,0.0,112.0,0.1425,0.0,1
AE6XLURQ2JFED7NWXHCGH4GQ6OBQ,10,2913,10,0.4689955935892812,-0.3410711965272165,0.0,65.6,0.2866285714285714,0.3,1
AE6YLEEPJ47WLVVHEJ4CSBONBVBA,4,793,4,0.8112781244591328,0.5577466835865666,0.0,7.75,0.7,0.0,1
AE6Z44KMO6NKWNHG5K4VKOGESRNA,4,1113,4,0.8112781244591328,-1.015184606612554,1.8529605289514397,35.75,0.2840277777777777,0.25,2
AE6ZACCQOGZIDDWM4TZPAEKUJRHA,1,2736,1,-0.0,0.5577466835865666,0.0,1.0,0.8,1.0,3
AE72A3F2N3PVD4CJM527Z4N6CN2A,4,14,4,1.0,0.108337743529675,0.8988178801137832,8.75,0.353030303030303,0.25,2
AE73SQJO4UU5DT7JN6KY2LDG4MUQ,1,1722,1,-0.0,0.5577466835865666,0.0,18.0,-0.2,0.0,1
AE74DYR3QUGVPZJ3P7RFWBGIX7XQ,32,52,32,0.6449742087569881,-0.7623920778305524,1.2708000529325334,22.09375,0.1972967457889333,0.34375,2
AE75B5FZXGAK52RQY5XKLQTTK4HA,8,1383,8,0.8112781244591328,-1.3522413116552228,1.1203076873298856,38.0,0.0651791914682539,0.125,2
AE76ZZSO47UTKCCUYBOGXKFB4R4A,2,2837,2,-0.0,0.5577466835865666,0.0,79.5,0.2458333333333333,0.0,1
AE77VJ56TAIJ7X45CVYTUL6U7YKQ,1,2638,1,-0.0,-3.0375248368685663,0.0,98.0,0.2055555555555555,1.0,0
AE7BV6IMNPZ3F266H7PXMH3BZQNQ,545,25,545,0.1562758095099132,-0.1217266496370639,0.6834588130542009,121.68073394495411,0.2518887312667808,0.3247706422018349,4
AE7DXPRK4AXPP7WM3KFZQGLU6XNQ,1,4375,1,-0.0,0.5577466835865666,0.0,43.0,-0.0375,0.0,1
AE7I4XETWQMHZM7DW7QOZE4HCHKQ,2,1624,2,-0.0,0.5577466835865666,0.0,28.5,0.4578125,0.0,1
AE7IRGN5QWIIIPASDW4WG5LD7HNA,1,1923,1,-0.0,-0.3410711965272165,0.0,8.0,0.2533333333333333,1.0,3
AE7KBICSNXLU4UH24NY5SQ6RCPKQ,1,3200,1,-0.0,0.5577466835865666,0.0,23.0,0.2666666666666666,0.0,1
AE7KKMDQFVFXWFU2Y2IWVTVLR7PA,1,1830,1,-0.0,0.5577466835865666,0.0,22.0,0.0,0.0,1
AE7LHVMYVJ37S2AVVQ4VQ3AQDNOA,1,2334,1,-0.0,-0.3410711965272165,0.0,1.0,0.7,0.0,1
AE7NJNAHEAH2RHHWAAQ3UBSOT3IQ,1,2825,1,-0.0,0.5577466835865666,0.0,5.0,0.0,0.0,1
AE7PS5YGIOGEVUGCTWRNJFDSKZUA,1,3360,1,-0.0,0.5577466835865666,0.0,208.0,0.1630357142857142,0.0,1
AE7RGRZE7GNOHIOPKEWBCW2RNBLA,1,2277,1,-0.0,-1.2398890766409998,0.0,18.0,0.475,0.0,1
AE7RZT7S3LOTSS2RZSNZJ6CZ32UQ,1,2124,1,-0.0,-0.3410711965272165,0.0,90.0,0.1977272727272727,0.0,1
AE7SM7AAXKP5TUKS4SR5KQ4U3FLQ,1,135,1,-0.0,0.5577466835865666,0.0,22.0,0.6166666666666667,0.0,1
AE7TEQNM7S2TTC7LTFZXCKMH5AAQ,8,2611,8,-0.0,0.5577466835865666,0.0,14.875,0.6526562499999999,0.0,1
AE7TI6OY6NOCS74NRNKBS7V2RC2A,1,1462,1,-0.0,-1.2398890766409998,0.0,7.0,0.2875,1.0,3
AE7U5GXFMYFLQ7SRIULJYIQBFY6Q,1,1912,1,-0.0,0.5577466835865666,0.0,52.0,0.5166666666666666,0.0,1
AE7UMLDVE2HU5TNHW4NG7U3DCTSQ,1,1799,1,-0.0,0.5577466835865666,0.0,15.0,0.4623376623376623,0.0,1
AE7UWJJ7SYUMWXTVMWRCCAXNCV6Q,1,2541,1,-0.0,-3.0375248368685663,0.0,266.0,-0.0098484848484848,0.0,0
AE7UXMR4DETCYCS42MLXPM4WYCFQ,1,2819,1,-0.0,0.5577466835865666,0.0,94.0,0.0876923076923077,1.0,3
AE7W2UJVZSRJWTOBH4XLV6S5TYKA,1,6472,1,-0.0,-0.3410711965272165,0.0,130.0,0.2452380952380952,0.0,1
AE7XECVDXRFBVTC4GBDYQ32Y53XQ,1,669,1,-0.0,0.5577466835865666,0.0,55.0,0.4078125,0.0,1
AE7Y5RLYIKHOZB5NKKOEKYG2SPSQ,33,22,33,1.420376403083,0.0402454798846914,1.1464399826076463,43.93939393939394,0.2513884554698948,0.2121212121212121,2
AE7ZDNPHYHOI7Q55LZSO6J3JAGYA,1,2489,1,-0.0,0.5577466835865666,0.0,5.0,1.0,0.0,1
AE7ZR5DNB5MPPJ3KNECRHSDEDPUQ,5,1064,5,1.521928094887362,0.5577466835865666,0.0,24.6,0.5675037878787879,0.4,2
AEA2AYPIP3RN2YZWRNFKKD6OGGBA,34,147,34,0.1914332548141934,0.4520034035731803,0.4830007219083228,28.058823529411764,0.2690196078431373,0.2352941176470588,1
AEA2HUVJRPQIXXW7G67BDM6QKTQQ,1,2064,1,-0.0,0.5577466835865666,0.0,3.0,0.40625,1.0,3
AEA2J63YMST3MYAXYVRE6RNKZPQA,1,3429,1,-0.0,0.5577466835865666,0.0,20.0,0.364,0.0,1
AEA4MGHSNHUY7VP2O7DMPT4QOONA,2,3046,2,-0.0,0.5577466835865666,0.0,194.5,0.2817673992673992,0.5,3
AEA5CXVRQULWM6XGFQT2LJZ67D5A,3,2561,3,-0.0,0.5577466835865666,0.0,31.666666666666668,0.446613455988456,0.3333333333333333,1
AEAAKJTQZFBCEF3SY6DP43GRASHA,2,83,2,-0.0,-0.7904801365841081,0.6355602180801735,7.0,0.3749999999999999,0.5,2
AEAANRBX3MEOKWDZHJR57D4IKGJQ,1,3336,1,-0.0,0.5577466835865666,0.0,21.0,0.9,0.0,1
AEAF5IPJIWVMWHJK5NL3GVIATL4A,1,2357,1,-0.0,0.5577466835865666,0.0,34.0,0.6375,1.0,3
AEAFMXFN5Y3QI6WQ6K5NBUCJALEA,3,92,3,-0.0,-0.3410711965272164,0.0,15.0,0.4433333333333333,0.0,1
AEAGCIMGDOZO4UE4KHV2Y4KGGIKA,2,2863,2,-0.0,0.5577466835865666,0.0,11.5,0.0,0.5,3
AEAJJTYNMR64RK4DY4YUWQKRHJVQ,1,2926,1,-0.0,-0.3410711965272165,0.0,81.0,0.1333333333333333,0.0,1
AEAKA6XDHEBKYWF5MI74RC77N4ZQ,1,3704,1,-0.0,-2.138706956754783,0.0,70.0,0.1447916666666666,0.0,0
AEAKL4XCE2VWMJB3ONTWZMQZCV6Q,1,3062,1,-0.0,-0.3410711965272165,0.0,5.0,0.39,0.0,1
AEAL7CCMGMGLZ7R4NHQ47R7RI2AA,1,3243,1,-0.0,0.5577466835865666,0.0,26.0,0.475,0.0,1
AEAPVXLCCZWRESQGTCYMMC7KCU2A,1,1523,1,-0.0,0.5577466835865666,0.0,20.0,0.1666666666666666,0.0,1
AEAQZNKKZXYG6HRG2TTXEZUN3G6Q,1,452,1,-0.0,0.5577466835865666,0.0,4.0,0.6,0.0,1
AEASVRO6MDPXZIOTWH3SVNMYROOA,1,2277,1,-0.0,0.5577466835865666,0.0,7.0,0.4,0.0,1
AEAU4B3HGL46SP3ARQZZ3B7PDA4Q,10,591,10,1.295461844238322,-0.8803619245954865,1.8565902298422063,20.1,0.2424583333333333,0.1,2
AEAUZK2OLWXD75AWJOCCGGCL3H2A,7,961,7,1.3787834934861751,0.3009415749826286,0.6794424527769537,28.428571428571427,0.1887414965986394,0.1428571428571428,2
AEAVLSCYOUN57UZXZ5WEWPIAG35Q,1,3920,1,-0.0,-3.0375248368685663,0.0,238.0,-0.0038461538461538,0.0,0
AEAY77QOBMM2D3P5A7JBKW52OVMA,1,2191,1,-0.0,0.5577466835865666,0.0,13.0,0.0,0.0,1
AEAYAZZGR4AMIXCWZK2MZW437XRA,2,2845,2,1.0,0.5577466835865666,0.0,5.5,0.3958333333333333,0.0,1
AEAYCPAO7M75VC7U2FA2U6NQBZDA,14,409,14,0.3712323266408756,-0.020064810772294,1.0927281954293189,41.42857142857143,0.1581723298432482,0.5714285714285714,2
AEAZOEPTNIR4ITRBHODX7UCKOWUQ,1,2994,1,-0.0,0.5577466835865666,0.0,10.0,0.65,1.0,3
AEB2HFFRD4CUYOW4OMUYH2JFX2GQ,1,564,1,-0.0,0.5577466835865666,0.0,6.0,0.0,0.0,1
AEB3R5XKQSVEXWOIMF2JC5BQE2HA,4,2280,4,-0.0,-0.5657756665556624,1.7014347869108912,35.0,0.2989267676767676,0.75,2
AEB7QWAL6J4YHBCBKR5KYQ42IRFQ,3,572,3,0.9182958340544896,0.5577466835865666,0.0,39.0,0.167361111111111,0.3333333333333333,1
AEBEBRMSAX44H4SVVGZK3NMATP3A,2,568,2,-0.0,0.5577466835865666,0.0,6.0,0.6375,0.0,1
AEBEJ6DXXVSLCXD6NJ4XPVWRYDNA,3,62,3,-0.0,-0.940283116603072,1.037865490072283,70.0,0.154021164021164,0.3333333333333333,2
AEBEMKCZEMUFCPGTHMPVILJ7Z5VA,3,65,3,0.9182958340544896,0.5577466835865666,0.0,11.666666666666666,0.2812626262626262,0.0,1
AEBEVCYY3HASVJ2Z5Q2Q36TENT2A,56,10,56,0.8725525209711026,0.0280861470909444,0.8869202645121504,90.375,0.1505218357134488,0.75,2
AEBFBBNXOJIBL5SNXHXRSINM6IPA,1,194,1,-0.0,0.5577466835865666,0.0,6.0,0.7,1.0,3
AEBGDMORWULPCKAQGGLY254MN7OA,2,3166,2,-0.0,0.5577466835865666,0.0,2.0,0.0,0.0,1
AEBHD4YLKOL6LOF7ZAP7RHYKQAPQ,3,229,3,-0.0,-0.940283116603072,1.8710386207450893,15.0,0.4188095238095238,0.6666666666666666,2
AEBIQICUNDRDP6YCUGOCC7GTIEPQ,2,2871,2,-0.0,0.5577466835865666,0.0,7.5,0.5083333333333333,0.0,1
AEBISU5SIQN5HOFNMY4OQL6C4QJQ,1,3082,1,-0.0,0.5577466835865666,0.0,3.0,0.675,0.0,1
AEBJ4SUV5OQENDB2EPXUQKXEU6JA,2,2136,2,-0.0,0.5577466835865666,0.0,84.5,0.3142424242424242,0.0,1
AEBL2OJWAOEG5JTZDT64ADPLSLBQ,7,2245,7,0.863120568566631,0.5577466835865666,0.0,23.714285714285715,0.5670535714285714,0.8571428571428571,3
AEBLCHCESVOG4V4FFTT2F3QC2ZLQ,3,122,3,-0.0,-0.3410711965272164,0.0,45.666666666666664,0.1797619047619048,0.3333333333333333,1
AEBNSOBHLXB4KZOBVYIOORKF7BZQ,1,3610,1,-0.0,0.5577466835865666,0.0,46.0,0.3577777777777777,1.0,3
AEBNTHYV4OUJD3W7CHID55QAIOSQ,1,1722,1,-0.0,0.5577466835865666,0.0,17.0,0.2,0.0,1
AEBOX3VURJY6CTZCLHPYCTVADRNQ,1,2947,1,-0.0,0.5577466835865666,0.0,4.0,0.3833333333333333,0.0,1
AEBPDUY4HIPRXZ4YH55XOB7M6Y2A,1,1937,1,-0.0,0.5577466835865666,0.0,71.0,0.0,1.0,3
AEBQ5WZ3O3H5UZQFB3WAOQ4KBYMA,1,697,1,-0.0,0.5577466835865666,0.0,247.0,0.1578030303030303,0.0,1
AEBQTMAMKQWHOLTR4CYXKKZWXSMA,1,2258,1,-0.0,0.5577466835865666,0.0,16.0,0.1965277777777777,0.0,1
AEBV7EWLGRTRRJCHN73RYFM6EOBA,18,26,18,2.002172223183764,0.158272070202663,0.5534010573574799,43.55555555555556,0.2535801905463363,0.1666666666666666,2
AEBWL33GSNKG3JIUPBW4RPTVGYGA,2,5139,2,-0.0,0.5577466835865666,0.0,41.0,0.3299999999999999,0.0,1
AEC2MJZGFAK2UNNWWV7NGXQWQZHQ,2,67,2,-0.0,-0.3410711965272165,0.0,42.0,0.0206980519480518,0.0,1
AEC3D75RF7TIGCQECDVTKQVIGEMA,1,51,1,-0.0,0.5577466835865666,0.0,4.0,0.7,0.0,1
AEC4USL3AGDC4UZXCGL6AYRUCBBQ,1,202,1,-0.0,0.5577466835865666,0.0,75.0,0.30995670995671,1.0,3
AEC5V34TPJOF63AW677YFLFL2O2A,3,605,3,-0.0,-1.2398890766409998,1.5567982351084244,39.0,0.1375378787878788,0.3333333333333333,2
AEC6MVPIPSLIVH7MQMW3U5XFND5A,12,858,12,1.8250112108241772,-0.5657756665556624,1.1577286879694966,135.41666666666666,0.1736125834435999,0.1666666666666666,2
AEC7G5VBKTZL7FDURSHPTCSH6SJQ,1,3209,1,-0.0,0.5577466835865666,0.0,83.0,0.0978125,0.0,1
AECABX3OO3GK7FCPZLFM3LT2E6UA,37,417,37,1.0880725728414795,0.5577466835865666,0.0,6.513513513513513,0.4745917792792792,0.2432432432432432,2
AECBGBU5TUVNJ2C7IXIN5UQBLITQ,1,2400,1,-0.0,0.5577466835865666,0.0,19.0,0.6666666666666666,1.0,3
AECEKXENKICRDJMRX6JMACUJIBNA,1,3042,1,-0.0,-2.138706956754783,0.0,51.0,0.1210227272727272,1.0,0
AECFKOHKOZQ6OKTH2L2H3O6UE5FA,3,2650,3,-0.0,-0.6406771565651443,2.075730980144566,3.3333333333333335,0.7333333333333334,0.0,2
AECFNYM6K5MPHW6K4KLOO7LPFDHA,1,1160,1,-0.0,0.5577466835865666,0.0,1.0,1.0,1.0,3
AECFPQ7LHOHU467275YKR7SDG23A,2,148,2,-0.0,0.5577466835865666,0.0,5.5,0.6625000000000001,0.0,1
AECGR42H24LUU7DA7HEUMCRLTX7Q,13,173,13,1.1401156785146092,-0.0645118487998986,1.1824731444755063,89.3076923076923,0.2884396224620583,0.3076923076923077,2
AECHB52QONJJCMFN35YBRV6AKRTQ,6,816,6,0.6500224216483541,0.5577466835865666,0.0,13.5,0.4501641414141413,0.5,1
AECHLFVTT6FNIXXG7N7VUU4BNCIQ,2,635,2,-0.0,0.5577466835865666,0.0,33.5,0.5986309523809523,0.5,1
AECHVBXH7FJUAZFS7XXIPZ5S622A,3,1580,3,-0.0,-0.0414652364892887,0.5189327450361415,36.666666666666664,0.4437654320987654,1.0,3
AECIBNSEFCIDJ5TLCTF6EABM55PQ,1,1770,1,-0.0,0.5577466835865666,0.0,40.0,0.4,1.0,3
AECK3BJSJOAFSKAAUD4ILDFXZ7KQ,2,2406,2,1.0,0.5577466835865666,0.0,10.0,0.775,0.5,1
AECKU4ZPHHQE3ZSFLDTO3ZGPFKMA,1,2737,1,-0.0,0.5577466835865666,0.0,1.0,0.5,0.0,1
AECMMWFRKTOFQM2KIG6Y5LU3IHEQ,1,2634,1,-0.0,0.5577466835865666,0.0,14.0,0.4,0.0,1
AECNLTI4ESYH4VD7PNNS5CGLTS2A,1,2831,1,-0.0,-0.3410711965272165,0.0,8.0,0.4333333333333333,0.0,1
AECOHBS2JG7YTB7SXWZAL6BK2GWA,1,2532,1,-0.0,0.5577466835865666,0.0,26.0,0.42,1.0,3
AECPDURQ2KMD5FB6JAHM5C4Z32HQ,2,987,2,-0.0,0.5577466835865666,0.0,11.0,0.325,0.0,1
AECPKV55FXHN7NT3FZ6TTNTVZ42Q,1,1212,1,-0.0,0.5577466835865666,0.0,31.0,0.42,0.0,1
AECPMAEJSYYD23UYKOADPPIEGVYA,2,308,2,-0.0,0.5577466835865666,0.0,24.5,0.440625,0.0,1
AECPZQITGKJS4O5XYMI32OFAHCJA,1,749,1,-0.0,-2.138706956754783,0.0,72.0,0.13,0.0,0
AECQIFURJRHNZXBWSQCZEA6V3APQ,1,1919,1,-0.0,0.5577466835865666,0.0,75.0,0.3107142857142857,0.0,1
AECQSU4MZ746KKZ27AJS2AHF2AUA,1,3042,1,-0.0,0.5577466835865666,0.0,11.0,0.3204545454545454,0.0,1
AECRV4RVPWIOSQQ7AY2CJHYO7BLA,5,284,5,-0.0,0.5577466835865666,0.0,20.0,0.4265555555555555,0.0,1
AECSPK7W2SUTAZD2GBBH4D4AMFBA,1,5622,1,-0.0,0.5577466835865666,0.0,36.0,0.3313636363636363,0.0,1
AECU5G5N7OSZDTE2ETVULZINKHHA,1,955,1,-0.0,0.5577466835865666,0.0,7.0,0.0,0.0,1
AECWZS4GONIY6NEZWVRQCZUINO5Q,1,2895,1,-0.0,0.5577466835865666,0.0,26.0,0.4133333333333334,1.0,3
AECXLOXE7CP2KTGNDWPTKSCSGZ2Q,8,1101,8,-0.0,0.5577466835865666,0.0,15.125,0.6324652777777777,0.0,1
AECXUOGFS5P25OEF7JRJZXIRFCDA,2,3379,2,-0.0,-0.7904801365841081,1.9066806542405204,202.5,0.292770944741533,0.5,0
AECXUX4CMPAJGNENGFOHPYCRB3EA,3,5674,3,-0.0,0.5577466835865666,0.0,32.666666666666664,0.5273231994423401,0.0,1
AECYKJV5EQZFJODBA3VGFJRZ5MEA,1,4681,1,-0.0,0.5577466835865666,0.0,60.0,0.29375,1.0,3
AECYUS2KPJDGNS3SPUU6C6EBZX4Q,1,2605,1,-0.0,0.5577466835865666,0.0,8.0,0.8,0.0,1
AED5LMSGUCDU443LODXZ4EYGEMKQ,1,2327,1,-0.0,0.5577466835865666,0.0,5.0,1.0,0.0,1
AED5VKZVSF7PC3TOET3PKBA5J2JA,13,53,13,0.9957274520849256,-0.1336516857317281,0.3941577148251687,170.07692307692307,0.1638716112184518,0.1538461538461538,2
AEDB2WFGSUHI7BUWXNHS45KI6X2A,1,68,1,-0.0,-2.138706956754783,0.0,82.0,0.2119047619047618,1.0,0
AEDCEYFL3Q6AR3LBBW6KUGLIUZSA,1,2388,1,-0.0,0.5577466835865666,0.0,25.0,0.41875,0.0,1
AEDDULPRRWJ3YVRQJEN56ENGJUDQ,1,941,1,-0.0,0.5577466835865666,0.0,3.0,1.0,0.0,1
AEDFMGK4I5ZKJD7SMT2DXDMPIBSA,1,3690,1,-0.0,-0.3410711965272165,0.0,21.0,0.85,0.0,1
AEDGL5YNO7RJM3ZELOCGW6V7LMCA,1,2629,1,-0.0,-3.0375248368685663,0.0,28.0,-0.2056547619047619,0.0,0
AEDHXXX2F66EMWOSSPCQHS62UKNQ,38,1022,38,0.9321380397593748,-0.8141332386923656,1.4132497807805726,121.10526315789474,0.1702744153886085,0.1842105263157894,2
AEDJA3DZE2NRQHXEREBKMZKEXUPA,2,244,2,-0.0,0.5577466835865666,0.0,9.5,0.3333333333333333,1.0,3
AEDJGRNGLDCSPDQ4JNQJ7CPOB7PA,1,528,1,-0.0,0.5577466835865666,0.0,7.0,0.3181818181818182,0.0,1
AEDJVPROO4BDZVXAVXWZI5IVCZQQ,1,47,1,-0.0,0.5577466835865666,0.0,17.0,0.54,1.0,3
AEDJZTFJDNOW6JDLMBZNK2QBN3GQ,13,201,13,0.3912435636292556,-0.2719313595953871,1.5766308593006753,15.461538461538462,0.365,0.6153846153846154,2
AEDKMXFNRORNCFUMIVSRCXZHQXQA,2,502,2,-0.0,-1.2398890766409998,2.5422408723206935,17.5,-0.0666666666666666,0.5,2
AEDMZZ6MWGGX4RVMRIMG27LSUDZQ,1,2397,1,-0.0,-3.0375248368685663,0.0,4.0,-0.2,0.0,0
AEDNNPW6JQ4H6NPMF2FYMIUZOTGQ,21,18,21,1.9347154954246264,0.5577466835865666,0.0,86.23809523809524,0.3270065858387853,0.2857142857142857,2
AEDO62TLAI4YOHUV2RBYMGKY2WRA,2,318,2,-0.0,0.5577466835865666,0.0,33.5,0.3816666666666667,0.0,1
AEDPXS6OX5MDZWZ6UNW4W2TJBDMA,1,879,1,-0.0,0.5577466835865666,0.0,11.0,0.0,0.0,1
AEDQPYY76IMRKDA2HGWZ7STA6V2A,9,2219,9,0.7642045065086203,-0.6406771565651443,0.4494089400568916,6.666666666666667,0.5762301587301588,0.7777777777777778,3
AEDQTJTWAISEO6O7RWFEVJHZ3R5A,1,2103,1,-0.0,0.5577466835865666,0.0,13.0,0.1555555555555555,0.0,1
AEDRFOIY6IFY7DWSPRRNGEFIFE2Q,29,293,29,1.958227621944192,-0.0931214364958281,1.2687701344218087,21.17241379310345,0.4384529282977559,0.5172413793103449,2
AEDSHXCRSJ57WFVKHAVIS2ER2ADQ,1,1611,1,-0.0,0.5577466835865666,0.0,60.0,0.1699021464646464,0.0,1
AEDTBVJFD2IDHXKKY7DZSNKYUQ7Q,3,1033,3,0.9182958340544896,-0.6406771565651442,2.075730980144566,11.0,0.2472222222222222,0.3333333333333333,2
AEDTXOC3YW6O7P2UPM22VNNRF77A,4,6889,4,-0.0,-0.5657756665556624,1.3482268201706749,334.25,0.2579225819115525,0.5,0
AEDTZCI4QCLKRFL5DA53JL47Z5UQ,3,703,3,-0.0,0.5577466835865666,0.0,24.0,0.3087962962962963,0.3333333333333333,1
AEDUD7Z3NL2HLDOSTMUTZACOABRQ,1,2956,1,-0.0,0.5577466835865666,0.0,3.0,0.0,0.0,1
AEDVPDZLOTFVVBIO5USWHEHM3EHA,1,4748,1,-0.0,0.5577466835865666,0.0,137.0,0.2482142857142857,0.0,1
AEDWKL5XHI2IRVNK2RTBOU7X7C3Q,1,469,1,-0.0,0.5577466835865666,0.0,20.0,0.5,0.0,1
AEDWRRZADBQDUTW7HBIWH4QSMUPQ,4,942,4,1.5,-0.5657756665556624,1.1309876970533497,173.0,0.1500415305010893,0.25,2
AEDWYRQ2KCNDP32XD6QDGF6H6O5A,1,2336,1,-0.0,0.5577466835865666,0.0,134.0,0.1312499999999999,1.0,3
AEE24FRNWQGT5GGFMFSDB7XXVGPA,1,1878,1,-0.0,0.5577466835865666,0.0,3.0,0.0,0.0,1
AEE2PYYDXJGV6ZO3YHZBBEMSUG4Q,4,1322,4,0.8112781244591328,-0.5657756665556624,1.1309876970533497,87.5,0.0739654153716653,1.0,2
AEE3TDZND3EFQLDZE3NWYTHC44IA,1,1520,1,-0.0,0.5577466835865666,0.0,9.0,0.675,0.0,1
AEE4BXFE7TFTVFCF67SANXQOQBVA,26,12,26,1.8875386446885056,0.0737678250637603,0.8519644012620259,19.384615384615383,0.4060574098520527,0.3076923076923077,2
AEE73ITH4FMRJH326B2F7E5QXAVQ,1,3480,1,-0.0,0.5577466835865666,0.0,22.0,0.4375,0.0,1
AEE7HJ4ALXIF445HXTCSCNNI2UJQ,4,968,4,-0.0,-0.3410711965272166,1.7976357602275663,36.75,0.4241576318027211,0.5,2
AEE7M6SSLM6MOAKW7X5KGVI3QVHQ,1,2862,1,-0.0,-0.3410711965272165,0.0,3.0,0.0,1.0,3
AEEE65AUS66BL63NNQR354KQBHDA,2,3064,2,-0.0,0.5577466835865666,0.0,12.5,0.6075,0.5,3
AEEEESRIF6WSCNK5IZGYC4JTEVRA,1,3124,1,-0.0,0.5577466835865666,0.0,4.0,0.78,0.0,1
AEEFMGZPLL5SFSPYSXWDJXFSRTKA,8,1872,8,-0.0,-0.3410711965272165,1.664287318888592,32.625,0.1743846450617283,0.125,2
AEEH3I477FCAF4ODVKVNU2BV7MCQ,1,2418,1,-0.0,0.5577466835865666,0.0,24.0,0.3770833333333333,0.0,1
AEEJBFZKUBEEMBZUZJV4UHFVEEBQ,2,797,2,1.0,0.5577466835865666,0.0,21.5,0.2666666666666666,0.5,2
AEEM2QIBMUUXEAJIEQH2WT2KNZZA,3,257,3,-0.0,0.5577466835865666,0.0,2.0,0.8000000000000002,0.6666666666666666,3
AEEM5MOB37EQJMFH37Q5S3FTNDCA,3,3364,3,-0.0,0.5577466835865666,0.0,50.333333333333336,0.4619444444444444,0.0,1
AEEOWWDWGCIOD4A76QBFBYWPAOWQ,1,1115,1,-0.0,0.5577466835865666,0.0,1.0,1.0,0.0,1
AEEPQNBGOQFIIR36NAUCIFL5F3MQ,11,79,11,2.040373393688496,0.2309038180906455,0.7271794693826584,23.09090909090909,0.3546936826947157,0.0909090909090909,2
AEERNRTIXU7UHRJNHJU5YLYFYKVA,1,583,1,-0.0,-3.0375248368685663,0.0,4.0,0.0,0.0,0
AEF3JXPYJL5ILD6M2QONVD7FBTKA,4,1155,4,0.8112781244591328,0.5577466835865666,0.0,15.25,0.6333333333333333,0.25,1
AEF4REQMG4I6Y2JLLKMQE4U2QYXQ,1,5997,1,-0.0,0.5577466835865666,0.0,245.0,0.1398333333333333,1.0,3
AEF6BL2GCQFLEUYM6O4O37VYMX2A,2,1264,2,-0.0,0.5577466835865666,0.0,22.0,0.6947916666666667,0.0,1
AEF73L7G43IKVL33U4FCOPM7D6VQ,12,158,12,0.4138168503036337,0.4828451935770847,0.2594663725180707,11.916666666666666,0.4457638888888888,0.0,1
AEFBZVDIVRDLTNPKEPKAOFR2QPRQ,2,2885,2,-0.0,0.5577466835865666,0.0,2.5,0.25,0.0,1
AEFCCVG7774SPHY5NVTYKXAM55UA,1,7605,1,-0.0,0.5577466835865666,0.0,300.0,0.2977777777777778,0.0,1
AEFDUJP4ZD3QWM5PBUFB7CCKOUNA,1,1343,1,-0.0,0.5577466835865666,0.0,9.0,0.8,1.0,3
AEFEQA3KTVUYGB2YBVMK6DDPOYAA,1,1320,1,-0.0,-3.0375248368685663,0.0,104.0,0.0444444444444444,0.0,0
AEFEZIYEZG7XTSPDTFIUQXWMGEDQ,3,358,3,-0.0,0.5577466835865666,0.0,52.0,0.2002893518518518,0.0,1
AEFFEFBOJH4AZHFUE6O3PRLMGGNQ,14,1176,14,-0.0,0.2367402978316441,0.5692426598661601,50.357142857142854,0.2628217050709172,0.2857142857142857,1
AEFFENLWFV4VD4WTZNN25XD2TX6Q,2,1396,2,-0.0,0.5577466835865666,0.0,16.0,0.1266666666666666,0.0,1
AEFHDB4HOJSHJ6YZF5NYIQULOUYA,1,3417,1,-0.0,0.5577466835865666,0.0,58.0,0.2145833333333333,0.0,1
AEFHGLOYQK7M6C3H2VZIAEQLMDDQ,1,1618,1,-0.0,0.5577466835865666,0.0,3.0,0.7,0.0,1
AEFHQE7GHY2O23AJESRJ2NYVVPSQ,1,2839,1,-0.0,0.5577466835865666,0.0,13.0,0.675,0.0,1
AEFIZWO3P6NV4AFJDRGBNNUDXE3Q,2,351,2,1.0,-1.6892980166978917,0.6355602180801735,27.5,-0.1063636363636364,0.0,2
AEFKF6R2GUSK2AWPSWRR4ZO36JVQ,54,303,54,1.123472599489985,0.0750481924143497,0.6921142796527308,26.09259259259259,0.3880889988355265,0.1481481481481481,2
AEFLH72MFY4GRTNI3KZXNE4IUB2Q,3,277,3,0.9182958340544896,0.5577466835865666,0.0,54.666666666666664,0.2975044091710758,0.0,1
AEFLZ7L6TGJDCP4D4KYZSOXLSWVA,4,423,4,1.5,-0.5657756665556624,1.3482268201706749,15.25,0.5683333333333334,0.0,2
AEFNBEO2F23NURCMGEW2U7BIEAWA,1,3403,1,-0.0,-1.2398890766409998,0.0,23.0,0.6666666666666667,0.0,1
AEFNUVMRYZ3KJXQ2IBNNWCZHRZ7Q,1,216,1,-0.0,-0.3410711965272165,0.0,8.0,0.0,1.0,3
AEFPR4MO6FE3KX4CMKTNWRRPVXNQ,1,5294,1,-0.0,0.5577466835865666,0.0,331.0,0.1366978941197691,0.0,0
AEFPXQRXU3XJCFVSVPUQSKAKIIFA,1,2806,1,-0.0,-0.3410711965272165,0.0,4.0,0.8,1.0,3
AEFQMLX72KCIFGZ634KPTI4H4UCQ,1,2057,1,-0.0,0.5577466835865666,0.0,12.0,0.0,1.0,3
AEFRDA6JMSWHDFWB3WKM3YKVUNIA,1,3167,1,-0.0,-0.3410711965272165,0.0,19.0,0.3874999999999999,0.0,1
AEFSYJ74RDBN7I4N5VCIXXYUBKHA,1,3182,1,-0.0,0.5577466835865666,0.0,20.0,0.6166666666666667,0.0,1
AEFVBJSXZ77TPGBXVOFDC3R2HNTA,4,1505,4,-0.0,0.3330422135581208,0.4494089400568916,15.25,0.417361111111111,0.0,1
AEFY3OUHLE6LD6FJZRQQTXUM3YKA,1,2458,1,-0.0,0.5577466835865666,0.0,1.0,1.0,0.0,1
AEG55OACXBGEO7R7QFKTQHFOW3HA,3,174,3,-0.0,-0.3410711965272165,0.8988178801137833,75.66666666666667,0.2497124403374403,0.6666666666666666,2
AEGA3SKGBQDJED7SUGKIIIKFN4LQ,1,1412,1,-0.0,0.5577466835865666,0.0,16.0,0.0138888888888888,1.0,3
AEGAMGWOMGCWN3UZ3UEPXAHDLT7Q,1,1167,1,-0.0,0.5577466835865666,0.0,64.0,0.3847077922077922,1.0,3
AEGB75NR3YIMYKZWHN7VCQTHMHSQ,2,1336,2,-0.0,0.108337743529675,0.6355602180801734,29.5,0.5142857142857142,1.0,3
AEGFGSYN3POFMUCGBXGA37WYWW3Q,17,103,17,1.3216069583883467,-0.4996861165472959,1.3192772068903782,25.705882352941178,0.1928603137059019,0.4117647058823529,2
AEGHILC3CT4QCWZU4YID4KYLSPOA,1,171,1,-0.0,0.5577466835865666,0.0,9.0,0.6416666666666666,0.0,1
AEGIKB526CGSEZKOOAGDOECZUDAA,1,4109,1,-0.0,0.5577466835865666,0.0,61.0,0.2125,0.0,1
AEGIRIDDNTVLPDPOENITR7TGRIIQ,1,1922,1,-0.0,0.5577466835865666,0.0,14.0,0.55078125,0.0,1
AEGKGLKVBES5JY4PC67HV7NK4ZLQ,1,748,1,-0.0,0.5577466835865666,0.0,21.0,0.1041666666666666,1.0,3
AEGMEALSBY7SRIOQAEOXK2IPD6WA,1,1314,1,-0.0,0.5577466835865666,0.0,12.0,0.4666666666666666,1.0,3
AEGMGLTFMCWKYL6SXPMC7TDUOPDQ,1,2248,1,-0.0,0.5577466835865666,0.0,5.0,1.0,0.0,1
AEGP4K2EXLUNIH4AEK7MUE63SJLA,3,260,3,-0.0,-0.0414652364892888,1.037865490072283,16.333333333333332,0.2601190476190476,0.0,2
AEGQKT5UKTJWZNBNFWQLZRFCMFZQ,1,2282,1,-0.0,-1.2398890766409998,0.0,23.0,0.2966666666666667,0.0,0
AEGSGSUXR3LH6KQWOH22QWKRQ4XA,1,2648,1,-0.0,0.5577466835865666,0.0,5.0,0.25,0.0,1
AEGSJMUN6YF5UUOFDDMPNC5Q5BOQ,3,166,3,-0.0,0.5577466835865666,0.0,8.333333333333334,0.5,0.3333333333333333,1
AEGT6GE3DDJZA62P64RUATRFKNAQ,1,2009,1,-0.0,0.5577466835865666,0.0,21.0,0.1,0.0,1
AEGVEWWGTQO3PK3JF5NYB7GSSSVQ,1,1132,1,-0.0,0.5577466835865666,0.0,906.0,0.2446869488536154,1.0,0
AEGVUPMHKYGFVGSWSMAKCN6LLCOA,1,2327,1,-0.0,0.5577466835865666,0.0,75.0,0.073076923076923,0.0,1
AEGWB6TKO55D5VOFRRWVBFQXB4FQ,1,4557,1,-0.0,0.5577466835865666,0.0,24.0,0.2375,0.0,1
AEGWBVF7PNFDBUXXHG2ILSDATSSQ,1,2982,1,-0.0,0.5577466835865666,0.0,20.0,0.8333333333333334,0.0,1
AEGX3J5FCNGB53YHQNBNV6JVARRA,3,2219,3,-0.0,0.5577466835865666,0.0,8.0,0.3481481481481481,0.0,1
AEGXA7TRC652QBKCF2TMLFD7TYZA,1,205,1,-0.0,-3.0375248368685663,0.0,9.0,0.0,0.0,0
AEGYM5EJXATORBAA5GIYKNXLVPPQ,1,2280,1,-0.0,-2.138706956754783,0.0,30.0,0.0,1.0,0
AEGZCTBT5CHDBYAOUAVANB2O42BA,1,921,1,-0.0,0.5577466835865666,0.0,6.0,0.0,0.0,1
AEGZGTDZGAKIOGAFUQRYGAXQ53MQ,2,4255,2,-0.0,0.5577466835865666,0.0,26.0,0.6041666666666667,0.5,3
AEH2X3QQ7TQJGF6EKISLBNVVNWQA,1,2430,1,-0.0,0.5577466835865666,0.0,2.0,1.0,0.0,1
AEH4YAKNQXUWPJT4D2UG3JEHN2NQ,1,990,1,-0.0,0.5577466835865666,0.0,23.0,0.0,0.0,1
AEH66QD7CSPM7ZVH7D7LRSA5HSNQ,51,122,51,0.5971559796031414,-0.4468144765406028,1.279318893941464,119.74509803921568,0.156513408427182,0.1568627450980392,2
AEH6IYENFKTLSVR6QHSNIJEBCQBA,1,760,1,-0.0,0.5577466835865666,0.0,4.0,0.7,0.0,1
AEH6NGAY2BZCGDYMOVQ7QPHRMSIQ,3,559,3,0.9182958340544896,-0.6406771565651443,2.075730980144566,4.0,0.1888888888888888,0.3333333333333333,2
AEH7P323UG6THNH4C7POZIK4A72A,8,1954,8,-0.0,-1.5769457816836685,0.823429873150096,101.625,0.0680018187830687,0.625,0
AEHL4V6GSVO4O74IBGPPODTERIFA,1,4649,1,-0.0,0.5577466835865666,0.0,164.0,0.0320887445887446,0.0,1
AEHMAK3OJBEB6X2O6THASYNGKHVQ,1,3018,1,-0.0,0.5577466835865666,0.0,5.0,0.925,0.0,1
AEHMQSTB6ESWFAT4AHROTV6M7VWA,1,2659,1,-0.0,-1.2398890766409998,0.0,32.0,0.43,1.0,3
AEHNBWGO4HDWTBVNQQEZTJ37VRNA,2,23,2,-0.0,-1.6892980166978917,0.6355602180801735,26.5,0.21625,0.5,0
AEHOUKDUSHPOEDHAISNAVI7ANZHA,3,649,3,-0.0,0.5577466835865666,0.0,13.666666666666666,0.65625,0.3333333333333333,1
AEHPFU2KC7ZNEU5FVCJQEQV5NZWQ,1,3866,1,-0.0,-3.0375248368685663,0.0,83.0,0.0909374999999999,0.0,0
AEHPS5NUGKYRMLCLDUJQQSBUHCPQ,1,2193,1,-0.0,0.5577466835865666,0.0,8.0,0.4,0.0,1
AEHQSZPKDWC2VNXIIRGUOIKH5PAA,6,124,6,0.9182958340544896,0.108337743529675,1.100822588984416,40.5,0.168582251082251,0.1666666666666666,2
AEHQZQG2S7HDP5BGTYWUCMV62WAQ,1,1107,1,-0.0,-0.3410711965272165,0.0,221.0,0.0950980392156862,0.0,0
AEHS6BRPUEQG6NVTBOX5YXPROY7A,2,2318,2,-0.0,-1.2398890766409998,2.5422408723206935,49.0,0.1704545454545454,0.0,2
AEHSPDRMBKKRMORA3AJR74UOCW4Q,1,281,1,-0.0,0.5577466835865666,0.0,29.0,0.2523809523809524,0.0,1
AEHUXAEM2PGGIF5RKDWUG5DQQXOQ,1,1733,1,-0.0,-1.2398890766409998,0.0,12.0,0.0642857142857143,0.0,0
AEHVSZ72XXI4SU6XUNXMJAXUYN6Q,2,2448,2,1.0,-1.6892980166978917,0.6355602180801733,13.5,0.625,1.0,2
AEHWECNK65HS7NQNSESM632FEUJA,1,1279,1,-0.0,0.5577466835865666,0.0,7.0,0.8,1.0,3
AEHWOWAIPMPP2EN6C24JJQROQ5VQ,3,638,3,0.9182958340544896,-0.6406771565651443,2.075730980144566,10.333333333333334,-0.0083333333333333,0.3333333333333333,2
AEHWUHNTB5FX32HJ7UBOZ2WWUX3Q,62,82,62,1.1237880791248511,0.108337743529675,0.9313811319984132,127.24193548387096,0.2470498151063981,0.2580645161290322,2
AEHZXP35GBAQS4TD74JRUOFZI7SA,1,2457,1,-0.0,0.5577466835865666,0.0,48.0,0.459375,0.0,1
AEHZZWYMY2FFELDYM2YRS7SUSWLA,1,2845,1,-0.0,0.5577466835865666,0.0,7.0,0.4852272727272727,0.0,1
AEI36HGRFOQF7RDQH5FIH5RNVG6Q,2,1929,2,-0.0,0.5577466835865666,0.0,11.0,0.2966666666666666,0.0,1
AEI3YFOJFBVAG54LKKVUHDTW64DA,1,1662,1,-0.0,0.5577466835865666,0.0,50.0,0.0574074074074074,0.0,1
AEI4TPGU6XI3PQ2VLXGLNBDX7NTA,1,1806,1,-0.0,0.5577466835865666,0.0,1.0,0.8,0.0,1
AEI4YPQZG6TZOWHDFP7I22S4MQZQ,10,155,10,0.7219280948873623,-1.1500072886296215,1.4950307385225174,11.5,0.1980267857142857,0.1,2
AEI63HS5MN6TIWXNZUMDQRDAMXTQ,1,2436,1,-0.0,0.5577466835865666,0.0,107.0,0.296,0.0,1
AEI6N63YVUXCUAELLNTKUVBJOAVA,1,849,1,-0.0,0.5577466835865666,0.0,10.0,1.0,0.0,1
AEI6TPJRSHLYHKRSIVD3OFIMAHAA,1,43,1,-0.0,0.5577466835865666,0.0,8.0,0.4583333333333333,0.0,1
AEI77MIQDTGYTCQMY5HGCYLKWXEA,2,659,2,-0.0,0.108337743529675,0.6355602180801734,97.0,0.2258770450328891,0.5,3
AEI7RTDKV7AILIRFSTO6ASJ5XWWA,1,1259,1,-0.0,0.5577466835865666,0.0,27.0,0.4125,0.0,1
AEIA5Z6AZVK4X3O7K55CVIOMC46Q,1,216,1,-0.0,0.5577466835865666,0.0,23.0,0.4011111111111111,1.0,3
AEIAFPI4OVACQ3FATZLIGP767SIA,2,2174,2,-0.0,0.108337743529675,0.6355602180801734,2.0,0.2,0.0,1
AEIARIRYK2JJ7YHELWXQUFHJSI4A,3,964,3,0.9182958340544896,-0.3410711965272165,1.5567982351084246,23.333333333333332,0.0638888888888889,0.3333333333333333,2
AEIBEZBGHEG54UXYFZYGPRUTBJVA,4,85,4,1.0,-0.1163667264987707,1.3482268201706749,124.75,0.4410843827889282,0.0,2
AEICZD35OTDYVWA2KPYWN4PDZ2SA,31,263,31,1.0701171824542437,-0.3120770713622557,1.148328423708174,93.83870967741936,0.1656367093278488,0.2903225806451613,2
AEIDW75IESCBYRJYZIKNX4GNP4SA,1,936,1,-0.0,0.5577466835865666,0.0,26.0,0.3,1.0,3
AEIF7UX2DWY4ZIRO25IWJJ365LXA,2,1437,2,1.0,-0.7904801365841081,0.6355602180801734,3.5,0.25,0.5,2
AEIGRGVLTJ7L2JUMK4Z3KIPYKAHA,2,356,2,1.0,0.5577466835865666,0.0,12.0,0.5541666666666667,0.5,1
AEIGX3ZZPJ5GS5RO4GZBHQ5Q74UQ,2,2840,2,-0.0,0.5577466835865666,0.0,93.5,0.2776503759398496,0.5,3
AEIGY6NRAYI32OI7KCWPVBTOALOA,1,1383,1,-0.0,-0.3410711965272165,0.0,20.0,0.5333333333333333,0.0,1
AEIGYISHUVYNO26IKKNXZXFQB5EA,3,428,3,-0.0,0.5577466835865666,0.0,3.0,0.6444444444444445,0.0,1
AEIH3AMKQZJ73QGAIUCQP3ETXQBA,1,3678,1,-0.0,0.5577466835865666,0.0,45.0,0.075,0.0,1
AEIHLBFJPJBTWEC3LJIH5KROMKIA,1,2494,1,-0.0,0.5577466835865666,0.0,17.0,0.8,0.0,1
AEIHN6JDLYL2QYCAOCBVEUPHU5EA,5,1643,5,1.3709505944546687,0.37798310756381,0.4019635758653351,10.2,0.5175,0.6,2
AEIIADPXUMFT4KJEZQUOZVZ67S5Q,1,3518,1,-0.0,-2.138706956754783,0.0,128.0,0.3585714285714285,0.0,0
AEILAYRBJMWGZQVLMC7DPKIUHONA,1,3083,1,-0.0,0.5577466835865666,0.0,4.0,0.375,0.0,1
AEILPIBTEKFOQMYZQIK4E4OCSPQQ,1,2891,1,-0.0,0.5577466835865666,0.0,60.0,0.1620833333333333,0.0,1
AEIMJ5XEUIE4TKJLGSZYNNKB2WDQ,3,187,3,1.584962500721156,0.5577466835865666,0.0,17.333333333333332,0.0658333333333333,0.6666666666666666,2
AEIMOPTX5EHGZ6QH63SV6JC4NFWA,2,2466,2,-0.0,0.108337743529675,0.6355602180801734,20.0,0.217063492063492,0.0,1
AEINWALDRYT4NTF3M5NC2WZ5YQNA,19,297,19,1.6163485660751644,0.5577466835865666,0.0,11.052631578947368,0.3499065846434267,0.3684210526315789,2
AEINY4XOINMMJCK5GZ3M6MMHBN6A,15,1191,15,1.5546097612655665,0.4379042995713956,0.3162632502168175,44.2,0.3868720409881124,0.4666666666666667,2
AEIOIVFNO6QX7OYOJNPRKQEWMPGA,13,994,13,1.198183947911799,-1.862147609027465,0.6750730026139277,154.69230769230768,0.0614705583992995,0.0,0
AEIOQSYE7AR5XVS3CO6TZ4QANEYQ,2,445,2,-0.0,0.5577466835865666,0.0,3.0,0.35,0.0,1
AEIPJBAN7A55Q5DFFPZSR2UV3OKA,61,1,61,0.9669852958320848,-0.0463768096046646,0.8322573325080657,280.39344262295083,0.1999064904035098,0.3278688524590163,2
AEIPNIBAH57OX4JUN7ALQ2KHOCSA,1,5143,1,-0.0,-0.3410711965272165,0.0,210.0,0.184033189033189,1.0,3
AEIPXVWUORGDX3K3WFJQQ3CFLUOQ,13,976,13,1.5465935642949382,-1.3090289135728292,1.7390650517564532,44.07692307692308,0.2191537166537166,0.0,2
AEIQLBQJ7NYHYTTAKDWNYDA2KPUA,1,2412,1,-0.0,0.5577466835865666,0.0,2.0,1.0,0.0,1
AEIQOTBKJLPPRN5B5N5L2KYETMUQ,1,717,1,-0.0,0.5577466835865666,0.0,33.0,0.0,0.0,1
AEITH2MBDGMCSAZSBNAYOEBOJXFA,16,1139,16,0.3372900666170139,0.0521616260225636,0.8018308583276175,61.9375,0.2834473270012486,0.25,2
AEIUTZ7WEUAE4PXZWRQ36A3WXTUQ,3,3145,3,-0.0,0.5577466835865666,0.0,14.666666666666666,0.5477891156462585,0.0,1
AEIVH65KEDKZYV3X7DYNMLV3JMWQ,9,217,9,0.7642045065086203,-0.3410711965272165,1.100822588984416,27.333333333333332,0.2854684307462085,0.2222222222222222,2
AEIWUHIAO3RVQNHZDBKS23RPPITA,1,2717,1,-0.0,0.5577466835865666,0.0,2.0,1.0,0.0,1
AEIXGM25ZUYR34ZF7MZHFM4X235A,6,1000,6,1.2516291673878228,0.5577466835865666,0.0,34.333333333333336,0.4481780303030303,0.3333333333333333,2
AEIXZKAPMY7JHPXOSOKOGUIWB3FA,1,1802,1,-0.0,0.5577466835865666,0.0,122.0,0.1366071428571428,0.0,1
AEIY2WXJWZJSCUMR7S4F3AALGPEQ,16,887,16,-0.0,-0.1725428440058821,0.4888721045020734,6.8125,0.4047743055555555,0.0625,1
AEJ25XDPPY4TYXUWSWH7PPDDXLTQ,1,3054,1,-0.0,0.5577466835865666,0.0,2.0,0.0,0.0,1
AEJ2JQSEPTDNRU6TKQYZOUS6Y6PQ,1,861,1,-0.0,0.5577466835865666,0.0,8.0,1.0,0.0,1
AEJ2WQIK4TFJG27TFJGMKIVLG5RA,9,530,9,0.9182958340544896,-0.5408085032191684,1.5423160762929178,20.22222222222222,0.2251917989417989,0.2222222222222222,2
AEJ3ZPLHBSZNN3HI7PXQ4DPB2GHA,1,188,1,-0.0,0.5577466835865666,0.0,14.0,0.3333333333333333,1.0,3
AEJ563ZCQKBBRT7GNADPR2TLHQVA,1,395,1,-0.0,0.5577466835865666,0.0,17.0,0.5,0.0,1
AEJ5NE6A3HGBRNPPEBB4HTRD4I4A,1,1447,1,-0.0,0.5577466835865666,0.0,14.0,0.9375,1.0,3
AEJ6TOA4Y75KHGGRCTF5LENP7BCQ,2,4095,2,-0.0,0.5577466835865666,0.0,20.0,0.3166666666666666,0.0,1
AEJ7MGTSJ6ICFUTZIAMMCNLF7USA,1,2611,1,-0.0,0.5577466835865666,0.0,47.0,0.0770833333333333,0.0,1
AEJ7YMLHCINPAGLKM5AS45NZW7SQ,17,41,17,0.6402064333604701,0.2405168435464078,0.8955073057706542,21.058823529411764,0.3716131535947712,0.4117647058823529,2
AEJB7HLH4CO5HXANXOW77PCK7ZLQ,7,1434,7,0.863120568566631,0.5577466835865666,0.0,20.142857142857142,0.0952380952380952,0.0,1
AEJCASB623TCR2SO7XWSO2QONVDQ,1,1924,1,-0.0,0.5577466835865666,0.0,2.0,0.0,0.0,1
AEJCZMZPJOCWGDGWWU4B7H6T3JLA,1,2168,1,-0.0,0.5577466835865666,0.0,2.0,0.8,1.0,3
AEJD6NWO3U6S7EK67S2WFRWAZNFQ,2,2461,2,-0.0,0.5577466835865666,0.0,27.5,0.65,0.0,1
AEJDETWITK2KGACH7FUBMY33PPSQ,19,20,19,1.3605273114437084,-0.624908421826306,1.642448277912417,8.842105263157896,0.3323014567669173,0.2631578947368421,2
AEJEC5WS5UPWGWFR632NMKWPC4JQ,3,2189,3,0.9182958340544896,0.5577466835865666,0.0,25.666666666666668,0.432716049382716,0.6666666666666666,3
AEJELM2NWMU4Q7UR3LGXNRNEJNJA,1,155,1,-0.0,-0.3410711965272165,0.0,21.0,0.6333333333333333,0.0,1
AEJFVYFSNMS3W2E6CXIOUYBQMXHQ,1,2347,1,-0.0,0.5577466835865666,0.0,84.0,0.2036538461538461,0.0,1
AEJHWKSFUXVUJDKTVYRAYJSQY56A,2,1167,2,-0.0,0.5577466835865666,0.0,8.0,0.8,0.5,1
AEJJBO3HBAJW2PSPBFG7I55U5P2Q,6,2626,6,-0.0,0.108337743529675,1.100822588984416,33.333333333333336,0.411875,0.0,1
AEJJLKAKGDDUIFKEQ2IMVUNFAOFQ,1,2262,1,-0.0,0.5577466835865666,0.0,3.0,0.78125,0.0,1
AEJMHUQU7JTHFVITVQZHM4J7ZLMQ,1,2734,1,-0.0,0.5577466835865666,0.0,46.0,0.6,0.0,1
AEJMZY5P5J2IHCQYUPLG65SXEIWQ,1,2213,1,-0.0,0.5577466835865666,0.0,31.0,0.378125,0.0,1
AEJNMJ7NA4XNRSTTEJ52FJFETOZQ,1,345,1,-0.0,0.5577466835865666,0.0,25.0,0.8,0.0,1
AEJOF7IWCXUQQJGQ6VZGRDX3HGKA,1,3061,1,-0.0,-2.138706956754783,0.0,18.0,0.0361111111111111,0.0,0
AEJOR7ZML2STBFQCQK67IT6V3TJQ,1,2729,1,-0.0,0.5577466835865666,0.0,39.0,0.4787878787878788,1.0,3
AEJP7A3GXD5XEWGVBCVLTXDYQ7TA,1,3552,1,-0.0,0.5577466835865666,0.0,79.0,0.3682142857142857,0.0,1
AEJSXWZSXH5DHNIYBMRZT5GNNQBQ,7,1114,7,1.8423709931771084,-0.4694737508291856,1.3157346521557305,15.285714285714286,0.1785714285714285,0.1428571428571428,2
AEJU5Q7MZJAN6ZIX654NO5MRRZGA,1,3752,1,-0.0,0.5577466835865666,0.0,35.0,0.65,0.0,1
AEJUHOQNHKVHS5AZHFGBBVTL5ZWQ,2,173,2,-0.0,0.5577466835865666,0.0,11.0,0.5104166666666666,0.5,1
AEJWQQYYOFNDGPKXLXJPNBTQLCAA,6,967,6,1.2516291673878228,0.108337743529675,0.7520049914252994,1.5,0.4055555555555556,0.6666666666666666,2
AEJWRL3HXNGAG3AUIUHJJAEKHLVQ,4,2247,4,-0.0,-0.3410711965272165,0.7338817259896108,131.75,0.2238222402597402,0.0,1
AEJYA5LGNF4GHHMJN3ETNHVQVYCQ,1,645,1,-0.0,0.5577466835865666,0.0,23.0,0.385,0.0,1
AEJYNAKWXNLK4SJ4ONNNWSKR5ZEA,1,3214,1,-0.0,0.5577466835865666,0.0,73.0,0.4949074074074074,0.0,1
AEJYSBLZXMZDV5MQTEVVDPNO3E3Q,1,3405,1,-0.0,0.5577466835865666,0.0,25.0,0.35,0.0,1
AEK27DQ54G7PIWW627UHT72TFX4A,2,3697,2,-0.0,0.5577466835865666,0.0,133.5,0.1881795634920634,0.0,1
AEK2YVDVWRTYRJON43H3LAHXEKWA,1,2447,1,-0.0,-0.3410711965272165,0.0,55.0,0.3833333333333333,0.0,1
AEK2YXIWF6TTZJERHSQ763RSDH4Q,1,259,1,-0.0,-0.3410711965272165,0.0,26.0,0.3895833333333333,0.0,1
AEK3U3CM7AC6GQNNIHXYCSMRR27Q,1,842,1,-0.0,-3.0375248368685663,0.0,103.0,0.081060606060606,0.0,0
AEK47COZQC6JRI5BZ3JHMU5YAYHQ,1,3437,1,-0.0,-1.2398890766409998,0.0,96.0,0.4795454545454545,0.0,0
AEK5WJEU2LSII2N5GJUTZVA3IVLQ,1,1186,1,-0.0,-1.2398890766409998,0.0,11.0,0.47,0.0,1
AEK5YA5R765XMSVNPKNNHKVEWQZA,1,2154,1,-0.0,0.5577466835865666,0.0,2.0,0.8,1.0,3
AEK7FJP2TQNK77ZX6LJQ6IBPWHWA,1,1439,1,-0.0,0.5577466835865666,0.0,2.0,1.0,0.0,1
AEKAQ5SHLEIE44SA3WXLLKD4RJVA,14,343,14,0.5916727785823275,0.0441364663786905,1.098804580708198,22.142857142857142,0.5504313543599257,0.5714285714285714,2
AEKBJYBZJEJPZUWDV7T6XXGP5NBA,4,292,4,0.8112781244591328,-0.3410711965272166,1.7976357602275663,23.75,0.3525,1.0,2
AEKCPCESH56P72UAR4LSGD4SI3HQ,1,3983,1,-0.0,0.5577466835865666,0.0,37.0,0.41875,0.0,1
AEKDBTFNYMXQ5RICBETO7ITBA5MQ,1,3249,1,-0.0,0.5577466835865666,0.0,28.0,0.3476190476190476,0.0,1
AEKDF2ANHCJWJQSPSMPV5TNTNZJA,2,548,2,1.0,0.5577466835865666,0.0,17.5,0.0,0.5,2
AEKDJKA3HG4AFRUGCJJWRVY36GAA,1,1355,1,-0.0,0.5577466835865666,0.0,8.0,0.625,0.0,1
AEKEN3WITS4ZEJ7ZIISGJDZYJB3Q,1,0,1,-0.0,0.5577466835865666,0.0,15.0,0.6,0.0,1
AEKFUKXNCDKDUBBXXIJT7AB5PSXQ,1,2125,1,-0.0,0.5577466835865666,0.0,26.0,0.611111111111111,0.0,1
AEKG47U2ZSDWCBQWO2CYJJOHGEBQ,1,2390,1,-0.0,-0.3410711965272165,0.0,2.0,0.5,0.0,1
AEKGBJHGLLCKCRL3KMFZ4JUKVNSQ,1,2762,1,-0.0,0.5577466835865666,0.0,6.0,1.0,0.0,1
AEKGKIVFGW2WZYIO5SIHE3FGMSEQ,1,2491,1,-0.0,-1.2398890766409998,0.0,5.0,0.0,1.0,3
AEKGR2L7VVF3FBTVTSXAVOLLO7LQ,1,2742,1,-0.0,0.5577466835865666,0.0,3.0,0.8,1.0,3
AEKGSFZEDDBFIM47F4U4L4Z5BIUQ,1,2895,1,-0.0,0.5577466835865666,0.0,2.0,0.7,1.0,3
AEKGZEMCO4GRDHPCCXYMNBG3UEGA,4,133,4,-0.0,0.5577466835865666,0.0,8.25,0.7144886363636365,0.0,1
AEKHXAWYHXDKLBNGSOQZTDTAZ4OQ,2,287,2,-0.0,-0.3410711965272165,1.2711204361603468,41.5,0.09375,0.5,2
AEKKEUY422QHRJH7EAPZ2M7SONNQ,1,564,1,-0.0,0.5577466835865666,0.0,58.0,0.5743333333333334,0.0,1
AEKL7JVPBMNHJYRFJYM6TSXJJ77Q,2,2204,2,-0.0,0.5577466835865666,0.0,6.0,0.6,0.5,1
AEKLOBM6NGXTGN2E7GIC6RHPIBNQ,1,2505,1,-0.0,0.5577466835865666,0.0,85.0,0.3482954545454545,0.0,1
AEKLS7IGU7RQ4PDKDFT2SLRSK6YA,1,423,1,-0.0,0.5577466835865666,0.0,15.0,-0.25,0.0,1
AEKLWIFD6GVHWJKIC4QDCDYRNYKQ,2,1422,2,-0.0,0.5577466835865666,0.0,8.0,0.675,0.0,1
AEKN6BLZOYHOCQOCJIK2EUYSDBXA,1,1389,1,-0.0,-0.3410711965272165,0.0,1.0,0.0,0.0,1
AEKNJE46MRYTOXI6NMJTY3OCS43A,1,2685,1,-0.0,0.5577466835865666,0.0,107.0,0.0791666666666666,0.0,1
AEKOQRDUY64SGH4PONBFTSIM2I2Q,1,2503,1,-0.0,0.5577466835865666,0.0,25.0,0.5111111111111111,0.0,1
AEKQYZ6FHKPNGUAVBVUMVRZJH2JA,1,842,1,-0.0,0.5577466835865666,0.0,65.0,0.1666666666666666,0.0,1
AEKRTKDK3T3RUS66YXKIPW5XMPCQ,1,3483,1,-0.0,-0.3410711965272165,0.0,25.0,0.1045833333333332,0.0,1
AEKT3R36QZ4BVGFLSWHSB7VNJGRQ,1,3229,1,-0.0,0.5577466835865666,0.0,61.0,0.1272321428571428,0.0,1
AEKT7BTLG356MDAHI2QHQPZZKAZQ,1,1791,1,-0.0,0.5577466835865666,0.0,21.0,0.2604166666666666,1.0,3
AEKTMB3EI77WTGE23SJRDV7MQPUA,1,1350,1,-0.0,0.5577466835865666,0.0,21.0,0.3483203125,1.0,3
AEKVB56HCCWJMD24WXYMJDG5CKZA,1,689,1,-0.0,0.5577466835865666,0.0,9.0,0.1363636363636363,0.0,1
AEKWGLTUB5NYQ5X3EI3R2M5ZKWEQ,3,1393,3,-0.0,0.5577466835865666,0.0,40.0,0.3005396825396825,0.0,1
AEKX4SZQMLFZZ7YX5YY425HHMQAA,2,292,2,1.0,-2.588115896811675,0.6355602180801734,49.5,0.0375,0.5,0
AEL3JIGFXVZSGUMPAQBDOSYGM53Q,1,3921,1,-0.0,0.5577466835865666,0.0,34.0,0.43125,0.0,1
AEL4RCCCIRLR6L4IBVKUQMVWBATA,1,3633,1,-0.0,-1.2398890766409998,0.0,38.0,0.2466666666666666,0.0,0
AEL5MWPGIVMXPKWB7RKI37PL6ZXA,1,5222,1,-0.0,0.5577466835865666,0.0,74.0,0.0,0.0,1
AEL5ZHI6X5STOL3Y6PCQRSSTIWRQ,1,978,1,-0.0,0.5577466835865666,0.0,2.0,0.625,1.0,3
AEL6BJ6WFY7ZDVQBIIOWKAOT7ZGQ,1,4110,1,-0.0,-3.0375248368685663,0.0,196.0,0.0453379953379953,0.0,0
AEL6G2RK5DWBONL46YSG257T2SQA,1,2940,1,-0.0,0.5577466835865666,0.0,51.0,0.1647186147186147,0.0,1
AEL7P6CZWQRH26D2XY3SIEG4H2DA,1,3352,1,-0.0,0.5577466835865666,0.0,39.0,0.4599999999999999,1.0,3
AELA4HJK4R6EBP3P32E2IH5XNLGA,1,1560,1,-0.0,0.5577466835865666,0.0,7.0,0.7999999999999999,1.0,3
AELBBIEI6TFZEEF2ARN2ZXEVOWAQ,1,2804,1,-0.0,0.5577466835865666,0.0,33.0,0.1388888888888889,0.0,1
AELBMRGOWMO3ILFOGCB3KFGMBHZA,1,1214,1,-0.0,-0.3410711965272165,0.0,7.0,0.5,0.0,1
AELBSRCMSCXXJFYAE3NK6D4DAVTA,1,863,1,-0.0,0.5577466835865666,0.0,5.0,0.9765625,0.0,1
AELCJLJAOMS3DFYF6KUXMXJBXARA,1,3725,1,-0.0,0.5577466835865666,0.0,36.0,0.4541666666666666,0.0,1
AELCODZ4LJ2IVLIZ536A55CYUEPQ,6,574,6,-0.0,0.108337743529675,1.100822588984416,12.833333333333334,0.4980324074074074,0.0,1
AELDTVIUFQUUTOBFR6KNR5V3F57A,1,372,1,-0.0,0.5577466835865666,0.0,11.0,0.1722222222222222,0.0,1
AELG4BR3AGXJUUZRQGTPCJCHVZ5A,1,362,1,-0.0,-2.138706956754783,0.0,13.0,0.1,1.0,0
AELGD7MYYE65AVEHRMDPYUVTUIQQ,5,1830,5,-0.0,0.5577466835865666,0.0,9.6,0.3583333333333333,0.4,1
AELHB5QYXVSXZM263JIARJBWPOSA,3,2256,3,-0.0,-0.0414652364892888,1.037865490072283,46.0,0.4480934343434343,0.3333333333333333,1
AELHWVFUH26OV2DGOMEADND2IEUA,4,860,4,-0.0,0.3330422135581208,0.4494089400568916,23.75,0.4181349206349206,0.25,1
AELIV6UHVC6Z6VA4MIZ464WUHDPA,8,356,8,0.8112781244591328,0.108337743529675,0.4804383657846044,26.25,0.364260101010101,0.25,2
AELMGVQANXHWWVB3KQKXHPETGZDQ,1,2963,1,-0.0,0.5577466835865666,0.0,71.0,0.1214285714285714,0.0,1
AELMYCSQ2CHQEOMSPY4WCL64KIUQ,1,3155,1,-0.0,0.5577466835865666,0.0,393.0,0.2806855345911949,1.0,3
AELOFMVKR6FE7OOQGDPYGIFF6KVQ,1,3262,1,-0.0,0.5577466835865666,0.0,20.0,-0.1666666666666666,0.0,1
AELOGPIDWSAQVPDOOQJR3BX7T5MQ,5,849,5,-0.0,0.5577466835865666,0.0,7.4,0.5183333333333333,0.4,1
AELOI2MDT23DHWTZUFJ6ZKJJHOAQ,10,1659,10,-0.0,-0.2511894085158382,0.7870004738897644,21.2,0.2835984848484848,0.4,1
AELR73N6JFQCFA77VU3S5LQAKBXQ,15,624,15,1.0529815751302694,0.5577466835865666,0.0,10.333333333333334,0.4688737373737374,0.0,1
AELSXWOFXQ5JYTGGX5XBZS3KTWQQ,1,7986,1,-0.0,0.5577466835865666,0.0,31.0,0.25,1.0,3
AELYUCBC7BFTB6MQJ4Z2MTIMRZ2A,2,734,2,-0.0,0.5577466835865666,0.0,56.5,0.3262790610573508,0.5,3
AELZEXEKAVZGQERR2H2RXFBA452A,3,2583,3,-0.0,0.5577466835865666,0.0,8.333333333333334,0.7333333333333334,0.0,1
AEM3IZY6EBPPHI63UNPVDH54FLDA,1,2659,1,-0.0,0.5577466835865666,0.0,20.0,0.3999999999999999,1.0,3
AEM46TADAWFNNA4UEMATKVKGVQ7A,1,2255,1,-0.0,0.5577466835865666,0.0,12.0,0.0,0.0,1
AEM54G6GVSBCFVMEWUKELLDH6CEQ,1,1830,1,-0.0,0.5577466835865666,0.0,6.0,0.625,0.0,1
AEM5YPNWRFZMTISA7MNO5Q55CERQ,1,3138,1,-0.0,0.5577466835865666,0.0,29.0,0.1333333333333333,0.0,1
AEM663T6XHZFWLODF4US2RCOCUSA,1,1962,1,-0.0,-0.3410711965272165,0.0,5.0,0.25,0.0,1
AEMBLBM4BUPI7ZRLS4JONNLCDBQA,2,2165,2,-0.0,-1.2398890766409998,2.5422408723206935,46.0,-0.0659523809523809,0.0,2
AEMBRCDXXEFJ5IZSHFWQV4RRQCJA,1,3055,1,-0.0,-0.3410711965272165,0.0,10.0,0.4666666666666666,0.0,1
AEMBTVYDSPZ4LQS22ANCAVBY772A,2,233,2,1.0,0.5577466835865666,0.0,11.5,0.7,0.0,1
AEMBYOFMQMIYUDXVZOV2OSFIWUWQ,1,887,1,-0.0,0.5577466835865666,0.0,35.0,0.4727272727272727,1.0,3
AEMC6O7HQTSBW3WGYDN7KX7MLE2A,2,1885,2,1.0,0.5577466835865666,0.0,10.5,0.55,0.5,1
AEMCYZWCUZOHOYR4ODTFB35LYDPA,2,1388,2,-0.0,-2.588115896811675,0.6355602180801734,4.0,0.075,0.0,0
AEMDYF5S74SVPHNIJGBO6BHTA23A,8,56,8,0.5435644431995964,0.4453944485723438,0.3177801090400867,1.375,0.125,0.375,2
AEMGTZNYC4EPWJRN2YWOBIN3ZRJA,1,1668,1,-0.0,0.5577466835865666,0.0,14.0,0.325,0.0,1
AEMGWSVRXINE7EIOBDBM6TVBDPFQ,8,1598,8,-0.0,0.5577466835865666,0.0,1.125,0.8250000000000001,0.125,1
AEMGXCMI4SNFUJ542KHGLU4W3E4A,1,2856,1,-0.0,0.5577466835865666,0.0,155.0,0.3392857142857143,0.0,1
AEMHSPGW765HCDTGPKO7JK2IWKEA,2,993,2,1.0,0.5577466835865666,0.0,17.5,0.6168055555555556,1.0,3
AEMI74JHKARVZR5F3DVAK4FMANXQ,1,944,1,-0.0,-0.3410711965272165,0.0,21.0,0.0499999999999999,1.0,3
AEMJ2EG5ODOCYUTI54NBXZHDJGSQ,45,1,45,1.853623015304728,-1.3597314606561708,1.762566633226504,19.35555555555555,0.1812831826462778,0.3333333333333333,2
AEMKSDVDHPPZRWI4U2OV3ISVSVJA,1,5636,1,-0.0,0.5577466835865666,0.0,199.0,0.398537784679089,0.0,1
AEMKUTWY33ROXY7ODQ3JC32R7I4A,1,3202,1,-0.0,0.5577466835865666,0.0,36.0,0.5490624999999999,0.0,1
AEMLEQKRYNQ5WGZVLBFI7NUSPKLQ,1,1530,1,-0.0,0.5577466835865666,0.0,75.0,0.2814814814814814,0.0,1
AEMLZRIZSXAA6OUNUQRZK6YMKCXA,1,2760,1,-0.0,0.5577466835865666,0.0,6.0,0.605,0.0,1
AEMN7LYBYUGLTNVCXOBAFSHLYJ6A,1,6199,1,-0.0,0.5577466835865666,0.0,153.0,0.0114285714285714,0.0,1
AEMNNMYROYAZGBLYYXNCEAE6D7YQ,7,646,7,-0.0,-0.4694737508291856,1.506565651614576,40.857142857142854,0.3028584455667788,0.0,2
AEMO2MND4W7ATBJPH7QVVGZSLF3A,1,2719,1,-0.0,0.5577466835865666,0.0,2.0,0.8,0.0,1
AEMO4BFY2UXCQE4XOFORK5EFFCDA,8,259,8,0.954434002924965,-0.7904801365841082,1.664287318888592,27.75,0.2174362253414987,0.25,2
AEMO7L57SNDF7ALZ2AYW3YQQ62LQ,1,3003,1,-0.0,0.5577466835865666,0.0,5.0,0.225,0.0,1
AEMOJU24QUZDDSMGSQPVTZGELLUQ,2,365,2,-0.0,0.108337743529675,0.6355602180801734,19.5,0.425,0.5,1
AEMRWPVGLAWBX2K64R47OESVJL4A,3,2836,3,-0.0,0.5577466835865666,0.0,70.33333333333333,0.2457037037037036,0.6666666666666666,3
AEMURA7H55NBGF6TS2A2JP5XIIBQ,1,1518,1,-0.0,0.5577466835865666,0.0,59.0,0.398051948051948,1.0,3
AEMVF46YD6PBUBKQMH6LIXLUPC4Q,1,3297,1,-0.0,0.5577466835865666,0.0,77.0,0.3933333333333333,0.0,1
AEMVVAU5ROKJK76IOHQKHEWRFLRA,1,69,1,-0.0,0.5577466835865666,0.0,4.0,0.8,1.0,3
AEMW2ADCJBXXCQLXQVM3RJEK53TQ,3,755,3,0.9182958340544896,0.5577466835865666,0.0,9.0,0.53,1.0,3
AEMWM6PRIMFDQLIQIPQTGXUAVDYQ,1,1567,1,-0.0,0.5577466835865666,0.0,3.0,0.0,1.0,3
AEMYDA6DVBKCCE7ZO2ARRFGKG3LQ,28,443,28,1.8248629576173565,0.2688409364071363,0.8493030659711921,46.07142857142857,0.3301011477671633,0.3928571428571428,2
AEN2NKUOAXGNLLT6DCQDQ2LK7M6Q,1,187,1,-0.0,0.5577466835865666,0.0,81.0,0.1076923076923076,1.0,3
AEN2ZU26WIC33EXP6LTYOWMV36XQ,1,822,1,-0.0,0.5577466835865666,0.0,37.0,0.4476190476190476,0.0,1
AEN347VH7E6PQILYQICAWBLET7BQ,2,99,2,-0.0,-0.3410711965272165,1.2711204361603468,45.0,0.1076704545454545,0.5,2
AEN4ENZO56M34IPYVZDALB3BDRVQ,1,3169,1,-0.0,0.5577466835865666,0.0,17.0,0.5711111111111111,1.0,3
AEN5SOV5AOJA37JVTCEC2U7DBSFA,1,5136,1,-0.0,0.5577466835865666,0.0,17.0,0.625,1.0,3
AEN6RD6RV56QE7T2LN7HEC6W3RZA,2,2726,2,-0.0,0.5577466835865666,0.0,54.0,0.3007051282051282,0.0,1
AEN6TFIVX635GNHMXJNMJOA56JWA,6,1326,6,0.9182958340544896,-1.090086096622036,1.6491940632001212,21.5,0.0656249999999999,0.1666666666666666,2
AEN7KAKQJGIQCNK6NMVWH2WZ3YXQ,10,9,10,0.4689955935892812,0.1982195315410533,0.7579497874249913,33.9,0.2393037518037518,0.4,2
AENAC6DVZYNNTEGCPUA542BD46VA,8,30,8,0.5435644431995964,0.5577466835865666,0.0,89.125,0.3926443087563777,0.125,1
AENBKROLUUF2CQET33UHMCS75ULQ,1,1989,1,-0.0,-0.3410711965272165,0.0,23.0,0.2583333333333333,0.0,1
AENDQ4AHOGXOBTTJMOW73BUESQKA,6,304,6,1.0,0.108337743529675,1.100822588984416,16.666666666666668,0.5853906249999999,0.0,2
AENEBXXF56E6G5VTCYCX74RF5OFA,1,3651,1,-0.0,0.5577466835865666,0.0,21.0,0.5777777777777778,0.0,1
AENER6DRMZOCWDSLKUOMSERR6KIQ,5,2028,5,-0.0,0.5577466835865666,0.0,39.6,0.2534404761904761,0.8,3
AENFLRI7UI4SFEAZIK57T45ZUGGA,1,3288,1,-0.0,0.5577466835865666,0.0,20.0,0.275,1.0,3
AENGLXININGSHWOPGTFF2V32DBOA,1,2650,1,-0.0,-0.3410711965272165,0.0,2.0,0.65,1.0,3
AENH6LSB6BM7XLPEYUL43WBOD6JA,2,245,2,-0.0,0.5577466835865666,0.0,277.5,0.1478301058636173,0.0,1
AENKWFYARCOIWS4FWYTLSGRIALTQ,1,223,1,-0.0,-3.0375248368685663,0.0,59.0,0.2533333333333333,1.0,0
AENM76XREURDLTOHQSEK4HJW3XIQ,1,2508,1,-0.0,-3.0375248368685663,0.0,12.0,0.1704545454545454,0.0,0
AENMGVERXZSSSV4CPJ5LPPFK6E5A,1,1968,1,-0.0,0.5577466835865666,0.0,5.0,0.2,0.0,1
AENMO75Q2V7HE4HSHYI6GOX5FYIQ,1,2093,1,-0.0,0.5577466835865666,0.0,14.0,0.2833333333333333,0.0,1
AENN7QGN7VH44UH46NYGL3A4FBAA,1,1414,1,-0.0,0.5577466835865666,0.0,12.0,0.25,0.0,1
AENNF2GOEVFBJL2TF3UU7HBIDLYA,1,1973,1,-0.0,-0.3410711965272165,0.0,25.0,0.25,1.0,3
AENNMXDZSUEUPEWSQU57GNOQD6JQ,1,425,1,-0.0,-0.3410711965272165,0.0,104.0,0.2324074074074074,1.0,3
AENNSJ75CWK5NXVCA4YDZAEJ4KDQ,1,1503,1,-0.0,-0.3410711965272165,0.0,17.0,0.7,1.0,3
AENNUXRFLXQGXSYMV5VGZK4ADQBQ,1,2819,1,-0.0,-0.3410711965272165,0.0,1.0,0.5,1.0,3
AENNUY257PRSZMPQ5U5PFR642FDQ,2,2281,2,1.0,0.5577466835865666,0.0,7.0,0.0,1.0,3
AENNZB2HHZZNEPKR6JADV2W4JDYQ,1,53,1,-0.0,0.5577466835865666,0.0,6.0,1.0,0.0,1
AENOQPZF7HQERNM3TNR2UQUE7RBA,3,84,3,0.9182958340544896,-1.8391009967168552,2.075730980144566,29.666666666666668,0.2288888888888888,0.0,2
AENR7RAJSAIV6E2UE6AZ7BUEIOIQ,8,207,8,2.0,0.5577466835865666,0.0,95.375,0.3291671326358826,0.375,2
AENTOWUFPL7HSMR7M4S25M7MGDKA,1,1513,1,-0.0,0.5577466835865666,0.0,8.0,0.0,0.0,1
AENUZAD3DEKU6K4LHFZFO2FUHKPQ,1,384,1,-0.0,0.5577466835865666,0.0,6.0,0.4125,1.0,3
AENWOKSUWWPH7FNTRNP6GPGTHRUA,1,1130,1,-0.0,0.5577466835865666,0.0,13.0,1.0,0.0,1
AENZ2NOJLCFRRF2APF4FEQONPX7A,1,1838,1,-0.0,-0.3410711965272165,0.0,18.0,-0.0552083333333333,0.0,1
AEO2LKPHWJWGEG6PMBOHLIGVYHTQ,1,1105,1,-0.0,0.5577466835865666,0.0,12.0,0.4125,1.0,3
AEO3UFEOS3ELXMXWPA5CJ34VQ7TQ,1,3729,1,-0.0,0.5577466835865666,0.0,42.0,0.3333333333333333,1.0,3
AEO4KXMHSMAMTAU6G6XOCNIA3AHQ,1,2364,1,-0.0,0.5577466835865666,0.0,18.0,0.65,1.0,3
AEO4M665ZOCBF7HEFRMTUDHLSB5Q,8,531,8,1.75,-0.2287189615129936,1.0120614067202915,72.125,0.2624300595238095,0.125,2
AEO66DLCCH677RV6KMUKV7SOGBXA,1,2105,1,-0.0,0.5577466835865666,0.0,2.0,0.8,1.0,3
AEO6GWHO32QJAT6NAQHMFPZJRNOA,1,1866,1,-0.0,-2.138706956754783,0.0,9.0,0.5,0.0,0
AEOCSHVOBSGQAN5MBKGPRRHF2OSQ,1,1176,1,-0.0,0.5577466835865666,0.0,24.0,0.1966666666666666,0.0,1
AEOECNMSAGYK5BKPILPV7JF6ELMA,1,3360,1,-0.0,0.5577466835865666,0.0,54.0,0.1057142857142857,0.0,1
AEOERTQHGU5NNS25RWMR6PAPEBOA,1,3070,1,-0.0,0.5577466835865666,0.0,14.0,0.4666666666666666,0.0,1
AEOHRV5ZJJZOCSACAJDNNHQJAG7Q,1,1905,1,-0.0,0.5577466835865666,0.0,8.0,0.35,0.0,1
AEOJW2RQVGB5EOJPZMNPUXNZYOTQ,5,48,5,0.9709505944546686,-1.599416228686513,1.6327837637973914,14.0,0.2431666666666666,1.0,2
AEOKAIB6OJVB5FRZGLEB3YAK5UBQ,42,1368,42,0.800122481014791,0.2153398721146492,0.8642246738164484,12.452380952380953,0.3403356481481481,0.4523809523809524,2
AEOMWX3OCV445UHGZUW6YUL6EGEA,1,5035,1,-0.0,0.5577466835865666,0.0,21.0,0.55,0.0,1
AEONA76PFRHESS2JG3KEUFQIGHGA,1,2297,1,-0.0,0.5577466835865666,0.0,9.0,0.91,0.0,1
AEOPD6K7XR4LR6IVYBYIBOCFQI4Q,1,360,1,-0.0,0.5577466835865666,0.0,37.0,0.000595238095238,0.0,1
AEOQCCO6VCZLGDP66T2WSVMAG4QQ,1,935,1,-0.0,0.5577466835865666,0.0,28.0,0.3,0.0,1
AEOQGP4XYSEKPXXBWAN4GWAPUO4Q,1,788,1,-0.0,0.5577466835865666,0.0,10.0,0.4888888888888889,0.0,1
AEORGMGHWN54RIMZLFOJF7NIE23Q,1,4731,1,-0.0,0.5577466835865666,0.0,26.0,0.5166666666666666,1.0,3
AEOUWZLTZ46NIML4CGUBAEOTJEMA,1,1765,1,-0.0,0.5577466835865666,0.0,2.0,0.0,0.0,1
AEOXILLGVJGHDIRN75QMVMXWZWSA,1,3264,1,-0.0,0.5577466835865666,0.0,23.0,0.28,0.0,1
AEOYNV3GTKOZ2YOEY4QEKIAEZEZA,3,561,3,0.9182958340544896,-0.6406771565651442,2.075730980144566,39.666666666666664,-0.0075937950937951,0.6666666666666666,2
AEOZUI2OJG5FNAK67ZGB6PEKUO3A,1,2823,1,-0.0,0.5577466835865666,0.0,12.0,0.3999999999999999,0.0,1
AEP3HQNDKDNNYBPRU5UOQCQ4QZQQ,1,2931,1,-0.0,0.5577466835865666,0.0,14.0,0.0,1.0,3
AEP3UEDMIAMT3KURUPPVH44WE6HQ,1,4605,1,-0.0,-0.3410711965272165,0.0,259.0,0.2235294117647058,1.0,3
AEP4R64Y44ZTA3SPZYCNNOCH6JNQ,1,1851,1,-0.0,0.5577466835865666,0.0,12.0,0.3814814814814815,0.0,1
AEPAPEQTAFWBI3V5XIIHZLG4YZEQ,1,1383,1,-0.0,0.5577466835865666,0.0,22.0,0.0,0.0,1
AEPBFOLHNAJQJAZOMSUMVFKPZXFQ,1,665,1,-0.0,0.5577466835865666,0.0,17.0,0.7,0.0,1
AEPBPLR5CSYFRIOUNBRIRGSTZSZQ,1,1839,1,-0.0,0.5577466835865666,0.0,54.0,0.2154882154882155,1.0,3
AEPCTFKFPQNUAWT5NTHIZHOVKPUA,1,2702,1,-0.0,0.5577466835865666,0.0,1.0,0.0,0.0,1
AEPDM7BEUMUY2RHLZHECUVTLAKPQ,1,2804,1,-0.0,0.5577466835865666,0.0,9.0,0.7,0.0,1
AEPGZ4L7TDTJUSGYAVTFQRTUGFWA,1,3689,1,-0.0,0.5577466835865666,0.0,20.0,0.265,0.0,1
AEPH725HSN3J3XTQMR5USFJR74PQ,1,137,1,-0.0,0.5577466835865666,0.0,47.0,0.1833333333333333,0.0,1
AEPHFCPWYQEHT6ZV6MRF3UT6YKEQ,1,4546,1,-0.0,0.5577466835865666,0.0,436.0,0.0963396614959115,0.0,0
AEPHG6BIOTPEASU3KQ7UKWSBNCOA,1,3936,1,-0.0,0.5577466835865666,0.0,33.0,0.4340909090909091,0.0,1
AEPL43B572OV2OMCFW23PFTF2E7Q,1,1534,1,-0.0,0.5577466835865666,0.0,226.0,0.0087303960659223,0.0,1
AEPO2ZRKXR53CRBJHKMI6RVAPXWA,1,708,1,-0.0,0.5577466835865666,0.0,6.0,0.5,0.0,1
AEPP2ZFFGRRA4W73GDAKPICS5HAQ,1,4063,1,-0.0,0.5577466835865666,0.0,48.0,0.209375,0.0,1
AEPQSFDPLHZQ6Y5XB7IUBW4DY5YA,2,758,2,1.0,-0.7904801365841081,1.9066806542405204,21.5,0.0,0.0,2
AEPQTXBSBL67WDDY4J44HO2PCIFA,1,1303,1,-0.0,0.5577466835865666,0.0,43.0,0.36,0.0,1
AEPQUIWJI7FYDURUJIDWLMPBU2KA,8,710,8,1.5487949406953985,0.108337743529675,0.6794424527769537,18.375,0.4533482142857143,0.125,2
AEPRO2RRDO5QIZXK35CXB43XJM2Q,1,2135,1,-0.0,0.5577466835865666,0.0,24.0,0.7416666666666667,0.0,1
AEPRQP77VF2CEG2GISP567CWNEPA,1,3112,1,-0.0,0.5577466835865666,0.0,44.0,0.35,0.0,1
AEPRUR2J4MHMKHJPXXRZDU66A5CA,2,2168,2,-0.0,0.108337743529675,0.6355602180801734,7.5,0.5158333333333334,1.0,3
AEPS6CVNYIAOE54ZDTQLFJ7TTSEQ,1,560,1,-0.0,0.5577466835865666,0.0,11.0,0.51875,0.0,1
AEPTHE6UGTAHFEQTVNIB4K7H272Q,1,2126,1,-0.0,-0.3410711965272165,0.0,2.0,0.5,1.0,3
AEPU6UPCLD4MSHTP3SXZQ3R4MXYQ,1,2612,1,-0.0,0.5577466835865666,0.0,63.0,0.315,0.0,1
AEPVN4QKBMMXPBVQYXUDLS3M6ZYQ,1,894,1,-0.0,0.5577466835865666,0.0,87.0,0.1272727272727272,1.0,3
AEPVNHVV7CG3KSQWCW43ASSGW2PA,1,2599,1,-0.0,-0.3410711965272165,0.0,72.0,0.0249999999999999,0.0,1
AEPY3WJN3G2XOBDIUN3RXMU7YXAA,2,502,2,-0.0,0.5577466835865666,0.0,21.0,0.4572916666666666,0.5,1
AEPYX5BW4FDTZPLRRGXM2KOHPAQQ,2,2858,2,-0.0,0.5577466835865666,0.0,1.0,1.0,0.0,1
AEPZ7GYOS7L4L2T67CXR6T6P64RQ,1,1746,1,-0.0,0.5577466835865666,0.0,2.0,0.8,0.0,1
AEQ2MLIXSRKW5DVQ4B2G3ST27DAA,1,2819,1,-0.0,0.5577466835865666,0.0,2.0,0.8,1.0,3
AEQ4BRZQAEE7UKKOPVTM2EQVGV3A,1,3410,1,-0.0,0.5577466835865666,0.0,27.0,0.75,0.0,1
AEQ4LANJMSQGTMUOCK6H42SRNPGQ,1,2664,1,-0.0,0.5577466835865666,0.0,69.0,0.291038961038961,0.0,1
AEQ6X45FYCIHEZBXIIIJMS4S6C2A,3,27,3,0.9182958340544896,0.2581407235486389,0.5189327450361415,59.666666666666664,0.0874999999999999,0.6666666666666666,2
AEQ7Y56NEUZTFG2QJYQ4T32EIUZA,2,110,2,1.0,0.5577466835865666,0.0,116.0,0.2795637175324675,1.0,3
AEQAYV7RXZEBXMQIQPL6KCT2CFWQ,56,142,56,2.060986292506444,-0.0361151300600401,1.1659688537942392,17.089285714285715,0.277588771595468,0.2142857142857142,2
AEQCFGIHGV5CPWNF7RZZLKEQ572A,2,509,2,1.0,0.5577466835865666,0.0,46.0,0.4424131944444444,0.5,2
AEQCFZTQ4NIZFCZRBTLB55AHLACQ,1,2756,1,-0.0,0.5577466835865666,0.0,1.0,0.5,1.0,3
AEQCJX2WHAMEAIUTID22OBLH6G5Q,1,4160,1,-0.0,-1.2398890766409998,0.0,35.0,0.0083333333333333,0.0,0
AEQEME4JTVW57QPP7ULNLFKLVSCQ,1,853,1,-0.0,0.5577466835865666,0.0,11.0,0.3777777777777777,1.0,3
AEQEQ4OIJUSS7YXOJCN4RPRRVGJQ,1,1077,1,-0.0,0.5577466835865666,0.0,3.0,0.0,1.0,3
AEQF24SNIMWRGBIG5EBCKDLMTFAA,4,281,4,0.8112781244591328,0.3330422135581208,0.4494089400568916,17.5,0.1046176046176046,0.0,2
AEQFQDC2GL6C62Y5WNZFLB44GIBA,1,1994,1,-0.0,0.5577466835865666,0.0,12.0,0.5499999999999999,1.0,3
AEQIRXUWJHFKOJBFGQB2G7HK6JKA,3,2155,3,-0.0,-0.3410711965272164,0.0,9.0,0.119047619047619,0.6666666666666666,3
AEQJLZPGPJEI4LG654IOMEU6RODQ,1,1816,1,-0.0,0.5577466835865666,0.0,8.0,-0.0388888888888888,0.0,1
AEQJWBLCQHL6YZ5SKAAB3ZPPSC2A,1,483,1,-0.0,-1.2398890766409998,0.0,20.0,-0.1166666666666666,0.0,0
AEQLRIQLBPN4UUHV3L5FDRZOAL2A,6,94,6,1.7924812503605778,0.108337743529675,0.7520049914252994,19.166666666666668,0.3604722222222222,0.0,2
AEQM7WKSLHAVNDHE4F4OFQIW5GWA,2,1554,2,-0.0,0.5577466835865666,0.0,5.0,0.0,0.0,1
AEQP7BO3DYS6ET6ANKREYSJFAHSA,1,2552,1,-0.0,-1.2398890766409998,0.0,8.0,0.0,0.0,0
AEQPHAPE7DLD5HI67M5KN2K6GZIQ,1,734,1,-0.0,0.5577466835865666,0.0,32.0,0.74,1.0,3
AEQPUFAW5OWSGOHVW53WT3STY5SQ,12,253,12,1.040852082972755,-0.4908741765461804,1.6184773355946664,23.166666666666668,0.4425700456950457,0.1666666666666666,2
AEQVD3N4Y2BP7N6VD4QIWQJIJXRA,1,1783,1,-0.0,-0.3410711965272165,0.0,1.0,0.8,1.0,3
AEQX7KS7WYSI3Q6E7OF3ZPIYSKQA,1,4945,1,-0.0,0.5577466835865666,0.0,62.0,0.3215909090909091,0.0,1
AEQZ2MBKWOY5KG2BOF4GVWZL65WQ,1,447,1,-0.0,0.5577466835865666,0.0,23.0,0.5,1.0,3
AER2M7E2IHDHZDVVXCFXTYKJ6EXQ,15,1164,15,-0.0,0.5577466835865666,0.0,11.466666666666669,0.6025419272085938,0.0666666666666666,1
AER3KQQTR7T3N6ZIOUMB4VDALL2Q,15,369,15,1.640223928941852,0.3180619155562245,0.7179834854714361,18.333333333333332,0.3919047619047618,0.4666666666666667,2
AER4C2C6NBH2W6JACHHDS4EGAFAA,4,2402,4,-0.0,0.5577466835865666,0.0,42.5,0.3834183673469388,0.25,1
AER5A2LR25ZV3SYFCYUWBRGRKBBA,59,8,59,0.7607859931846075,-1.011376056273089,1.5076472553518667,27.864406779661017,0.1734451654748265,0.288135593220339,2
AER6FMQQPAXBQN7MRPWJSH3IKAWA,1,3050,1,-0.0,0.5577466835865666,0.0,13.0,0.6666666666666666,1.0,3
AER6WLSJPBPNOZIQWVHQBVOKTNCA,39,202,39,1.4935577798664053,-0.2258381349741674,1.1138680073297125,124.28205128205128,0.2183554289796509,0.1538461538461538,2
AER7BPYAMW5CAICYIJX7QW64MBIA,1,1081,1,-0.0,0.5577466835865666,0.0,4.0,0.505,0.0,1
AERAK7NMCVO6RNEEXGBSITUOXPAQ,1,2067,1,-0.0,0.5577466835865666,0.0,15.0,0.5,0.0,1
AERAMOJVE43CA4TA5COS7GOTXFOA,1,867,1,-0.0,0.5577466835865666,0.0,20.0,0.6000000000000001,1.0,3
AERBX24JFGXDLPS2O2JUPQW3EHEQ,6,149,6,-0.0,-0.0414652364892888,1.4677634519792215,2.1666666666666665,0.25,0.3333333333333333,2
AERCFK4MLSG4U3XJBVXISRW27ZGA,1,4335,1,-0.0,0.5577466835865666,0.0,36.0,0.0999999999999999,0.0,1
AERD2GHAB5VZHTHUVMVAYUHL4CYA,2,292,2,1.0,0.5577466835865666,0.0,33.5,0.2958333333333333,1.0,3
AERDSTNOGEQQJVIVUULMJXOSSWCA,1,103,1,-0.0,-3.0375248368685663,0.0,16.0,-0.0625,1.0,0
AERGOXGAFZ2J3ZMHXVLZQGTW36RA,3,335,3,1.584962500721156,-2.138706956754783,0.8988178801137833,48.333333333333336,0.1291161616161615,0.6666666666666666,2
AERHC7DGSTOBV6Z6GWJJCGYDB3QA,1,1835,1,-0.0,0.5577466835865666,0.0,22.0,0.7375,0.0,1
AERHPPIK62QZ2WLBXQDATA775LKA,1,2878,1,-0.0,0.5577466835865666,0.0,2.0,1.0,0.0,1
AERMLEK75FYAZRMHP2IELWBJD2UA,1,1173,1,-0.0,0.5577466835865666,0.0,27.0,1.0,0.0,1
AERN3R5YG2K22AGW5GEXSMWICSLA,1,389,1,-0.0,0.5577466835865666,0.0,17.0,0.75,0.0,1
AERNPVMAGTL5TK2LJFARUOZETCZQ,1,2881,1,-0.0,0.5577466835865666,0.0,7.0,0.1,1.0,3
AEROUZQIIFX4V4BR6FHMUCLE2SMQ,2,2506,2,-0.0,0.5577466835865666,0.0,16.0,0.9333333333333332,0.0,1
AERPYYVVXK5PZ4KBKBAUIFH375HQ,1,354,1,-0.0,-0.3410711965272165,0.0,116.0,0.1192460317460317,0.0,1
AERRX357RLQ6SAUBH6HDYNGTXZ4A,1,1197,1,-0.0,-2.138706956754783,0.0,50.0,0.2491496598639456,0.0,0
AERRZUBMFD5GSNICJIKLDACDJCCQ,2,70,2,-0.0,0.5577466835865666,0.0,33.5,0.4499999999999999,0.0,1
AERT65EGRHVCQH3E7GOAQDG4CGYQ,1,799,1,-0.0,0.5577466835865666,0.0,49.0,0.3020833333333333,0.0,1
AERUAJORC4WC77TABTHVNVQDZF2Q,4,544,4,0.8112781244591328,-1.2398890766409998,2.0757309801445665,17.0,0.4,1.0,2
AERUU6APCTYBYVQTUM7KFYYK2DVQ,1,4060,1,-0.0,-0.3410711965272165,0.0,95.0,0.3421153846153846,0.0,1
AERVTQ63VWSKM3NWNNCJBDKJ4CIA,15,219,15,0.5665095065529053,-0.0414652364892888,1.160368893651379,30.933333333333337,0.3289974371693122,0.3333333333333333,2
AERWPVBR2XAG6OYAQQZED27RIJTQ,1,936,1,-0.0,0.5577466835865666,0.0,20.0,0.65625,1.0,3
AERX7K5IE767MVLOYBUNPUXDTGJQ,4,101,4,1.5,-0.3410711965272166,1.7976357602275663,38.75,0.5056349206349207,0.0,2
AERXCDD4DA2UKX3BY6DSVBBX6V2Q,2,1628,2,-0.0,0.108337743529675,0.6355602180801734,5.0,0.8,0.0,1
AERYH6N7BC5I5SO76JW5F3Z4ZUMQ,2,457,2,-0.0,0.108337743529675,0.6355602180801734,27.5,0.29375,0.0,1
AERZA4XOSVV3A57EITRVHA3QEFOQ,1,515,1,-0.0,0.5577466835865666,0.0,21.0,0.4333333333333333,0.0,1
AERZPTDNRBKDITZ56ODSWA2NQGKA,1,5581,1,-0.0,-0.3410711965272165,0.0,33.0,0.14,0.0,1
AES2RYKHJ36PKR5GOC5KC4HNAK2Q,1,1263,1,-0.0,0.5577466835865666,0.0,80.0,0.3243867243867244,0.0,1
AES3WXFEHZOAJRVULMXGVURKAEEQ,1,2688,1,-0.0,0.5577466835865666,0.0,41.0,0.5,0.0,1
AES4I2XF2XCF5RRBJE6OCOYTUKZQ,3,479,3,0.9182958340544896,-0.3410711965272165,0.8988178801137833,16.0,0.3833333333333333,0.6666666666666666,2
AES64NEMPYRENBT6PGCOYYBVDSWQ,13,697,13,1.2957378005380122,0.5577466835865666,0.0,33.46153846153846,0.618854700854701,0.0769230769230769,2
AES7KKTN2JRDCH5T4H3O5HU7XZZQ,3,582,3,0.9182958340544896,-2.138706956754783,0.8988178801137834,30.333333333333332,-0.0416666666666666,0.0,2
AESAZQADEUDNDYAMHMVTYBMGBGHQ,2,1556,2,1.0,0.5577466835865666,0.0,12.5,0.5688131313131314,0.0,1
AESC7XAD6PECYCGLVZCYYCEIPTNA,1,1429,1,-0.0,-1.2398890766409998,0.0,7.0,0.5,0.0,1
AESCUPVGN7EIB2ODWG7YHC3F4GOA,1,4847,1,-0.0,-0.3410711965272165,0.0,78.0,0.187037037037037,0.0,1
AESERUGYR2M57OR2BC2QD7SUEC2A,2,229,2,-0.0,0.108337743529675,0.6355602180801734,313.0,0.097181447025197,0.5,0
AESGFM6QX7BVONUAG4BPGCORYOIQ,8,2314,8,0.954434002924965,-0.3410711965272165,1.664287318888592,31.625,0.1813525883838384,0.0,2
AESGKFNIDELMTPT7OLS67JA545JA,3,869,3,0.9182958340544896,-1.2398890766409998,1.7976357602275663,4.333333333333333,0.2111111111111111,0.0,2
AESGLNOOG6D77X3KYOZA3XBBEEHA,1,2393,1,-0.0,0.5577466835865666,0.0,14.0,0.9,0.0,1
AESGMCRKQKHIAIJUL72FWQYVS6MA,8,377,8,-0.0,-0.5657756665556624,1.0470911425274605,48.75,0.2037596622850529,0.375,2
AESGVJFKCAZCKC35T4PYR2KUDIEA,1,4913,1,-0.0,-0.3410711965272165,0.0,70.0,0.3432900432900432,1.0,3
AESIMJE5ARHEBL6DLLD3YO2TJENQ,1,847,1,-0.0,0.5577466835865666,0.0,12.0,0.0,0.0,1
AESLW4D6JMNJLHVORHC3FEQWUIIQ,1,2516,1,-0.0,0.5577466835865666,0.0,10.0,0.4666666666666666,0.0,1
AESM7H2WPJU7T6USXGW6TLW4U72A,1,6177,1,-0.0,0.5577466835865666,0.0,81.0,0.1838435374149659,0.0,1
AESNIXKR5AZGQO55AJ2P4DRLENZA,2,874,2,-0.0,0.5577466835865666,0.0,10.0,0.6940104166666666,1.0,3
AESQ5EF2IGIZFNSZR7TL5XD622FQ,2,2781,2,-0.0,0.5577466835865666,0.0,2.0,0.7,0.0,1
AESQJGCWMZKMPCJGGZQRQ624UXIQ,1,1931,1,-0.0,0.5577466835865666,0.0,9.0,0.5875,0.0,1
AESREGQZJVO32YUHFVF33FEP6J3A,1,1935,1,-0.0,0.5577466835865666,0.0,7.0,0.5121212121212121,0.0,1
AESRHEAHGJCUURFTMWQJWTWBMKQA,1,3169,1,-0.0,0.5577466835865666,0.0,47.0,0.6333333333333334,1.0,3
AESSGWIRRSBE6RXL2QZ3BW2RP3KA,1,3788,1,-0.0,0.5577466835865666,0.0,27.0,0.2249999999999999,0.0,1
AESSR6R65G5PXULCO3634YUI7VKA,2,472,2,-0.0,-1.2398890766409998,0.0,72.5,-0.2117234848484848,0.0,0
AESTJ7FX2ZR44NVS25DTXH27YAHA,4,28,4,1.5,0.108337743529675,0.5189327450361415,15.25,0.5729166666666666,0.25,2
AESVCDVRKAJHKVMWADOBNFV45XKQ,1,756,1,-0.0,-0.3410711965272165,0.0,5.0,0.3,0.0,1
AESYBKHI3FNKSUPGDPVNBGKL2IMQ,1,2954,1,-0.0,-2.138706956754783,0.0,113.0,0.2260822510822511,0.0,0
AESZ37LZCXVJII6VORTZDAUTXUEA,1,996,1,-0.0,-2.138706956754783,0.0,129.0,0.2322916666666666,0.0,0
AESZLPIVHB4D3JWQ5PZVGMJGD2GQ,1,4071,1,-0.0,-1.2398890766409998,0.0,38.0,0.1583333333333333,0.0,0
AET24VX4XLW3GZ2XNFXZNPTE2AVA,7,381,7,0.5916727785823275,0.5577466835865666,0.0,3.142857142857143,0.6875,0.1428571428571428,1
AET3VOB7PYHAKDAPEDTFGPSEE6QQ,2,1557,2,-0.0,-1.2398890766409998,2.5422408723206935,13.5,0.3428571428571428,0.0,2
AET5623EGQ5SJ7LS7GPMXFPOADBA,1,246,1,-0.0,-0.3410711965272165,0.0,36.0,0.1716666666666667,0.0,1
AET56IV77HA4T4A3IGJ2UJFK4ENQ,1,2769,1,-0.0,0.5577466835865666,0.0,12.0,0.2125,1.0,3
AET57BUSN4ZB4RFJIBOPKMQTVPHQ,2,590,2,-0.0,0.5577466835865666,0.0,8.5,0.6266666666666668,0.0,1
AET5VFNIYKIHIPO3ZALZSLXX3KOQ,3,665,3,0.9182958340544896,-1.2398890766409998,1.5567982351084246,35.666666666666664,0.33255291005291,0.0,2
AET76WSAMU5NAFN6XTEBGJGDXD3A,1,2453,1,-0.0,0.5577466835865666,0.0,399.0,0.3093549783549782,0.0,0
AETA5FGE644L56YYDZI45UHV3HNA,1,1965,1,-0.0,0.5577466835865666,0.0,4.0,0.3,1.0,3
AETBPZFRDC4MLEZ3MZZRTAKJXAFQ,1,2631,1,-0.0,0.5577466835865666,0.0,69.0,0.1083333333333333,1.0,3
AETD26IRVCQW6FYJYIIB7HYFPA6Q,8,2333,8,0.5435644431995964,0.5577466835865666,0.0,21.25,0.4378472222222222,0.0,1
AETE7Y3DZT6BLMWA6U27ADJDZ4LA,24,787,24,0.9798687566511528,0.5577466835865666,0.0,16.958333333333332,0.4002011684303351,0.25,2
AETGCWXC47MSMK6B2TLZ44KCFJZQ,25,216,25,0.9510456605801272,0.1263141011319507,0.739365351877955,81.0,0.3219410360979408,0.24,2
AETGRH24MKFUFZ2KKTC2ZFYVYE5Q,7,68,7,1.9502120649147463,0.1725390206806596,0.4804383657846045,51.42857142857143,0.4617683531746032,0.1428571428571428,2
AETJOO7JKNG4ZPWJBY2UPIXBAQJA,2,790,2,-0.0,-0.7904801365841081,1.9066806542405204,42.0,0.526875,1.0,2
AETKGYHX3LTQ5NJP5ZHC2VEONLAA,1,3694,1,-0.0,0.5577466835865666,0.0,34.0,0.53125,1.0,3
AETKN3MZIEUDXAKTWEYZ4YCDYW3Q,1,830,1,-0.0,0.5577466835865666,0.0,16.0,-0.1458333333333333,0.0,1
AETMFCIZ4NBF4VJJMIKJPVNEXXYQ,1,263,1,-0.0,0.5577466835865666,0.0,9.0,0.625,0.0,1
AETOO3PKEEFCNIM6LR7VDVT2W4CA,6,2286,6,-0.0,0.4079437035676028,0.3669408629948054,24.333333333333332,0.3064814814814815,0.0,1
AETPQ2FRFR3NWEQLI6R4T2S27GVQ,1,3402,1,-0.0,-1.2398890766409998,0.0,113.0,0.2741758241758242,0.0,0
AETSZB5TEXJPDKB6PO2XBWO4V2EQ,4,12,4,0.8112781244591328,0.108337743529675,0.8988178801137833,10.75,0.4791666666666666,0.5,2
AETTCFAWESCXBEOYTQNHVGW4A6JA,1,1706,1,-0.0,0.5577466835865666,0.0,5.0,1.0,1.0,3
AETU3GFAQ7JU6KZOARTZYFVMMQ5A,1,1258,1,-0.0,0.5577466835865666,0.0,3.0,0.5,1.0,3
AETXMYPV6KHWTNVRXNXFYQN2TZNA,17,28,17,0.7871265862012691,0.1876452035397147,0.9564507442818914,7.176470588235294,0.2233385854341736,0.1764705882352941,2
AETXPQBVAVFVGEVJBOGJ2WPIVJAQ,1,3587,1,-0.0,0.5577466835865666,0.0,73.0,0.53,0.0,1
AETYVC5S7SOJMIM3HICSMEY4N67A,2,1212,2,1.0,-1.2398890766409998,2.5422408723206935,32.5,0.5734126984126984,0.0,2
AETZSY2WAD5IHKPAEIRRQ3AYOHFQ,1,7702,1,-0.0,-0.3410711965272165,0.0,101.0,0.2578512396694215,0.0,1
AEU26I734MOKVBFQIKMR2AC7XB6A,1,3723,1,-0.0,0.5577466835865666,0.0,22.0,0.35,1.0,3
AEU3FF2QN5LHF3JELYPUCFFZNP7A,1,4007,1,-0.0,0.5577466835865666,0.0,41.0,0.369047619047619,0.0,1
AEU4U6P7L7IJYC5HW2RFDM2K54NQ,1,1182,1,-0.0,0.5577466835865666,0.0,8.0,0.4819444444444444,1.0,3
AEU5VGZYHYK4ND5A7CHD4RBQX5OQ,1,738,1,-0.0,0.5577466835865666,0.0,29.0,0.5,0.0,1
AEU7QWGISMUTVOOPSZRJGH6MVZ6Q,1,3920,1,-0.0,0.5577466835865666,0.0,36.0,0.4092592592592592,0.0,1
AEUAL3EJKUSTNB4YY6STLYGTJALA,47,97,47,0.9828401803140904,-0.2454522731108566,0.863622854721883,133.63829787234042,0.1772576575172556,0.2978723404255319,2
AEUAQ6BAUEBP2C754LR3ILYHP54Q,2,1226,2,-0.0,0.108337743529675,0.6355602180801734,148.0,0.3813643790849673,0.5,3
AEUCONXA2N4QTYH25XZFFVAZFXSQ,1,2564,1,-0.0,-2.138706956754783,0.0,30.0,0.0575,0.0,0
AEUCXHKBAQI3F6PQGDS5QETOJTPQ,1,7608,1,-0.0,-0.3410711965272165,0.0,339.0,0.2319605142332415,1.0,0
AEUEMBHLPF52WH7FXSYMGAZ2FABQ,1,1760,1,-0.0,0.5577466835865666,0.0,10.0,0.7,0.0,1
AEUH4DWOJRDMRQC2ISMEG6NVG24A,1,3481,1,-0.0,0.5577466835865666,0.0,35.0,0.43125,0.0,1
AEUH4EH6XHROLT7UZPUYU2YKTYMA,7,464,7,0.863120568566631,-0.2126686422252475,1.414372252539658,14.714285714285714,0.4463095238095237,0.0,2
AEUHIBDCWBWUHPWU4LEYAH57KWNA,12,324,12,-0.0,0.5577466835865666,0.0,2.9166666666666665,0.65,0.0,1
AEUIPEVPJEVGFNGDZS25X4S7JBEA,1,1778,1,-0.0,0.5577466835865666,0.0,715.0,0.1009008597036766,0.0,0
AEUIU35OMHWETDS3ORA6WZW4LGAQ,1,1298,1,-0.0,0.5577466835865666,0.0,6.0,0.5,0.0,1
AEUJVUO66NKVOXCLJPMXE5G7BUJQ,1,1248,1,-0.0,-1.2398890766409998,0.0,1.0,-0.15,0.0,0
AEULCQHII5CZXLJJTBK7F6PF5ZPQ,1,2825,1,-0.0,0.5577466835865666,0.0,30.0,0.7083333333333334,0.0,1
AEUMYP5IWSQCLQRIAUKTWR2LZRSA,1,687,1,-0.0,0.5577466835865666,0.0,15.0,0.5733333333333334,0.0,1
AEUMZOI67H3CCFCPSV6PC2R6UHAA,1,2185,1,-0.0,-3.0375248368685663,0.0,26.0,1.0,0.0,0
AEUNVLFLSRGHAXUDD3PD76NINWKQ,9,630,9,1.3921472236645345,0.058403416856687,1.198423840151711,23.77777777777778,0.4094411375661375,0.0,2
AEUODTGDMPZUHTBPDYPUUNO6E5VQ,1,2521,1,-0.0,0.5577466835865666,0.0,5.0,0.38,0.0,1
AEUPVXPOUGHV5RVR2C762ZMGNYKQ,1,164,1,-0.0,-0.3410711965272165,0.0,8.0,0.3333333333333333,0.0,1
AEURX7VHDSBJDSNHCQNZ5JV7IFMQ,1,2322,1,-0.0,0.5577466835865666,0.0,2.0,-0.1,1.0,3
AEUS37QBTO5XSXXOJCQQGSQJC3DQ,1,2729,1,-0.0,0.5577466835865666,0.0,4.0,0.8,1.0,3
AEUSDGHFKZK6IA5NPQP4QGNT4IFQ,2,1672,2,-0.0,-0.3410711965272165,0.0,129.0,0.1239627100840335,1.0,3
AEUSR3CBHDM4TNQTI23CBTJKSZPA,1,1348,1,-0.0,0.5577466835865666,0.0,2.0,0.0,0.0,1
AEUSRLMATLQOLKQ42KFQYH2RDPKA,2,2555,2,-0.0,0.5577466835865666,0.0,84.5,0.1174999999999999,0.5,3
AEUSTMRNQKLA77F6ME5Q22RGGDAQ,1,1966,1,-0.0,0.5577466835865666,0.0,48.0,0.215625,1.0,3
AEUTFVCWAKVADU4IQKDDJ4S3ESUA,1,2576,1,-0.0,0.5577466835865666,0.0,9.0,0.0,0.0,1
AEUTQ4IEVVJZTRCDZWFK2AB43M2A,1,2792,1,-0.0,0.5577466835865666,0.0,61.0,0.225,1.0,3
AEUWC4ABR4KED5FQZMSUEFHCWSTQ,1,1736,1,-0.0,0.5577466835865666,0.0,5.0,0.65,0.0,1
AEUZHPIGXLWEQ7HW5LRYEPD3QYCQ,13,1509,13,-0.0,0.5577466835865666,0.0,11.0,0.6192765567765567,0.8461538461538461,3
AEUZZ2Q6GSSWIV2X5GQTOI2XUJXA,1,2489,1,-0.0,0.5577466835865666,0.0,2.0,1.0,0.0,1
AEV2EMK63UIQPEHE7V3HZXDMGW4Q,1,3748,1,-0.0,0.5577466835865666,0.0,148.0,0.111734693877551,0.0,1
AEV3ET6G66A4KXXAVUBODT3WYGJQ,1,7912,1,-0.0,-0.3410711965272165,0.0,372.0,0.0206392339544513,0.0,0
AEV4DP5E3FJH6FHDLXUYQTDEQYCQ,3,405,3,0.9182958340544896,-0.6406771565651442,2.075730980144566,32.666666666666664,0.3059166666666666,0.6666666666666666,2
AEV4RH2G2NALLCELW4AS6XKJQWWQ,1,2470,1,-0.0,0.5577466835865666,0.0,33.0,0.3777777777777777,1.0,3
AEV5KODCW6P7ZXF66HHVTFHQ2Q7Q,1,828,1,-0.0,-1.2398890766409998,0.0,60.0,0.1,0.0,0
AEV5QK5B6EOXF6DEG7V36PKN2VAQ,1,77,1,-0.0,0.5577466835865666,0.0,14.0,0.0,0.0,1
AEV5WMIHDLDER6LUWKR35CUNYC2A,2,268,2,-0.0,0.5577466835865666,0.0,21.5,0.4166666666666666,0.0,1
AEV6OD7S35KD5XSLNLRTGMVYCZPQ,2,1475,2,-0.0,0.5577466835865666,0.0,17.5,-0.15,1.0,3
AEV6OL4GLSYMDNUHS4Y4DNVFDRHQ,16,357,16,0.6962122601251458,-1.1275368416267768,1.7938867764592623,30.125,0.1814875992063492,0.1875,2
AEV7BC7YTPXOYTUL5PGWWHHRURAQ,1,2326,1,-0.0,0.5577466835865666,0.0,25.0,0.3916666666666666,0.0,1
AEVAHTHGA4EH7AUBQ3QSGWOH6JHA,1,1463,1,-0.0,0.5577466835865666,0.0,7.0,0.0,0.0,1
AEVAKY2EMVGE4P6PXYBBAM5E5MUQ,4,570,4,0.8112781244591328,0.5577466835865666,0.0,24.0,0.5387152777777777,0.25,1
AEVEA4Y4PRMWUBTOKWWDDP64YKJA,1,1727,1,-0.0,0.5577466835865666,0.0,2.0,0.5,1.0,3
AEVIQZAAXKLCHSXFFZVGIFYRPLOA,1,3731,1,-0.0,0.5577466835865666,0.0,27.0,0.2916666666666667,0.0,1
AEVJOCON4D6LS7ECPHMMPPIKWZSA,1,2578,1,-0.0,-0.3410711965272165,0.0,9.0,0.4166666666666667,0.0,1
AEVKKM4BJF266I6R5DJDNKHMSXZQ,2,2270,2,-0.0,-1.6892980166978917,1.9066806542405204,33.5,0.339375,0.0,2
AEVM64MVDOSEAVNMVLS7YIGL4YVA,1,1657,1,-0.0,0.5577466835865666,0.0,12.0,0.625,1.0,3
AEVMDZ4AKB3DQM2EWRTHJIGNDFWA,6,1345,6,1.2516291673878228,-0.940283116603072,1.767421242630246,53.833333333333336,0.1781685405643739,0.0,2
AEVMPQORMKIMWMBQJRKJJVXI3FIA,2,6428,2,-0.0,0.5577466835865666,0.0,36.5,0.3698412698412698,0.0,1
AEVNDAFXEWRC47FAVNUTMEZJBD6A,1,1013,1,-0.0,-3.0375248368685663,0.0,11.0,-0.4,1.0,0
AEVNOPF5IML6LU66W2BVPS7RJ6GA,1,3344,1,-0.0,-0.3410711965272165,0.0,34.0,0.1099999999999999,1.0,3
AEVODCD523UXLDVYZL4C7H3O45DA,1,1285,1,-0.0,0.5577466835865666,0.0,13.0,0.25,0.0,1
AEVPOT2DT56DGKUPPPE6XD3QZFFQ,1,3445,1,-0.0,0.5577466835865666,0.0,22.0,0.3999999999999999,0.0,1
AEVPPTMG43C6GWSR7I2UGRQN7WFQ,40,43,40,1.8161327621439711,-0.3635416435300611,1.212528904809351,60.475,0.2256513729326229,0.225,2
AEVQ3KP55X4XECXWMHN6DHIDBYFQ,53,1521,53,1.401909897758418,0.489911371879866,0.2396956388273648,10.150943396226417,0.6316666666666666,0.0754716981132075,2
AEVRLY26GBFJVYM32A56BH22X4KQ,1,7240,1,-0.0,0.5577466835865666,0.0,156.0,0.3513888888888889,0.0,1
AEVRP23ONGIWRUAPURGPAKC4PL2Q,3,534,3,-0.0,0.5577466835865666,0.0,30.0,0.4536111111111111,0.0,1
AEVTBGKOALRS27HUI7KEYUYPFBLQ,2,773,2,-0.0,0.5577466835865666,0.0,23.5,0.475,0.5,1
AEVUG7GSYKMQM6J7PVYKMIJQVN3Q,2,3110,2,-0.0,-0.3410711965272165,1.2711204361603468,101.0,-0.0479641712454212,0.0,0
AEVVJHZUPI4AHZZX7PC4LTCKWSKA,4,41,4,1.5,0.3330422135581208,0.4494089400568916,46.5,0.4312064522778808,0.5,2
AEVWAM3YWN5URJVJIZZ6XPD2MKIA,10,65,10,1.9609640474436811,-0.0714258324930816,0.7399721351986944,32.3,0.3269895691609977,0.1,2
AEVYMKPLQ3G25CREYAWC347U5O4Q,1,2540,1,-0.0,-2.138706956754783,0.0,52.0,0.3999999999999999,1.0,0
AEVZVWZP3S2J57XSTFN5LPQNOONA,4,1180,4,-0.0,-0.1163667264987707,0.4494089400568916,82.5,0.1607901847607729,0.0,1
AEW26W6ODPJ77OHPS5LBTFT64LHQ,1,2581,1,-0.0,0.5577466835865666,0.0,8.0,1.0,1.0,3
AEW2DUEKVQCUL56PV4CXLVRIP33Q,1,217,1,-0.0,-3.0375248368685663,0.0,38.0,0.1333333333333333,0.0,0
AEW3MTZ3PBLHELRSFI2FX2X3N3EA,1,2265,1,-0.0,0.5577466835865666,0.0,7.0,-0.625,0.0,1
AEW4CIDRC3RO33GW3GKDLONUVNAQ,1,2122,1,-0.0,0.5577466835865666,0.0,81.0,0.3625,0.0,1
AEW55ZDSPC6HOXZ2RK5MCT7OM5WQ,1,1144,1,-0.0,-3.0375248368685663,0.0,7.0,0.0,0.0,0
AEW7KGZFQFB6P2YRTN6JGVR3YRLA,10,222,10,1.7609640474436812,-0.4309529845385948,0.6632060639968673,51.7,0.2238194444444444,0.7,2
AEWFEWBJVI2YN7WAWVXSOYT5MANA,3,11,3,1.584962500721156,-0.0414652364892888,1.037865490072283,19.666666666666668,0.3902777777777778,0.6666666666666666,2
AEWFI6UHAUISG2JF4EPVZPBMHZYA,1,1701,1,-0.0,0.5577466835865666,0.0,44.0,0.6238095238095239,0.0,1
AEWICKS3R7L2VXI2PUR6VL64PFSA,1,5734,1,-0.0,-2.138706956754783,0.0,82.0,0.3416666666666666,0.0,0
AEWJXW46LKSW22FWTGRYTLNE7TGA,28,67,28,0.5896261811873141,-0.2126686422252475,0.7221388607202877,28.392857142857142,0.2371036309094344,0.3571428571428571,2
AEWK45NLQWUDXWPF76JNHPMJVZPQ,1,436,1,-0.0,0.5577466835865666,0.0,9.0,0.5785714285714286,0.0,1
AEWLOQTKYUYRJ24NK4GD5CZTR7WA,42,22,42,0.3712323266408756,-0.0628656622062836,1.059562255064141,32.73809523809524,0.3108554425858847,0.3333333333333333,2
AEWM5TEERH5SWKVMVCBGB4G4DOXQ,6,32,6,-0.0,0.108337743529675,0.7520049914252994,30.5,0.2565277777777777,0.1666666666666666,1
AEWMM6B2T7PMH5WFINUUORAHX2NA,1,4126,1,-0.0,-0.3410711965272165,0.0,36.0,0.7,0.0,1
AEWRRORE6A47AFELFU6LO6YVEYAA,1,953,1,-0.0,0.5577466835865666,0.0,16.0,0.5,0.0,1
AEWRZLS7FBAX3BXANLXDKVV33CCA,74,1330,74,0.4055589397141705,-0.377509759234532,1.0565968687821308,52.54054054054054,0.2606026507379237,0.1216216216216216,2
AEWTKEIDMSOZ7Z3MOOEIXYPYUCCQ,5,799,5,1.3709505944546687,-0.5208347725499733,1.6078543034613406,113.6,0.1389978354978354,0.4,2
AEWUBEVXD7CKWOQ46K56K7BIQPBQ,1,878,1,-0.0,0.5577466835865666,0.0,3.0,0.5,0.0,1
AEWUTB77443SWKRTRKCCROPCURCQ,1,1874,1,-0.0,0.5577466835865666,0.0,24.0,0.3666666666666667,1.0,3
AEWVHCZZINJR7NIUYCVMO2ZXLLKA,1,2412,1,-0.0,0.5577466835865666,0.0,26.0,0.125,0.0,1
AEWWDRHCN6DGQNJBGLFAMQIQ5WHQ,3,105,3,1.584962500721156,0.5577466835865666,0.0,35.666666666666664,0.5118105158730158,0.3333333333333333,2
AEWXJDZPE2MTDUQ5PV2D4IEOWZ6A,1,2627,1,-0.0,0.5577466835865666,0.0,4.0,0.0,0.0,1
AEX2PWSLCKDKELBZ4FMOOWR4PVAA,5,44,5,-0.0,-1.4196526526637565,1.6078543034613406,30.6,0.1633482142857142,0.0,2
AEX3CW22RUBG2EEUYSBZBMTRJSZQ,2,1496,2,1.0,0.5577466835865666,0.0,11.5,0.3,1.0,3
AEX3JEM4XNO3WY27QN2LIV7EKMKA,3,264,3,-0.0,0.2581407235486389,0.5189327450361415,56.666666666666664,0.3643303571428571,0.6666666666666666,3
AEX4JVEAX7V2XJNX7L6LQCX5SRZQ,1,3579,1,-0.0,0.5577466835865666,0.0,24.0,0.3083333333333333,0.0,1
AEX4MMFGEVYPOWPB4B2YFS7PIHEQ,2,3724,2,-0.0,0.5577466835865666,0.0,94.5,0.41875,0.0,1
AEX5AKK7HEVKT4CID4F6TOF2ZZIQ,1,186,1,-0.0,0.5577466835865666,0.0,8.0,-0.15625,0.0,1
AEX5IK5WUXIGLSWUWSNDYATYVQJA,4,1323,4,-0.0,0.5577466835865666,0.0,47.5,0.4439732142857143,0.0,1
AEX63ECBRMOKNMAFMIVCEUP4OCBQ,2,696,2,1.0,0.108337743529675,0.6355602180801734,58.5,0.4435064935064935,0.0,2
AEX7XY53RLK4CQ6MIMPU4HHZJETA,1,1057,1,-0.0,0.5577466835865666,0.0,25.0,0.4,0.0,1
AEXAGBIZ5NEBJO6DNDVBA3ZWUIEA,4,1247,4,0.8112781244591328,-0.1163667264987707,0.8605526033570225,63.5,0.3565273268398268,0.25,2
AEXBIH7OOSNTF3NPJ262T4HDNXBA,14,610,14,0.9852281360342516,-0.3410711965272165,1.49572336340958,25.642857142857142,0.3641808390022675,0.4285714285714285,2
AEXC2RWTZY5DQIVSVFXGUZANKMSQ,3,578,3,1.584962500721156,0.5577466835865666,0.0,21.0,0.5357575757575758,0.0,2
AEXCNSFJSDS7WTO76BIOQU2GYDJA,1,1842,1,-0.0,0.5577466835865666,0.0,17.0,0.675,0.0,1
AEXCR46DMHH6ODLFC7WCGIZGMGIQ,2,1796,2,-0.0,0.5577466835865666,0.0,2.0,0.8,0.0,1
AEXFGERJKJ7YOSSYC2WZUKEKTFQQ,1,1359,1,-0.0,0.5577466835865666,0.0,2.0,1.0,0.0,1
AEXFSHMGQ2PBLKTHLSQNM2IPJDKA,1,3650,1,-0.0,0.5577466835865666,0.0,35.0,0.0099999999999999,0.0,1
AEXKH3LKCCJ7NGS2JJFPR2ZBL6NA,6,1019,6,1.2516291673878228,-0.6406771565651443,1.8565902298422063,20.333333333333332,0.1535714285714285,0.1666666666666666,2
AEXL4OGPNMDFOCOE4QNUNECYWTVQ,1,1526,1,-0.0,0.5577466835865666,0.0,7.0,0.5,0.0,1
AEXLJXLT2BECIHWJSZ5MSXA5KA5A,1,2276,1,-0.0,0.5577466835865666,0.0,54.0,0.1877020202020202,0.0,1
AEXLSPCC44BZKWJSATRFAYHOM6RA,1,2681,1,-0.0,0.5577466835865666,0.0,5.0,0.65,0.0,1
AEXLU5BDFIRVGOD6UO3AOCG3DUXQ,2,273,2,1.0,0.5577466835865666,0.0,6.0,0.4927272727272727,0.5,2
AEXOWERQXU5OCPLNACNFDF2OOI2A,1,123,1,-0.0,-1.2398890766409998,0.0,49.0,0.2238095238095237,0.0,0
AEXP4AULLRFINXRFJ3FXQDFYYOWA,1,2196,1,-0.0,-0.3410711965272165,0.0,11.0,0.7,1.0,3
AEXQTIU2YXKVYBRLFQ5WAGVURVHQ,1,2743,1,-0.0,-0.3410711965272165,0.0,5.0,0.7,1.0,3
AEXSLSUUTYLSYSRCS6Y7XDB6JXRA,1,1035,1,-0.0,-2.138706956754783,0.0,41.0,-0.15,1.0,0
AEXTSZOMHUDQZ46764RKBNZ2WANA,18,540,18,0.5032583347756457,0.108337743529675,0.6355602180801734,18.0,0.5273908500514403,0.1111111111111111,2
AEXU3S7NB3EBIOJE7UKO3GAM7YJQ,4,915,4,0.8112781244591328,-0.7904801365841082,1.721105206714045,14.25,-0.0631944444444444,0.25,2
AEXU3XJEKY7Y5QJXKLZMPRTDUKJA,6,1470,6,-0.0,-0.0414652364892888,1.4677634519792215,36.166666666666664,0.2886644676810118,0.0,2
AEXUL6NAQAAMP72AP3HDBO6HTV2A,1,1999,1,-0.0,0.5577466835865666,0.0,10.0,0.9,0.0,1
AEXVJXJE25VDO7ZFJUEAW53S7EXQ,3,2773,3,-0.0,0.5577466835865666,0.0,9.666666666666666,0.5027777777777778,0.0,1
AEXVNABLVTHK6EJVTY55T75OG2BQ,5,1501,5,-0.0,0.5577466835865666,0.0,4.6,0.74,0.0,1
AEXXE5WBAUV6CUOCLOX6TIMV7SWQ,1,1407,1,-0.0,0.5577466835865666,0.0,32.0,0.3833333333333333,0.0,1
AEXXPCM7I5YL26QCIPCCLWH37ZTQ,1,1894,1,-0.0,0.5577466835865666,0.0,125.0,0.1214015151515151,0.0,1
AEXXSUF5KNRANEPZGM5DXTIALMCA,2,3429,2,-0.0,0.5577466835865666,0.0,61.0,0.2689225589225589,0.5,3
AEXYAYKO4JSMM7ALG7YY3P67FXVQ,8,153,8,-0.0,-0.2287189615129936,0.8907565703686242,20.0,0.5419448953823953,0.375,2
AEXZPE56DTET42XXA6WBD6CM5QYA,1,1228,1,-0.0,-0.3410711965272165,0.0,9.0,-0.1,0.0,1
AEY34JINUYPHCTN23PNXPOIVSYYA,1,3347,1,-0.0,0.5577466835865666,0.0,22.0,0.5,0.0,1
AEY3HV4GQHTLLILTSS66CH2IHMYA,1,721,1,-0.0,0.5577466835865666,0.0,119.0,0.5305555555555556,0.0,1
AEY4AK73HCLNM5ITQ6O2GOMNTJEQ,1,3360,1,-0.0,0.5577466835865666,0.0,27.0,0.6126893939393939,0.0,1
AEY5COTUP2BYV73ZRNKJF2V4BPKQ,5,60,5,0.7219280948873623,0.1982195315410533,0.8039271517306702,28.4,0.3280833333333333,0.2,2
AEYBVVQQXS7RRXDJMOHMPBHSYOKQ,1,461,1,-0.0,0.5577466835865666,0.0,10.0,0.8,1.0,3
AEYC3IF4CTBVTGN4ZCCUJ2E5XDHQ,1,2507,1,-0.0,0.5577466835865666,0.0,2.0,0.5,0.0,1
AEYCJLZHSNAWFO7IKKERBKF2VD5A,1,929,1,-0.0,0.5577466835865666,0.0,26.0,0.0,1.0,3
AEYE3LSUHQEX6BWG224MKVXX6XZQ,16,115,16,-0.0,-0.0601906089916593,0.91183143237987,5.9375,0.339453125,0.25,2
AEYENTSV6LFPRW3LTBBMPYBE7MOA,1,1736,1,-0.0,0.5577466835865666,0.0,56.0,0.535,0.0,1
AEYEP6B5W5QBNMM4OBQBQJDJ63SA,18,11,18,1.6113834567195195,-0.2911368698542286,1.2512334227040471,12.11111111111111,0.3355632716049382,0.1111111111111111,2
AEYF3VOKNL6HLCREFCY7NVBT6AGQ,1,227,1,-0.0,0.5577466835865666,0.0,5.0,0.65,0.0,1
AEYFGA6BGU6ES546ZKBPE3BTOYXA,1,688,1,-0.0,0.5577466835865666,0.0,58.0,-0.2125,0.0,1
AEYFKTGX5FA2VGTPWTCVCHASEILA,1,4291,1,-0.0,0.5577466835865666,0.0,66.0,0.1785714285714285,0.0,1
AEYFU5FQAJYXFREC4KHQ34EGZ3LQ,16,136,16,1.3663146570363986,-1.1837129591338884,1.6563224437162638,12.125,0.3076587540064102,0.4375,2
AEYG5QTSA6SYIEQQ3XUQMD24MKDQ,2,1515,2,-0.0,0.5577466835865666,0.0,9.0,0.25,0.0,1
AEYGPUCRKH7G4VM22FM3VAKSQ23Q,56,229,56,0.9402859586706313,-0.2608196000884859,1.165968853794239,222.57142857142856,0.1490950502552527,0.3035714285714285,2
AEYH6Z3S7QBUIKSHO4KYSEG7KW2Q,1,3185,1,-0.0,0.5577466835865666,0.0,20.0,0.5,0.0,1
AEYHRAG6COXKW264KLLBSWBS46KA,1,1192,1,-0.0,0.5577466835865666,0.0,7.0,0.375,0.0,1
AEYHSQDKAXT5R4X7VMYN4PBX2GGQ,1,3364,1,-0.0,0.5577466835865666,0.0,31.0,0.3999999999999999,0.0,1
AEYJRJO4IKZUQ4ODRRTYX4247YTQ,1,1425,1,-0.0,0.5577466835865666,0.0,12.0,0.3874999999999999,0.0,1
AEYL33RQMQHQNHXTTQQNYFMZUB3A,1,597,1,-0.0,0.5577466835865666,0.0,33.0,0.1826666666666666,0.0,1
AEYL4ZM2I6F6JZAMXCI6WINOA4WA,1,1891,1,-0.0,0.5577466835865666,0.0,17.0,0.5,0.0,1
AEYMB2E6ZE25CVWQI6OAPB6YEXQA,1,1174,1,-0.0,0.5577466835865666,0.0,7.0,0.0,1.0,3
AEYORY2AVPMCPDV57CE337YU5LXA,22,135,22,0.6998578570269279,-0.3002158383402264,1.018305435914968,55.54545454545455,0.2987458096932529,0.3181818181818182,2
AEYPHXPE4VADDYCCOHPQTQQ4EM6A,2,605,2,1.0,-3.0375248368685663,0.0,22.0,-0.0505,0.0,0
AEYPQ5NLVMRSU6GSY5EAMXWPP4QQ,3,1039,3,-0.0,0.2581407235486389,0.5189327450361415,48.0,0.1485509259259259,0.3333333333333333,1
AEYQIINOZ5VGN62ICPB4ZYELPG3Q,1,3006,1,-0.0,-3.0375248368685663,0.0,209.0,0.0946428571428571,0.0,0
AEYRK6RHCYZHAXVBEH5UNZ3RB5JQ,1,3555,1,-0.0,0.5577466835865666,0.0,20.0,0.245,0.0,1
AEYS7TG2WOZAB7NLRVGTM5XZIG3Q,14,304,14,1.41379956460568,0.5577466835865666,0.0,21.071428571428573,0.3781547619047619,0.5,2
AEYVXZF5TQB7IGLLS3HJTDWLSKJQ,43,400,43,0.1593500626856344,0.1396918556266675,0.5317057652572759,50.83720930232558,0.1981453404666468,0.2790697674418604,2
AEYWRSMAMVW72QURZWK72VSR5YOA,1,792,1,-0.0,0.5577466835865666,0.0,12.0,0.0,0.0,1
AEYWSCGUMTGKVHT7K5XYCNGWRNGQ,1,3280,1,-0.0,0.5577466835865666,0.0,81.0,0.3398214285714286,0.0,1
AEYX74AR7OK76BHNNFV2LIFZMTAA,1,1451,1,-0.0,-0.3410711965272165,0.0,10.0,0.0,0.0,1
AEYXN35M6FE2CW34QVC64ULRRJVA,1,1184,1,-0.0,0.5577466835865666,0.0,4.0,0.6499999999999999,0.0,1
AEYZSTV3DHQEGC3WSCUDBLDSC22Q,2,106,2,1.0,0.5577466835865666,0.0,12.0,0.5805555555555556,0.5,2
AEZ26WGWJ3EOQ4KWSHG77HJAG4EA,141,8,141,1.1041195563984252,0.073277471610343,0.6402436606135459,306.82978723404256,0.1914362745984843,0.3049645390070922,2
AEZ2QFCLVDLNVB6VTDYNBB4ZNL5A,1,457,1,-0.0,0.5577466835865666,0.0,19.0,1.0,0.0,1
AEZ3V2ML2S5NJ63MVVZZSXYQ343A,1,2410,1,-0.0,-1.2398890766409998,0.0,123.0,0.0683982683982683,0.0,0
AEZ5CUACQP3PLOTXO4TUVLB5LKNQ,1,372,1,-0.0,0.5577466835865666,0.0,8.0,0.0,0.0,1
AEZ5SFMDJRYHJUGJN2MGWRMPVOKQ,2,1156,2,1.0,0.5577466835865666,0.0,11.5,0.7104166666666667,0.5,1
AEZ5XIOVMGBSCLVM5CHARW5OMU7Q,2,2868,2,-0.0,0.5577466835865666,0.0,22.5,0.2166666666666666,0.5,3
AEZBUIRYRO7JFUJIFNSMJKJKJELQ,2,2012,2,-0.0,-0.7904801365841081,1.9066806542405204,7.5,-0.0874999999999999,0.5,2
AEZCSRJ7EQFX2SJFITNKUPBXXK7Q,1,153,1,-0.0,0.5577466835865666,0.0,5.0,0.0,1.0,3
AEZEX27LZPWQFTTDLHBSKPPEUDAQ,2,1657,2,-0.0,-3.0375248368685663,0.0,25.0,0.0082142857142857,0.5,0
AEZF5CELBZSSHED4KXU5YM2R2MTA,1,3126,1,-0.0,-0.3410711965272165,0.0,91.0,0.2594444444444444,0.0,1
AEZFLP5KAJG42V4QRVLQHR5DVSQA,1,128,1,-0.0,-0.3410711965272165,0.0,37.0,0.25,0.0,1
AEZFTFYREPX7QL5CTF7WFTFZHBKQ,3,1824,3,0.9182958340544896,0.5577466835865666,0.0,9.333333333333334,0.8069444444444445,0.0,1
AEZGPLOYTSAPR3DHZKKXEFPAXUAA,2,775,2,1.0,-2.138706956754783,1.271120436160347,49.0,0.3645833333333332,0.5,2
AEZGSGN6BHOOVUDJ57MB53S4HUEA,2,441,2,1.0,0.5577466835865666,0.0,32.0,0.4030158730158729,0.5,2
AEZHVVKEZAY6MAP5WA62MAYTMHWQ,32,128,32,0.8683927290103626,0.4734825073258994,0.3506746246342131,14.90625,0.3950969122023809,0.53125,2
AEZI7NA3EMYGPYD3MS4SWWHWZW4Q,1,4205,1,-0.0,0.5577466835865666,0.0,20.0,0.38,1.0,3
AEZIW242EBVLBV24LA7FKYVN7YUQ,1,3107,1,-0.0,0.5577466835865666,0.0,16.0,1.0,1.0,3
AEZJ2TU2SLZEDP2YXEM7UHTLM6EA,1,1699,1,-0.0,0.5577466835865666,0.0,24.0,0.8,1.0,3
AEZJHOQMLIRXKDFFG4RXVHETGNTA,1,4768,1,-0.0,0.5577466835865666,0.0,22.0,0.6,0.0,1
AEZL73IHSBRHJJGQCNB7XGND45YA,2,1159,2,-0.0,0.5577466835865666,0.0,3.0,0.5,0.0,1
AEZLBRKZYY5DLFUT63H24QIWAGAQ,1,2322,1,-0.0,0.5577466835865666,0.0,11.0,-0.15,1.0,3
AEZPSUTSRD46AS7M5LLHH4VAXTYQ,1,81,1,-0.0,0.5577466835865666,0.0,2.0,0.5,0.0,1
AEZPSXZOZJJ3FLI44VFWMQPEVKIQ,1,3077,1,-0.0,0.5577466835865666,0.0,3.0,0.78,0.0,1
AEZQZ4AQUPQGFY756EGVKOLSYSSA,4,1413,4,1.5,0.5577466835865666,0.0,32.5,0.4425694444444444,0.25,2
AEZRDTTMTVKCV7BMDR3L23XHL2MA,1,1330,1,-0.0,0.5577466835865666,0.0,3.0,0.625,0.0,1
AEZS2SS4IRBQHZXF2CIYNLBCWFRA,1,2566,1,-0.0,-1.2398890766409998,0.0,1.0,0.5,0.0,1
AEZSZS7UV44CAJJR5FNEM4DZCWTQ,8,691,8,1.061278124459133,0.5577466835865666,0.0,19.125,0.4203125,0.625,3
AEZTMBIGAP4U5F4RV6IP2PKCAK3A,3,2084,3,-0.0,0.5577466835865666,0.0,75.66666666666667,0.3776667314167314,0.3333333333333333,1
AEZUJSZ3B7OAOVCSMZPINNW3QH3A,3,332,3,-0.0,0.5577466835865666,0.0,18.333333333333332,0.5305555555555556,0.3333333333333333,1
AEZUVWEZSOU7UOSVRGWGBTVGUDMQ,1,69,1,-0.0,-1.2398890766409998,0.0,23.0,0.0685185185185185,1.0,3
AEZV3WDCDM6V4CJMN222D52REYYA,3,588,3,-0.0,-2.138706956754783,0.8988178801137833,19.666666666666668,0.0837962962962962,0.0,0
AEZVUXKR7JINGI3OTHRBMUIEXHNQ,2,1140,2,-0.0,0.5577466835865666,0.0,3.5,0.0666666666666666,1.0,3
AEZW66K7OTLPXBNRLWZDTMUE7Z5Q,1,2914,1,-0.0,0.5577466835865666,0.0,14.0,0.3625,0.0,1
AEZW74DBPW64H5IYA22DX7U7YRIQ,1,2057,1,-0.0,0.5577466835865666,0.0,10.0,0.4121212121212121,1.0,3
AEZWSCRCKA7TSIPCA3TQKJHD3IOA,1,2623,1,-0.0,-2.138706956754783,0.0,18.0,0.3833333333333333,1.0,0
AEZWYIPD2D6ENPX6DHU2YE43W3HA,1,2241,1,-0.0,-2.138706956754783,0.0,4.0,-0.2958333333333334,0.0,0
AEZZLU5EI7CTR5VR2IOBYDNOUUEQ,2,313,2,-0.0,0.5577466835865666,0.0,6.5,0.0124999999999999,1.0,3
AF2222CTSX55SOYTJNGBL6SINXYQ,1,143,1,-0.0,0.5577466835865666,0.0,30.0,0.5625,0.0,1
AF224BZVIYKHVGJGPKGC3UAVTLQQ,2,1736,2,-0.0,0.5577466835865666,0.0,22.5,0.5217857142857143,0.0,1
AF227ZORVJNXGFF6UFK23IYWE7AA,19,8,19,1.4713544870139297,0.2739094582874772,0.4292456982783983,4.315789473684211,0.4514035087719298,0.1578947368421052,2
AF232QQ7UDHGQOVR6LZ3X7ZVQ3ZA,11,964,11,1.0957952550009336,-0.8313354947710984,1.2300109305209832,19.272727272727273,0.3575396825396825,1.0,2
AF24UDV5GTGYDPK3G35ZFFQIUUKA,8,296,8,1.2987949406953985,0.3330422135581208,0.4160718297221479,77.125,0.2125179495007369,0.375,2
AF25TIK64YJ22WQVIZYHTNGHVXFQ,1,2943,1,-0.0,0.5577466835865666,0.0,8.0,0.0,0.0,1
AF25UMM5L3RFKFFJCQWFYH4DWM7A,3,1576,3,-0.0,0.5577466835865666,0.0,1.3333333333333333,0.6333333333333333,0.0,1
AF26DD2NW2ZPTOXHDCQTSWOVLFDQ,3,663,3,-0.0,-0.940283116603072,1.3729669905337183,14.0,0.2194444444444444,1.0,2
AF2BLE54TEMGZ546U763ZHZRXC4A,1,628,1,-0.0,0.5577466835865666,0.0,46.0,0.3121212121212121,1.0,3
AF2BS5OQPNYMNHSCV2IC44G6U3LA,1,2017,1,-0.0,0.5577466835865666,0.0,5.0,0.8125,0.0,1
AF2BVDDULOEERJOYWTJZS5ORPQSA,1,5108,1,-0.0,-0.3410711965272165,0.0,21.0,0.0,1.0,3
AF2ESHQEKVEOLZEA24FOE3NIDXLQ,1,3280,1,-0.0,0.5577466835865666,0.0,67.0,0.3351190476190476,0.0,1
AF2FPW2AJZGXQGM6KQDTHTOL7E5Q,3,277,3,0.9182958340544896,-0.940283116603072,1.3729669905337183,28.666666666666668,0.2353174603174603,0.6666666666666666,2
AF2FTNKCY6XY67BKBUO4BNJRZ4XQ,17,93,17,1.6589797521242051,0.293388483553101,0.6936569763313633,13.647058823529411,0.3778431372549019,0.0,2
AF2G3CTO4O7HQFR2MVG4TF7HZTAA,2,3600,2,-0.0,-0.3410711965272165,1.2711204361603468,22.0,0.1083333333333333,0.0,1
AF2GBJ4UJOOCTEG6LEXGDPG2VUJA,1,2168,1,-0.0,0.5577466835865666,0.0,5.0,0.8125,1.0,3
AF2K6NRRABAJOLWLM4BPSCIKVQJA,1,351,1,-0.0,0.5577466835865666,0.0,18.0,0.246590909090909,0.0,1
AF2KUNPWY3XXWEEPG66BB4EMZT4A,1,2828,1,-0.0,0.5577466835865666,0.0,25.0,0.0222222222222222,0.0,1
AF2LIH5TPYYGODLRYOCZ56D5TDKA,1,4632,1,-0.0,0.5577466835865666,0.0,54.0,-0.1409722222222222,1.0,3
AF2M7VDNKO376XFGMQZ7OUVSWR2Q,1,2230,1,-0.0,0.5577466835865666,0.0,17.0,0.0,0.0,1
AF2NCCWGOA6IWAN6745E2SOIKFOQ,1,2736,1,-0.0,-1.2398890766409998,0.0,7.0,0.1666666666666666,0.0,0
AF2O4GMP7Z6ZV7WZGJM5MGT27GAA,1,3896,1,-0.0,0.5577466835865666,0.0,162.0,0.2443824404761904,0.0,1
AF2PS4EFHEZRHLI4FXKA6LYR3WFQ,1,3037,1,-0.0,0.5577466835865666,0.0,17.0,0.7775000000000001,1.0,3
AF2T7NQ5S7SVEBHC7VGY23KZGQDA,2,1081,2,-0.0,0.5577466835865666,0.0,77.5,0.2372638888888888,0.0,1
AF2TK6ORPJPQH2TBE4PKEA7DCX2Q,6,780,6,0.9182958340544896,0.5577466835865666,0.0,31.5,0.4521309523809524,0.1666666666666666,1
AF2TS3KEYKELC73VSUTRGAE44FQQ,2,1972,2,-0.0,-0.7904801365841081,0.6355602180801734,93.5,0.2369992129083037,0.5,0
AF2VTDKGOBVINTPJH5IVAJRKDEPQ,2,1348,2,-0.0,0.5577466835865666,0.0,22.0,0.2144444444444444,0.0,1
AF2WT5HLSFDRZLZXCMBQL4DT2FBQ,1,3307,1,-0.0,0.5577466835865666,0.0,34.0,0.3,0.0,1
AF2Y4ZTHLJB72VUEMDRQAJDLJI3A,1,3630,1,-0.0,0.5577466835865666,0.0,25.0,0.0062499999999999,0.0,1
AF2YDVBOVLWP3WP2GEE6AZD7LPUQ,4,1060,4,0.8112781244591328,0.5577466835865666,0.0,23.75,0.3835416666666666,0.25,1
AF2YVVF5EWP7SJJNCB2H32FMMDGQ,1,2268,1,-0.0,0.5577466835865666,0.0,13.0,0.6666666666666666,0.0,1
AF2YXQVXC5KE672X6PWMHE4GXH4Q,2,3114,2,-0.0,0.5577466835865666,0.0,51.0,0.1666666666666666,1.0,3
AF2ZMVLJAQX3WLS5HD6646QZI2NQ,1,3309,1,-0.0,0.5577466835865666,0.0,23.0,0.425,1.0,3
AF32UU33D7ADPI2NFMDV36P2TM4Q,1,1532,1,-0.0,0.5577466835865666,0.0,7.0,0.1666666666666666,1.0,3
AF33JZMEOPNR5RROTLPJA3VG43CA,1,6719,1,-0.0,0.5577466835865666,0.0,39.0,0.375,1.0,3
AF35BGUUHLK3335IM3G5GXGXOQRQ,2,355,2,-0.0,-3.0375248368685663,0.0,45.0,0.0629166666666666,0.5,0
AF364RSCZMTAEVX533SS37L7G4OQ,1,2025,1,-0.0,0.5577466835865666,0.0,3.0,0.5,0.0,1
AF37HETXCNPLIXJRMMYWVDLI4QBQ,10,253,10,1.521928094887362,-1.2398890766409998,1.4677634519792215,14.4,0.4290833333333332,0.1,2
AF3CK4ESKOD65RAC23OSFQNTP5KQ,3,114,3,-0.0,-0.0414652364892887,0.5189327450361415,26.333333333333332,0.2820002616431187,0.0,1
AF3D3R7EJKCATWRQYAJPKAOGNAXA,1,2969,1,-0.0,-2.138706956754783,0.0,22.0,0.25,0.0,0
AF3EZS3KE4ERLKYHQ3Y324EBQEIQ,3,26,3,-0.0,-0.6406771565651443,2.075730980144566,9.0,-0.1666666666666666,0.3333333333333333,2
AF3FH5H3IEN5GCFHRPJ2BV3BW3SQ,3,1914,3,-0.0,0.5577466835865666,0.0,4.333333333333333,0.8333333333333334,0.0,1
AF3GHL7OXSMBHL2WASZUJ3SURYSA,3,1559,3,-0.0,0.5577466835865666,0.0,10.0,0.4569339225589225,0.6666666666666666,3
AF3GYVKFGZ4R24UB5N42W4PVKY6A,1,2870,1,-0.0,-1.2398890766409998,0.0,36.0,0.0111111111111111,0.0,0
AF3HNAQK2URNEBAZQCRZGSPBU5FQ,27,178,27,0.8274087988556427,-0.2079129920659153,1.134289857940594,155.85185185185185,0.2202277256977542,0.2962962962962963,2
AF3IELI63FDNLEAGV2I6KYJ2LXFA,4,809,4,0.8112781244591328,0.3330422135581208,0.4494089400568916,15.75,0.278125,0.0,2
AF3IUNTQXWHOFUPEA5GHRTLFUK2Q,1,2600,1,-0.0,0.5577466835865666,0.0,7.0,0.0,0.0,1
AF3LBRZERHYKJUAXLP4UYNQFOD3Q,1,3220,1,-0.0,0.5577466835865666,0.0,34.0,0.3833333333333333,0.0,1
AF3LZY7Q2FOIBJUBFW3LEANBVOQA,3,513,3,0.9182958340544896,-2.438312916792711,1.037865490072283,12.0,0.0,0.3333333333333333,2
AF3MCWIU26SI5GDS4Y7BOYRIMCMA,1,2394,1,-0.0,0.5577466835865666,0.0,6.0,0.6,0.0,1
AF3QKQDBPOQRR3YKMXXVW5CHWFMA,1,1955,1,-0.0,0.5577466835865666,0.0,7.0,0.78125,0.0,1
AF3SS2K7HDO7SLEMONGZ6KEYPL7A,4,627,4,-0.0,0.108337743529675,0.8988178801137833,21.25,0.2020833333333333,0.25,1
AF3UFP5D6EA7XVCAAWSF7IS7T3MQ,1,561,1,-0.0,-0.3410711965272165,0.0,2.0,0.875,0.0,1
AF3XGVFJGJKRVHB3YCCVOJTPKZIQ,1,2369,1,-0.0,0.5577466835865666,0.0,1.0,1.0,0.0,1
AF3XN2CMS7TNB4PPCD7XRRCWB6YQ,1,2677,1,-0.0,0.5577466835865666,0.0,24.0,0.0056818181818181,0.0,1
AF3YB4B5S7TMESAOQL43JYWL4FOA,2,2422,2,-0.0,0.5577466835865666,0.0,2.5,1.0,0.0,1
AF3YUNGL3RAJWRNOI4UNSPY76VQQ,2,139,2,-0.0,0.5577466835865666,0.0,18.0,0.6166666666666667,0.5,1
AF3ZRKX34AGQNZ2MPMFKPQ2X2ZNQ,1,2337,1,-0.0,0.5577466835865666,0.0,2.0,0.8,1.0,3
AF43PJH7OJ6557NMXAAP5CRLDNGQ,2,162,2,-0.0,0.5577466835865666,0.0,14.0,0.6458333333333333,0.0,1
AF46PQQYVBOILGKBR4SKP7VJNOCA,2,2338,2,-0.0,0.5577466835865666,0.0,156.5,0.2759191048415186,0.5,3
AF4BD6HDGEAYGFGPYWMXFUPBXVXA,3,214,3,0.9182958340544896,-0.3410711965272165,0.8988178801137833,22.0,0.3567460317460318,0.6666666666666666,2
AF4BN5IK6HUEXLPTUULD22TGEFOQ,2,2761,2,-0.0,0.5577466835865666,0.0,1.5,0.3375,0.0,1
AF4BOHAQZZBMDYP7B6IWIKQNHTCA,6,317,6,1.4591479170272446,0.4079437035676028,0.3669408629948054,8.333333333333334,0.50546875,0.1666666666666666,2
AF4CEMXNWUBPEGBGXOH3ZZP2T4YA,1,3495,1,-0.0,0.5577466835865666,0.0,22.0,0.3924242424242424,0.0,1
AF4CL5VBGKUR5FSP4FMLWT3ZWMSQ,2,1412,2,-0.0,0.5577466835865666,0.0,5.0,0.0,0.5,3
AF4EKXYDG4OWBDAS7NXUGSG6IY3Q,1,1858,1,-0.0,0.5577466835865666,0.0,25.0,0.5666666666666667,0.0,1
AF4FLIUFGWPFLQQEBEIFQHGERKRA,1,1435,1,-0.0,-0.3410711965272165,0.0,136.0,0.3916666666666666,0.0,1
AF4G5OBISHGTROXGK76JLBIKHSUQ,1,91,1,-0.0,0.5577466835865666,0.0,8.0,1.0,0.0,1
AF4GFATVLGDPUMYVAWU6N3ULQEPA,1,1716,1,-0.0,-0.3410711965272165,0.0,64.0,0.196875,0.0,1
AF4IKJMS4TPSLWTXBJHRJ542XQAA,16,26,16,1.7961796919474975,0.0521616260225635,1.226647686074852,23.4375,0.4641352513227513,0.1875,2
AF4JBSDXHIXSJOPQAL5FK4PJPGTQ,1,2353,1,-0.0,0.5577466835865666,0.0,4.0,1.0,0.0,1
AF4KGFYH26KERCGL7IO2KQKJM2SQ,12,384,12,1.2806721295208872,-0.4159726865366984,1.1786847543753156,20.166666666666668,0.338637566137566,0.0833333333333333,2
AF4NIQPIZQ3S3G6KEVQW33DNHZSQ,3,842,3,0.9182958340544896,-0.0414652364892888,1.037865490072283,32.666666666666664,0.0638257575757575,0.3333333333333333,2
AF4O6U23HTVGGKWAKWXIWF6ZW7CA,2,5323,2,-0.0,-1.2398890766409998,0.0,160.0,-0.0080257936507936,0.0,0
AF4OI5F4QGCITNUT7YUMI344RJDA,1,261,1,-0.0,-2.138706956754783,0.0,21.0,-0.5375000000000001,0.0,0
AF4OMOFLB27YNVHNR5CIHJM77UEA,1,575,1,-0.0,0.5577466835865666,0.0,14.0,0.5333333333333333,0.0,1
AF4SXU4676UWMQQSX2GKHHFBBT6Q,2,296,2,-0.0,0.5577466835865666,0.0,8.0,0.75,0.0,1
AF4TOFX7CQ2YAG5WM3PCCPKHH3FQ,1,224,1,-0.0,-0.3410711965272165,0.0,56.0,0.1924999999999999,0.0,1
AF4VEZGRGAT75ZVAOR4KRNDMZIBQ,5,889,5,1.9219280948873625,-0.1613076205044599,1.6078543034613406,43.0,0.431314935064935,0.0,2
AF4VFAAC7R62GKNCONMXAWNTSSSA,1,687,1,-0.0,0.5577466835865666,0.0,35.0,0.4,0.0,1
AF4WLLHTQLRPEZ33OJDYG23MFLKQ,19,299,19,0.9819407868640976,0.5577466835865666,0.0,5.157894736842105,0.5815789473684211,0.3684210526315789,2
AF4WPFKHHNUEKY2I7TJ6GR4YJ3KA,2,642,2,1.0,0.108337743529675,0.6355602180801734,8.5,0.5,0.5,2
AF4WXF7NIDXZCB23OODOMCQR2WKA,1,571,1,-0.0,0.5577466835865666,0.0,18.0,1.0,1.0,3
AF4XAUOI5XPGWHCPOTORKBIJSRDA,14,1137,14,1.5306189948485174,0.1725390206806595,0.6794424527769536,34.642857142857146,0.3501513188247882,0.2142857142857142,2
AF4XFLPD67HYHE2UGJTWV2IU7BDA,6,226,6,-0.0,-0.4908741765461804,1.3230240965907776,23.666666666666668,0.3009920634920635,0.0,2
AF4XMOHDXFRANNUJW3JMI4MYGEPQ,3,666,3,-0.0,-0.0414652364892888,1.037865490072283,56.666666666666664,0.2117350427350427,0.3333333333333333,2
AF4XPHIAAWI536Y7GHFBFCV7SQ3Q,1,2288,1,-0.0,0.5577466835865666,0.0,2.0,1.0,1.0,3
AF4Y2O5Z4P7JZPXUQSR62VAP2I3Q,4,57,4,-0.0,0.108337743529675,0.8988178801137833,96.0,0.2703735119047619,0.75,3
AF4ZJVB5TJEJP4UTBLGGJTUDRGSA,2,346,2,-0.0,0.5577466835865666,0.0,6.0,0.7200520833333333,0.0,1
AF56CJJC4GXQYWFTX7EIBYWV4KQQ,3,4665,3,-0.0,0.5577466835865666,0.0,51.666666666666664,0.2117424242424242,0.0,1
AF5BBJOFGZN6OU7SFABYJT7YAHBA,1,2391,1,-0.0,0.5577466835865666,0.0,2.0,0.8,0.0,1
AF5C5KSGB7FPNFY3B2F46AX5BRZQ,8,1212,8,0.954434002924965,-0.0040144914845478,0.95334032712026,7.125,0.5916796875,0.5,2
AF5DDQZBNB2UEWU6IZF7VELJQJGA,5,256,5,0.9709505944546686,-1.4196526526637565,1.6078543034613406,20.0,0.1878717948717949,0.4,2
AF5HQITKATBZWSKQ5BXEKW4CK4HA,1,561,1,-0.0,0.5577466835865666,0.0,94.0,0.1333333333333333,0.0,1
AF5JU3VCZM2XNQAN6T7NFJEENENA,1,8105,1,-0.0,0.5577466835865666,0.0,85.0,0.0422619047619048,1.0,3
AF5KFHNT3TQJ2GNSE3FCDFQOBICA,3,1194,3,-0.0,0.5577466835865666,0.0,8.0,0.6833333333333332,0.3333333333333333,1
AF5KHOHRF2PHDZVWJSYAVFUD7C2A,10,223,10,-0.0,-1.6892980166978917,1.7597865579420613,12.8,0.0024621212121212,0.4,2
AF5KLMIXJ6ISU7NAPIEP57SE62NA,1,1429,1,-0.0,0.5577466835865666,0.0,4.0,0.8,0.0,1
AF5KVQC7THWPXYVICOES6BMHNZSQ,3,2495,3,-0.0,0.2581407235486389,0.5189327450361415,1.3333333333333333,0.8000000000000002,0.3333333333333333,1
AF5LBIWMZJFNZ4AIKDAJSL5S6TEQ,1,3130,1,-0.0,-0.3410711965272165,0.0,2.0,1.0,0.0,1
AF5MJENGAL5G6BUFIVMH5LRSZ6EA,13,823,13,0.3912435636292556,0.2120474989274192,0.8635562864977334,30.307692307692307,0.4767101488255335,0.1538461538461538,2
AF5ONT5E32WV45KAMQSUT43IPXOQ,1,3606,1,-0.0,0.5577466835865666,0.0,47.0,0.2203703703703703,0.0,1
AF5OX5OJ2IFYUMGEETNMMIKITRKA,1,2331,1,-0.0,0.5577466835865666,0.0,5.0,0.4454545454545455,0.0,1
AF5PN3FPG5Z66P7Z7UWL56D6CGMA,5,76,5,0.7219280948873623,-0.5208347725499733,1.6078543034613404,32.4,0.3258359788359788,0.6,2
AF5PSFCS64I5CGSNI5Z5CJJB4QEA,2,1891,2,-0.0,0.5577466835865666,0.0,11.0,0.6,0.0,1
AF5SRI2Z6Y2F4OBEEPUQ7RMPFIIA,1,2343,1,-0.0,0.5577466835865666,0.0,5.0,1.0,1.0,3
AF5WQNTBQKV7QBBKRBQ7N5M3TDXQ,1,682,1,-0.0,0.5577466835865666,0.0,61.0,0.65,0.0,1
AF5WTPC7OZF45HXB5J2V3L4CLVEA,1,1102,1,-0.0,0.5577466835865666,0.0,20.0,0.4666666666666667,0.0,1
AF5YGFIDUL4PVHGLOLLCE2ZOZSCA,4,3717,4,-0.0,-1.015184606612554,1.85296052895144,33.0,0.2481026785714285,0.0,2
AF5Z2RWMKZOTVIXDTOTYJKVJ7G2A,8,177,8,1.4056390622295665,0.108337743529675,0.960876731569209,32.0,0.292311553030303,0.375,2
AF5Z7T3SAFEAVEQALVC75JIFNTGA,1,2201,1,-0.0,0.5577466835865666,0.0,2.0,0.7,0.0,1
AF5ZPPZA6HEYRFCBJYWVCTZJOUMA,1,462,1,-0.0,0.5577466835865666,0.0,7.0,0.7000000000000001,0.0,1
AF62AEIOEKVHHD4XH2ID7PXWB7AQ,1,3141,1,-0.0,-0.3410711965272165,0.0,203.0,0.1384178187403994,1.0,3
AF63IMM5Z4WG32KOGDHDC32EWE3A,1,356,1,-0.0,-3.0375248368685663,0.0,41.0,-0.3499999999999999,1.0,0
AF63JIAC77OVDXQA7KFM5FEZJR5A,1,4698,1,-0.0,0.5577466835865666,0.0,17.0,0.48875,0.0,1
AF63NWLQNHWRWRCTECW5D46FTZTA,1,3719,1,-0.0,0.5577466835865666,0.0,31.0,0.1857142857142857,0.0,1
AF63SFHHIMHVF6TDVLBSAEVEUYMQ,1,1205,1,-0.0,-0.3410711965272165,0.0,19.0,0.1761904761904762,0.0,1
AF654EU2AS2ZMYMT4DM5ZCA2WJ7A,3,676,3,0.9182958340544896,-1.2398890766409998,1.5567982351084246,104.66666666666669,0.0511032948532948,0.3333333333333333,2
AF65L4YYZQHLPDL6VKUEOUKKJ3ZA,1,5341,1,-0.0,0.5577466835865666,0.0,79.0,0.2275,0.0,1
AF67PYI2JFGZ7SZZOOWPTIWBZW5A,1,4092,1,-0.0,0.5577466835865666,0.0,28.0,0.6,0.0,1
AF6AJODJRJ4VMXE55IRLXKMUAXSQ,8,1178,8,1.4056390622295665,-0.7904801365841082,1.3588849055539074,75.75,0.2817756712533498,0.125,2
AF6AK5OVE22L55JHPJZITX5SFAUQ,4,1221,4,-0.0,0.5577466835865666,0.0,1.75,0.725,0.0,1
AF6AP3BHDLCYBCYNIH752RMQUC3A,2,22,2,-0.0,-1.2398890766409998,2.5422408723206935,91.0,0.0885470085470085,0.5,2
AF6ATWNWHV5O53ECWO3WXEFTZ6FA,1,1863,1,-0.0,-1.2398890766409998,0.0,7.0,0.0,0.0,0
AF6CIVHLLNSTQDVHUSNDCLT4UXNQ,3,1153,3,1.584962500721156,0.5577466835865666,0.0,84.0,0.2991190096453254,0.3333333333333333,2
AF6COLVCUDL5WZZMOBHMCNCBQMEA,4,145,4,-0.0,0.5577466835865666,0.0,23.5,0.4271614583333333,0.25,1
AF6JERHUB6IQWBPOG6XOKIUYI3VQ,1,3907,1,-0.0,0.5577466835865666,0.0,62.0,0.5833333333333334,0.0,1
AF6KOXEH5SDNBKOTRIWUZ4FYX3FQ,1,2437,1,-0.0,0.5577466835865666,0.0,31.0,0.125,0.0,1
AF6KU2PB4NMUREATJUXXGKEAO3QA,1,3557,1,-0.0,0.5577466835865666,0.0,195.0,0.3666708291708292,0.0,1
AF6L5ZQD3WBL2P7ZN5VAFMABWMHQ,2,1561,2,-0.0,0.5577466835865666,0.0,172.0,0.2117165977961432,0.0,1
AF6LHQ63Q5E7IVNKS2M54VB3YI3Q,2,847,2,1.0,0.5577466835865666,0.0,72.0,0.2912738095238095,0.0,1
AF6MMBBZYTZFCV4EFCSC4ULFILWA,4,2151,4,0.8112781244591328,-0.7904801365841082,1.5567982351084249,30.0,0.3546875,0.0,2
AF6N3BBR32UMXX276IR7CTZTVTQA,1,746,1,-0.0,0.5577466835865666,0.0,22.0,0.4,0.0,1
AF6QMSNCJH3DDOIPR7PBNXXF3WHQ,1,2098,1,-0.0,0.5577466835865666,0.0,14.0,0.6083333333333333,1.0,3
AF6RDBIZWDAI7TZKDHIW6OXYVLTA,1,3368,1,-0.0,0.5577466835865666,0.0,78.0,0.4341666666666667,0.0,1
AF6RFA6T3KGL2PMIAEML5F2HINGQ,1,2543,1,-0.0,0.5577466835865666,0.0,3.0,0.5,0.0,1
AF6RYGFAHCMPVK2KGRZXEBHLTCGQ,1,4082,1,-0.0,0.5577466835865666,0.0,83.0,0.1669421487603306,0.0,1
AF6UNOZX7XRKH32473UO44C2AHQQ,1,2295,1,-0.0,0.5577466835865666,0.0,13.0,0.7,1.0,3
AF6V7WITEVZYZTAICVICHOAVL5NQ,1,56,1,-0.0,0.5577466835865666,0.0,5.0,1.0,0.0,1
AF6VEZECVKT4NDPCRMKP626H3KEQ,1,3009,1,-0.0,0.5577466835865666,0.0,58.0,0.705,1.0,3
AF74IF7IL2FWPDLYS7BSSWQA7LCA,4,13,4,1.5,0.5577466835865666,0.0,18.0,0.5281944444444444,0.25,2
AF7DEHKMKM7GNZCHQUMZMREGKM5A,1,355,1,-0.0,0.5577466835865666,0.0,18.0,0.175,1.0,3
AF7EM4N67D5P4YJKZZF7XODK6HVA,1,1027,1,-0.0,0.5577466835865666,0.0,17.0,0.425,1.0,3
AF7EY7M7BAOTHXN3K7K6R5WSVTVQ,1,1829,1,-0.0,-0.3410711965272165,0.0,4.0,0.0,0.0,1
AF7FMSNMIAN6ZABPSPWKXH3B3RVQ,1,2192,1,-0.0,0.5577466835865666,0.0,4.0,0.8,0.0,1
AF7GJOFZAY2NE5FYJZPQA65FWVMA,1,797,1,-0.0,-1.2398890766409998,0.0,18.0,-0.1374999999999999,1.0,0
AF7HW6NY5XXOX3DE4WQOTGQYHC6Q,1,3475,1,-0.0,0.5577466835865666,0.0,20.0,0.3611111111111111,0.0,1
AF7J5A2ME55LSCRVQWXB3BKE7CHQ,27,788,27,1.7144116568924308,0.2581407235486389,0.49857445446986,176.14814814814815,0.2797977529181273,0.2222222222222222,2
AF7JT6CKVCYYXMMVB23LBN2VSQ5A,4,710,4,1.0,-0.3410711965272166,1.7976357602275663,28.0,0.2692559523809524,0.25,2
AF7KCL6AOHTWOWXABCK3ZOJGGRPA,1,756,1,-0.0,-0.3410711965272165,0.0,14.0,0.57,0.0,1
AF7KZKMOVOUFI6GEOLFDIHERFAJA,1,701,1,-0.0,-3.0375248368685663,0.0,14.0,0.0,0.0,0
AF7MRXMT5BZFOEQY7X3F6D4QDEOQ,1,2788,1,-0.0,0.5577466835865666,0.0,13.0,0.25,0.0,1
AF7NMW5KYBO2K53GR2GPMC3DPY5A,1,2893,1,-0.0,-2.138706956754783,0.0,6.0,0.7,0.0,0
AF7R4AQDDVFXBSEBYRIMI2WPFB4A,1,1511,1,-0.0,0.5577466835865666,0.0,73.0,0.3714285714285714,1.0,3
AF7R4ZBXQZACHPAR62HARSTCNFWQ,1,3409,1,-0.0,0.5577466835865666,0.0,131.0,0.3916666666666666,0.0,1
AF7RHUB2RXOIRQDSH7SZDLYPZPQQ,1,1256,1,-0.0,0.5577466835865666,0.0,2.0,0.7,0.0,1
AF7STGSJYCAHOQAKN3JTC3JC3Y5A,23,1286,23,1.3012517848198517,-0.2629131199955832,0.9738446153961636,4.434782608695652,0.3340579710144927,0.7391304347826086,2
AF7VJSFT24TEW2HAAUAMDJDAENTQ,1,2730,1,-0.0,0.5577466835865666,0.0,5.0,0.5,0.0,1
AF7VOQPCGNOCDZVRDNTQGESZJ62Q,7,547,7,0.5916727785823275,0.5577466835865666,0.0,19.571428571428573,0.4110799319727891,0.1428571428571428,1
AF7YEJZHL2PP3L7R3HBJZENN7QXQ,1,2755,1,-0.0,0.5577466835865666,0.0,2.0,0.625,0.0,1
AF7ZINXE6MF5H7AGHIMQIOBTRPOQ,36,709,36,1.3321126843581232,0.133304906866169,1.1467513520385044,17.25,0.3505782527657527,0.4444444444444444,2
AFA26DYXVLJYTYZ3KET77GE27N2A,16,578,16,1.9056390622295665,-0.1163667264987707,1.1129867437689576,82.3125,0.1983135972841427,0.125,2
AFA2HZAKKWNUGYNOMQT7TTYOKYTA,1,2911,1,-0.0,0.5577466835865666,0.0,5.0,0.5,1.0,3
AFA2RRMTDTTMIHOUD6WNBH7AH75A,1,4360,1,-0.0,-0.3410711965272165,0.0,137.0,0.2979166666666666,1.0,3
AFA2U2ZWVRYX3ACXTUL7DU3ZUGLQ,6,695,6,0.9182958340544896,0.5577466835865666,0.0,2.3333333333333335,0.7133333333333334,0.0,1
AFA6RLSFP5Z2NDOGPYJ3U3Z3SPNQ,1,2043,1,-0.0,-3.0375248368685663,0.0,19.0,0.2,1.0,0
AFAA7WD5EOAHFKGTWFRBP6YCE46A,1,393,1,-0.0,0.5577466835865666,0.0,23.0,0.65,0.0,1
AFAAJ2JQBNPL7JYAP4JWBWPJD5LA,1,1804,1,-0.0,0.5577466835865666,0.0,21.0,0.25,1.0,3
AFABDHAX4UX5QYXIFBZEQRL6P4VQ,1,3073,1,-0.0,0.5577466835865666,0.0,6.0,-0.25,0.0,1
AFABY5MRZ2ODH6AGPR3RYIMUIMNQ,1,272,1,-0.0,0.5577466835865666,0.0,12.0,0.7166666666666667,1.0,3
AFACEDIFMYWY4CHKDKHJ3N5B33XA,1,1338,1,-0.0,0.5577466835865666,0.0,2.0,0.85,0.0,1
AFAD6IGTLID7GW3T6WVNVBGUNQVA,13,309,13,1.419556298571613,0.5577466835865666,0.0,15.692307692307692,0.435042735042735,0.1538461538461538,2
AFAE5TN6ZBXFPCM7ROQKDHZKNZNA,1,2469,1,-0.0,0.5577466835865666,0.0,5.0,0.5,1.0,3
AFAEKCTJEQFGDCQEIFNJP3IORW2Q,1,615,1,-0.0,0.5577466835865666,0.0,4.0,0.5,1.0,3
AFAEZ4JGUCWVNTSTH4MSZWXK7HFA,2,2574,2,-0.0,-0.3410711965272165,1.2711204361603468,51.0,0.174469696969697,0.5,2
AFAFOJDV3TNEQMR2H3EYKM4UEMNQ,2,264,2,-0.0,0.5577466835865666,0.0,11.0,0.2625,0.5,1
AFAG52VPTIGYZT5TRHW7FUWXOQ3A,1,4046,1,-0.0,-0.3410711965272165,0.0,268.0,0.229005376344086,0.0,0
AFAHVT5FXHSIGNDR7YZK3FOCW3YA,1,1690,1,-0.0,0.5577466835865666,0.0,32.0,0.0715277777777777,0.0,1
AFAIAU26DKSQCZLMTXQN3BP2QGQA,1,4387,1,-0.0,0.5577466835865666,0.0,58.0,0.2458333333333333,1.0,3
AFAIJYOUO3NAWLBDIKTQSC3DASWA,167,69,167,1.6249499406518342,-0.0773461897872442,0.79730975564713,226.37724550898204,0.2001376179927749,0.3353293413173652,2
AFAIUGQT3CKQQ5NAVGOMKIN5F2BA,1,2069,1,-0.0,-3.0375248368685663,0.0,30.0,0.01,0.0,0
AFAJQ42J7ZEW6SCDDCPMKJ5CPWVA,5,2854,5,-0.0,0.37798310756381,0.4019635758653351,47.8,0.4250803571428571,0.2,1
AFAKDRFJXFX22FDQKP2AXHR3OWEQ,1,1583,1,-0.0,0.5577466835865666,0.0,5.0,0.5,0.0,1
AFAKVUN4OHGPAGON3THJXPGJ4BKA,8,3491,8,-0.0,-0.0040144914845478,0.4651824473907202,153.375,0.254587288230941,0.25,1
AFAKXUI6QSD7SO5JOUKI6EBY2CDQ,1,3636,1,-0.0,0.5577466835865666,0.0,241.0,0.1805357142857143,0.0,1
AFAKYTPXRB64ABMSP547V22KF7NQ,5,75,5,1.3709505944546687,-1.2398890766409998,1.681534280246116,20.2,0.1736111111111111,0.6,2
AFAMBSYJBEWO3QMJ4X6ODGJ7ZKUA,1,589,1,-0.0,-0.3410711965272165,0.0,21.0,0.45,0.0,1
AFAMOLAPKR3M2NPTMB362T2Q5RBQ,104,146,104,1.3486207693195222,-0.1250092061152494,1.1848624642375378,27.60576923076923,0.3511418139152514,0.3653846153846153,2
AFANGZRYDXU6RZFWNMAPBLV2AFUA,2,321,2,1.0,-1.2398890766409998,2.5422408723206935,64.5,0.0901041666666666,1.0,2
AFANVB6MPHJTCTFOVIEBKLWZ2GVA,20,255,20,1.684183719779189,-0.8803619245954865,1.2508891112310194,54.7,0.2936031118080871,0.25,2
AFANZDVCKZBLGJ5UPC37ASPTM2WA,1,376,1,-0.0,0.5577466835865666,0.0,117.0,0.2051948051948051,1.0,3
AFAP7A6P3TICUUAOBBRXPHUXNCZA,1,3532,1,-0.0,0.5577466835865666,0.0,75.0,0.0121527777777777,0.0,1
AFAPY6Q67HMIBQTTW53CM3N47SMQ,1,848,1,-0.0,-3.0375248368685663,0.0,15.0,-0.1166666666666666,0.0,0
AFAQU455OWWJBFAIRTUGZLXTLWCA,3,683,3,0.9182958340544896,0.5577466835865666,0.0,7.666666666666667,0.4388888888888889,0.0,1
AFAQYJOKMELB4JP3SJ2426HCXEAQ,1,1144,1,-0.0,0.5577466835865666,0.0,28.0,0.0052083333333333,0.0,1
AFATF3CIWPOPQ647GC3FTRK4VBPQ,1,2288,1,-0.0,0.5577466835865666,0.0,3.0,0.7500000000000001,1.0,3
AFAUPE7JAJBEGFXCYHA3HGGSPR5A,1,4631,1,-0.0,0.5577466835865666,0.0,50.0,0.2142857142857142,0.0,1
AFAVJAKFW4G3OFIN6KOPI46AAKDQ,1,2034,1,-0.0,0.5577466835865666,0.0,13.0,0.1249999999999999,0.0,1
AFAWHRH5SMYTLVJAA4D2ALJHN5HA,1,918,1,-0.0,0.5577466835865666,0.0,34.0,0.35,0.0,1
AFAX43IN46NU5GHTTOOON3EQNW2A,47,69,47,0.5475806718438031,0.5194991142200227,0.2622121248819051,15.638297872340424,0.4522027858370943,0.425531914893617,2
AFAXSME5L36JLYDFLIAO7NF4F2UA,4,1321,4,-0.0,-0.3410711965272166,1.7976357602275663,36.75,0.2708658854166667,0.25,2
AFAXW2JSMFBWTUIQPYEJQUNLPNOQ,1,2605,1,-0.0,0.5577466835865666,0.0,6.0,0.0,0.0,1
AFAZJO4FXNPYFIGOUIWIAUQYBWLA,1,1361,1,-0.0,0.5577466835865666,0.0,3.0,0.5,0.0,1
AFB23VOIW47YOEXNDOX7NXT3CQNQ,1,2691,1,-0.0,0.5577466835865666,0.0,39.0,0.2827380952380952,0.0,1
AFB2SFHBF4INKNJDHNM6NHSNA2RA,1,2244,1,-0.0,0.5577466835865666,0.0,1.0,0.5,0.0,1
AFB2W7K4MNWXLZTISBUUINONT6EA,1,5091,1,-0.0,0.5577466835865666,0.0,91.0,0.156,0.0,1
AFB2YVTRAJW2GCUQMBBNHEPNXCGA,5,891,5,1.3709505944546687,-1.060125500618243,1.1719151371753844,16.6,0.4986309523809524,0.6,2
AFB3L4JRAOROSUZ2NQEWT5J252XA,1,4074,1,-0.0,0.5577466835865666,0.0,32.0,0.277,0.0,1
AFB3S46LJXHSIIXQDZGNX6VO32NA,1,2153,1,-0.0,0.5577466835865666,0.0,2.0,0.4,0.0,1
AFB436FXVBLY6VYXRQJW6F53GRNQ,2,726,2,-0.0,0.108337743529675,0.6355602180801734,2.0,0.3999999999999999,0.5,1
AFB5QFLDXP2T5V2RFVJJS2OVKDVA,1,3683,1,-0.0,0.5577466835865666,0.0,25.0,0.1583333333333333,0.0,1
AFB6GBEYFLU4ARUPS3MESCJPO6JA,3,1123,3,0.9182958340544896,-0.3410711965272165,0.8988178801137832,20.333333333333332,0.109090909090909,0.3333333333333333,2
AFB6LWZEGOS2N533N2BGGYIZ3PDA,1,3315,1,-0.0,0.5577466835865666,0.0,58.0,0.6472222222222223,0.0,1
AFB6OR5RIL4UP5HCNAYDCP24UQ4Q,1,858,1,-0.0,0.5577466835865666,0.0,19.0,0.6125,0.0,1
AFB776E5ZYFKDOMSHU42TBUDJWDA,1,2745,1,-0.0,0.5577466835865666,0.0,7.0,0.7666666666666666,0.0,1
AFBA6P7ULPQZNMRW2LHXALFEGEVQ,9,189,9,-0.0,-0.3410711965272165,0.8988178801137833,57.55555555555556,0.2049419545596016,0.1111111111111111,2
AFBAUNG5JZ4FJZHVTWZSEASNQJRQ,1,2736,1,-0.0,0.5577466835865666,0.0,2.0,0.5,1.0,3
AFBCTQL4LFFQPPKWM73B4VORICXQ,1,6496,1,-0.0,0.5577466835865666,0.0,60.0,0.2851190476190476,0.0,1
AFBFBKRVURIRVCVMHDOR4PFXXCDQ,1,2485,1,-0.0,0.5577466835865666,0.0,70.0,0.4049999999999999,0.0,1
AFBGS3BNUGBSMG6WH3QCLTB4W22Q,1,3300,1,-0.0,0.5577466835865666,0.0,34.0,0.28125,0.0,1
AFBI5C4W3COTCIVUHXKU5G7A4CBA,1,3537,1,-0.0,-1.2398890766409998,0.0,60.0,0.0981481481481481,0.0,0
AFBKDT5DUSYSURQRYZ3DGGSG5MIA,1,1285,1,-0.0,0.5577466835865666,0.0,31.0,0.65,0.0,1
AFBNUUEP6RLU6BCSATVAKDQM7ISA,1,3085,1,-0.0,0.5577466835865666,0.0,12.0,0.2666666666666666,1.0,3
AFBOPU3ZPBEHXZBGXQ6HLR5GOAOQ,13,2861,13,-0.0,0.4194670097229077,0.3375365013069638,29.923076923076923,0.3686410811410811,0.3846153846153846,1
AFBPEPLR6T324PCFTF3SDLOD4FWA,1,637,1,-0.0,0.5577466835865666,0.0,20.0,0.1166666666666666,0.0,1
AFBPXPGKYYS4ELDQKDQLI4GUMI7A,1,3615,1,-0.0,0.5577466835865666,0.0,20.0,0.33125,0.0,1
AFBQWGTHEJKBDS7LO7KSMOLXZ2JQ,2,793,2,1.0,0.108337743529675,0.6355602180801734,43.0,0.1605555555555555,0.0,2
AFBSRM5W4VXZYBQXA4V3NXRUL32A,1,3525,1,-0.0,-1.2398890766409998,0.0,94.0,-0.0074074074074074,0.0,0
AFBTXCSLSSICK734GIDYSHVZVSFA,3,736,3,0.9182958340544896,0.5577466835865666,0.0,10.666666666666666,0.0916666666666666,0.3333333333333333,1
AFBUVEUIZZMKE2PC7D46LCM6C53Q,1,764,1,-0.0,0.5577466835865666,0.0,10.0,0.35,0.0,1
AFBXSJ5I6I4PPWAYEW4A6GP2EX7Q,1,5189,1,-0.0,0.5577466835865666,0.0,57.0,0.725,0.0,1
AFBYH22SGVKVC7G7MI774527B7TA,1,2796,1,-0.0,0.5577466835865666,0.0,11.0,0.5,0.0,1
AFBZU2GJP4GCB3NWA6HIL63KDZYA,1,2272,1,-0.0,0.5577466835865666,0.0,113.0,0.2198717948717949,0.0,1
AFC3IQ472D7B2SCOKFD5HEJI3CCQ,1,2658,1,-0.0,0.5577466835865666,0.0,7.0,0.7125,1.0,3
AFC3MFI2MO2YBWWOPMVGMT5NSKGQ,1,1610,1,-0.0,0.5577466835865666,0.0,5.0,0.5041666666666667,0.0,1
AFC7EE4DVV3XQKMOI74ZA4CP24SQ,2,3447,2,-0.0,-1.6892980166978917,1.9066806542405204,20.5,-0.005,0.0,0
AFC7LVTESVNJUEBZUE7PZHQKK7FA,1,4817,1,-0.0,-0.3410711965272165,0.0,111.0,0.2455387205387205,0.0,1
AFCDFAXUFMPYC5QCYCCBM2FKRQZA,1,917,1,-0.0,-1.2398890766409998,0.0,28.0,0.5333333333333333,0.0,1
AFCDFCIQQ626L7CMOLONYI2REBHQ,1,1924,1,-0.0,0.5577466835865666,0.0,16.0,0.1883116883116883,1.0,3
AFCF42UEL75CPDL6CLELVNQ4FTTA,4,2200,4,0.8112781244591328,0.5577466835865666,0.0,19.75,0.3583333333333333,0.0,1
AFCG4PXZWKCP6XTTC4AQU2OCYAYQ,2,413,2,-0.0,0.5577466835865666,0.0,10.5,0.35,0.0,1
AFCHDP2FFJT6DDXPDZBIPXJZVWDA,1,4149,1,-0.0,-2.138706956754783,0.0,65.0,-0.3854166666666667,1.0,0
AFCHZEWYXBKTILVVSVCS73VVUY4Q,4,33,4,1.0,0.3330422135581208,0.4494089400568916,30.25,0.4189204545454544,0.5,2
AFCK3OITBY3PCAFLDZAA2XNEQJDQ,1,2230,1,-0.0,0.5577466835865666,0.0,3.0,0.625,0.0,1
AFCLP4J336GVLB2VXGO65NOPYPSQ,1,3034,1,-0.0,0.5577466835865666,0.0,19.0,0.8,0.0,1
AFCMMPNL4TFUNXI5W2CW262YXSMQ,2,3097,2,-0.0,0.5577466835865666,0.0,40.5,0.4343749999999999,0.5,3
AFCOEGXRB5XGUYAT7JO37HCDP5IA,1,3798,1,-0.0,0.5577466835865666,0.0,43.0,0.1659999999999999,0.0,1
AFCOQRS45VWQGQHZDWS6T5NTUADQ,1,1046,1,-0.0,0.5577466835865666,0.0,2.0,0.5,0.0,1
AFCQODELZPN3GI4MKTVHEJEGXF7A,2,1175,2,-0.0,-1.2398890766409998,2.5422408723206935,49.0,0.19625,0.5,2
AFCQVUEGUPO4B3KQGQ3WFCOOKP6Q,2,1734,2,-0.0,0.108337743529675,0.6355602180801734,28.0,0.2337545787545787,0.5,3
AFCSIDWSKICZ5UH26NREKPW25X4A,3,2873,3,-0.0,-0.0414652364892888,1.037865490072283,26.333333333333332,0.4226005497685185,0.0,1
AFCUIZAAO3TSWKVRKXC2ZASHAXDQ,6,1186,6,-0.0,0.5577466835865666,0.0,28.833333333333332,0.3713333333333333,0.0,1
AFCYHUU4NDAQNWRWLFNZYVBZAPFQ,1,65,1,-0.0,0.5577466835865666,0.0,18.0,0.7,0.0,1
AFCYPN2FTQWORDT33DWOSNQES7KA,2,2493,2,-0.0,0.5577466835865666,0.0,6.0,0.3,0.0,1
AFCYUFW3NQ37UQXYVWL3LN4LAKLQ,1,349,1,-0.0,0.5577466835865666,0.0,48.0,0.1726190476190476,1.0,3
AFCZZDLVU3IBXQJA3OIG2SMKVBVQ,1,2206,1,-0.0,0.5577466835865666,0.0,1.0,0.25,0.0,1
AFD2BNRFRZQKGEUXGEHO3TAWEIGA,1,747,1,-0.0,-3.0375248368685663,0.0,43.0,-0.2833333333333333,1.0,0
AFD2DDV4W6XBFKXH4RMD3ATNWPJQ,1,2129,1,-0.0,0.5577466835865666,0.0,36.0,0.45,0.0,1
AFD6JJWQ345PY6RD3AEVQT635RYA,1,1570,1,-0.0,0.5577466835865666,0.0,13.0,1.0,0.0,1
AFD6OGB6AY4YPKN62LCTXGYR7KJA,3,1224,3,0.9182958340544896,0.5577466835865666,0.0,65.33333333333333,0.333454335016835,0.3333333333333333,1
AFD7AT5OTJ52EA3Q2LO4QFDGO5PA,1,527,1,-0.0,0.5577466835865666,0.0,10.0,0.6,0.0,1
AFDAN27KWZQOMPX5J2NB7MAPOIXA,5,2283,5,0.9709505944546686,0.5577466835865666,0.0,2.0,0.8,0.0,1
AFDAUD2XGCFQCXSQVHR5EMMZ27AQ,1,2291,1,-0.0,0.5577466835865666,0.0,4.0,0.625,0.0,1
AFDBZN7YA4VAVP2HS3B73XKUA4TA,4,229,4,-0.0,0.5577466835865666,0.0,10.75,0.6465277777777778,0.75,3
AFDDZZPYGARHAPE4BBHJWQ2YAAPA,1,3867,1,-0.0,0.5577466835865666,0.0,20.0,0.7138888888888889,0.0,1
AFDEDV6F2BJG7SDKLY3LB5C24JVQ,1,9,1,-0.0,0.5577466835865666,0.0,11.0,0.4,0.0,1
AFDEH7TVRJ4GBWE76Z7RBSHQOC4A,13,294,13,0.3912435636292556,-0.1336516857317281,1.3308296162096296,14.384615384615383,0.2657451923076923,0.4615384615384615,2
AFDERBL3G23J5U6HHQBAZLTREKOA,5,69,5,0.7219280948873623,0.0184559555182967,0.4923028280272931,22.2,0.4779999999999999,0.8,2
AFDERNB6BIR3U2DOR3S2KX7KJJXQ,5,1335,5,-0.0,-1.4196526526637565,1.1719151371753844,14.8,0.2429999999999999,0.4,2
AFDH2GAWP3RSARBENKZKV2Y7W34Q,1,40,1,-0.0,0.5577466835865666,0.0,19.0,0.4000000000000001,1.0,3
AFDIUCNEDNFPWKTJ63N4VQNZIFHQ,7,777,7,1.3787834934861751,0.5577466835865666,0.0,18.142857142857142,0.1557494588744588,0.5714285714285714,2
AFDK44VZEDMW26DZF2VDWSDNHE6Q,1,617,1,-0.0,0.5577466835865666,0.0,24.0,0.3722222222222222,0.0,1
AFDMBP5WKTPK4TUMUXPDDDQOFP2A,1,246,1,-0.0,0.5577466835865666,0.0,35.0,0.4399999999999999,0.0,1
AFDMZ4TRX3HXQQUGWAHJQTIF65BQ,223,5,223,1.8365092513603392,0.5255020959591663,0.2678376503103222,3.721973094170404,0.6760376776520274,0.6322869955156951,2
AFDNHQUKH6IZULW3MH575JMEDWHA,1,1309,1,-0.0,0.5577466835865666,0.0,6.0,0.0,0.0,1
AFDNLNTANUGENK62RSTAQALJOWPQ,1,3603,1,-0.0,-0.3410711965272165,0.0,261.0,0.2714015151515151,1.0,3
AFDPKX3DYZI6FV5GXLI7NVTULR4Q,5,823,5,-0.0,0.5577466835865666,0.0,30.6,0.2129292929292929,0.2,1
AFDSQSP5V3OKKBRVZDPOQMJSLNKQ,2,1141,2,-0.0,0.5577466835865666,0.0,9.5,0.1875,0.0,1
AFDSTZALRDM64PFS64CMKVIZUN6Q,23,380,23,0.5586293734521992,0.5577466835865666,0.0,6.434782608695652,0.4785990338164251,0.5217391304347826,1
AFDUIMTDQILPKQMOJQ2XM3EGBPPQ,4,530,4,-0.0,-0.1163667264987707,1.3482268201706746,8.0,0.6153472222222223,0.75,2
AFDZ2TKCJCQTGS5IEUTKES43CKKA,1,2562,1,-0.0,0.5577466835865666,0.0,6.0,0.0,0.0,1
AFDZTUGGQIHCVV2AQ5B2Y22KPVRQ,23,308,23,-0.0,-0.1065969669323165,1.0913545377378349,80.26086956521739,0.2639797319226666,0.3043478260869565,2
AFE337D2J37YRU5U6MVTVKNDKWDA,5,231,5,1.9219280948873625,-0.7005983485727298,1.3631248063578554,36.4,0.1773696145124716,0.0,2
AFE454TBPJXVP55M6STLR6R5664A,5,62,5,0.7219280948873623,-0.8803619245954865,1.5040099828505988,22.8,0.1766666666666666,0.2,2
AFE6BPTGLVC7ZE7TCSR3G3T2K6VA,1,927,1,-0.0,0.5577466835865666,0.0,35.0,0.5,0.0,1
AFE7OXQ2GPXOICDFCLDEOW55SKLA,5,216,5,-0.0,0.1982195315410533,0.4923028280272931,23.4,0.5032261904761904,0.4,1
AFE7XVAELVHIHWHKM6NFIVLS55YA,1,2678,1,-0.0,0.5577466835865666,0.0,11.0,0.0,0.0,1
AFEA4J7GALPGC6PJDLQQLTDYFSKA,1,2657,1,-0.0,-0.3410711965272165,0.0,2.0,1.0,0.0,1
AFEAJQIVVIZCTKQNNHD73H7VQSPQ,2,1052,2,1.0,-1.2398890766409998,2.5422408723206935,27.0,0.2833333333333333,0.0,2
AFEBIROAXLIDRIA7UKEONIX2T5LQ,1,7583,1,-0.0,-3.0375248368685663,0.0,222.0,-0.0109523809523809,0.0,0
AFECJFZZCGTND6HWT4EENHOVLYGA,1,2808,1,-0.0,0.5577466835865666,0.0,2.0,1.0,0.0,1
AFECWDHJXGC2NPMMCW6FT55WUY5A,1,1327,1,-0.0,0.5577466835865666,0.0,26.0,0.7333333333333334,0.0,1
AFEDZ3V72UXPLF5SSZQAOSMHZQIA,7,2849,7,-0.0,-0.4694737508291856,1.3157346521557305,2.4285714285714284,0.3535714285714286,0.5714285714285714,2
AFEEZNPBQQMYEF3ZNDAAKPD3KEXA,3,1345,3,-0.0,0.5577466835865666,0.0,2.0,-0.1,0.0,1
AFEGHKRUQPHJXO654PI6VT2WDRWQ,2,1253,2,-0.0,0.5577466835865666,0.0,142.0,0.1372655122655122,0.0,1
AFEHQFGHHAGB37ILECOPN6ZNOJVQ,1,1483,1,-0.0,-3.0375248368685663,0.0,3.0,0.0,1.0,0
AFEHTC33FA4UXWIO2MKKHFHPBO5A,1,222,1,-0.0,0.5577466835865666,0.0,25.0,0.675,1.0,3
AFEHUA43I6DXUYV4U2IW2AVEAH6Q,1,1063,1,-0.0,0.5577466835865666,0.0,11.0,0.5,1.0,3
AFEI6AGUAQV4FH4TSBSHUHRXBHYQ,1,2849,1,-0.0,0.5577466835865666,0.0,23.0,0.5,0.0,1
AFEIN7QWSQ6EFW45LKD7ZOCSMLGQ,9,443,9,1.836591668108979,-0.7405458099111202,1.4980298001896388,68.33333333333333,0.2706414241622574,0.3333333333333333,2
AFEJ2MZWR7O64X2S3ZI2J7BFKTYA,64,52,64,1.4387038630303666,0.0521616260225636,0.7139536118171598,7.671875,0.3343985333243146,0.8125,2
AFEJKJ56OD6H2XH55DGHJI2526MA,15,933,15,1.5058231002082845,-0.5807559645575587,1.6803899900283643,37.13333333333333,0.29000444000444,0.1333333333333333,2
AFEKAJBRLIJLH5BTSKQQUA63IOGA,3,422,3,0.9182958340544896,0.5577466835865666,0.0,33.666666666666664,0.3163690476190476,0.0,1
AFEKLROUUZQMAEHTHHGP2ZHFV37Q,1,1122,1,-0.0,-3.0375248368685663,0.0,42.0,0.175,0.0,0
AFEKXB75RG55V2AMHSSXS4D3NUDQ,4,1294,4,-0.0,0.3330422135581208,0.4494089400568916,21.25,0.5102120535714285,0.75,3
AFELPHCVIVREBKR6OVK54QE33TYQ,1,1430,1,-0.0,0.5577466835865666,0.0,63.0,0.325,0.0,1
AFEMNWPO23WHVPSHB4N4RMMPQXQQ,1,3043,1,-0.0,0.5577466835865666,0.0,139.0,0.1173076923076923,1.0,3
AFEMVUNGJXKV5HA463WSDY4I2K7Q,4,3082,4,-0.0,0.5577466835865666,0.0,70.0,0.3332291666666666,0.0,1
AFEOQSQDQJOR5RIPIQHKJVQHBE7A,1,8239,1,-0.0,0.5577466835865666,0.0,13.0,0.0,0.0,1
AFEP23NFXJI3T44Q4XC55NT6COAQ,1,4631,1,-0.0,0.5577466835865666,0.0,59.0,-0.0518518518518518,0.0,1
AFEQWKRQRTRB5DCVMZBEXIVYZRDA,3,1085,3,-0.0,-0.6406771565651442,1.037865490072283,92.0,0.336434953934954,0.6666666666666666,2
AFERCDY2EFJKT7QUQ75GISNHTFOQ,19,1212,19,-0.0,-0.104540175444642,0.5050920442263032,397.7894736842105,0.1994738287795904,0.0526315789473684,0
AFESOGK6RAEMUSOE6P5YFOAB6KMA,1,3723,1,-0.0,0.5577466835865666,0.0,25.0,0.4583333333333333,0.0,1
AFETVW7S5M4LVJ7GTWPCKT7S3YBQ,21,68,21,1.615250265088252,-0.8974822651690825,1.5691051320385352,47.0,0.1722233963677416,0.2857142857142857,2
AFEUJGH6HN52IP6H7ZD26KYZGEWQ,45,86,45,0.3533593350214213,0.3979568382330052,0.3968558261111267,7.488888888888889,0.3529166666666666,0.5111111111111111,2
AFEUSYXIOR2S7XQEZWUA3SOCQZSA,1,259,1,-0.0,0.5577466835865666,0.0,31.0,0.4166666666666666,0.0,1
AFEV5KMXLLJKBSGXCBRZUOZQSRPQ,8,244,8,0.954434002924965,-0.1163667264987707,1.337483805775908,44.25,0.2411875,0.25,2
AFEVG476PAAYPHQQWLNZSMH6U32A,1,1450,1,-0.0,0.5577466835865666,0.0,1.0,0.25,0.0,1
AFEX6EZ2RDXY23CNVDQ7IOM37KHA,1,1598,1,-0.0,-0.3410711965272165,0.0,9.0,0.6,0.0,1
AFEXLWL4SUBFCZHPNARIJSSRK57A,1,1917,1,-0.0,0.5577466835865666,0.0,5.0,0.0,1.0,3
AFEYY6TB5DOF2U4WCL7GRMNZREJA,1,1127,1,-0.0,0.5577466835865666,0.0,95.0,0.1888888888888888,0.0,1
AFEZ5USUDVJLGSOB5SVVBUOLVNAQ,24,107,24,-0.0,0.4079437035676028,0.4328198290649616,129.875,0.2449383521929929,0.1666666666666666,1
AFEZEXHKWDXTL7WIZMSC4X4NBGQA,1,2836,1,-0.0,0.5577466835865666,0.0,11.0,0.327,0.0,1
AFEZUIQCY3XUUXMUFOKWXLXB3IJQ,1,3155,1,-0.0,0.5577466835865666,0.0,13.0,0.9,1.0,3
AFF3KDB5H6U7BVDEIDTU2JAEYPXQ,1,3086,1,-0.0,0.5577466835865666,0.0,11.0,0.6,1.0,3
AFF3OMRONF4EAG4MGCTIHNZOZU2Q,2,393,2,-0.0,0.5577466835865666,0.0,4.5,0.2666666666666666,0.0,1
AFF4ANFJAIAJS2SKDYJNUFOYV6KA,1,1610,1,-0.0,-0.3410711965272165,0.0,267.0,0.2491071428571428,0.0,0
AFF4HYG5UDHPRHSG4YIAPV4E343A,1,3106,1,-0.0,0.5577466835865666,0.0,2.0,0.25,1.0,3
AFF567O3QSOCJ2LLELJLYK525D6Q,6,2129,6,-0.0,0.108337743529675,0.4923028280272931,37.833333333333336,0.2747674448567306,0.0,1
AFF75EKIFKNWGEWS4U7E5IWZQT2Q,1,1929,1,-0.0,0.5577466835865666,0.0,115.0,0.1928571428571428,0.0,1
AFF7ENSBOBGYJQANUB6RZVFDE4NQ,3,2969,3,-0.0,0.5577466835865666,0.0,20.333333333333332,0.4510765861742424,0.0,1
AFF7HZTLTBXKYP2LJODVEMYQ75OQ,1,3279,1,-0.0,0.5577466835865666,0.0,31.0,0.5072727272727272,0.0,1
AFFB5XQCMCRBGPZFJLMTHPORDNPA,1,749,1,-0.0,0.5577466835865666,0.0,25.0,0.2425,0.0,1
AFFCDWM66CJL6RZPDNZ4EYVXGH2A,1,349,1,-0.0,-0.3410711965272165,0.0,23.0,0.3,1.0,3
AFFCDYHUH2JWTMIYBOQFGEWDL6DA,1,2759,1,-0.0,0.5577466835865666,0.0,21.0,0.4333333333333333,0.0,1
AFFDTNKCLTZIQQU5AVNW6KDG2G2Q,5,543,5,0.7219280948873623,0.5577466835865666,0.0,11.2,0.485530303030303,0.0,1
AFFFV4Y35FUSSYUMRHYV4P34X2MA,3,210,3,0.9182958340544896,-1.2398890766409998,1.7976357602275663,9.333333333333334,-0.1144444444444444,0.0,2
AFFGOQCJHIASA42WX7WBODWIBYRQ,1,1114,1,-0.0,0.5577466835865666,0.0,15.0,0.88828125,0.0,1
AFFH5QKBOZANHO4ZZ7OKL7JFXFUA,24,69,24,0.8112781244591328,0.0334362535201931,0.6970616760696574,10.125,0.2582760989010988,0.3333333333333333,2
AFFHBQAMFTXYQIEHNRAKZPBJZGJA,1,2511,1,-0.0,0.5577466835865666,0.0,22.0,0.0,1.0,3
AFFNSHESNZE54MPCJSH24PQ4KZ4A,3,1301,3,1.584962500721156,-0.6406771565651443,2.075730980144566,7.333333333333333,0.1999999999999999,0.3333333333333333,2
AFFNTMCC75AYZT67CGCNIBJMHREA,1,2845,1,-0.0,0.5577466835865666,0.0,132.0,0.3598057338169643,0.0,1
AFFOHQDTKLECGKHIGBJ76UOYQYQA,1,4386,1,-0.0,0.5577466835865666,0.0,23.0,0.412,0.0,1
AFFP7OMXXDGNZ3LSQKTMHYWRK37A,1,4388,1,-0.0,0.5577466835865666,0.0,98.0,0.2851239669421487,1.0,3
AFFPV4IYIVU2BAG4CX7UF77Q75YA,1,2302,1,-0.0,0.5577466835865666,0.0,33.0,1.0,1.0,3
AFFQBBI6O5VWJCDAGK7ZCV5WYCMA,1,381,1,-0.0,0.5577466835865666,0.0,26.0,0.5552083333333333,0.0,1
AFFQMD7UHEWWCSLYZUVBTTV3EGSA,1,2957,1,-0.0,0.5577466835865666,0.0,39.0,0.4416666666666666,0.0,1
AFFR7R7ADZWGXB57TLBOHHSFC53A,3,59,3,0.9182958340544896,-0.3410711965272165,1.5567982351084244,15.0,0.4333333333333333,0.0,2
AFFTVICF5EABBFHLUVPHFCBDG42A,1,2955,1,-0.0,0.5577466835865666,0.0,3.0,0.91,0.0,1
AFFUQ74IYR7WHL47W7E5DG4CVHBA,1,2207,1,-0.0,0.5577466835865666,0.0,23.0,0.5,0.0,1
AFFUYLZDWUQJS2QOUO7YSWUFKTEQ,1,1179,1,-0.0,0.5577466835865666,0.0,3.0,0.8,0.0,1
AFFV2URUQPFTO44LU5JSIQISYXYA,2,7317,2,-0.0,-0.7904801365841081,0.6355602180801735,69.5,0.2045875850340136,0.0,0
AFFVGJL3IEVM3HW7EX3TI6OSQEXQ,1,448,1,-0.0,0.5577466835865666,0.0,26.0,0.5526515151515151,0.0,1
AFFVVXONBPN2SUFPXUJUTIRH3E3Q,1,750,1,-0.0,0.5577466835865666,0.0,9.0,0.7,0.0,1
AFFWGDBDBUOKL3RMQIJNFJUAGVSQ,1,3178,1,-0.0,0.5577466835865666,0.0,211.0,0.2921875,0.0,1
AFFWKJPKJPS5CQHY3JIVZ7AMHBGA,1,619,1,-0.0,-1.2398890766409998,0.0,268.0,0.110079365079365,0.0,0
AFFXM7L6V6JSL7JGPJBC2Z3X2HIA,1,2873,1,-0.0,0.5577466835865666,0.0,9.0,0.8,0.0,1
AFFY2VLMWDE4Q4CVTN5XJXDX7OWQ,1,3701,1,-0.0,-0.3410711965272165,0.0,25.0,0.5666666666666667,1.0,3
AFFYYNK24CALIKW3UNL4XX6QWIQA,1,1011,1,-0.0,0.5577466835865666,0.0,5.0,0.65,0.0,1
AFFZC56PV6LULWV5PQDSFMV3BS2A,1,324,1,-0.0,-1.2398890766409998,0.0,31.0,0.0374999999999999,0.0,0
AFFZDGL6WH5YI2XV32NEMUCVXPYA,1,681,1,-0.0,0.5577466835865666,0.0,8.0,0.5,0.0,1
AFFZVSTUS3U2ZD22A2NPZSKOCPGQ,164,3,164,1.9427766151048549,0.168624308659258,0.7590967993563635,66.59756097560975,0.2729669506466764,0.3353658536585366,2
AFG3UPNZF3HTRC5EVLRSU4ULLJZQ,1,2988,1,-0.0,0.5577466835865666,0.0,1.0,0.8,1.0,3
AFG4JI5VU7OPZKQK6ZJOURYIPPFA,1,959,1,-0.0,0.5577466835865666,0.0,9.0,0.5,0.0,1
AFG4UXMDWOFNTYUFKYTO4MLAAEWA,3,2401,3,-0.0,0.5577466835865666,0.0,10.0,0.3,0.0,1
AFG6BOX7SFWFTWNRMO7LSMDLA6CA,1,1859,1,-0.0,0.5577466835865666,0.0,7.0,0.505,0.0,1
AFG6YQ3GOY7TVFKQ3SKDVS6Q6RDQ,2,496,2,-0.0,0.5577466835865666,0.0,8.5,0.1,1.0,3
AFGBCKY332YUCUTAHCB56EPUSXRQ,1,3685,1,-0.0,0.5577466835865666,0.0,43.0,0.15,0.0,1
AFGBVLT5NQKF7ADOMGLKJ2SBQMZQ,1,2871,1,-0.0,0.5577466835865666,0.0,11.0,0.4333333333333333,0.0,1
AFGC44UF7B4Q6OEJGD7ROSWIRSEA,3,234,3,1.584962500721156,-0.6406771565651442,1.037865490072283,59.0,0.3340395021645022,0.0,2
AFGDGJBHZYIZRLHOEOFTRPNV2H5Q,1,2840,1,-0.0,0.5577466835865666,0.0,4.0,0.275,1.0,3
AFGEJNQOVHGHQEPJDOK7I7OMIK7A,1,655,1,-0.0,-0.3410711965272165,0.0,2.0,0.6,0.0,1
AFGEM6BXCYHUILEOA3P2ZYBEF2TA,45,9,45,1.708354823618205,-0.0414652364892888,0.8130113626909258,21.31111111111111,0.2460360118276784,0.1333333333333333,2
AFGGQCSEGPS7EKWJ4GG2L4LV4TKQ,3,601,3,1.584962500721156,-1.8391009967168552,2.075730980144566,73.66666666666667,0.1090873015873015,0.6666666666666666,2
AFGI5ME27MRLT4LGEEO6KVLCKOOQ,1,3261,1,-0.0,0.5577466835865666,0.0,21.0,-0.1026785714285714,1.0,3
AFGI5XVA5EBVOE2EOS42KHQSULXA,1,3347,1,-0.0,-0.3410711965272165,0.0,234.0,0.2103535353535354,0.0,0
AFGIT2Y7X5GIN7FIGZPHWVZO3PTQ,5,594,5,-0.0,0.1982195315410533,0.8039271517306702,34.2,0.4463281249999999,0.6,3
AFGJZAE7ZA7QGNDK6JNTHY6XEESA,8,576,8,1.75,0.5577466835865666,0.0,12.625,0.4733796296296296,0.125,2
AFGNIWCBLQT2QIXXKIW7Q6VREZRQ,14,174,14,2.0670314951575843,0.4293441292845976,0.4804383657846045,40.57142857142857,0.4447906359513502,0.0,2
AFGON6WJ2WPTDH4HHUR6AH5L263A,2,572,2,-0.0,-3.0375248368685663,0.0,38.0,-0.2194285714285714,1.0,0
AFGP2WDUKQSUSQHKJITVQKYQJKYA,2,851,2,-0.0,0.5577466835865666,0.0,18.0,-0.02375,0.0,1
AFGQNFBBMERT5BUXHNILILZFLVVQ,1,2739,1,-0.0,0.5577466835865666,0.0,316.0,0.3060897435897436,0.0,1
AFGRAUIXGHWO224SV5YN3TNEUMJA,2,1392,2,-0.0,-0.3410711965272165,0.0,97.0,0.3016782407407407,1.0,3
AFGS7QZJCPOEUJ5VD52DGH36GKZA,1,1363,1,-0.0,0.5577466835865666,0.0,1.0,0.1666666666666666,1.0,3
AFGSBGWCXHHFDH4SUMSAQ5XKWI7A,1,2136,1,-0.0,0.5577466835865666,0.0,6.0,0.5666666666666667,0.0,1
AFGSSQOL4VGYWYL4CJU6THOL3ZAA,1,77,1,-0.0,-0.3410711965272165,0.0,56.0,0.3177083333333333,0.0,1
AFGSYNXYSHBBKTCA5NIV7GCZYE6Q,1,1482,1,-0.0,0.5577466835865666,0.0,2.0,0.0,1.0,3
AFGTULLYCZFHXXHMNX575HBI3DQA,1,2586,1,-0.0,-3.0375248368685663,0.0,16.0,0.375,0.0,0
AFGUPTDFAWOHHL4LZDV27ERDNOYQ,22,309,22,1.4568017817750278,0.1491931017166652,0.8651125254362846,53.18181818181818,0.2853780228609774,0.4545454545454545,2
AFGVVDXBYYDPS5WLN3ERL27I3TUQ,1,3388,1,-0.0,0.5577466835865666,0.0,24.0,0.2794270833333333,0.0,1
AFGWR7GZLOWSTFN2QJBE5NMGVEGQ,16,513,16,1.8496017527145812,0.5015705660794552,0.2247044700284458,17.8125,0.4632062843840188,0.0,2
AFGYWRG5C4M43O72QUA4E3TG5PUA,2,5647,2,-0.0,0.5577466835865666,0.0,27.5,0.1038690476190475,1.0,3
AFH2J3MX45WQ4X2HWX7D7ZTFPU5A,1,3739,1,-0.0,-0.3410711965272165,0.0,69.0,0.358984375,0.0,1
AFH2O73CG4KWBGSVFVKTDGLGERGQ,1,1281,1,-0.0,0.5577466835865666,0.0,31.0,0.55,0.0,1
AFH37SUSDVJI6GWNF2YSSGAPUB7A,7,352,7,0.5916727785823275,0.1725390206806595,0.707186126269829,6.428571428571429,0.4661904761904761,0.2857142857142857,2
AFH4CAXNOWUVKNSP6TLRT4CGQ2YA,1,3024,1,-0.0,0.5577466835865666,0.0,8.0,0.5,0.0,1
AFH4ZOHBO4U6XHYJPX2EATYILE6Q,1,3408,1,-0.0,0.5577466835865666,0.0,21.0,0.675,1.0,3
AFH5QOWETRD6KS65W5OS4XJZWCMQ,1,2050,1,-0.0,-1.2398890766409998,0.0,14.0,0.7,1.0,3
AFH5WAC7WO4U37JXZ4TGRE2JJAUA,2,469,2,-0.0,-1.2398890766409998,2.5422408723206935,77.5,0.2540025252525252,0.0,2
AFH6CFVOZ3EVUVMGO725UERQOFHA,1,3001,1,-0.0,-0.3410711965272165,0.0,2.0,0.325,1.0,3
AFH6JVL73CZOVTQ2LR3IG27HRNKQ,4,68,4,1.0,-1.2398890766409998,2.075730980144566,10.25,-0.0743055555555555,0.25,2
AFH6OSJPK3XE65N46DAFT6WUTPXA,3,731,3,0.9182958340544896,0.5577466835865666,0.0,16.0,0.173611111111111,0.3333333333333333,1
AFHBNIEWALW2KMNCCO3SZVSYF5ZQ,1,518,1,-0.0,0.5577466835865666,0.0,6.0,1.0,0.0,1
AFHBV7DUA5EHYG7SAQKBSZIKDEEQ,1,2339,1,-0.0,0.5577466835865666,0.0,2.0,0.85,0.0,1
AFHCOLVOIP7SY4MIJ637FXD63UCQ,2,249,2,1.0,-1.2398890766409998,2.5422408723206935,16.5,0.15,0.5,2
AFHFEJY646YSQTNQK4Z4VYCNLP4A,1,851,1,-0.0,0.5577466835865666,0.0,156.0,0.4255102040816326,0.0,1
AFHGQ26ZOJJT6SN4K2M2NXCW37WQ,12,821,12,1.2806721295208872,-0.1163667264987707,1.1577286879694966,15.5,0.5113693482443483,0.25,2
AFHHYNMWSZ5DF44YBQKTV5HHA6KQ,1,1518,1,-0.0,0.5577466835865666,0.0,5.0,0.0,1.0,3
AFHKNQ6MMAVS5DQHKSMQA3UIEUNQ,1,629,1,-0.0,0.5577466835865666,0.0,5.0,0.8,1.0,3
AFHL6YRD7V3FAMZJ2L6Y3ITMB7YA,1,1374,1,-0.0,-3.0375248368685663,0.0,30.0,-0.1,0.0,0
AFHO7OBEBKY4YNEFOKI2GSFCHLNQ,3,1310,3,-0.0,0.5577466835865666,0.0,79.0,0.2429563492063491,0.3333333333333333,1
AFHP5ELLKFTYFI6FH2X5XF4WDRDA,1,1297,1,-0.0,0.5577466835865666,0.0,11.0,0.5,0.0,1
AFHQ44UDZ6AJ5M52BM2KWNGP6VOQ,5,33,5,-0.0,0.1982195315410533,0.8039271517306702,31.4,0.0835156462585033,0.4,2
AFHRPCWEWPAAA2ZVLDTJHDIFR3VA,5,213,5,-0.0,0.37798310756381,0.4019635758653351,10.6,0.4616666666666667,0.2,1
AFHU44I5ZIPV76KZSEFD5Y437C2Q,6,172,6,-0.0,0.2581407235486389,0.7338817259896108,42.666666666666664,0.1561866181657848,0.0,1
AFHWDGNMBPRUWUXL7MFZXFVZJYOA,5,2426,5,-0.0,0.5577466835865666,0.0,24.6,0.5167361111111111,0.0,1
AFHWXNXC6ESEVULAEURH2C35FYEQ,1,495,1,-0.0,-3.0375248368685663,0.0,64.0,0.06,1.0,0
AFHXI3DOW6EDSVWJVXOXY3SKRW7Q,5,717,5,1.3709505944546687,0.5577466835865666,0.0,29.8,0.2096190476190476,0.2,2
AFHXTLFE47LKLAY3SVP7T4Z2JN5Q,1,3675,1,-0.0,0.5577466835865666,0.0,26.0,0.38,0.0,1
AFHYESNZHGG4F5AGDIC6CBLCIESQ,1,2408,1,-0.0,0.5577466835865666,0.0,8.0,0.0,0.0,1
AFI43MRCEWAHZYBPKTSLDRPG5TIQ,2,649,2,1.0,0.108337743529675,0.6355602180801734,30.0,0.4075,0.5,2
AFI4DMVU5WFRIPSQA5F7L2M7TSHQ,1,2332,1,-0.0,-0.3410711965272165,0.0,21.0,0.4625,0.0,1
AFI4YBDJHXY66T7VRSIXUB3B6I6A,1,7842,1,-0.0,0.5577466835865666,0.0,47.0,0.3635416666666666,0.0,1
AFIALQULING7EYR7VFCUVPOC3A5Q,1,1350,1,-0.0,0.5577466835865666,0.0,4.0,0.8,1.0,3
AFIBRPRMSNV5KOKIHPOCIU3MLJ4Q,1,2377,1,-0.0,-0.3410711965272165,0.0,59.0,0.4428571428571428,0.0,1
AFICQHAE6YOEIGE5TYZG5TN7OTRQ,9,738,9,1.5304930567574826,-0.2412025431812406,1.5853657231462257,21.333333333333332,0.1906953329592218,0.3333333333333333,2
AFIDB4NPTG3E7KHCX7BUO4WDE6LQ,8,225,8,1.0,0.5577466835865666,0.0,12.875,0.6234848484848485,0.0,1
AFIDDD6WMWMGSFZONTE567C2HOPQ,1,2441,1,-0.0,0.5577466835865666,0.0,21.0,0.4840909090909091,1.0,3
AFIDUMRXIZN7F6IMJSI6KLZPIPVQ,1,3621,1,-0.0,0.5577466835865666,0.0,73.0,0.3981481481481481,0.0,1
AFIEHMJYIJLSX4NDYPAJJVHYJP2A,1,1412,1,-0.0,0.5577466835865666,0.0,10.0,0.0,1.0,3
AFIETS7NCBAHVIQBPUDVJ5MG5CAA,2,338,2,1.0,0.5577466835865666,0.0,7.0,0.668560606060606,0.0,1
AFIFCPYKA56DJ26GZ6TKSN5KR6BQ,3,1915,3,0.9182958340544896,-1.8391009967168552,1.037865490072283,22.666666666666668,-0.2097222222222222,0.0,2
AFIHRVEGROVTQTQOEIZIKILJDEOA,1,1734,1,-0.0,0.5577466835865666,0.0,5.0,0.6000000000000001,1.0,3
AFIJLAW3HIOMRUFSWNH54IJ3XQAA,5,1243,5,-0.0,0.1982195315410533,0.4923028280272931,202.4,0.2224153729868015,0.0,1
AFIJZ3OSCYP2VX22UNQBJI5UHO6A,1,1637,1,-0.0,0.5577466835865666,0.0,1.0,0.7,0.0,1
AFILSTIIOQ5MJHRT4F7YIGIHQLEQ,1,2578,1,-0.0,0.5577466835865666,0.0,4.0,0.0,0.0,1
AFIM5RAUX2YR3UFV6LBGEXGGDXTA,1,2190,1,-0.0,0.5577466835865666,0.0,63.0,0.2123015873015873,1.0,3
AFIMQYEOZY3LTUMQAH3DKVS6LZIA,12,434,12,-0.0,0.4079437035676028,0.3498643853310392,12.166666666666666,0.4390277777777778,0.25,1
AFIO2BZVHQ63IEXQ7XA52UX7VWMQ,1,893,1,-0.0,0.5577466835865666,0.0,9.0,0.625,0.0,1
AFIOW5YO3N7AS2EULD2KVBVIVYAA,1,1624,1,-0.0,0.5577466835865666,0.0,17.0,0.6454545454545455,0.0,1
AFIQTNATAZ6T4FK6ADJQHPO2GUOQ,3,575,3,1.584962500721156,-0.6406771565651442,1.3729669905337183,5.0,0.1805555555555555,0.0,2
AFIR7BM5VQWYSJLZ36SQI7H3WMXQ,1,548,1,-0.0,-0.3410711965272165,0.0,30.0,0.1708333333333333,0.0,1
AFISLSUP4LCJZ376KJ4LNO5IFMLA,1,320,1,-0.0,0.5577466835865666,0.0,9.0,0.5666666666666667,1.0,3
AFIWYBPRAGQIAJOBA4QGIKL2BZAQ,36,85,36,1.625050241993392,-0.0164980731527948,0.7792223849631172,19.916666666666668,0.215800364758698,0.2777777777777778,2
AFIYR4TWQXGHJYDATBQARIK2AR5A,4,2360,4,-0.0,0.108337743529675,0.8988178801137833,7.25,0.5416666666666666,0.5,3
AFIZUCNBOIIEJBQIPTD7BXCQFKTQ,2,348,2,-0.0,-0.7904801365841081,1.9066806542405204,17.0,0.0375,0.5,2
AFJ2UCAN43BZZ7L5Z6X6I4BZ5V5Q,1,973,1,-0.0,0.5577466835865666,0.0,9.0,0.4375,0.0,1
AFJ4VDAUVZJ2GLTPJHGFIL6DVITQ,1,1256,1,-0.0,0.5577466835865666,0.0,7.0,0.4,0.0,1
AFJ66GJGJ5FS2C2I77YVR7JMSAGQ,9,431,9,0.9182958340544896,-0.0414652364892887,0.4494089400568916,7.222222222222222,0.2416351010101009,0.1111111111111111,2
AFJ7CNYUSTYVZIPQFKAYH5VFCV7Q,1,1147,1,-0.0,-2.138706956754783,0.0,8.0,0.0,1.0,0
AFJAPNBWGKWDPQJS5K6A7IOAEMFA,1,343,1,-0.0,-3.0375248368685663,0.0,51.0,-0.1023809523809523,0.0,0
AFJBKPK5W56XWSNPQU2WW66ISWYQ,401,1,401,1.6027175180188282,0.2237719600530163,0.5678151868058541,118.90274314214464,0.2986530547940729,0.314214463840399,4
AFJBVD32IH6ZX5BNLILRZIPUJZZA,1,3068,1,-0.0,0.5577466835865666,0.0,30.0,0.1,0.0,1
AFJC4MCHM32ALDX3FPAY5PQXITGA,4,96,4,-0.0,0.5577466835865666,0.0,2.25,0.2833333333333333,0.25,1
AFJCFG4ITTGCZQZOSWDJM3L27IIA,1,3213,1,-0.0,0.5577466835865666,0.0,41.0,0.1,0.0,1
AFJCWJGLRX7DBTO7WY44U7B24KVA,1,2204,1,-0.0,0.5577466835865666,0.0,17.0,0.2333333333333333,1.0,3
AFJFY6RIJZTL25N3MY6F2I24JC6A,1,905,1,-0.0,-0.3410711965272165,0.0,18.0,0.3774999999999999,0.0,1
AFJGUSPU2TVTQ5NQMQCGL52IWO6A,1,2365,1,-0.0,-0.3410711965272165,0.0,10.0,0.5625,1.0,3
AFJHM4DEMY7IU6ZCUBCETLREE43Q,18,127,18,1.9523612813926656,0.3080750502216269,0.7428209316252768,24.61111111111111,0.2833965773809523,0.2222222222222222,2
AFJI6VGICAIRUGGAPB57NHZJG3RQ,2,137,2,-0.0,-2.138706956754783,1.2711204361603468,29.5,0.125,0.5,0
AFJKNSBQBOUTRWUW3M6S7SKFOY4A,1,2092,1,-0.0,0.5577466835865666,0.0,2.0,1.0,1.0,3
AFJMUM67V35KW632G5CIHZEDT2GA,1,1449,1,-0.0,0.5577466835865666,0.0,5.0,0.5,0.0,1
AFJOCZGYW6QFTYEYBZXCFZNWONKQ,12,365,12,1.7295739585136225,-0.1163667264987707,1.278322309295637,14.416666666666666,0.2750925925925926,0.5833333333333334,2
AFJODL64ZRKBO2TD3LZOSPTKOB4Q,1,1672,1,-0.0,0.5577466835865666,0.0,1.0,0.0,1.0,3
AFJOJHHSNWXSLAI3BGFCCAZWOKKA,1,439,1,-0.0,0.5577466835865666,0.0,53.0,0.6,1.0,3
AFJP74KDEKRSPJN5JINL452T6WNA,2,2598,2,-0.0,-0.7904801365841081,0.6355602180801734,28.5,0.1124999999999999,0.5,0
AFJQKK7TUBI3N3Z45R6AFIVS4Z5A,1,1304,1,-0.0,-0.3410711965272165,0.0,12.0,0.2181818181818181,0.0,1
AFJRIATLX72VV27RDYLM2EPFLHWQ,2,3658,2,-0.0,-1.2398890766409998,2.5422408723206935,100.5,0.1924450549450549,0.0,2
AFJSECCFXJ35ABMZUJEF2KZOZR6A,1,763,1,-0.0,0.5577466835865666,0.0,10.0,0.0,0.0,1
AFJTRBXMURLHS5EGNXLUHDHIZRFQ,17,271,17,1.7033848993102918,-0.3939428365339097,1.208842728898332,32.88235294117647,0.1820395658263305,0.1764705882352941,2
AFJTXYGTP7UQGE7SNKSQNAFX23MQ,5,65,5,0.9709505944546686,0.37798310756381,0.4019635758653351,14.2,0.4576363636363636,0.2,2
AFJVWLG3X5N75S4JP6YD3L3X5IKA,1,2733,1,-0.0,0.5577466835865666,0.0,2.0,0.5,0.0,1
AFJW22MEZIRKULPSUALY7PEIDIRQ,2,308,2,-0.0,-1.2398890766409998,2.5422408723206935,2.0,0.25,0.5,2
AFJYBVEQ7H33H37I7L62K3VVIIXQ,1,588,1,-0.0,0.5577466835865666,0.0,26.0,0.2589285714285714,0.0,1
AFK2I7EJSSICSL2XMIHIL5YIHGVA,1,2258,1,-0.0,0.5577466835865666,0.0,22.0,0.4125,0.0,1
AFK2IP4LQN3ZKZC55FVWKZ7WX72Q,1,2571,1,-0.0,0.5577466835865666,0.0,21.0,0.65,0.0,1
AFK2KFTFJV5KHPKTQINXEZVGBQQQ,1,3131,1,-0.0,0.5577466835865666,0.0,19.0,0.9,0.0,1
AFK3MUXLBQNB46UZ4BQVPYDQ2MCQ,1,2655,1,-0.0,0.5577466835865666,0.0,4.0,0.9,0.0,1
AFK5JCY35EJOQRD7WXWLKIHSLMWA,1,1543,1,-0.0,-2.138706956754783,0.0,7.0,-0.15,0.0,0
AFK6R43UKGWON2XYKND3E4UXSLUQ,1,548,1,-0.0,0.5577466835865666,0.0,77.0,0.61,0.0,1
AFK7OYHDESSAWUPMYPOBUC7L4E3Q,1,2314,1,-0.0,0.5577466835865666,0.0,8.0,0.5,0.0,1
AFKAC3ZHOIK5BAQPW4W2V2P7DLAA,1,1813,1,-0.0,0.5577466835865666,0.0,1.0,0.8,0.0,1
AFKACPZLPON4JTXLI3H7UCWAU3FA,1,679,1,-0.0,0.5577466835865666,0.0,5.0,0.0,0.0,1
AFKCOIOFQPRWL3I4A5OQDDKECVOA,1,1884,1,-0.0,0.5577466835865666,0.0,248.0,0.2366269841269841,0.0,1
AFKFBJ3ZLGYAUQYGW7YCIAUFZGOA,1,277,1,-0.0,-0.3410711965272165,0.0,11.0,0.6,0.0,1
AFKFX7TCULLSYTJHVCNFIIQAB7CQ,1,3112,1,-0.0,0.5577466835865666,0.0,19.0,0.65,0.0,1
AFKGKGBBVS5KU6QMFGY2LCS2XZIA,1,1159,1,-0.0,0.5577466835865666,0.0,2.0,0.8,1.0,3
AFKGU4S26DZ5B2OTAS72FBAYNVHA,1,5847,1,-0.0,0.5577466835865666,0.0,170.0,0.3627575757575758,0.0,1
AFKH3ZUWQBG7XTXBA6MJLPHU7WXA,1,2684,1,-0.0,0.5577466835865666,0.0,6.0,0.8,0.0,1
AFKHUTFTFFBJCYIOLYCGZDPNMNNQ,1,1976,1,-0.0,0.5577466835865666,0.0,51.0,0.2170138888888889,0.0,1
AFKJQMCY3HIYNHN3FEMLQXPGIPWA,32,61,32,0.3372900666170139,0.1926019197903422,0.5526262382279837,10.53125,0.5262902462121212,0.46875,2
AFKKLSEAK6P26VECMU7HGZPEQNOA,14,343,14,0.74959525725948,0.3651428521336131,0.5203564315112189,101.78571428571428,0.1606556695924567,0.0,2
AFKLAXFAU7AEOYJ4LCGUJIC2RJZQ,3,1520,3,-0.0,0.5577466835865666,0.0,41.333333333333336,0.2607638888888888,0.3333333333333333,1
AFKMEDRJ64OVJLMGIEFOZKVVDJPQ,2,1578,2,-0.0,0.108337743529675,0.6355602180801734,98.0,0.2696969696969696,0.0,1
AFKNGFP66KO7454MGQPRRD7HD2SA,4,1213,4,-0.0,-1.2398890766409998,2.075730980144566,3.5,0.375,0.0,2
AFKNVFEXRGUGJAGMENCOWLVDYVCQ,1,1397,1,-0.0,0.5577466835865666,0.0,7.0,0.6499999999999999,0.0,1
AFKQ7HTHC5LYV6PPR7ZXD7QBIZXQ,16,214,16,1.5016144718101816,-0.0601906089916593,1.2591472923824327,24.5,0.2053371136964887,0.0625,2
AFKSXUF543QDK3LZ44ZGHQ2XUJ7Q,1,1396,1,-0.0,0.5577466835865666,0.0,7.0,0.1953125,0.0,1
AFKSYG2XHOCLCVDDKEZMWQTFFG7A,8,687,8,1.061278124459133,0.4453944485723438,0.3177801090400867,11.125,0.6166666666666667,0.125,2
AFKYGPKF7DTI6U2QAV5CTVYYT6XA,2,144,2,-0.0,-3.0375248368685663,0.0,21.0,-0.0291666666666666,0.5,0
AFKZDUEVDYUJV2PYLIMFKWIW2CZQ,6,1837,6,-0.0,0.5577466835865666,0.0,2.8333333333333335,0.7875000000000001,0.0,1
AFKZENTNBQ7A7V7UXW5JJI6UGRYQ,22,13,22,1.602131444182858,-0.5862033456491574,1.3640224849578553,156.8181818181818,0.1707933608878876,0.4090909090909091,2
AFKZQNNOLA7TXYJ7ORZZ22XFZSJA,1,39,1,-0.0,0.5577466835865666,0.0,2.0,0.6,1.0,3
AFL2OFFLVAF23YDY25XSIBOQH44Q,1,451,1,-0.0,0.5577466835865666,0.0,39.0,0.5625,0.0,1
AFL5LOO2ILNOXKAYVFCF7M2VCDMQ,1,1010,1,-0.0,0.5577466835865666,0.0,24.0,0.5900000000000001,0.0,1
AFL67NQVASAIXDH2VPHA3LCYJTSA,1,351,1,-0.0,0.5577466835865666,0.0,4.0,1.0,0.0,1
AFLBQSNPHQKFHIDRZYBHICXD2X6A,1,1342,1,-0.0,0.5577466835865666,0.0,16.0,0.4166666666666667,1.0,3
AFLDJFIGCSOZNOO7TAJFMWBOTNIA,1,2602,1,-0.0,-0.3410711965272165,0.0,3.0,0.6,1.0,3
AFLDXCV6NW772XIGKJEDSTUT3QOQ,2,2788,2,-0.0,0.108337743529675,0.6355602180801734,22.0,0.5811363636363636,0.0,1
AFLELKD65ZTBC4TE7PDTT2IDVL4A,1,5768,1,-0.0,-1.2398890766409998,0.0,60.0,0.1663265306122448,0.0,0
AFLELRUNMWJAK5WW65YGMTIVTENA,2,10,2,-0.0,-1.2398890766409998,2.5422408723206935,19.0,0.2645833333333333,0.0,2
AFLEUJNQJQOYOYDUJ2PSZ4O2TUJA,4,2687,4,-0.0,-0.1163667264987707,0.8605526033570225,1.0,0.65,1.0,3
AFLEZ6HNBXY34AFQJRTI7T7AGGWA,2,1745,2,-0.0,-0.3410711965272165,0.0,15.5,0.0833333333333333,0.0,1
AFLGWVMNAKFSOPJNKKLYHP2F2IMQ,3,659,3,1.584962500721156,0.5577466835865666,0.0,27.333333333333332,0.2443672839506173,0.3333333333333333,2
AFLJOQRAVS6KBZUWV3TIJUULOA5A,1,66,1,-0.0,0.5577466835865666,0.0,2.0,0.6000000000000001,0.0,1
AFLJU7PMUR5CBDAKSYSNQQGM5KBA,1,845,1,-0.0,0.5577466835865666,0.0,57.0,0.3363888888888888,1.0,3
AFLKLHWWA6JE5LBMJ7E7XMRVN7UA,1,946,1,-0.0,-0.3410711965272165,0.0,63.0,0.3291666666666666,0.0,1
AFLKS523NY36AY6WTAAKFAHYT7BA,5,3348,5,-0.0,0.5577466835865666,0.0,62.0,0.4051485260770975,0.6,3
AFLMN2SD7GZDKACXL3GI3NCYCBFQ,1,1902,1,-0.0,-1.2398890766409998,0.0,36.0,0.2083333333333333,1.0,3
AFLPIQCVZCBUJF3BZGYH75VWV2SA,3,2257,3,-0.0,-0.0414652364892887,0.5189327450361415,27.333333333333332,0.3868055555555555,0.3333333333333333,1
AFLRC4EB3O4FNS4VCICJ4S22TQNQ,1,11,1,-0.0,0.5577466835865666,0.0,7.0,0.7,0.0,1
AFLSPFE4NYR7IVOP72E4X7ZV2ETQ,1,3607,1,-0.0,-1.2398890766409998,0.0,24.0,-0.0105555555555555,0.0,0
AFLSY5KKZPWTEINHNYKMTKMRVPVQ,8,141,8,0.954434002924965,0.2206899785438979,0.9533403271202602,20.5,0.5290625,0.375,2
AFLUOMMI4GS453Q6DCIJFEPZ6W3A,1,2104,1,-0.0,0.5577466835865666,0.0,2.0,1.0,0.0,1
AFLUUTBWEBDKUKMG5BH3YM5OM7OQ,1,2849,1,-0.0,0.5577466835865666,0.0,110.0,0.205,0.0,1
AFLVEMK5QV73AU4A6BO3X5EFSE5A,1,136,1,-0.0,0.5577466835865666,0.0,13.0,0.2666666666666666,0.0,1
AFLWQYLJQ5OX3YJEC4ESRKTGTJVA,2,1817,2,-0.0,0.108337743529675,0.6355602180801734,9.0,0.090625,1.0,3
AFLX66DKF6R3H6OEOC3TIVAYXZIQ,76,37,76,0.9172196670841308,0.2502563561792197,0.6149321337167591,445.1578947368421,0.1742137886077923,0.2894736842105263,2
AFLY4NJ2L3ZH7BSRAY754QUTR2YA,1,35,1,-0.0,-0.3410711965272165,0.0,5.0,0.0,0.0,1
AFLYWY6Y4X3N3DPWU6XK7HROAKQQ,1,1559,1,-0.0,0.5577466835865666,0.0,22.0,0.4196428571428571,1.0,3
AFLZMJ3DM4UQY4PC5L4XVOAXBCSA,1,2469,1,-0.0,0.5577466835865666,0.0,18.0,0.1333333333333333,1.0,3
AFM2DSFXQRROQL75DRQ6J32PMRRQ,1,226,1,-0.0,0.5577466835865666,0.0,60.0,0.5,0.0,1
AFM3NVIT5GV4JZECXTOKGQWQGAWA,1,3936,1,-0.0,0.5577466835865666,0.0,32.0,0.55,0.0,1
AFM4HNRPPSTSWQNJDH3ZNAPU2TBA,2,860,2,-0.0,-0.3410711965272165,0.0,39.5,0.2266666666666666,1.0,3
AFM5NV37IAPIP2AZXEZTKP3BJWKQ,3,1129,3,0.9182958340544896,-0.3410711965272165,0.8988178801137832,106.33333333333331,0.3488290259123592,0.0,2
AFM6RTI7O3HNJME57GMWCTPQQNUQ,3,17,3,0.9182958340544896,0.5577466835865666,0.0,52.333333333333336,0.4032234977324263,0.0,1
AFM7HUKTSQAG4AW3WX7WVVHACQSQ,3,209,3,-0.0,0.5577466835865666,0.0,2.3333333333333335,0.6666666666666666,0.3333333333333333,1
AFMHO73ZLBHUMB36EHB4GUFLM3SA,4,1215,4,-0.0,0.5577466835865666,0.0,22.5,0.5725595238095238,0.25,1
AFMM5RQLG7N45RORJJF3TBJL3QKA,3,1543,3,0.9182958340544896,0.5577466835865666,0.0,4.0,0.5333333333333333,0.6666666666666666,3
AFMOHJOF54QARPV5DJNPJDN3F4AQ,13,1,13,0.7732283485249176,0.2120474989274192,0.7817185318350736,31.846153846153847,0.2975254375254375,0.2307692307692307,2
AFMOJCLGXTSSJ3HAFCQIDDMEG6VQ,2,71,2,-0.0,-0.7904801365841081,0.6355602180801735,34.0,0.0883333333333333,0.0,0
AFMON5DX7C33UTGOEIFTW4X2FM7A,1,3738,1,-0.0,0.5577466835865666,0.0,48.0,0.58,0.0,1
AFMPZQS3JTSLVLTHXH5Z6OOK7NNQ,1,805,1,-0.0,-1.2398890766409998,0.0,74.0,0.0583333333333333,0.0,0
AFMQX2KRQIMIDVPLR6GYVLONPXAQ,1,5963,1,-0.0,0.5577466835865666,0.0,55.0,0.1166666666666666,1.0,3
AFMSOGF4XRTZLM33IXTULXOUYXMQ,1,2292,1,-0.0,0.5577466835865666,0.0,6.0,0.5,0.0,1
AFMSUJKT5HL5L6EGU32OKXCMB5LQ,1,1124,1,-0.0,0.5577466835865666,0.0,6.0,0.75,0.0,1
AFMUAGW4SBJNFDO7BQPMGD2WMCPA,1,2595,1,-0.0,0.5577466835865666,0.0,8.0,0.0,1.0,3
AFMUIT2N2L4JX7DK3RJKEG6YWGMA,1,3473,1,-0.0,-3.0375248368685663,0.0,49.0,0.0892857142857142,0.0,0
AFMUZMDL3UITNNJIVD56OMZXWCMQ,1,813,1,-0.0,0.5577466835865666,0.0,33.0,0.5399999999999999,0.0,1
AFMVC4BYDFNQDNNGJJOIZQTEA3SA,1,1740,1,-0.0,0.5577466835865666,0.0,7.0,0.0,0.0,1
AFMVHT5HDBLRNEWMQXA4KUXODOVA,1,1664,1,-0.0,-0.3410711965272165,0.0,4.0,0.0,1.0,3
AFMWCGYATA6WOAIT6HHAQEHEWTTQ,2,6594,2,-0.0,0.108337743529675,0.6355602180801734,69.5,0.4137499999999999,0.0,1
AFMYNMB2GBYEFN6OAIHXF6AVYJFQ,4,218,4,-0.0,-2.138706956754783,1.7976357602275663,18.0,0.0374999999999999,0.5,2
AFN2SSNCKX5ESXL7CGMKZCTJTGRQ,1,691,1,-0.0,0.5577466835865666,0.0,1.0,0.8,1.0,3
AFN4CBF7K45NM7AC4OKGZ2Z2E56Q,1,953,1,-0.0,0.5577466835865666,0.0,26.0,0.2375,0.0,1
AFN4JFDMHCUG5CIT5S7O3IN5L6TQ,1,2063,1,-0.0,-0.3410711965272165,0.0,19.0,0.0,1.0,3
AFN4NDDAQTXAQDUUV4KWMQR5QMVQ,1,1641,1,-0.0,0.5577466835865666,0.0,22.0,0.2441666666666667,0.0,1
AFN5NVRERAXUCPMBW7BO4RRQZLQA,1,3660,1,-0.0,0.5577466835865666,0.0,33.0,0.7083333333333334,1.0,3
AFN5RPNT5Y6CSKFQGEU6IN56C7DA,1,2843,1,-0.0,0.5577466835865666,0.0,5.0,0.5,0.0,1
AFN66VCFBCTISJBEJ4IKYQEKXVVA,1,450,1,-0.0,0.5577466835865666,0.0,7.0,0.0,0.0,1
AFN6MLEDRC3QNPCFCPSCCQGQNO7A,4,2254,4,-0.0,0.5577466835865666,0.0,50.5,0.019742815055315,0.0,1
AFNBVEQTD74ZIAWOM6LH7TSTN2VA,2,337,2,-0.0,0.108337743529675,0.6355602180801734,59.5,0.4508333333333333,0.0,1
AFND6LRTPYBYHVIQOLD6TI7B4K5A,1,2945,1,-0.0,0.5577466835865666,0.0,4.0,0.75,1.0,3
AFNEQKDVYISDAX242ZJZU5LFSRYQ,2,453,2,-0.0,-2.588115896811675,0.6355602180801737,118.0,0.0694444444444444,0.5,0
AFNEVDXPMUUXW3EIGVGCZKQRNBEQ,1,1859,1,-0.0,0.5577466835865666,0.0,3.0,0.4549999999999999,0.0,1
AFNF2WEK5GCRYDRTOWBYTXTXBQPQ,1,4181,1,-0.0,0.5577466835865666,0.0,114.0,0.3788888888888888,0.0,1
AFNFYPHHOYYU357WZSSJDY4SXOSA,1,2863,1,-0.0,0.5577466835865666,0.0,62.0,0.65,0.0,1
AFNH7W5ENRFRZX3Z2KP6OI67YEPQ,1,1,1,-0.0,0.5577466835865666,0.0,10.0,0.2,0.0,1
AFNITO7E5IXQO6HPU7CF3TDBGAQA,1,2518,1,-0.0,0.5577466835865666,0.0,8.0,0.7083333333333334,1.0,3
AFNMEWWTIZR25B3MIGSPBONLACRA,5,171,5,1.3709505944546687,0.5577466835865666,0.0,27.2,0.2607919164169164,0.6,2
AFNNIR2WSMXQ4F5CZCT4YM34OVEA,2,2265,2,-0.0,0.5577466835865666,0.0,47.5,0.4746590909090909,0.0,1
AFNNJUFE43JIO2PZ3M3W67BFWJDA,1,1196,1,-0.0,0.5577466835865666,0.0,2.0,0.8,1.0,3
AFNOE72IGHPY5XTBEHKOIL4E6XVA,5,2971,5,0.9709505944546686,0.1982195315410533,0.8039271517306703,21.8,0.2968333333333333,0.0,2
AFNQQL6PA67ODXLQTKF4L3YM2TAA,7,631,7,0.9852281360342516,-0.2126686422252475,0.9608767315692092,56.714285714285715,0.3074179141353511,0.2857142857142857,2
AFNR3D5OZTV3AKQYJQRTKFVEEKZA,8,288,8,1.4056390622295665,0.2206899785438979,0.95334032712026,19.375,0.4274045138888889,0.125,2
AFNT6ZJCYQN3WDIKUSWHJDXNND2Q,19,17,19,1.058277043226334,-0.9087456471253954,0.6838978608617621,23.157894736842103,0.1748879300524037,0.1578947368421052,2
AFNUVPE7WLZAAGM534ZKYBAAUCZA,1,2261,1,-0.0,0.5577466835865666,0.0,2.0,0.5,0.0,1
AFNVVQHL2GOXIHE6NWWC3ZI3SUZA,1,1002,1,-0.0,0.5577466835865666,0.0,6.0,0.5,0.0,1
AFNXF4NDLCMPMAM57VBU3AMD7PHQ,1,2598,1,-0.0,-2.138706956754783,0.0,10.0,-0.5791666666666667,0.0,0
AFNYBJ7EWEBYOTQ5DAZIX3SPVJ7A,4,4494,4,-0.0,0.5577466835865666,0.0,198.75,0.2791887922332997,0.0,1
AFNYI3KPK32K54NCBH5MMPQT2QHQ,1,2451,1,-0.0,0.5577466835865666,0.0,12.0,0.6,0.0,1
AFNYRQUQ6O4DJKKWM4YT2OKRFNYQ,2,3112,2,-0.0,0.5577466835865666,0.0,5.0,0.0,0.0,1
AFNZ22ECUMV7ANKZHFAIGVFGDI3Q,1,2500,1,-0.0,-0.3410711965272165,0.0,2.0,0.8,0.0,1
AFNZ2BKU73XESGZ62ZQ6NIPPAJDQ,1,1058,1,-0.0,0.5577466835865666,0.0,44.0,-0.0388888888888888,0.0,1
AFNZHLVWANRWLF3N24KCMPOTYG2A,11,142,11,0.94566030460064,0.5577466835865666,0.0,27.454545454545453,0.4400227272727272,0.1818181818181818,1
AFO2VP5GWU5PF44UFVG5HTOHYLHA,1,2937,1,-0.0,-2.138706956754783,0.0,4.0,-0.1,0.0,0
AFO3G62P2JXCNMWZTAIB56KPG56A,24,540,24,1.4505820084462415,-0.0789159814940298,0.9363011904174025,107.91666666666669,0.2365631805250238,0.375,2
AFO4Y3O3ONZKMT3LNYW7RKFRL6KQ,1,952,1,-0.0,-3.0375248368685663,0.0,26.0,0.0,0.0,0
AFO5YJW3MGIYDHA3HHHAUS5ZAHPQ,3,434,3,-0.0,0.5577466835865666,0.0,95.66666666666669,0.2279282407407407,0.0,1
AFO6QN6ICKWUFQV3UEWK5EECIQTQ,10,861,10,1.4854752972273344,-0.6107165605613515,1.202163081188654,20.5,0.4390833333333333,0.3,2
AFO7RWACXRPNINN7C7HG5CCGVMCQ,1,780,1,-0.0,0.5577466835865666,0.0,49.0,0.2666666666666666,0.0,1
AFO7TPKQ2N45X75UKWC5RV7TKAUA,2,347,2,-0.0,0.5577466835865666,0.0,2.0,0.2,0.0,1
AFOASAW4HQGTIGDN6LSM4EDEN3XQ,3,119,3,0.9182958340544896,-0.0414652364892888,1.037865490072283,71.0,0.1736237373737373,0.6666666666666666,2
AFOAVWO4MITHAYNENA6SLWOJZ55Q,1,1333,1,-0.0,0.5577466835865666,0.0,87.0,0.1194940476190476,0.0,1
AFOBMEIH5TBHE2TTBKXW63B7QNUQ,1,4164,1,-0.0,0.5577466835865666,0.0,57.0,0.378125,1.0,3
AFODRXNLEQI45IJTZOSHP2H2AMMQ,1,5383,1,-0.0,-2.138706956754783,0.0,75.0,0.0566666666666666,0.0,0
AFOELOYLQUGV6UDAZU2YLAOVZ4JA,2,3002,2,-0.0,0.5577466835865666,0.0,77.0,0.3533120265151515,1.0,3
AFOEUN2ZGL4ZAY43DYHRF6SENVWA,1,142,1,-0.0,-1.2398890766409998,0.0,42.0,0.1347222222222222,0.0,0
AFOG3AZFQLN7UKMC62P6TDAJ3VNQ,5,551,5,0.7219280948873623,0.5577466835865666,0.0,42.6,0.2904814814814814,0.2,1
AFOGL6WXVDZBOLCJYF4AGP46543A,1,1847,1,-0.0,-0.3410711965272165,0.0,8.0,0.3,1.0,3
AFOGWJCZMC626A5IBK32HEHZB4VA,3,23,3,1.584962500721156,0.5577466835865666,0.0,67.66666666666667,0.1921186353329211,0.0,2
AFOI4UM6OQFR5NC2PCKAIMSLTIBQ,1,2198,1,-0.0,0.5577466835865666,0.0,15.0,0.4166666666666667,0.0,1
AFOIFH6R3T5HN3NIXH7YGUDJ2DFA,2,2937,2,-0.0,0.5577466835865666,0.0,32.0,0.4875,0.0,1
AFOLQMVXM7ZRYERQ3JAD7JYNKKIA,1,61,1,-0.0,0.5577466835865666,0.0,16.0,0.29375,1.0,3
AFOMMZPFMNVCAC6VYYGQPJSRZFTQ,8,78,8,-0.0,0.5577466835865666,0.0,8.625,0.6739583333333333,0.0,1
AFOMPD3GFTVVGBHFI6ZWRYB3OSFQ,1,5867,1,-0.0,-1.2398890766409998,0.0,419.0,0.2537005928853755,0.0,0
AFONEWN6ZE6PEAO6W45A3A2KK5TQ,10,995,10,1.895461844238322,-0.1613076205044599,1.1833487263388909,2.6,0.475,0.4,2
AFOOKIA3GO6ZQJDEVZMUZT2BYMNQ,1,1360,1,-0.0,-2.138706956754783,0.0,24.0,0.25,0.0,0
AFOROICAXE6G6N4NU4Y3G2XOXWEQ,2,571,2,-0.0,0.5577466835865666,0.0,4.0,0.6,0.0,1
AFOU3KAJIZ7YQCXJ3CJOYJ3J7GSQ,56,30,56,1.0463496141267905,-0.5336750279801701,1.29077810400027,80.96428571428571,0.2427093034159108,0.2321428571428571,2
AFOUV6VK5HAJYBOOU6HLGZQ2JDJA,1,1103,1,-0.0,0.5577466835865666,0.0,14.0,0.7125,0.0,1
AFOVZVBWKGGOGIABXBSIWGOO5IGA,1,3905,1,-0.0,-0.3410711965272165,0.0,280.0,0.2362938596491228,1.0,3
AFOXGPLG5WFK3D3ALTCXFQNPWZPQ,3,676,3,0.9182958340544896,-0.0414652364892888,1.037865490072283,10.333333333333334,0.172037037037037,0.0,2
AFOZZCGRU6QG4XA2LY2ZCPKYVOGQ,2,549,2,-0.0,0.5577466835865666,0.0,11.0,0.6583333333333334,0.0,1
AFP2WI7HGB6WFZTRRJ3G4YU4YKCA,1,3379,1,-0.0,0.5577466835865666,0.0,93.0,0.2175,1.0,3
AFP3TEDZF7GCO5BPPZSI7YDPVIVQ,1,3401,1,-0.0,0.5577466835865666,0.0,21.0,0.6166666666666666,1.0,3
AFP4PCVJ723ZNLOS4IPWVLLC3T2Q,2,1266,2,-0.0,0.5577466835865666,0.0,6.5,0.7,0.5,1
AFP4QIHNSLCZRQOJBVHI26MTIK2Q,1,1164,1,-0.0,0.5577466835865666,0.0,9.0,0.3,0.0,1
AFP4XVTNWUOJYDJBW3SVFDH6ZMWA,2,3483,2,-0.0,0.5577466835865666,0.0,562.0,0.2217180367818123,0.0,0
AFP5QZ4TOGDGN7IAWCGYEKCNH2RQ,1,329,1,-0.0,0.5577466835865666,0.0,7.0,1.0,0.0,1
AFP635WXWWJDGQW4KCPOSJBN64OQ,1,1916,1,-0.0,0.5577466835865666,0.0,18.0,0.0,1.0,3
AFP6NQEUPGXF7UEQUXIFNMI23QPA,1,1661,1,-0.0,0.5577466835865666,0.0,2.0,1.0,0.0,1
AFP746DEQQ5CXUJJHCI2GUSX4VCA,1,3681,1,-0.0,0.5577466835865666,0.0,25.0,0.6,1.0,3
AFPBTK4XMHY7YEPVLM7LWU4WL4WQ,4,103,4,-0.0,-2.363411426783229,0.4494089400568918,52.0,-0.1228124999999999,0.5,0
AFPBVAEV3FCQOHKJJGAKQLZLTCZQ,15,732,15,2.1055872616982603,0.3180619155562245,0.6325265004336349,5.666666666666667,0.4109206349206349,0.1333333333333333,2
AFPCVPIO7CQ4O4L3MOB45MOTUBQA,5,2468,5,-0.0,0.5577466835865666,0.0,15.2,0.5555378787878787,0.0,1
AFPCYJ6AE7PEMBUKRSVQ2E6RLAAQ,1,6192,1,-0.0,0.5577466835865666,0.0,59.0,0.125,0.0,1
AFPE4CB5IUL3KSG6V7457Z4MXVNQ,1,1913,1,-0.0,-2.138706956754783,0.0,6.0,0.025,0.0,0
AFPEDLJK47FSAQF5BN5XFHGL3JSA,1,1738,1,-0.0,0.5577466835865666,0.0,2.0,0.78125,0.0,1
AFPFKTPZFYVN2F73WQELAIM43FIQ,6,753,6,0.6500224216483541,0.5577466835865666,0.0,6.5,0.1277777777777777,0.5,1
AFPHB3EWV5G6DRPMZGJAHWOJSSTQ,3,267,3,0.9182958340544896,-0.3410711965272165,1.5567982351084244,28.666666666666668,0.1281481481481481,0.0,2
AFPHKIJFGIU4G4POXRFCEF5RJJHA,36,49,36,1.998828775307744,-0.1163667264987707,1.0607791894047436,35.44444444444444,0.3077995901338253,0.3888888888888889,2
AFPIRNSJ6DI4QWTFO4SCB3RRPCLA,4,2229,4,-0.0,0.108337743529675,0.5189327450361415,17.0,0.5416666666666667,0.0,1
AFPIWRC7U5TIT7ZTT67WUPX37HTQ,2,856,2,1.0,-1.2398890766409998,2.5422408723206935,25.0,0.1238095238095238,0.5,2
AFPJ6ESAD7JHEKX2UAR2ZGFAAK3A,1,2873,1,-0.0,0.5577466835865666,0.0,6.0,1.0,0.0,1
AFPJCGADRTQ4QFU26KTSIKDAXPSA,1,811,1,-0.0,-3.0375248368685663,0.0,61.0,-0.5,1.0,0
AFPL5NUU3K3YPT2QXAL2MDDQCL5Q,1,3037,1,-0.0,0.5577466835865666,0.0,12.0,0.1666666666666666,1.0,3
AFPMM6GCKHSMTND4AUHR7D6WZBJQ,1,2041,1,-0.0,-0.3410711965272165,0.0,14.0,0.33,1.0,3
AFPN22U3CZFXYZXJ6JQJ5MWB3KKQ,1,3783,1,-0.0,0.5577466835865666,0.0,92.0,0.1751851851851851,0.0,1
AFPNB5ZH3BCJBHGUZOOEAJLY44YQ,1,615,1,-0.0,0.5577466835865666,0.0,22.0,0.4222222222222222,1.0,3
AFPNFXLGPX26UPTSXTVANX2TOAYQ,1,1243,1,-0.0,0.5577466835865666,0.0,27.0,0.5,0.0,1
AFPOVAXL53UGE4KRXFP67W5OINBA,2,5667,2,-0.0,0.5577466835865666,0.0,54.5,0.25,0.0,1
AFPRITKDXFXEHWGCVZ76C7SOUTMQ,1,1544,1,-0.0,-0.3410711965272165,0.0,64.0,0.2653571428571428,0.0,1
AFPRXPADBCX62WKODFJFJ2A5RLKA,1,3492,1,-0.0,-0.3410711965272165,0.0,21.0,0.3125,1.0,3
AFPTBX44SVSUWJX6A72C32SJJKOQ,2,592,2,-0.0,-0.7904801365841081,1.9066806542405204,14.5,0.2816666666666666,0.0,2
AFPTM2BBYFZ6EYXS73Z32HWBZKDQ,8,702,8,1.2987949406953985,0.4453944485723438,0.3177801090400867,22.125,0.7417736114332096,0.0,2
AFPW6F37BEJYXBOK6JPXQNCTWAAA,1,5662,1,-0.0,0.5577466835865666,0.0,249.0,0.0465773809523809,1.0,3
AFPWBSOHU5ZRH5WZX5N63HBD3CVQ,8,173,8,1.5,-0.4534234315414395,1.4759313695296143,24.125,0.3087499999999999,0.875,2
AFPXW4XSAWC6PJLRPU6TS5L56SWQ,1,1330,1,-0.0,-1.2398890766409998,0.0,2.0,0.8,0.0,1
AFQ45AI7SSTOBIIJV5HWIH4QJLXA,5,1969,5,0.9709505944546686,-1.4196526526637565,1.333162360534874,58.4,0.1928611111111111,0.0,2
AFQ6XXFJ5SLTOCP763DJ3YDPATAQ,1,3027,1,-0.0,-2.138706956754783,0.0,21.0,0.1,0.0,0
AFQ7WYW4KSH4VI5OVXCP2GV6PBRA,6,239,6,0.6500224216483541,0.5577466835865666,0.0,64.5,0.3841518829754124,0.3333333333333333,1
AFQB56FVNI4K6LGR56BUONFAMEAA,1,1450,1,-0.0,0.5577466835865666,0.0,43.0,0.43125,0.0,1
AFQBAAAFLJAE4BLS7RBOBGKLYI5A,2,1609,2,-0.0,0.5577466835865666,0.0,3.5,0.8,0.5,1
AFQBJ2RR4STUWJ5WKVC2XJGER2AA,1,3124,1,-0.0,-1.2398890766409998,0.0,1.0,0.5,0.0,1
AFQD2HCDJQN7WFG22WDNVUE5THRQ,1,550,1,-0.0,0.5577466835865666,0.0,24.0,0.4083333333333333,0.0,1
AFQDMJM34DLIV4SD2SKVOOI2O2XQ,2,867,2,-0.0,0.5577466835865666,0.0,37.0,0.5116071428571429,1.0,3
AFQDX4KZ5DHWGB2US6IBC7VMBK3Q,4,1509,4,-0.0,-0.1163667264987707,0.4494089400568916,20.75,0.3863636363636363,0.0,1
AFQEEB5BLBR2F27EZVGKBIKYTI5A,1,2233,1,-0.0,0.5577466835865666,0.0,1.0,0.4166666666666667,0.0,1
AFQFQ5HIJW7UOFDBJG7FKL2QJDYQ,5,648,5,0.7219280948873623,-1.060125500618243,1.8420285130180227,68.0,0.1999719188959911,0.2,2
AFQGQHFY3WYNV56UTODSIGFPKFLA,1,1420,1,-0.0,0.5577466835865666,0.0,3.0,0.25,1.0,3
AFQGVYRETSWAXYNUD3VZX3BOKTPQ,4,2321,4,-0.0,0.5577466835865666,0.0,2.5,0.5750000000000001,0.0,1
AFQIVYHWA34H6K3JDVAOYOXH534Q,1,1563,1,-0.0,0.5577466835865666,0.0,5.0,0.6166666666666667,0.0,1
AFQLNQNQYFWQZPJQZS6V3NZU4QBQ,7,241,7,1.5566567074628228,-0.2126686422252475,1.414372252539658,3.0,0.3342857142857142,0.7142857142857143,2
AFQMLIX2OHJTWZTA57WTOSCP7QVQ,1,2157,1,-0.0,0.5577466835865666,0.0,6.0,0.5,0.0,1
AFQMW57GEUJGFS6RKLFFPDRNAQFA,1,694,1,-0.0,0.5577466835865666,0.0,2.0,0.8,0.0,1
AFQN4IUBJFROO45SVZPGMLP255OQ,1,2407,1,-0.0,0.5577466835865666,0.0,16.0,1.0,1.0,3
AFQOWS53WHEFRW2W6AWOQ2MOEMZQ,1,4380,1,-0.0,0.5577466835865666,0.0,443.0,0.2052459927459927,1.0,3
AFQPFVN3UYYBXWHZDX4QH3YPA6FA,1,1541,1,-0.0,-0.3410711965272165,0.0,7.0,0.5625,0.0,1
AFQQQ5LGNSQUEBGDCYBAZZE5T3DA,39,704,39,0.961236604722876,0.5577466835865666,0.0,101.92307692307692,0.2044928260353148,0.1538461538461538,2
AFQRHZWGBWP7YYJFRDBPAL7WA36A,1,1965,1,-0.0,-3.0375248368685663,0.0,13.0,0.0048255920410156,1.0,0
AFQRTCWQB3YBSWSLN6VK574R266Q,3,373,3,0.9182958340544896,0.2581407235486389,0.5189327450361415,43.666666666666664,0.2882175146901709,0.0,2
AFQTFQ47OA2VE7DO3DKZQR4EK57Q,1,2249,1,-0.0,-0.3410711965272165,0.0,15.0,0.1687499999999999,0.0,1
AFQTGNTKIKCYSDA4VJQM5ULT7DDA,1,699,1,-0.0,0.5577466835865666,0.0,1.0,0.7,1.0,3
AFQUQBVD32BYOVYEOTGE4XEVGAHQ,1,7,1,-0.0,0.5577466835865666,0.0,12.0,1.0,0.0,1
AFQV3KHSFDO375DPX5RGOLY2L4CQ,1,982,1,-0.0,0.5577466835865666,0.0,11.0,-0.625,0.0,1
AFQVUPQAGOUMZUDTTHVQRVGFEZFQ,1,1352,1,-0.0,0.5577466835865666,0.0,29.0,0.5625,0.0,1
AFQVVOJUM3PRG4UD2WU5MJ3JAMHQ,1,3048,1,-0.0,0.5577466835865666,0.0,32.0,0.2475,0.0,1
AFQW7QX2DREMFPK5WSMQKG27UOQA,3,1004,3,-0.0,0.5577466835865666,0.0,89.33333333333333,0.3115635951350237,0.3333333333333333,1
AFQWP6G73QDAZJDGYQZGSMRWJU4Q,1,232,1,-0.0,-1.2398890766409998,0.0,51.0,0.0958333333333333,0.0,0
AFQYALWXI54HIEQF3R774L7F4V2A,1,973,1,-0.0,0.5577466835865666,0.0,83.0,0.2132485569985569,0.0,1
AFQYT7EAPIHCFFCHKNSOSFJH76KQ,86,18,86,1.2504036094469906,-0.0066273341592972,0.9850545303227436,28.0,0.383030767345811,0.2093023255813953,2
AFQYXWEOPSBCMIPRFS6UZCWLJ3CQ,4,685,4,0.8112781244591328,0.5577466835865666,0.0,11.75,0.3536458333333333,0.25,1
AFQZDTGOFXWVYVK3GKDWUKGDMBLQ,1,717,1,-0.0,0.5577466835865666,0.0,4.0,0.7,0.0,1
AFR2UI2WWR6J2JZM24FBR336Z4MQ,3,309,3,-0.0,-0.3410711965272165,1.5567982351084244,9.333333333333334,0.0,0.0,2
AFR3UUB6F6CZEGL6TEFMWO6DO42A,1,3447,1,-0.0,0.5577466835865666,0.0,20.0,0.7,0.0,1
AFR3UV6CBLKVE2PDOUXTAKRFD5UQ,1,2989,1,-0.0,0.5577466835865666,0.0,10.0,0.4666666666666666,0.0,1
AFR45QOWJ6GIBYF3MP6W72RZNJPQ,1,2901,1,-0.0,-0.3410711965272165,0.0,7.0,0.5,0.0,1
AFR4MDCNV267F7DBBR22SJG5FZYA,1,4828,1,-0.0,-2.138706956754783,0.0,134.0,0.0639705882352941,1.0,0
AFR4OP5K2FXY2NNCIORWKVQZCDLQ,1,1510,1,-0.0,-0.3410711965272165,0.0,38.0,0.25,1.0,3
AFR6Z7GDY2L4NCKQNCLJNQNUKIYQ,1,364,1,-0.0,-3.0375248368685663,0.0,20.0,-0.1878787878787878,0.0,0
AFRBUI2CROLJWEWOR3F7F6ZYEAPA,1,2018,1,-0.0,0.5577466835865666,0.0,19.0,0.4,0.0,1
AFREIHMGTS5WYJ7Y4LMNJNVVRUIQ,2,691,2,1.0,0.5577466835865666,0.0,38.5,-0.1458333333333333,0.5,2
AFRFE674WE2SM55QEESOCAWZDGFA,1,4116,1,-0.0,0.5577466835865666,0.0,23.0,0.375,0.0,1
AFRFJRLOBITTFGMAM6ODSGLIJJEA,1,3211,1,-0.0,-0.3410711965272165,0.0,45.0,0.0111111111111111,1.0,3
AFRITMS76CZAZJKIRDQ7FC5MMXZA,1,1635,1,-0.0,-0.3410711965272165,0.0,20.0,0.25,0.0,1
AFRIUHBUT3I62AG63WOJ6GO7MK7Q,1,2289,1,-0.0,0.5577466835865666,0.0,61.0,0.1185185185185185,0.0,1
AFRMQTSZ4M7KOPCHGYXKLRPKFYIA,4,69,4,1.5,-0.7904801365841081,1.160368893651379,17.75,0.2418526785714285,0.5,2
AFRPH4LO4KG4ZSTH3Y6VPDFJYE7Q,1,5511,1,-0.0,0.5577466835865666,0.0,127.0,0.2435294117647058,0.0,1
AFRQODQXI2ELG5TWTT5SSFR4WBRQ,4,444,4,1.5,0.5577466835865666,0.0,13.75,0.6571969696969697,0.0,2
AFRRY33UKK3KLUJXWVA3OXLAJMEA,1,3754,1,-0.0,0.5577466835865666,0.0,79.0,-0.1621428571428571,0.0,1
AFRSJBVHF66WZ4L354MAELPAYKGQ,1,2919,1,-0.0,0.5577466835865666,0.0,1.0,0.8,0.0,1
AFRTHV24JEJE7DISYXI4BC5YB3MQ,2,1256,2,1.0,-0.3410711965272165,1.2711204361603468,9.0,0.6,0.0,2
AFRUKJALGRWHYX62JSXKKTGXE5JA,1,122,1,-0.0,0.5577466835865666,0.0,47.0,0.4420454545454545,0.0,1
AFRVV3L6CJUHLLKWA3PIG7JCYJQQ,6,1131,6,1.9182958340544891,-0.0414652364892888,0.7338817259896108,19.833333333333332,0.3388888888888888,0.1666666666666666,2
AFRWRFROLSWDUPFVWCWLMARPVGJA,1,753,1,-0.0,0.5577466835865666,0.0,43.0,0.5208333333333334,0.0,1
AFRYBB7TDBHOLAVGFZM6D7DDG46Q,2,610,2,-0.0,0.108337743529675,0.6355602180801734,4.0,0.79375,0.0,1
AFRZ3YEUSNVS6THSGMGSWWCMPJ5A,2,289,2,-0.0,-1.2398890766409998,2.5422408723206935,67.5,0.0708116883116883,0.0,2
AFRZ447WPUXE2XSWVHDJUD3ZWXIQ,1,2585,1,-0.0,-0.3410711965272165,0.0,21.0,0.1374999999999999,0.0,1
AFRZT4CA3LWX5ITFOWONN2KPKCFA,10,192,10,-0.0,0.5577466835865666,0.0,35.3,0.3113020833333333,0.1,1
AFS2U7T5GP5RNPREZ3WAC3RRWCTQ,2,692,2,-0.0,-0.3410711965272165,1.2711204361603468,57.5,0.5993055555555555,0.5,2
AFSATLEARRYBX5ZD2LLNU4TGY4EQ,4,541,4,1.0,-0.3410711965272166,1.7976357602275663,9.75,0.381547619047619,0.5,2
AFSCQMP2EPYLGJN7OBTMEXCBE2OQ,58,10,58,0.9835471936921896,-1.379360816658656,1.3553222051556646,23.03448275862069,0.1829315081470253,0.3793103448275862,2
AFSDTNTR5DVFLBWC4Q4Y5SNG4TFQ,14,15,14,0.74959525725948,0.0441364663786905,1.3055743869596843,10.857142857142858,0.4011309523809524,0.5714285714285714,2
AFSFAFYKIIDU2A7ZBNSXTKTVIJTA,1,2394,1,-0.0,0.5577466835865666,0.0,4.0,0.625,0.0,1
AFSFXIYYZ5MNFJHEX3QHKWPK264A,2,3363,2,-0.0,0.5577466835865666,0.0,43.5,0.2333333333333333,0.0,1
AFSG7TRHSOHNXHAWKTKGPTRPHKVA,1,708,1,-0.0,0.5577466835865666,0.0,21.0,0.5805555555555556,0.0,1
AFSGQCEINAGMWU3MAZZKWU2UGGKQ,1,139,1,-0.0,0.5577466835865666,0.0,8.0,0.35,1.0,3
AFSH2ADUKP7QBX2P6BCWUKZYE5NQ,2,2259,2,-0.0,0.108337743529675,0.6355602180801734,115.0,0.3192460317460317,1.0,3
AFSHBL3LUTLGO3UJONM6LVEJLEQQ,1,2294,1,-0.0,0.5577466835865666,0.0,57.0,0.25,1.0,3
AFSHD27Z7NWMCD4LUS4USMNFUHLA,1,105,1,-0.0,0.5577466835865666,0.0,15.0,0.7666666666666666,0.0,1
AFSIRXNII2NO5ADYAYU5VGJ4DVSA,4,410,4,1.0,-1.6892980166978917,1.5567982351084249,36.25,0.1786342592592592,0.5,2
AFSJGCYOYHJGG2VBYGB7WLKHQ37A,1,3595,1,-0.0,-2.138706956754783,0.0,52.0,0.1649999999999999,0.0,0
AFSJRGJT55NS24HBKME3IGNZ4PGA,11,38,11,0.6840384356390417,-0.5862033456491574,0.4198372623972471,24.0,0.1178794437885347,0.2727272727272727,2
AFSKPY37N3C43SOI5IEXEK5JSIYA,281,37,281,1.625767254349073,0.1963003474554011,0.6435873133629013,101.74377224199289,0.2818140806285168,0.2633451957295373,2
AFSLJXRMFXVP3IR4ZIXQERRZO3XA,2,5367,2,-0.0,0.5577466835865666,0.0,26.0,0.3427083333333333,0.5,3
AFSM7ESAI3BK56XMWJRVCZRYCS3Q,2,885,2,1.0,-2.138706956754783,1.2711204361603468,25.0,-0.155,0.0,2
AFSMHCVY3AM5OWPJTPEDBXIRTR4Q,1,3257,1,-0.0,0.5577466835865666,0.0,97.0,0.2675019425019425,0.0,1
AFSNGBROR4NUCU6UQCJBB4VEJOPA,33,14,33,1.2610216270393146,0.3126145344646258,0.8781526377431861,22.424242424242426,0.3889077898812747,0.3333333333333333,2
AFSQODWB3COZA3NW445UC3QG6KHQ,1,651,1,-0.0,-1.2398890766409998,0.0,9.0,0.1,0.0,0
AFSU2WP64PLAYHJKRHORUICXFFCA,13,839,13,-0.0,0.5577466835865666,0.0,21.23076923076923,0.4424725274725274,0.4615384615384615,1
AFSV637IF56HT53U2RJ4DV6RSVHA,3,528,3,0.9182958340544896,0.5577466835865666,0.0,17.333333333333332,0.1791666666666666,0.0,1
AFSWT22BABKEAANIPCAO2DUDVAUQ,1,2383,1,-0.0,-3.0375248368685663,0.0,37.0,0.5,0.0,0
AFSWWYWKSZBJVKWZNNWVAZOG7IJQ,2,243,2,-0.0,0.5577466835865666,0.0,31.0,0.4666666666666667,0.5,1
AFT33VUS3ZFGIAHGRXAZWBA7DD4A,9,2368,9,0.5032583347756457,0.5577466835865666,0.0,27.0,0.4613326719576719,0.5555555555555556,3
AFT55RTC3WI2OGPDK6ZZLQOVJFZA,1,1412,1,-0.0,0.5577466835865666,0.0,1.0,0.7,1.0,3
AFT55VEODOLZZ5KXVSUFZIWV6CBQ,1,1106,1,-0.0,0.5577466835865666,0.0,8.0,0.5666666666666668,0.0,1
AFTC6ZR5IKNRDG5JCPVNVMU3XV2Q,17,465,17,1.6589797521242051,0.3991317635664873,0.3531928444858515,46.11764705882353,0.2995191409897292,0.2941176470588235,2
AFTDSPCG32FV2VPWLEYPDQARTSQA,2,701,2,1.0,0.5577466835865666,0.0,1.0,0.6,0.0,1
AFTFDIQUEOTOEPOX7RDKIAWLC3RQ,1,1280,1,-0.0,0.5577466835865666,0.0,21.0,0.3208333333333333,1.0,3
AFTG36MRC5CXEBIRIRSMZNUKBJFQ,10,1464,10,-0.0,0.2881013195524317,0.4341702842313388,12.3,0.50465625,0.4,1
AFTG7W3AJ5DM2CCQWJLOJWL4ETKQ,1,179,1,-0.0,0.5577466835865666,0.0,2.0,0.5,0.0,1
AFTIM4OKTMFNKK4BRL4GNDHMPFSA,2,225,2,-0.0,0.5577466835865666,0.0,87.5,0.3379707792207792,0.0,1
AFTJJTMT7S2GWKVSRAKO3IY4TUUQ,1,6361,1,-0.0,-0.3410711965272165,0.0,24.0,0.2055555555555555,1.0,3
AFTLB43X76QKXWYYG4J6KKKGD7QQ,2,150,2,-0.0,-2.138706956754783,0.0,21.0,0.0,0.0,0
AFTLTH2ZDYNCDL2VPKZBTF75RKTA,1,2478,1,-0.0,0.5577466835865666,0.0,14.0,0.0,0.0,1
AFTLUVGQWKW6XSQ5TB6UER5Q263A,3,227,3,0.9182958340544896,0.5577466835865666,0.0,70.0,0.3237373737373737,0.0,1
AFTMEJZVNY32NOSXQU3LB6HZD7IQ,4,2242,4,-0.0,0.3330422135581208,0.4494089400568916,33.5,0.3168353174603174,0.0,1
AFTNPJYJYTKF27LQKDPVTBHENBKA,2,2416,2,-0.0,-1.2398890766409998,2.5422408723206935,49.0,0.2354545454545454,0.0,2
AFTO753L3RBCKK5O6VZTSAYOOYAA,1,7895,1,-0.0,0.5577466835865666,0.0,123.0,0.1426997245179063,1.0,3
AFTP6HWPRLWRFVVRP65WD7OPCHXQ,1,2663,1,-0.0,0.5577466835865666,0.0,28.0,0.4388888888888888,0.0,1
AFTPWW67O3POISX7RO75HMRHQL3Q,3,1578,3,0.9182958340544896,0.2581407235486389,0.5189327450361415,68.0,0.5135532407407407,0.3333333333333333,2
AFTQMFNQNWDTYDQDF3IC4W7TLVOQ,2,650,2,-0.0,0.108337743529675,0.6355602180801734,37.0,0.1447916666666666,1.0,3
AFTRZS3Z3OLZYHXBRQPLOKFV4RGQ,1,2380,1,-0.0,0.5577466835865666,0.0,9.0,0.0,0.0,1
AFTTX2A3ZJPLFLMBZL3IUBUGAI6A,1,3187,1,-0.0,0.5577466835865666,0.0,2.0,0.5,0.0,1
AFTUR267URQRM65ZFY322SGQ7KJA,2,1140,2,-0.0,-1.2398890766409998,2.5422408723206935,10.5,0.25625,1.0,2
AFTVZ4JFSEWQFGPJJ7VUG2LCSAHA,1,665,1,-0.0,0.5577466835865666,0.0,59.0,0.5041666666666667,0.0,1
AFTX5XGVRRUV7H7LJ6MP5LVDX5PQ,2,709,2,1.0,0.5577466835865666,0.0,9.5,0.7555555555555555,0.0,1
AFTXQF7EBQSGHI7URCWUHW5LEHTQ,1,1540,1,-0.0,0.5577466835865666,0.0,39.0,0.126031746031746,0.0,1
AFTZ4DDX3WPX4XQ4WUHU5RDEUFVA,1,539,1,-0.0,0.5577466835865666,0.0,24.0,0.1166666666666666,0.0,1
AFU5KXXFSVIZLVR4C2CYU3HMK2OQ,1,3114,1,-0.0,0.5577466835865666,0.0,2.0,0.8125,1.0,3
AFU77WPOVDJWJ5TT55AV7GUOQ2AQ,5,377,5,1.3709505944546687,0.5577466835865666,0.0,23.8,0.5363333333333333,0.4,2
AFU7EVDOO4TIPZUAKOHFPFTG7OFA,1,2417,1,-0.0,-3.0375248368685663,0.0,4.0,0.0,0.0,0
AFUB7CHTXRPD447QVQCHBZVN2IPQ,23,239,23,1.7518834359763853,0.04971918613095,1.078107666763301,26.869565217391305,0.5039279636426375,0.217391304347826,2
AFUBQWBW7BUAEFDDGBHFIUDGWK3Q,1,5795,1,-0.0,0.5577466835865666,0.0,158.0,0.2907070707070707,1.0,3
AFUCTUJ63B6QQMGFJLJARMIMGPIA,1,1221,1,-0.0,0.5577466835865666,0.0,7.0,0.25,0.0,1
AFUDWIMEA2LWNVEGMVVEOXFDBZTA,12,42,12,1.5545851693377997,0.5577466835865666,0.0,9.916666666666666,0.3335648148148148,0.1666666666666666,2
AFUEIH3ZQSMUFHD5QYA3FM7IWZEQ,1,3152,1,-0.0,0.5577466835865666,0.0,91.0,0.2286458333333333,0.0,1
AFUEQBZGK777OQIPKCIGQKK53MDA,1,2015,1,-0.0,-1.2398890766409998,0.0,17.0,0.4,0.0,1
AFUEY4VM2YWM3AL3ODNGIHEKD3UA,1,2620,1,-0.0,0.5577466835865666,0.0,9.0,1.0,0.0,1
AFUHTRC3ZAQDQCFTV6PS3NEGJHGA,1,1239,1,-0.0,-3.0375248368685663,0.0,57.0,-0.0285714285714285,0.0,0
AFUI76XKYNCVGJGRW36E7RJH5XYQ,4,2236,4,-0.0,0.5577466835865666,0.0,127.5,0.3480463469279258,0.0,1
AFUJKVQEP47ETYUNHAEFW6VJPTBA,1,2165,1,-0.0,0.5577466835865666,0.0,5.0,0.8375,0.0,1
AFUL3FLW6IDSNCAJQPCOPMBCIIPA,1,443,1,-0.0,0.5577466835865666,0.0,3.0,0.5,0.0,1
AFULFJKOH3O25XBT54XAP4WSGG3A,1,4142,1,-0.0,0.5577466835865666,0.0,62.0,0.4599999999999999,1.0,3
AFULICIEPKGIYC2SRV5YN7ZAORIQ,1,1602,1,-0.0,-0.3410711965272165,0.0,12.0,0.0,1.0,3
AFUMP7GO4PZ3S6DLUBFPX6OK544A,6,687,6,0.6500224216483541,-0.4908741765461804,1.6491940632001212,28.333333333333332,0.3742195767195768,0.5,2
AFUOEWBD5Q4WDQWKZ4I2PACGG7RQ,1,1633,1,-0.0,-3.0375248368685663,0.0,13.0,-0.4875,0.0,0
AFUOJVLKDMSETEHFWQV3Y5QKU64Q,2,196,2,-0.0,0.108337743529675,0.6355602180801734,19.5,0.3657142857142857,0.0,1
AFUOL3UH6FR22IH7VGEIWWKK7KVA,8,1733,8,-0.0,0.5577466835865666,0.0,2.125,0.525,0.0,1
AFUOYIZBU3MTBOLYKOJE5Z35MBDA,13,513,13,1.573402452417767,-1.3090289135728292,1.699912249883888,96.53846153846152,0.0893918620636433,0.4615384615384615,2
AFUSHNNLRNRO7Z45ICYGVQ5JU6EA,1,2857,1,-0.0,0.5577466835865666,0.0,26.0,0.2777777777777778,0.0,1
AFUSWNVA72MMWHGYWJ652SYX2JJQ,2,2492,2,-0.0,0.108337743529675,0.6355602180801734,228.0,0.3619362644930826,0.5,3
AFUU6XU234MPQHFZZQF2LSHWPZDQ,1,1305,1,-0.0,-2.138706956754783,0.0,55.0,0.1388888888888889,0.0,0
AFUVLAB3XMV7KOPMH52DWJNRRJBQ,1,2843,1,-0.0,0.5577466835865666,0.0,27.0,0.5,0.0,1
AFUY5OAE7UHKPSUAWSIV4Y5CDDBQ,1,2916,1,-0.0,0.5577466835865666,0.0,2.0,0.8,0.0,1
AFUYKPKI3DZ5FHBQRUWFDYKUOBOA,7,588,7,0.9852281360342516,0.5577466835865666,0.0,25.0,0.4246164021164021,0.5714285714285714,3
AFUZ3HSONK4B6QP62HWG3IQSA3IQ,4,2161,4,2.0,0.5577466835865666,0.0,15.25,0.8291666666666666,1.0,3
AFUZ5E7QAHSVTLIY253GFAYZPN2Q,4,577,4,1.5,0.108337743529675,0.5189327450361415,23.0,0.38015625,0.5,2
AFUZAL2CCOB7LVGRTZL3NMY2WDBA,1,2541,1,-0.0,0.5577466835865666,0.0,9.0,0.4125,0.0,1
AFUZG4S57VOZIENQ5LJHBPEO5T2Q,1,3638,1,-0.0,-3.0375248368685663,0.0,978.0,0.1892642857142856,1.0,0
AFV22L7AEKI2LW6HMLRLUKNYVBGQ,44,96,44,1.102652051070839,-0.0346560101247904,0.7979027445357988,42.40909090909091,0.2582563964865101,0.2727272727272727,2
AFV2BXTNV6XJ4BSUQ3SO7KU2DV3A,4,247,4,0.8112781244591328,0.5577466835865666,0.0,13.5,0.5449404761904761,0.75,3
AFV2WGGI3QDG4ATVHYAJ5AVWORXQ,2,662,2,-0.0,-0.7904801365841081,1.9066806542405204,33.5,0.2471428571428571,0.5,2
AFV34NH3TBU4SQPR7GTJEAFYGKJA,2,2449,2,-0.0,-0.7904801365841081,0.6355602180801735,3.5,0.6,1.0,3
AFV5F6WO2JX664SF6KC2YNW7S74A,1,1622,1,-0.0,0.5577466835865666,0.0,11.0,1.0,1.0,3
AFV6ITAVNGPWXSUOSQGHIAL6XRCA,1,2213,1,-0.0,0.5577466835865666,0.0,56.0,0.0416666666666666,0.0,1
AFVBLZOM7T7MR4IDBZSYYA3USZ6A,1,2831,1,-0.0,0.5577466835865666,0.0,3.0,0.5,0.0,1
AFVBRJC6HLAWP2YL25JO26PE6VWA,1,1232,1,-0.0,0.5577466835865666,0.0,32.0,0.425,0.0,1
AFVDCABSBLUD46YMYSHPXVHAGC3Q,1,4753,1,-0.0,0.5577466835865666,0.0,120.0,0.2073260073260073,0.0,1
AFVDINNYZ3KAC3SKCYYFAB6EI3RQ,3,1447,3,-0.0,-0.6406771565651443,2.075730980144566,5.0,0.4583333333333333,1.0,2
AFVFFSHYMKHMQKKYQIHE2IDLPA2A,1,2434,1,-0.0,0.5577466835865666,0.0,21.0,0.8,1.0,3
AFVFLOD4M7Y3LOVDOYOC4IL34XQQ,1,2357,1,-0.0,0.5577466835865666,0.0,2.0,0.7,1.0,3
AFVFZ7B6ZKQ5ZMGI3UTAXDW2NLRA,1,365,1,-0.0,0.5577466835865666,0.0,10.0,0.7,0.0,1
AFVGL7HOHKHSR5N3EUAVLYSBZCTQ,16,126,16,1.1994602933016414,0.0521616260225636,1.086975212738494,25.125,0.357014652014652,0.4375,2
AFVHGFX2RLJ66WW3BRY25OLNK2PQ,1,18,1,-0.0,0.5577466835865666,0.0,8.0,0.85,0.0,1
AFVHJ6WOYXAFXPKYKG3JBSX23D5A,4,68,4,-0.0,-1.6892980166978917,1.5567982351084249,24.5,-0.0128156565656565,0.5,2
AFVLDYB5UOMWSAAJ4TUTQAZN32XQ,2,82,2,-0.0,0.5577466835865666,0.0,62.0,0.0068005952380952,0.5,3
AFVLSLVYPFC5ZQT5KKSJRNFFKQYQ,1,1722,1,-0.0,-0.3410711965272165,0.0,491.0,0.1199196174196173,0.0,0
AFVLUOHDJL6SDQ725KU7LYBGK46Q,1,2261,1,-0.0,0.5577466835865666,0.0,10.0,0.0,0.0,1
AFVNEEPDEIH5SPUN5BWC6NKL3WNQ,14,75,14,0.946372935985442,-0.9830839680370618,1.846361004725325,24.714285714285715,0.2799117772108844,0.1428571428571428,2
AFVOEH5QKPSJEK4VMWS4GUWCZ6SQ,1,2535,1,-0.0,-1.2398890766409998,0.0,35.0,-0.1458333333333333,0.0,0
AFVOXZV56LIZ2XJG4L3XRF2ITYUA,3,1135,3,-0.0,0.5577466835865666,0.0,47.0,0.1933164983164983,0.0,1
AFVP66AZENGK2SKTLADNPJGIYPTQ,9,369,9,1.4355205042826666,0.3580093768946148,0.5992119200758554,12.11111111111111,0.1919753086419753,0.3333333333333333,2
AFVQTQM23HW36W655KNBHZKAUPLQ,2,3550,2,-0.0,-0.3410711965272165,0.0,21.0,0.5965277777777778,0.0,1
AFVRQVUCVADWFFB7U4J5ILVOEGOQ,1,1068,1,-0.0,0.5577466835865666,0.0,52.0,0.4416666666666666,0.0,1
AFVTVAR5V6XKWMVHARHZXRCOSHIQ,4,1189,4,1.5,-0.3410711965272165,1.2711204361603468,46.5,0.3082407407407407,1.0,2
AFVVAWYOXQK63S7ZDK5EZGNM4LSA,9,2069,9,-0.0,0.2581407235486389,0.6355602180801734,5.444444444444445,0.4972222222222222,0.0,1
AFVVXZ2UVRM2KT73SLGNVZYUM2PA,4,955,4,-0.0,-1.6892980166978917,1.721105206714045,37.25,0.1948333333333333,0.25,2
AFVWRJSFTXSLWZUPRKKTVPY5JQRA,2,1191,2,-0.0,0.108337743529675,0.6355602180801734,7.5,0.1,0.0,1
AFVX7R6QEFN757VJJAHIJIZAEIXQ,1,781,1,-0.0,0.5577466835865666,0.0,11.0,1.0,0.0,1
AFVYSMFSLQ72KM36STL6FXLDMQVA,1,2859,1,-0.0,-0.3410711965272165,0.0,126.0,0.1174533799533799,0.0,0
AFVYUP667HX5PIHBJW7WBVVFHZVQ,2,32,2,-0.0,-0.3410711965272165,1.2711204361603468,7.5,0.3,0.0,2
AFVZ732L42ANKKSNKE4UNPI2GTQQ,1,2506,1,-0.0,0.5577466835865666,0.0,70.0,0.2741071428571429,0.0,1
AFW2PDT3AMT4X3PYQG7FJZH5FXFA,623,61,623,1.0647715898545345,0.1624399433760103,0.5981796291784113,422.3258426966292,0.1722801855177761,0.333868378812199,4
AFW4FXFFDVKGQMSGIA74HUKKFNZQ,2,853,2,-0.0,-0.3410711965272165,0.0,29.0,0.0722222222222222,0.5,3
AFW4PPP2GYKKZW2JXAGWC4ZBOIGQ,1,3450,1,-0.0,0.5577466835865666,0.0,22.0,0.65,1.0,3
AFW4XOXE6A2J4FLDS7ONEJZEUAHA,1,2820,1,-0.0,-0.3410711965272165,0.0,280.0,0.3464803312629399,1.0,3
AFW55Y3JTHHHZXTKOFWINTSJIZIA,1,1658,1,-0.0,0.5577466835865666,0.0,27.0,0.1171875,1.0,3
AFW5WQNZAMTNKQITLSP2EBDVSKWQ,1,2629,1,-0.0,-3.0375248368685663,0.0,13.0,-0.5,0.0,0
AFW67E4KVDFRUYNPRI5ANTQWEQFA,1,3225,1,-0.0,0.5577466835865666,0.0,21.0,0.4933333333333333,1.0,3
AFWABVKN2DNOHA3H6DMIN3WJYXLA,1,1667,1,-0.0,0.5577466835865666,0.0,17.0,0.55,0.0,1
AFWAXSLBIVNLLSKAKEXZWH6ZRFIQ,2,3084,2,-0.0,0.5577466835865666,0.0,3.0,0.5,0.0,1
AFWB27GHB5LSZCAZEULWVTE2YO3A,1,1994,1,-0.0,-2.138706956754783,0.0,25.0,0.1333333333333333,1.0,0
AFWCNCO44IOXKK6HAXXPZWQQHAHQ,1,255,1,-0.0,0.5577466835865666,0.0,7.0,0.7000000000000001,0.0,1
AFWEEHWSXZG4LPIMBA3XYJE7R2VQ,1,2906,1,-0.0,0.5577466835865666,0.0,13.0,0.3,0.0,1
AFWFFYN33BTY6NWWDTPEWQQBYDUQ,4,486,4,0.8112781244591328,0.108337743529675,0.5189327450361415,11.75,0.50125,0.25,2
AFWHJ6O3PV4JC7PVOJH6CPULO2KQ,30,305,30,2.077865082165957,0.0783771475258822,1.1004007370474906,19.066666666666663,0.3762595000485625,0.1333333333333333,2
AFWK5HW3FB4HNVYJUHU5ZW7NPCYA,4,574,4,2.0,0.3330422135581208,0.4494089400568916,16.5,0.5371527777777778,0.25,2
AFWKMTS6HGPLGCF7XA7PCPM76ITQ,1,5797,1,-0.0,0.5577466835865666,0.0,18.0,0.2375,0.0,1
AFWRGOGF4AI2IHRX7KZ2IYL63RXA,12,241,12,-0.0,0.4079437035676028,0.3498643853310392,19.333333333333332,0.3653042328042328,0.3333333333333333,1
AFWRW32IAVMIN5I4GFUSDRLBZZGA,10,49,10,0.4689955935892812,0.1982195315410533,0.7579497874249913,21.5,0.3152916666666666,0.6,2
AFWSWV6JG6RC5V6XEL4EXW4KKQBQ,1,2305,1,-0.0,0.5577466835865666,0.0,1.0,0.8,0.0,1
AFWTME2ROGUQI5J5FB3DWCLKZNBA,14,242,14,1.2916919971380596,0.5577466835865666,0.0,16.785714285714285,0.3857246369701727,0.1428571428571428,2
AFWTT7HY7QEAGHNGQKUNPAKGKCQA,1,354,1,-0.0,0.5577466835865666,0.0,19.0,0.5,0.0,1
AFWVN52MRBWOTIK7UGXBWGOY4HBA,39,890,39,0.999525689293649,0.1659542743061996,0.7081765064542138,93.8974358974359,0.2008768146293945,0.1282051282051282,2
AFWXGZWG4TOCWAGDQSUUKONXVVCQ,1,2483,1,-0.0,-3.0375248368685663,0.0,14.0,0.5,1.0,0
AFX2DJTS22HUXFZCOAK6OTHEDTYQ,1,1787,1,-0.0,0.5577466835865666,0.0,34.0,0.2208333333333333,0.0,1
AFX4ROM4BGEA6KAV6JKX2CDVPP3A,2,4251,2,-0.0,-1.2398890766409998,2.5422408723206935,77.5,0.2742559523809524,0.0,2
AFX54TU2SL5JJ53SZ72G6PEMSOOA,1,1579,1,-0.0,-3.0375248368685663,0.0,15.0,0.0083333333333333,1.0,0
AFX5CAKRRP3RSR27ON65ZRI4SXMQ,1,2594,1,-0.0,0.5577466835865666,0.0,2.0,0.7,0.0,1
AFX5GCBHJZRWAIDMOJQPLQYQIT4A,3,51,3,0.9182958340544896,-0.6406771565651443,2.075730980144566,52.333333333333336,0.3488095238095238,0.0,2
AFX7DU23Z43UGPBH2TCSCQFU2SZQ,1,1129,1,-0.0,0.5577466835865666,0.0,12.0,0.71875,0.0,1
AFXALFIRQPYVRT5RP3WTD2Q4WW6A,4,1039,4,-0.0,-1.2398890766409998,0.7338817259896108,267.5,0.1425564413799707,0.25,0
AFXAX77UJGWZG2JU2Z52CQQH7YAA,1,1251,1,-0.0,-3.0375248368685663,0.0,17.0,0.5031249999999999,1.0,0
AFXDYTFXJLX4YG3UD7W23W7Z5Y4A,19,91,19,1.784315128855494,-1.287195280857515,1.653914024638998,35.73684210526316,0.0344206928143331,0.3157894736842105,2
AFXDZW5H5LXQAZU7TM57Q25V5LQA,1,3361,1,-0.0,0.5577466835865666,0.0,21.0,0.25,0.0,1
AFXF2A2PAFC2ZP6NG6VQOELRHHAQ,3,933,3,0.9182958340544896,0.5577466835865666,0.0,12.666666666666666,0.613136574074074,0.6666666666666666,3
AFXF3EGQTQDXMRLDWFU7UBFQZB7Q,19,204,19,0.6292492238560345,-0.4829898091767612,0.6873432119409539,335.05263157894734,0.1298552686872774,0.2105263157894736,0
AFXFEXKD2XNGFLVJ2MMAXNYJSDAQ,2,1541,2,1.0,0.5577466835865666,0.0,8.0,0.2625,0.0,1
AFXHSWTPVNVZMQE7BZUEZF4OZHMA,1,3447,1,-0.0,-1.2398890766409998,0.0,21.0,-0.0249999999999999,0.0,0
AFXIUBD7MXOW6DBKXW7L5UKBM4IQ,3,175,3,-0.0,-1.8391009967168552,2.075730980144566,19.333333333333332,-0.1717592592592592,0.3333333333333333,2
AFXKMVUEARVTNAAHYLF4ABKOILFA,1,920,1,-0.0,0.5577466835865666,0.0,27.0,0.28125,0.0,1
AFXMK2IQCHI3APYUVZ4HRDXIJJJA,1,4245,1,-0.0,0.5577466835865666,0.0,21.0,0.2762247721354167,0.0,1
AFXNV267KBJBGT2MFSCHYAFQ374A,1,1493,1,-0.0,0.5577466835865666,0.0,7.0,0.6533333333333333,0.0,1
AFXOCOWM2PQ754R7QUC3EMGIOADQ,9,106,9,0.9182958340544896,0.3580093768946149,0.3963414307865562,48.77777777777778,0.3718807118807118,0.2222222222222222,2
AFXOUPWEYPJDJRWMANPPBIVECPLA,1,3602,1,-0.0,0.5577466835865666,0.0,46.0,0.2207070707070707,0.0,1
AFXQDJLOL5GVFJRHGTU2LNMZHEMA,3,911,3,0.9182958340544896,-0.6406771565651443,2.075730980144566,10.0,-0.0416666666666666,0.0,2
AFXR7W6KTYBKQO4KH2NYV3UOEH5A,1,599,1,-0.0,0.5577466835865666,0.0,116.0,0.3386666666666666,0.0,1
AFXRCMU3XL62EBWBP7X52ZO5E2KA,6,861,6,0.6500224216483541,-0.0414652364892888,0.9282951149211032,13.0,0.2554166666666667,0.0,2
AFXSSG44WLADRXCGOAQPBIW6L4QQ,1,2450,1,-0.0,0.5577466835865666,0.0,4.0,0.0,0.0,1
AFXSTX2BS3VYZDUVT7XMYDOARDXA,4,143,4,1.5,0.5577466835865666,0.0,48.75,0.3468723695286195,0.0,2
AFXT6QE65FLBETAO3VNEDARUI2DA,5,187,5,-0.0,-0.1613076205044599,0.9846056560545862,38.6,0.4766736111111111,1.0,3
AFXUNKJFY5ERNDCRPH5J22372ZMA,11,323,11,1.4949188482339508,-0.4227819129011969,1.679349049588989,13.454545454545457,0.2068181818181818,0.0,2
AFXUP4WWKENB7LAW7SXIWSEYMH2A,13,139,13,0.3912435636292556,0.2120474989274192,0.5846303696727001,38.15384615384615,0.474582998020498,0.1538461538461538,2
AFXVYJDUZ3HLSA5C3EDTJCWDNSIA,2,3045,2,-0.0,0.5577466835865666,0.0,71.5,0.3299999999999999,0.5,3
AFXXUSAEIK5VJPDSPSE3W6CMQHZQ,1,2678,1,-0.0,-0.3410711965272165,0.0,16.0,0.2541666666666666,0.0,1
AFY3BPXSRDQ2R32A42JJY7HZMJGQ,1,2575,1,-0.0,0.5577466835865666,0.0,2.0,1.0,1.0,3
AFY3UMP3NES7ZTYNG55CSYFKE4IA,2,2663,2,-0.0,0.5577466835865666,0.0,13.0,0.4902083333333333,0.0,1
AFY4R7XMEMOPPE4XIOJ7AGRQTVSA,1,389,1,-0.0,0.5577466835865666,0.0,74.0,0.4261428571428571,0.0,1
AFY6NMFTXXN7AL3NSMJ3GM42Y4CQ,1,2050,1,-0.0,0.5577466835865666,0.0,3.0,0.0,1.0,3
AFYCVOWPEIUNDIODFVICC7ITNASQ,2,792,2,-0.0,0.5577466835865666,0.0,6.0,0.075,0.0,1
AFYE7WI2MA22IZZO6SXNM3AQRAGQ,1,1201,1,-0.0,-3.0375248368685663,0.0,5.0,-0.2,0.0,0
AFYEGLQ6U4TTCG36W443KAWFNBJA,3,1272,3,-0.0,0.5577466835865666,0.0,30.333333333333332,0.3411111111111111,1.0,3
AFYEQGWZLEEM3VICX4K7GEITCNDQ,1,613,1,-0.0,-0.3410711965272165,0.0,2.0,1.0,0.0,1
AFYI3QUQRIF2V6K5SQ5TFEWI7EGA,1,2514,1,-0.0,-2.138706956754783,0.0,17.0,0.25,0.0,0
AFYKPHVGG43S3P4YMVSICBMSA5QA,1,199,1,-0.0,0.5577466835865666,0.0,2.0,0.0,0.0,1
AFYMNMPJ7TCETT3PK55JBS57I6DQ,2,971,2,-0.0,-0.3410711965272165,1.2711204361603468,11.5,0.6166666666666667,1.0,3
AFYNCUNHKHRPPUOQSQEDJLSIL74Q,1,3846,1,-0.0,0.5577466835865666,0.0,69.0,0.5285714285714286,0.0,1
AFYOZ6GIVSYHLH4OCRCFDESNIATQ,2,2194,2,-0.0,-0.7904801365841081,0.6355602180801734,17.5,0.55,0.0,1
AFYPRMPB3XQUHB7ZDJ2NVZRVRQVQ,1,2209,1,-0.0,0.5577466835865666,0.0,30.0,0.7833333333333333,0.0,1
AFYR3MTNDZASRHNYX3SOIEPUSFNQ,4,2039,4,-0.0,-0.3410711965272165,0.0,4.0,0.4812499999999999,0.5,3
AFYSLPBHHOX43I7UNIIXIE7VD4SQ,2,2802,2,-0.0,0.5577466835865666,0.0,24.5,0.5133333333333333,0.0,1
AFYSWCXEGLPB2Y3RL323HFLGMT4A,1,1290,1,-0.0,-2.138706956754783,0.0,58.0,0.3,0.0,0
AFYUE4KEBHOHSVH6QG7DGLE2YRXQ,1,1609,1,-0.0,0.5577466835865666,0.0,2.0,0.8,1.0,3
AFYVDYPYTX3YUFXKX3WJLAEJOQXQ,14,33,14,0.3712323266408756,0.108337743529675,0.7683548371641559,62.42857142857143,0.2274832107827237,0.3571428571428571,2
AFYXWRH5SULLY46JOJBBC3P6RWBQ,3,3067,3,-0.0,0.5577466835865666,0.0,15.333333333333334,0.4566666666666667,0.3333333333333333,1
AFYYMPUD6YQE23IA4MRYA4ZR3MMQ,1,2344,1,-0.0,0.5577466835865666,0.0,2.0,0.91,0.0,1
AFYZ6GKRPEFTKYEHUOSTDR4CBJJQ,1,808,1,-0.0,0.5577466835865666,0.0,61.0,0.2523809523809524,0.0,1
AFYZV2HD2I4TADEMI5QAQ5AGFFGA,3,1376,3,-0.0,0.5577466835865666,0.0,17.333333333333332,0.1794444444444444,0.0,1
AFZ2WFNVLG46EXHEF5AEG4LNR5JQ,6,516,6,-0.0,0.5577466835865666,0.0,17.333333333333332,0.5140514520202021,0.3333333333333333,1
AFZ4C2QTQZ6QXPSTWCAISSXRUJ6Q,2,1338,2,1.0,0.5577466835865666,0.0,7.0,0.525,0.0,1
AFZ4G2LPX27EYRV4BD4TP3W4ZXXQ,1,2227,1,-0.0,0.5577466835865666,0.0,4.0,0.5,0.0,1
AFZ4GAOLMHTZZLHY5ZAZDC4VRTSQ,2,3556,2,-0.0,0.108337743529675,0.6355602180801734,30.0,0.1635,0.0,1
AFZ4H2HBXTMHVCZEBTNJP7W6R5LA,8,497,8,0.5435644431995964,-0.3410711965272165,1.3588849055539074,22.125,0.2791666666666667,0.375,2
AFZ5LNTQPR45C4MPRYIEFVKGI4WQ,1,1762,1,-0.0,0.5577466835865666,0.0,21.0,0.3715277777777777,1.0,3
AFZAVVJSYQL5OUDHGT5MFO5KJWWQ,2,3011,2,-0.0,0.5577466835865666,0.0,9.0,0.4166666666666667,0.0,1
AFZB3WNDA3IKBDZIW3YH4KANAI5A,1,844,1,-0.0,0.5577466835865666,0.0,4.0,0.5,0.0,1
AFZC3UVPS3YDTAVOSOMU2A5SANMA,1,1816,1,-0.0,0.5577466835865666,0.0,27.0,0.25,0.0,1
AFZCWIOD6EICPVQSSFO7YX6N6YWQ,1,1561,1,-0.0,-0.3410711965272165,0.0,171.0,0.2059920634920635,0.0,0
AFZEWKQYA4ZH6UUJC27BXONQM6DA,1,119,1,-0.0,0.5577466835865666,0.0,13.0,0.0,0.0,1
AFZHB636MCCJNJHINABLEUCMQVTQ,1,1885,1,-0.0,0.5577466835865666,0.0,6.0,1.0,0.0,1
AFZHE5NHEVDX7KVTV2NSY3FA4XWA,4,1023,4,-0.0,0.108337743529675,0.8988178801137832,70.5,0.2903057359307359,0.25,1
AFZHGG66WZRBIJTYPCHDSHY5GIWA,3,298,3,0.9182958340544896,-0.6406771565651442,1.037865490072283,27.666666666666668,0.3337179487179487,0.6666666666666666,2
AFZHPATMBXNNBDADBUAFAT4ETAEA,1,2087,1,-0.0,0.5577466835865666,0.0,10.0,0.75,0.0,1
AFZHVLKU2IFGM26MNHEHZV24MVLA,1,1366,1,-0.0,0.5577466835865666,0.0,7.0,0.8,0.0,1
AFZI4HCFSGEXTEZAG2VICNAQTZBQ,1,1936,1,-0.0,0.5577466835865666,0.0,5.0,0.5,0.0,1
AFZK2BA7HVTZTYYVBQ6YYL5XPWLA,14,893,14,1.5566567074628228,0.4293441292845976,0.326393596739921,7.214285714285714,0.4651785714285714,0.2857142857142857,2
AFZNUOLBP4VX46FPIMS6R7TPFPHA,1,3565,1,-0.0,-0.3410711965272165,0.0,93.0,0.1016666666666666,0.0,1
AFZPBQFGXJE7YVGVOCQ3INMCI6JA,1,683,1,-0.0,0.5577466835865666,0.0,3.0,0.8,1.0,3
AFZPMWS2IY6WSK7O7F5JMOLM4NRA,1,2587,1,-0.0,0.5577466835865666,0.0,14.0,0.4277777777777778,0.0,1
AFZQ4QEIYOYSZK6ZOQW66XOQ3GIA,1,4130,1,-0.0,0.5577466835865666,0.0,22.0,0.55,0.0,1
AFZR3DMRF5KW3WM6LVZ6SGSBGQXQ,3,338,3,1.584962500721156,0.5577466835865666,0.0,37.666666666666664,0.1828703703703703,0.3333333333333333,2
AFZRBHATWMMOZ75SQMQGZNOD7CRA,1,904,1,-0.0,0.5577466835865666,0.0,38.0,0.6,0.0,1
AFZRGBUVYJMAM2UVML42IFJX3VQA,1,4555,1,-0.0,0.5577466835865666,0.0,36.0,0.4266666666666666,1.0,3
AFZSAYNMKDTQVOXQW2TCIGBR7RHQ,1,285,1,-0.0,0.5577466835865666,0.0,8.0,0.65,1.0,3
AFZSK2IFCP3KOE7IRNVSE3C3NKVA,1,2016,1,-0.0,-1.2398890766409998,0.0,19.0,0.425,0.0,1
AFZSZZURRC4XKKBIBHSIQFLXCOFQ,3,162,3,-0.0,-0.0414652364892887,0.5189327450361415,21.666666666666668,0.5418518518518517,0.0,1
AFZTOO5BBNV4F3Y7QJACBRLXAJEA,1,1870,1,-0.0,0.5577466835865666,0.0,33.0,0.3666666666666667,0.0,1
AFZTYHXKI3CKU3S7OO4CADH4OEBQ,1,29,1,-0.0,0.5577466835865666,0.0,19.0,0.25,0.0,1
AFZUK3MTBIBEDQOPAK3OATUOUKLA,1109,18,1109,1.664388008360139,0.0528201377697163,0.8927208251416252,109.55725879170424,0.1784015688374199,0.2596934174932371,4
AG25ZASYXSIF666IYOAOXJTTX2WQ,1,1986,1,-0.0,0.5577466835865666,0.0,15.0,0.7,1.0,3
AG2BJOE43JDTA64QMYS6WLUS37WA,2,637,2,1.0,0.108337743529675,0.6355602180801734,19.5,0.1770833333333332,0.5,2
AG2C5BVJIQA5DQUAONBZBINZSYEQ,1,2160,1,-0.0,0.5577466835865666,0.0,2.0,0.8,0.0,1
AG2FJHNU5Y4HIDFK22Y6EJDFZ4WQ,1,1361,1,-0.0,0.5577466835865666,0.0,2.0,0.0,0.0,1
AG2IOTNA76CJWFX5IURRVMJWVVBQ,1,4124,1,-0.0,0.5577466835865666,0.0,66.0,0.1633333333333333,0.0,1
AG2JBD4NI56SYO4DFA3HJIOUWZHA,3,312,3,0.9182958340544896,0.5577466835865666,0.0,91.0,0.1579940892440892,0.3333333333333333,2
AG2L7H23R5LLKDKLBEF2Q3L2MVDA,12,28,12,0.8166890883150209,-0.4159726865366984,1.4573017117039266,50.75,0.2977736282814407,0.0833333333333333,2
AG2LKLOEC5D7YP6VJNWU3IIIHERA,4,2387,4,-0.0,0.5577466835865666,0.0,731.0,0.2092547431735841,0.25,0
AG2MBUI55GM2K4JSJFBTC26FXDMA,5,240,5,0.9709505944546686,-0.7005983485727298,1.2058907275960056,22.6,0.1989434523809523,0.0,2
AG2MOYLWZ7VV33MY66YL3IJ7HI4Q,4,308,4,-0.0,-1.015184606612554,1.85296052895144,10.75,0.4527777777777778,0.5,2
AG2NK3JFSVD5GLZUL63LKXGORPUA,1,2176,1,-0.0,0.5577466835865666,0.0,28.0,0.0,1.0,3
AG2NOIYXWRLBHPHJBL2S4D7T5VIA,2,740,2,1.0,-1.2398890766409998,2.5422408723206935,26.0,0.1405357142857143,1.0,2
AG2R7Q3QDT7QMPR27PFV36V6BR7A,1,324,1,-0.0,-2.138706956754783,0.0,9.0,0.6,0.0,0
AG2UEDPK43QC5AU6HZTCBANPW2FQ,55,26,55,1.4609613439460671,-0.6842562052979339,1.6363616059779704,26.418181818181814,0.3478023704830523,0.3090909090909091,2
AG2ZGWAGJOGZN22KZ6CHW62URNOQ,1,199,1,-0.0,0.5577466835865666,0.0,84.0,0.1192857142857143,0.0,1
AG32BO2VHFQML455DFYN55LRTG4Q,1,1004,1,-0.0,0.5577466835865666,0.0,105.0,0.3035714285714285,0.0,1
AG34ZX3BZMU2AB63EMR3327DJNWQ,1,2477,1,-0.0,-0.3410711965272165,0.0,7.0,0.5,1.0,3
AG35BKPUEUMX7LV5YLOQ5YCQ3GOA,43,6,43,2.1840573340696965,-0.1947520067412518,0.9793213458496006,87.62790697674419,0.2164976596639518,0.1395348837209302,2
AG37FXF32G5JGPGN37V6WAOQKUBQ,1,3578,1,-0.0,0.5577466835865666,0.0,27.0,-0.1333333333333333,0.0,1
AG3BG6PCNVQKVYNWHT7IJHEKUQAA,1,651,1,-0.0,0.5577466835865666,0.0,21.0,0.0,0.0,1
AG3CK5SCLW7IHASZSW5I52W6VQDA,3,678,3,0.9182958340544896,-0.6406771565651442,2.075730980144566,11.333333333333334,0.3506944444444444,0.3333333333333333,2
AG3D23KNXZKTXGW2BNP6IXS6YDQQ,1,1657,1,-0.0,0.5577466835865666,0.0,68.0,0.29375,1.0,3
AG3FZ7ST6C2R77BP2O4JMYRQ52MA,2,828,2,-0.0,0.5577466835865666,0.0,14.5,0.6291666666666667,0.5,1
AG3HMLZJHOGT7PJQX3KGGHHC3AEQ,1,3075,1,-0.0,0.5577466835865666,0.0,93.0,0.33484375,0.0,1
AG3IIIN4QARMCMYS5TGLZUZ4HRUQ,5,101,5,0.9709505944546686,-1.4196526526637565,1.8420285130180227,11.6,0.198125,0.2,2
AG3J2ECL3DW3UPGGPX2TUF7SF5AA,1,3037,1,-0.0,0.5577466835865666,0.0,5.0,0.6,1.0,3
AG3JJOGV4VW4LV4OR6UB6N7NPLEQ,1,2714,1,-0.0,-0.3410711965272165,0.0,27.0,0.6854166666666668,1.0,3
AG3LKHMZRLJNHARYZDQLZ7XDKYEQ,1,1450,1,-0.0,-1.2398890766409998,0.0,25.0,0.2399999999999999,0.0,0
AG3OMNZUNUF3QAFTI4FVLTXTFXZQ,2,335,2,-0.0,0.5577466835865666,0.0,23.5,0.3136574074074074,0.5,1
AG3OMX2OKPGW6HEMNPEVIP7CB4HA,1,269,1,-0.0,0.5577466835865666,0.0,14.0,0.03125,0.0,1
AG3PLBKYS3Z2IJHOBNCEOM4SXAYQ,5,606,5,1.9219280948873625,-0.8803619245954865,1.6327837637973917,60.8,0.2355534391534391,0.0,2
AG3S4FROO422V5KP7DJCBXVUQLJQ,557,2345,557,0.3592555397303434,0.5335415342118688,0.1729921032948696,322.3967684021544,0.1826808084913429,0.2836624775583483,4
AG3SP44WMKMFLUZI36G3P3HBCVWA,1,3844,1,-0.0,-2.138706956754783,0.0,23.0,0.0,0.0,0
AG3V3SP3WZANUQR6GAAKMCWCP72Q,1,3753,1,-0.0,-0.3410711965272165,0.0,88.0,0.37,0.0,1
AG3VSNBVZL5UXFTFFAQMIREN26AA,1,1814,1,-0.0,0.5577466835865666,0.0,2.0,1.0,0.0,1
AG3VXRJ5OUQDF3UAEOEIIZ6Z5Z3A,7,819,7,0.9852281360342516,0.1725390206806596,0.4804383657846045,16.857142857142858,0.3870606575963719,0.1428571428571428,2
AG3WYLGVKWBLBYL5UEQOKD2KVDFA,1,3475,1,-0.0,0.5577466835865666,0.0,21.0,0.5,0.0,1
AG3XU5GJ7ATYTRQ3664DTIOF2BRA,7,612,7,1.5566567074628228,-0.3410711965272166,1.5567982351084246,32.285714285714285,0.2916429924242424,0.0,2
AG3XVMSR63FRTMHFIACPDO7OYZDA,1,2968,1,-0.0,0.5577466835865666,0.0,91.0,0.4214285714285714,0.0,1
AG3XXUDFM7GM2H65FLDBSC4ENYBQ,1,3735,1,-0.0,-1.2398890766409998,0.0,23.0,0.4833333333333333,0.0,1
AG3ZLSFL6WEHCXA2SETWSPPDGTVQ,1,1847,1,-0.0,0.5577466835865666,0.0,13.0,0.425,1.0,3
AG435XOKDSHTIJNM72GXXGZ2T7JA,3,2445,3,-0.0,0.5577466835865666,0.0,2.3333333333333335,0.5,0.0,1
AG4363JLAHPMXXRDWLELC7CS4KVA,1,1661,1,-0.0,0.5577466835865666,0.0,28.0,0.375,0.0,1
AG44DQLCEHRU62BFWBHDAIIHS4XQ,10,331,10,0.9219280948873624,-0.2511894085158382,0.9891535123850632,34.6,0.222230321067821,0.2,2
AG44FSSBEFC4BCDOIYRLVYVK6PZQ,2,6205,2,-0.0,0.5577466835865666,0.0,56.5,0.3924305555555555,0.0,1
AG46WWUBBVHZDPXJ5ZRDIKGHQLUQ,2,947,2,1.0,-0.3410711965272165,1.2711204361603468,24.0,0.3586363636363636,0.0,2
AG47HU3MDS5O52R7Z5SRZO5LWX4Q,1,1312,1,-0.0,0.5577466835865666,0.0,107.0,0.4107954545454546,0.0,1
AG4AY3ZUV6CCSV3GPLIB4ASGKCYA,8,622,8,1.0,-1.3522413116552228,1.6248124366206476,43.375,0.072085262345679,0.5,2
AG4BBARVNO6VTOC654NFRHDCER4A,1,128,1,-0.0,0.5577466835865666,0.0,22.0,0.6,0.0,1
AG4CMACPLR2DPFISKIUJ7EG6OMYA,2,2211,2,-0.0,0.5577466835865666,0.0,2.0,0.9,1.0,3
AG4CMTXPGODUYDK466SGORLF4MOQ,1,848,1,-0.0,-3.0375248368685663,0.0,11.0,-0.3125,0.0,0
AG4COLOHCLHWUUYWCZ77TPJLE3EQ,30,1072,30,0.3533593350214213,-1.329770864652378,1.803051503215168,35.266666666666666,0.0941904342779012,0.5333333333333333,2
AG4CZLNP6BBFS3EHZD523FWY5WEQ,1,2765,1,-0.0,0.5577466835865666,0.0,284.0,0.2353009688723974,0.0,1
AG4EATR4WL4QOALBK2QV3T5CJVSA,1,2496,1,-0.0,0.5577466835865666,0.0,22.0,0.0,0.0,1
AG4EMCK4UVIBJKL7DR7ZHTF7CO2Q,12,242,12,-0.0,0.1832392335391569,1.04667355880496,15.166666666666666,0.4610677083333334,0.4166666666666667,2
AG4FRNPMHSM4HS2IBC2H5B7IUQDQ,1,4566,1,-0.0,0.5577466835865666,0.0,56.0,-0.0041666666666666,0.0,1
AG4GRM4E4LZBSQNUBEQ2LSNNJV5Q,1,1745,1,-0.0,0.5577466835865666,0.0,3.0,1.0,0.0,1
AG4GVZM7SUDK4REL56U7DK4GQWKA,1,111,1,-0.0,-1.2398890766409998,0.0,160.0,0.1844505494505494,1.0,0
AG4IBL6TDT3RZJRIJMOFL2TGXJGQ,1,2423,1,-0.0,-1.2398890766409998,0.0,218.0,0.0989510489510489,0.0,0
AG4JCTFIA6PZNLS6QDQAHSMZMF3A,1,2031,1,-0.0,-0.3410711965272165,0.0,63.0,0.6500000000000001,0.0,1
AG4LLC6OSJUW7MTIZE4G332S5MYA,1,3017,1,-0.0,0.5577466835865666,0.0,29.0,0.0642857142857143,0.0,1
AG4MIJDYTNWORGOKC2K22CPHFODA,10,39,10,1.0,-0.7904801365841082,1.5423160762929178,36.5,0.2959571665313852,0.1,2
AG4N4JABA6W7WTXO46RJTBAZ573Q,1,2813,1,-0.0,0.5577466835865666,0.0,6.0,0.4375,0.0,1
AG4NGLW57WS4PMTDFVYYICYXMLMA,1,799,1,-0.0,0.5577466835865666,0.0,24.0,0.1121212121212121,0.0,1
AG4NTS4JQDDFHSGS4233TNBMXNNQ,1,3638,1,-0.0,0.5577466835865666,0.0,298.0,0.3100348056891026,1.0,3
AG4PYEKPTTEMMWBRIXTC2UAVWQPA,1,3002,1,-0.0,0.5577466835865666,0.0,2.0,0.7,1.0,3
AG4RDNEXBUS7SKHLYCZHG2Z4FZ5Q,13,194,13,1.6143308351592656,0.4194670097229077,0.49857445446986,15.461538461538462,0.4591666666666666,0.0769230769230769,2
AG4RU5SMNCJ6TBCVN4M6IKY6X3PQ,1,2881,1,-0.0,0.5577466835865666,0.0,19.0,0.8000000000000002,0.0,1
AG4S3VMKGHGEKQIRVNC5LGOFHRIA,1,3118,1,-0.0,-3.0375248368685663,0.0,30.0,0.5,0.0,0
AG4S5RCVIUSITJI2KCBI6W2VFGMA,1,506,1,-0.0,0.5577466835865666,0.0,13.0,0.6333333333333333,0.0,1
AG4T2QLCIUPQHPZDQTGQOIQOQX7Q,6,280,6,0.9182958340544896,-0.3410711965272165,1.136924681137487,27.333333333333332,0.2818287037037036,0.6666666666666666,2
AG4TV5GQSCCDIQU7NCU5WSHVEAWQ,4,1275,4,0.8112781244591328,-2.138706956754783,1.7976357602275663,40.0,0.0433333333333333,0.0,2
AG4UY5TXNQGJEGFB3Z3U457NFKEA,1,4364,1,-0.0,-1.2398890766409998,0.0,60.0,0.124537037037037,0.0,0
AG4VTWACVROUOA2KBR5WMK74Q4GQ,1,1918,1,-0.0,-3.0375248368685663,0.0,5.0,0.0,0.0,0
AG4Y5I6ZSKGBY43KKNIHVOMBNW2A,3,124,3,-0.0,-0.3410711965272165,1.5567982351084246,66.66666666666667,0.06645880574452,0.3333333333333333,2
AG4Y6GHCUH6T352ABJ6EUNEPGJIA,1,2871,1,-0.0,0.5577466835865666,0.0,55.0,0.3407142857142857,0.0,1
AG535JFIAGQV4CY7TREDVYPDNGKA,3,737,3,0.9182958340544896,0.5577466835865666,0.0,24.666666666666668,0.5410763888888889,0.0,1
AG54HW54DL4HYJARBLCRETL7L4YQ,1,3722,1,-0.0,0.5577466835865666,0.0,54.0,0.41875,1.0,3
AG55FRTLHYWH7LACKFHHRATAHPLA,1,354,1,-0.0,0.5577466835865666,0.0,14.0,0.3999999999999999,0.0,1
AG56IAC5WMZYNSRHULIBSMRVFGHQ,1,5346,1,-0.0,0.5577466835865666,0.0,20.0,0.6,1.0,3
AG57CQ6P4QWYMWUV6MTAOETUKHTA,8,174,8,-0.0,0.4453944485723438,0.3177801090400867,70.375,0.3162123466810966,0.75,3
AG57WKP4UAON47LATKVUWCTW4DDA,1,1105,1,-0.0,0.5577466835865666,0.0,3.0,0.5,1.0,3
AG5DTPDJ6XF4EU2LLSFHPJO4UZEA,1,1946,1,-0.0,0.5577466835865666,0.0,3.0,0.6,0.0,1
AG5ESK2B2EL7CKQC3QC74UQVKNYQ,3,94,3,1.584962500721156,-0.6406771565651443,2.075730980144566,72.0,0.0274074074074073,0.3333333333333333,2
AG5ESKHGJ42U6Z7D7I6FJ3OZ56BA,2,1021,2,-0.0,0.5577466835865666,0.0,26.0,0.625,1.0,3
AG5FGD5Z74CTCIWMMCSR2AQ7CM7Q,4,687,4,-0.0,0.5577466835865666,0.0,1.0,0.7,0.0,1
AG5FGEYGAMLVI7NOKMXL7ORUZNDQ,1,369,1,-0.0,0.5577466835865666,0.0,8.0,0.625,1.0,3
AG5HINCRUM4HZ5AG6GNREUGDTNXA,6,704,6,0.6500224216483541,0.4079437035676028,0.3669408629948054,89.66666666666667,0.1910331344966761,0.0,1
AG5HOQN6X5G5IN5F2XPRAFOEYGFA,1,1719,1,-0.0,0.5577466835865666,0.0,7.0,0.3999999999999999,0.0,1
AG5IX5MH4TBKUEHMIQ4ZMNSFEFLA,3,2425,3,-0.0,0.5577466835865666,0.0,1.0,0.0,0.0,1
AG5KDDU7RCGXHBA6BPPXXW3IP6UA,21,29,21,0.9852281360342516,-0.6406771565651443,1.430598851326836,20.47619047619047,0.3550077039362753,0.0476190476190476,2
AG5MZAXLQHADZ3UYXZQGVNFEJZ4Q,1,2119,1,-0.0,0.5577466835865666,0.0,6.0,1.0,1.0,3
AG5PZHKBEOMIYZCNUL7S6FOJATYQ,2,391,2,-0.0,-0.7904801365841081,0.6355602180801735,152.0,0.1856222076534576,1.0,3
AG5QC2TGPZRTGSNFVFSLXDHG2ORQ,1,2848,1,-0.0,-1.2398890766409998,0.0,31.0,0.25,1.0,3
AG5RBZZWD2F6I33DISMD2JHJSV5A,1,2912,1,-0.0,0.5577466835865666,0.0,5.0,0.6666666666666666,0.0,1
AG5RCAVKSAKDXA4RRARBMUKSSYPA,1,589,1,-0.0,0.5577466835865666,0.0,17.0,0.75,0.0,1
AG5RLYHH277YN5CG5UIMLHMG4XWQ,3,1278,3,1.584962500721156,-2.138706956754783,0.8988178801137833,37.333333333333336,0.0281084656084656,0.0,2
AG5SPXKXC3M32V7FSF4IAZRCW7VQ,1,50,1,-0.0,0.5577466835865666,0.0,132.0,0.2739583333333333,0.0,1
AG5SV4UPCDKZAVM2SOW6CSWR4EKA,3,4475,3,-0.0,-0.0414652364892888,1.037865490072283,65.0,0.2071969696969696,0.0,1
AG5T663F5V7WASRHQSWDX6ISGWUA,1,763,1,-0.0,0.5577466835865666,0.0,23.0,0.8166666666666668,0.0,1
AG5T7BAPUYBT6LE5FSBDGUE6ZCXQ,2,2804,2,-0.0,-0.7904801365841081,0.6355602180801735,15.0,0.5625,0.0,1
AG5XGWBUVIQWZBR2CSPLHNBGINLA,1,703,1,-0.0,0.5577466835865666,0.0,299.0,0.1118055555555555,0.0,1
AG5XOMIEGWTQKCHPGS77VKDDYUOA,1,2768,1,-0.0,0.5577466835865666,0.0,5.0,0.7999999999999999,0.0,1
AG5Y7PRM4OD7TC23Q6S7KMNL2XNQ,30,131,30,1.2496527261266068,0.1382983395334678,0.9060208861521496,43.1,0.2491114642045197,0.3666666666666666,2
AG5YNREZVJP6XATLCKEM4NTGLICA,4,332,4,1.0,0.5577466835865666,0.0,5.75,0.2833333333333333,0.0,1
AG5YY4OVNFDHJV23F7PFXV3FHAJA,3,1441,3,0.9182958340544896,0.2581407235486389,0.5189327450361415,22.666666666666668,0.3483796296296296,0.6666666666666666,2
AG62SYAV42JMDOJV3DO7NSI4TTBQ,1,2612,1,-0.0,0.5577466835865666,0.0,14.0,0.425,0.0,1
AG63IU6BFAGO3FYPMUOAULVTHGMA,1,2003,1,-0.0,-0.3410711965272165,0.0,2.0,0.6,0.0,1
AG66YLW2OK4E25SLM3VCBHKRBURQ,1,1253,1,-0.0,-3.0375248368685663,0.0,33.0,0.0,0.0,0
AG67LXCTBMBBOY4H7CEXR73UGROQ,1,1586,1,-0.0,0.5577466835865666,0.0,26.0,0.45,0.0,1
AG6BAEKWLCWH2TW3KKLVK773YF6A,8,192,8,1.75,-1.127536841626777,1.3955473421721605,50.25,0.0880202044862689,0.125,2
AG6CEWBCJCCJ3FQPCTZ3QXYVSLJQ,2,1913,2,1.0,0.5577466835865666,0.0,17.0,0.425,0.0,1
AG6DIQWOKFZFS3LM65IG5NU4UZYA,6,745,6,1.584962500721156,-0.6406771565651442,1.5740009477795285,16.833333333333332,0.1148148148148148,0.0,2
AG6GQ2NTR2JCVELBW7RMZGFBUO3A,1,429,1,-0.0,0.5577466835865666,0.0,4.0,0.5,0.0,1
AG6HFVGPY3YC67EHKLKXOXICZVYQ,1,598,1,-0.0,0.5577466835865666,0.0,27.0,0.4125,0.0,1
AG6JCB3T4PRY6AYIVKFOV6MPJB7Q,1,2338,1,-0.0,0.5577466835865666,0.0,3.0,0.875,0.0,1
AG6JYOZ2MM5ZJZR2EM3NF3TW6CAA,1,224,1,-0.0,0.5577466835865666,0.0,8.0,0.0,0.0,1
AG6K6COJV7WZIHE6RIRZN4BSRNGQ,1,1653,1,-0.0,0.5577466835865666,0.0,4.0,0.8,0.0,1
AG6K7GPCDHQNKMVDMTYKKWSOAVVQ,1,2463,1,-0.0,-0.3410711965272165,0.0,2.0,0.4374999999999999,1.0,3
AG6KA2HYMCNL5RDXP2SSOWYSGHOQ,1,4667,1,-0.0,0.5577466835865666,0.0,41.0,0.15,1.0,3
AG6LPVVIUPRU4MNIX3NLED2U5J6A,3,1429,3,-0.0,-0.0414652364892888,1.037865490072283,3.0,0.6999999999999998,0.6666666666666666,3
AG6MQNEZY4U7U5DREL6MOE3KVG5Q,1,2203,1,-0.0,0.5577466835865666,0.0,8.0,0.7333333333333334,1.0,3
AG6MR5HTNWERSCG7YH2QVY52I66Q,1,2694,1,-0.0,0.5577466835865666,0.0,69.0,0.1761904761904761,1.0,3
AG6MS57RFS4F2MZ5XJUINK7J4YCQ,2,1112,2,1.0,0.5577466835865666,0.0,40.5,0.3071428571428571,0.5,1
AG6MTCSSINCEVTNVZO2SOUUSDR5Q,9,1288,9,1.8910611120726528,-0.6406771565651443,1.5567982351084244,20.22222222222222,0.3503970086351038,0.2222222222222222,2
AG6NAC74NJXO4ELJFVJDKISVQAEA,9,287,9,0.9182958340544896,0.3580093768946148,0.5992119200758554,18.22222222222222,0.6079187016687017,0.1111111111111111,2
AG6NLVX4D3V2BWYIXB7SWLU5OAIQ,1,2676,1,-0.0,0.5577466835865666,0.0,6.0,0.9,0.0,1
AG6PIMULBMZMJXCQLQOTDTRIWG5Q,1,3243,1,-0.0,0.5577466835865666,0.0,20.0,0.009090909090909,0.0,1
AG6RPXIP3FYKEIUL25BJCN5JFDZA,1,3267,1,-0.0,0.5577466835865666,0.0,42.0,0.276199494949495,1.0,3
AG6SCI5AUYGTWBHLCCJHDPDTODXQ,1,2226,1,-0.0,0.5577466835865666,0.0,7.0,0.275,0.0,1
AG6SNHIVEFMJIXCLZWKTGEOV5ZBQ,11,457,11,1.4911148500551854,0.0674823853426849,1.1624767407903902,10.454545454545457,0.4991161616161615,0.1818181818181818,2
AG6TI455ZBVZPUE5UM4Z5USXNUMQ,1,4803,1,-0.0,0.5577466835865666,0.0,39.0,0.5,0.0,1
AG6VIQTSTVZM6O6W3A3RHWNEUMIQ,1,2646,1,-0.0,0.5577466835865666,0.0,18.0,0.6333333333333333,0.0,1
AG6WSAG3LWJZORZR27RPJUYA2NZQ,1,2984,1,-0.0,-0.3410711965272165,0.0,47.0,0.425,0.0,1
AG6XGVJWFFNW5QTUTTPUAC4OBPZQ,13,3114,13,-0.0,-0.2027915226635575,0.9601064895764329,306.6923076923077,0.2331241169855175,0.6153846153846154,0
AG6XRL7KEXPU2VWUVFYCIXJMFW2A,1,561,1,-0.0,0.5577466835865666,0.0,7.0,1.0,0.0,1
AG6Z6UPUHAIKZZCT7KQ4S6IFFVPA,1,1003,1,-0.0,0.5577466835865666,0.0,92.0,0.325,0.0,1
AG6ZXPQSSFI5DH2SKHOMSNMWITAQ,1,136,1,-0.0,0.5577466835865666,0.0,15.0,1.0,0.0,1
AG732MXNWFLTLT6CJ27MD3WNIASQ,1,1285,1,-0.0,0.5577466835865666,0.0,22.0,-0.1666666666666666,0.0,1
AG73KP2HS4CKZFD2L3PFULRHSVNQ,2,1474,2,-0.0,0.5577466835865666,0.0,27.0,0.33,0.0,1
AG74HNQCWELUSMAKMXX4TFMAMYOQ,2,1630,2,-0.0,0.5577466835865666,0.0,33.0,0.15,0.5,3
AG76RJNRLQUCHEVV4D75QND46LPA,1,2951,1,-0.0,0.5577466835865666,0.0,41.0,0.2079365079365079,0.0,1
AG775DSEE4NCWI6NA3A4TALVSRHQ,4,22,4,-0.0,-0.5657756665556624,1.3482268201706749,31.0,0.0291666666666666,0.25,2
AG7BLXGCWCXHXMN574SP7PKUYSBQ,1,2008,1,-0.0,0.5577466835865666,0.0,20.0,0.55,1.0,3
AG7CXUKMCJ6YHFMCWKARXHXVPMOA,1,2371,1,-0.0,0.5577466835865666,0.0,5.0,0.7,1.0,3
AG7DH74UOAJIB2NWCI7VGSVF3KCQ,2,235,2,-0.0,0.108337743529675,0.6355602180801734,27.5,0.496875,0.0,1
AG7FS5EQU2WOSBFNQGDY3VP25LVA,17,1906,17,1.4516607643577668,0.0819019235263285,0.6448389602477168,25.705882352941178,0.3909674608479755,0.2352941176470588,2
AG7FVWM5QM2Y5ATJQVZM4GCSAA6A,1,243,1,-0.0,0.5577466835865666,0.0,14.0,0.475,1.0,3
AG7GV2GFOT74SEFBKJ7YXIJ2F3LQ,1,3141,1,-0.0,-0.3410711965272165,0.0,17.0,0.4625,1.0,3
AG7J5OHI7UPCU4IJPBW7HNUPLUIQ,3,1625,3,0.9182958340544896,0.2581407235486389,0.5189327450361415,10.333333333333334,0.7615740740740741,0.0,1
AG7J7ECHU4TI4E4TZ53ZCBIKL7YA,1,3327,1,-0.0,0.5577466835865666,0.0,52.0,0.3136363636363636,0.0,1
AG7JH2A6PFUAANQZ4EASUGDC7XHA,2,418,2,-0.0,0.108337743529675,0.6355602180801734,36.0,0.0371527777777777,1.0,3
AG7JSIKUQPSL5AAPRDRKDNWM4U2A,17,1,17,0.5225593745369408,0.3991317635664873,0.3531928444858515,38.76470588235294,0.2220191165044106,0.2941176470588235,2
AG7LADSHPBHTRV3OQR4265ES6GIA,1,2223,1,-0.0,0.5577466835865666,0.0,4.0,1.0,0.0,1
AG7LRUVAZG4AMMG3JSS2L7PNVCLA,1,3258,1,-0.0,0.5577466835865666,0.0,29.0,0.2885416666666667,0.0,1
AG7MEBFQTVWCUJMKDKKE3W4KTT3A,1,2711,1,-0.0,0.5577466835865666,0.0,7.0,0.5,0.0,1
AG7MKASYD5IEHFSJQACOWGHK656Q,1,2147,1,-0.0,0.5577466835865666,0.0,4.0,1.0,1.0,3
AG7OMLZYEZYOV72P4NBV2EVJG6ZA,1,1656,1,-0.0,0.5577466835865666,0.0,19.0,0.125,0.0,1
AG7OYMPAYRH5BDPAUAVS5YWIVBGQ,2,3222,2,-0.0,-0.3410711965272165,0.0,17.0,0.6399999999999999,0.0,1
AG7P37OYETQ43CMXLZKCMYQXHZOA,1,135,1,-0.0,0.5577466835865666,0.0,7.0,0.4666666666666666,0.0,1
AG7QDTQYHFOIXFWSVUUBZOEIW2NA,4,30,4,-0.0,0.5577466835865666,0.0,20.75,0.527695707070707,0.0,1
AG7SWTY2OY6RDZETALLMH2ZR5VYA,1,5145,1,-0.0,0.5577466835865666,0.0,95.0,2.2204460492503132e-17,0.0,1
AG7TKHLDUM5NKS5IW3XWS6RWHILQ,7,912,7,0.5916727785823275,0.3009415749826286,0.6794424527769537,12.285714285714286,0.1714285714285714,0.0,2
AG7VNLW34SGZ7JNJSL6XT3U3VFEQ,3,2624,3,-0.0,0.5577466835865666,0.0,13.0,0.7916666666666666,1.0,3
AG7WKI6NUQBA2OLKG5QQP4TXXODA,1,3653,1,-0.0,0.5577466835865666,0.0,35.0,-0.0999999999999999,1.0,3
AG7WKTZINOFIXMZJYIPKIB7PV7NQ,58,267,58,1.6559920846056582,-0.5270335165507579,1.4162468355393438,40.310344827586206,0.2178559625784683,0.3103448275862069,2
AG7X2YKMH6EETSAKSVZ3QRWITD5Q,1,3541,1,-0.0,0.5577466835865666,0.0,24.0,0.39,1.0,3
AG7ZARYS7FRD6IELOUEOFC7HGPMQ,2,2544,2,-0.0,0.108337743529675,0.6355602180801734,8.0,0.775,0.0,1
AG7ZXSSKZPKMPGGHKXNE7PZI344Q,1,5936,1,-0.0,0.5577466835865666,0.0,45.0,0.5437500000000001,0.0,1
AGA3PQKDGXZQB7D3XXO74OO3GM7A,11,365,11,0.4394969869215134,-0.4227819129011969,1.5282307029333295,30.90909090909091,0.2985993265993266,0.0909090909090909,2
AGA3VBG56LW5VBDMWXE23N4PG2IA,18,880,18,1.404678473063571,0.158272070202663,1.032765383089333,16.0,0.4197177706552706,0.1111111111111111,2
AGA5NVURIH4FYZ2Y5OEE5SF3IXGQ,3,421,3,0.9182958340544896,-0.6406771565651443,2.075730980144566,45.0,0.1922771672771672,0.0,2
AGA77XVPYPRDNC3AJAIC557RGSLA,4,138,4,0.8112781244591328,0.108337743529675,0.8988178801137833,8.0,0.2809722222222222,0.5,2
AGA7G25NGVP4CKBHYCOWI7OPXFIQ,1,3018,1,-0.0,0.5577466835865666,0.0,19.0,0.5933333333333333,0.0,1
AGAANUTK7OBMDHQUKSFZZARKCJ7Q,1,34,1,-0.0,-3.0375248368685663,0.0,11.0,-0.1777777777777777,1.0,0
AGAE6KDFMIALPBHFHEJKT4KJKEIA,1,1198,1,-0.0,0.5577466835865666,0.0,43.0,0.05,0.0,1
AGAFWZBZFPXKTQLIQUYVDVJK2FZQ,10,1030,10,1.8464393446710152,0.37798310756381,0.5684623405687435,46.1,0.1145238927738927,0.0,2
AGAGHNKEUJHHPRDGNZWSAJH7EGJA,1,3669,1,-0.0,-0.3410711965272165,0.0,44.0,0.5625,0.0,1
AGAHANLSS7DG4ZHNPP5S56W4SKHA,8,542,8,0.5435644431995964,-0.3410711965272166,1.6642873188885918,16.875,0.2010453869047619,0.625,2
AGAHV5WINQWBIQYQWD3O7THAJDPA,2,2502,2,-0.0,0.108337743529675,0.6355602180801734,33.5,0.1854761904761904,0.0,1
AGAI6BVT4RMJ6ZRWGRAPBJ3RUJ6Q,1,462,1,-0.0,0.5577466835865666,0.0,6.0,0.15,0.0,1
AGAJIGBX3UA7OEFS3XA42FR5SGWA,9,1334,9,0.9864267287308424,-0.0414652364892888,1.189024292359669,17.88888888888889,0.2751995442186414,0.1111111111111111,2
AGAKNRAW23NJ36YPFRNCUX4WS3YA,1,828,1,-0.0,0.5577466835865666,0.0,75.0,0.2566115702479339,0.0,1
AGAM2CCKV52HI4YZU7ASZTSXA7YQ,7,462,7,0.863120568566631,0.4293441292845976,0.3397212263884768,310.57142857142856,0.2232989320620293,0.5714285714285714,2
AGAMJIJZG46DZUGZ5L2PSLGVP3LQ,2,100,2,1.0,-1.2398890766409998,2.5422408723206935,8.0,-0.1375,0.5,2
AGAMMFYEWRRZ6DWMODRNER7FLHBA,1,2075,1,-0.0,0.5577466835865666,0.0,2.0,1.0,0.0,1
AGAO6UNI7SXDU4VQLCZVI4WEVLVA,1,2145,1,-0.0,0.5577466835865666,0.0,5.0,1.0,0.0,1
AGAQA25V3AR7HU6RKJ72C5PUT5UQ,2,2311,2,-0.0,0.5577466835865666,0.0,63.5,0.3077380952380952,0.5,3
AGAQU5F3APPRBAFIZMQSBU2QIJWA,1,641,1,-0.0,0.5577466835865666,0.0,2.0,0.8125,0.0,1
AGAV7VPO2ZPOD4QYXSYFTENHHX2A,1,2439,1,-0.0,0.5577466835865666,0.0,16.0,0.4444444444444444,0.0,1
AGAVKNCPQC4E4KVNDMKCNG74DLAA,1,689,1,-0.0,-0.3410711965272165,0.0,511.0,0.2016493055555555,0.0,0
AGAWRQSMW2RINWN35JDTPYMKL2QA,1,1626,1,-0.0,0.5577466835865666,0.0,11.0,1.0,0.0,1
AGAWTF3V56XUCWIZZ7FPS6LL7FFQ,1,176,1,-0.0,0.5577466835865666,0.0,27.0,0.5,0.0,1
AGAYAFWWJLDWOHMIRXILF65ZVETQ,2,33,2,-0.0,0.5577466835865666,0.0,21.0,0.525,0.5,1
AGB2OD4PZ7AMECYHMRMTUMYJSQGQ,2,1325,2,-0.0,-1.2398890766409998,2.5422408723206935,10.5,0.0722222222222222,0.5,2
AGB377UZDJ6IV6NMXLJ4GESBTZVQ,1,3639,1,-0.0,0.5577466835865666,0.0,122.0,0.0953703703703703,1.0,3
AGB6TDH6NV66DR6GPPAAOGJBP2VA,1,919,1,-0.0,0.5577466835865666,0.0,18.0,0.625,0.0,1
AGB6W4XCPTDTIUP3GGEUC42OBPQA,1,822,1,-0.0,0.5577466835865666,0.0,21.0,0.2841269841269841,0.0,1
AGB6ZEKVRQ32H2I7V3KNJNRCOTMA,1,2510,1,-0.0,0.5577466835865666,0.0,10.0,0.5,0.0,1
AGBADUNW3ZWJDSFCOIORYXGNUWLA,1,811,1,-0.0,-3.0375248368685663,0.0,19.0,0.0,1.0,0
AGBALMWEDCZRIX2QENGWDZET3EFQ,5,33,5,1.521928094887362,-1.2398890766409998,1.4211558514218587,32.8,-0.0513531746031746,0.4,2
AGBAWYOBOBB5REBQO2VC5ZMPZDZQ,1,2598,1,-0.0,0.5577466835865666,0.0,26.0,0.34375,0.0,1
AGBAZXC4DWPPAWOBIL4O72OG2DHA,2,18,2,-0.0,0.5577466835865666,0.0,271.0,0.2116455286568068,0.5,3
AGBBEKOCKHTCQ673LZBRD464EZ5A,3,538,3,1.584962500721156,-0.3410711965272165,1.5567982351084244,46.333333333333336,0.300619288119288,0.3333333333333333,2
AGBC6QL4KQQPGU3B5TN6BPZNVT6Q,1,1694,1,-0.0,0.5577466835865666,0.0,9.0,0.8,0.0,1
AGBCR4VWZNF2T62P2AUJ72XVNOXA,1,864,1,-0.0,0.5577466835865666,0.0,16.0,0.7083333333333334,0.0,1
AGBD56HIPNBFHYUZQE4HCHEY4YJA,1,2296,1,-0.0,0.5577466835865666,0.0,11.0,0.4375,0.0,1
AGBD5EOISKZJYPXVAEOLJQ3JQDAQ,3,229,3,-0.0,-0.940283116603072,1.3729669905337183,46.0,0.1407076719576719,0.6666666666666666,2
AGBE42CMMBVZMNV4IWVAZ7TRCCNQ,1,672,1,-0.0,0.5577466835865666,0.0,21.0,0.55,0.0,1
AGBEKEEAIDO6SIFJNSD46IGTF3IQ,3,682,3,-0.0,0.5577466835865666,0.0,12.333333333333334,0.5541666666666667,0.0,1
AGBEMITBTFVH5AU4LCTLJCFUQNSA,1,53,1,-0.0,0.5577466835865666,0.0,3.0,0.0,0.0,1
AGBFYI2DDIKXC5Y4FARTYDTQBMFQ,38,679,38,0.7981943390667416,0.2029501519627048,0.7399893906031111,56.526315789473685,0.2080918482218607,0.0526315789473684,2
AGBGLR7EK6ULC2OXPXCCWEAE7Y7A,1,2867,1,-0.0,-0.3410711965272165,0.0,9.0,0.8,0.0,1
AGBH3WI2WKLQX3CMET5EBONWYCPA,31,6,31,0.7088356733321961,0.4707643080916844,0.2701281672211663,43.03225806451613,0.3011796827724247,0.3870967741935484,2
AGBJABSJLN7H7AALE7VKHYDGC76Q,16,5,16,1.5016144718101818,-0.1163667264987707,0.9568647026411482,28.4375,0.2359660218253968,0.5,2
AGBO5SEPWTF5NLYD33PFPGGVRUJQ,14,166,14,1.521640636343318,0.1725390206806595,1.0407128630224378,22.0,0.3813246724615772,0.2142857142857142,2
AGBOAGO2YKGMEMRHPFBK6K2Q6RFA,1,947,1,-0.0,0.5577466835865666,0.0,12.0,0.2166666666666666,0.0,1
AGBODH3OWST6Z3EEQKAGR5T64XZQ,3,269,3,0.9182958340544896,0.5577466835865666,0.0,28.666666666666668,0.2447222222222222,0.0,1
AGBOGNMAG3UCA6B4Z6VT62DVNOIA,11,1862,11,0.9940302114769564,0.2309038180906455,1.0840151502545678,27.90909090909091,0.487681277056277,0.0909090909090909,2
AGBOYAEBYUG7XQIUWD472ASYPV3A,1,1758,1,-0.0,0.5577466835865666,0.0,4.0,0.3166666666666667,0.0,1
AGBPS7QDYY5IH4NO5KBESHI7KVQA,1,1561,1,-0.0,0.5577466835865666,0.0,4.0,0.5,0.0,1
AGBSMECRMOHN27JOJXPM7QZBDTIA,1,2634,1,-0.0,-0.3410711965272165,0.0,1.0,0.6,0.0,1
AGBTKC7B33AV4GBCAUN42BH466PQ,2,4116,2,-0.0,0.108337743529675,0.6355602180801734,25.0,0.525,0.0,1
AGBUJDDLRJIUJFTKPABJT6CJTHRQ,9,111,9,1.7527152789797047,-0.2412025431812406,1.5853657231462257,18.444444444444443,0.5081261837121213,0.1111111111111111,2
AGBV72RM4MSS5GC2I4LQR33HPMEA,1,2477,1,-0.0,0.5577466835865666,0.0,5.0,0.6,1.0,3
AGBWZSPAIQMKAYQNMIUXJFRNRDXA,9,180,9,0.7642045065086203,0.4578780302405907,0.2996059600379277,14.333333333333334,0.4006172839506173,0.2222222222222222,2
AGBYLU533D4JXYWDELNXLBBQOLSQ,1,3130,1,-0.0,0.5577466835865666,0.0,13.0,0.2,0.0,1
AGBZTGGZ7CGQHLNOZDVJNHRYDFPA,1,166,1,-0.0,0.5577466835865666,0.0,18.0,0.5,1.0,3
AGBZYPQKIUZGWHXOZZFAMVEQZ5JQ,1,1362,1,-0.0,0.5577466835865666,0.0,17.0,0.6900000000000001,0.0,1
AGC3Q6IXOVLTTDMS4Q55FPYUF6FQ,30,208,30,1.1567796494470397,0.1382983395334678,0.993992004197482,41.166666666666664,0.3205557796948422,0.6333333333333333,2
AGC4QWMCERWYFRIRFEUYDW4SNFNQ,1,1781,1,-0.0,-2.138706956754783,0.0,49.0,0.6299999999999999,0.0,0
AGC6RAOTWSUWXFPFJ2SQUB4CDRVA,1,3885,1,-0.0,0.5577466835865666,0.0,27.0,0.5,0.0,1
AGC7ZUHGXOPXDPEB76W55USPGUMA,6,712,6,-0.0,0.2581407235486389,0.4641475574605516,83.5,0.2561607142857143,0.3333333333333333,1
AGC7ZZBIWDFPRACV5XE2DUNZLY7A,1,2026,1,-0.0,0.5577466835865666,0.0,18.0,1.0,0.0,1
AGCCFLGNMV6ABDOO4O6SUJW65ICA,4,320,4,0.8112781244591328,-0.3410711965272165,1.7976357602275663,27.75,0.1876488095238095,0.25,2
AGCHWDKXBTWJR5HF7AHWGXXLFNYQ,1,1014,1,-0.0,0.5577466835865666,0.0,6.0,0.5888888888888889,1.0,3
AGCI7FAH4GL5FI65HYLKWTMFZ2CQ,27,441,27,1.9054172440320791,0.1249825190873376,0.8767815014621543,53.96296296296296,0.2933530728395495,0.2962962962962963,2
AGCIVNDDRX3PXIUINEG4NCRGWCRA,8,1620,8,1.75,0.108337743529675,1.2711204361603468,25.875,0.416701923076923,0.0,2
AGCKEZUL53B5NEKKW6VQZVU5BSJA,3,113,3,-0.0,0.5577466835865666,0.0,9.0,0.3361111111111111,0.0,1
AGCLVDA44LS5HWGQ3QELSDXDYICA,5,1560,5,-0.0,0.5577466835865666,0.0,7.2,0.914,0.4,1
AGCM2OTPTYYEXBQ3TTBH7C23U27Q,1,55,1,-0.0,0.5577466835865666,0.0,16.0,0.0,1.0,3
AGCN4M35EAWFYEQTCXUIHDLO2PFQ,1,2490,1,-0.0,0.5577466835865666,0.0,13.0,0.6,1.0,3
AGCO5AU5AVDFJKKVVX2TAYMDDP3Q,2,3186,2,-0.0,-0.7904801365841081,1.9066806542405204,26.0,0.4859375,0.0,2
AGCOR53ZRYMLDCOU4M2LRD3OJPVQ,1,3690,1,-0.0,0.5577466835865666,0.0,67.0,0.29,0.0,1
AGCPAPUHXYA3EEIL2KGSQTGO5HRA,12,518,12,1.4182958340544896,0.5577466835865666,0.0,48.833333333333336,0.4175428031789638,0.3333333333333333,2
AGCPNKEGN6XZDD52B3YLWYUSJ3VA,1,2926,1,-0.0,-3.0375248368685663,0.0,4.0,0.2,0.0,0
AGCQR2QLP3XWU64TBYFJCAZWQQKQ,1,2460,1,-0.0,-1.2398890766409998,0.0,138.0,0.1670386904761904,0.0,0
AGCRBF2VXDVYUBUAUMIRLKUNOI3Q,1,979,1,-0.0,0.5577466835865666,0.0,2.0,0.0,1.0,3
AGCRKF4ILD6L7Q7OVHSYSIU2RHOQ,1,2251,1,-0.0,0.5577466835865666,0.0,51.0,0.3611111111111111,0.0,1
AGCS6HSZBL6OPU4V4LD5H6GMBC4Q,10,6,10,0.4689955935892812,0.1982195315410533,0.4641475574605516,4.5,0.385,0.5,2
AGCS6U5CA46LTCMTBRGSOPCFP7OQ,5,1469,5,-0.0,0.0184559555182967,0.8039271517306703,13.2,0.425,0.8,3
AGCTNUP4YCT4SVXVIBUOSDVWV2JA,1,986,1,-0.0,0.5577466835865666,0.0,6.0,0.7,1.0,3
AGCVSWL73WABJDSPMZA6MKGUT6YA,2,15,2,-0.0,0.5577466835865666,0.0,1.0,0.6,0.0,1
AGCX2OFBYHXWZDKJ6U36BID77O4Q,2,1450,2,-0.0,0.5577466835865666,0.0,23.0,0.65,0.0,1
AGCZ3PPMQG5QWLCKO7OXQRNM6OCQ,1,948,1,-0.0,0.5577466835865666,0.0,46.0,0.3328125,0.0,1
AGD4DWA3GWX76A6MSPM7OVGCQ2AQ,2,819,2,-0.0,-0.3410711965272165,1.2711204361603468,23.5,0.2634353741496598,0.0,2
AGD53FZJLNU4UOJE43EZTFFDJYTA,9,1058,9,1.8910611120726528,-0.0414652364892888,1.2711204361603468,80.55555555555556,0.3493926053975073,0.3333333333333333,2
AGD7BM57ZN7YCPFAGOOIZUAZJWKA,1,882,1,-0.0,0.5577466835865666,0.0,2.0,0.8,0.0,1
AGD7R6EVPDKNZEIYEU3QHFIQ6IUA,4,421,4,0.8112781244591328,-1.2398890766409998,2.0757309801445665,18.75,0.0428571428571428,0.0,2
AGDASUJ2PWW3NEEJODTJP5DNDDDA,1,3388,1,-0.0,-0.3410711965272165,0.0,22.0,0.5166666666666666,0.0,1
AGDCD2ZNYMDZAVQKQ3RZ56LJTRVQ,81,395,81,1.407561707906242,0.1582720702026629,0.9319142129150908,39.098765432098766,0.3331566007143294,0.345679012345679,2
AGDCKDGD7L4EGIO5JMXLJCGXH4RQ,1,548,1,-0.0,0.5577466835865666,0.0,26.0,0.6,0.0,1
AGDDPM64XFF5WPK63RDLQ7RBHNVA,2,2129,2,-0.0,-0.7904801365841081,0.6355602180801734,13.0,0.475,0.0,1
AGDE67QCY44IIOF5BDVXDLPWF7BA,4,1968,4,-0.0,-0.3410711965272166,1.7976357602275663,23.25,0.3713541666666667,0.5,2
AGDHXFCOVPYLY26TQKIFU6FHQHWQ,1,647,1,-0.0,0.5577466835865666,0.0,21.0,0.7041666666666667,0.0,1
AGDLD6R6Z6WB5KNG6Z2L6LNRMLZQ,1,825,1,-0.0,0.5577466835865666,0.0,63.0,0.3741496598639456,1.0,3
AGDLSGM4WNQP5RESL2RNGYI26JYQ,2,3160,2,-0.0,0.5577466835865666,0.0,14.5,0.7275,0.0,1
AGDLWS5NQLIJOXPG3EMD6LWEIJXQ,1,935,1,-0.0,0.5577466835865666,0.0,6.0,0.075,0.0,1
AGDNPXZHZBXDJ7ELU54GBGOYHP6Q,1,3568,1,-0.0,0.5577466835865666,0.0,85.0,0.0807077922077922,1.0,3
AGDNYYDWS7ARCCUK5J7YPFZCDWKA,1,863,1,-0.0,0.5577466835865666,0.0,55.0,0.3733333333333333,0.0,1
AGDO3NCWKRLQ2SSZPAOTZSQ6BEEQ,3,575,3,-0.0,0.5577466835865666,0.0,24.0,0.3227272727272727,0.0,1
AGDQO4VIXXMHZMFRFHAHO2PNCYRQ,10,1404,10,-0.0,0.1982195315410533,0.4641475574605515,45.6,0.4035097402597402,0.2,1
AGDRYKMGWAGXITLB4OLIX3AZFQCQ,1,1001,1,-0.0,0.5577466835865666,0.0,9.0,0.6666666666666666,0.0,1
AGDSMHOJ3CZSQ7W3I3NQL5LAYAFA,3,1171,3,-0.0,-0.0414652364892888,1.037865490072283,10.333333333333334,0.5041666666666668,0.0,1
AGDSNBZVYAETVTRLIK23BEYH3WUQ,1,1457,1,-0.0,0.5577466835865666,0.0,1.0,0.75,0.0,1
AGDTAK2RJA6MCSUE3PXI6VTR5FCQ,1,1071,1,-0.0,-3.0375248368685663,0.0,16.0,0.2,0.0,0
AGDTHJ7R5N2HOHYK4AACLB53BULA,12,163,12,1.040852082972755,-0.7155786465746262,1.733506536884493,20.25,0.1337909038299663,0.4166666666666667,2
AGDTLRCK7PKGPJHYMJFOC57KCDKA,1,2859,1,-0.0,0.5577466835865666,0.0,4.0,0.3333333333333333,0.0,1
AGDU7RAA3TBYLZ67IWC3UMC2CLFQ,1,3530,1,-0.0,0.5577466835865666,0.0,20.0,0.8666666666666667,0.0,1
AGDUEOFEXTNMWRWOE3E7XJFBDWPQ,6,551,6,1.2516291673878228,0.5577466835865666,0.0,29.166666666666668,0.3443419312169312,0.5,2
AGDUXF4E7K4X5WBBCKNPG6AD2UCA,1,788,1,-0.0,0.5577466835865666,0.0,34.0,0.1125,0.0,1
AGDVYFMNSE2GX2YMGDQUGG7ZAJHA,5,12,5,-0.0,0.5577466835865666,0.0,3.0,0.5599999999999999,0.2,1
AGDYBBRC2NXCXZL7PVEZTU42ZD2A,1,1750,1,-0.0,-1.2398890766409998,0.0,2.0,0.6,0.0,1
AGDYG3SIUU6GZJLYNSOBEIRJVJFA,1,3467,1,-0.0,0.5577466835865666,0.0,36.0,0.8,0.0,1
AGDYVM7M7BVVZYCTHUYSLSUKBEGQ,1,101,1,-0.0,0.5577466835865666,0.0,32.0,0.4333333333333333,0.0,1
AGE234CQ2UMNZDB5ID34LCXSTWOA,1,5110,1,-0.0,-0.3410711965272165,0.0,47.0,0.219047619047619,0.0,1
AGE2H5TX5W3RGHTV32K4T4UQ7DSA,1,2376,1,-0.0,-3.0375248368685663,0.0,18.0,0.0,0.0,0
AGE325VS4HOTE3WXYCTXYCW4LTNQ,2,825,2,1.0,-1.6892980166978917,0.6355602180801733,20.5,0.2545454545454545,1.0,2
AGE46QM42JCCX5JTZZZ7VA2R7LUA,2,5408,2,-0.0,0.5577466835865666,0.0,45.5,0.3731139520202019,0.0,1
AGE4I2TEPV4755LBURJBJNGPSS3Q,2,2936,2,-0.0,0.5577466835865666,0.0,11.0,0.2249999999999999,0.0,1
AGE4TXFUPKOYJB4KWMVCYM645D6Q,1,1338,1,-0.0,-0.3410711965272165,0.0,12.0,0.3181818181818182,0.0,1
AGE62643KEU7MHKTLICGBVTJT45A,2,1708,2,-0.0,0.5577466835865666,0.0,5.5,0.5062500000000001,0.0,1
AGE6VO6FAPDJOCXN4S7D4KV6E5AQ,1,3257,1,-0.0,0.5577466835865666,0.0,10.0,0.5,0.0,1
AGEBPS4VGK3QLW2QICW7PHEFOBJA,1,66,1,-0.0,0.5577466835865666,0.0,17.0,0.2624999999999999,0.0,1
AGECAT7BVD7D74HJCURBAZ7GEUIQ,1,727,1,-0.0,0.5577466835865666,0.0,56.0,0.2458333333333333,1.0,3
AGEFGQNUBPAGS4JYBD664PSZKDNQ,2,3788,2,1.0,0.5577466835865666,0.0,39.0,0.4374999999999999,0.0,1
AGEFLX2M37K7NSODGTH4XTOFNCVA,4,156,4,0.8112781244591328,0.5577466835865666,0.0,23.0,0.0086805555555555,0.5,2
AGEIL3UMHB37SCI24FNDUGSQMERA,1,1787,1,-0.0,0.5577466835865666,0.0,2.0,0.7,0.0,1
AGEIZLGCJPT2XWV7ISYN6NXDTA6Q,1,2597,1,-0.0,0.5577466835865666,0.0,18.0,0.6666666666666666,0.0,1
AGELVSC7FROZX63343JHL7MHJ6PA,6,1842,6,-0.0,0.2581407235486389,0.4641475574605516,64.83333333333333,0.3437037037037037,0.1666666666666666,1
AGEORTCITOA7IS7QJ4CMTX4ALGCQ,1,249,1,-0.0,-2.138706956754783,0.0,18.0,0.1575,0.0,0
AGEP2CC2QIJU5IHQZXCC7BE5JSDQ,26,66,26,1.9258641224711837,0.0391979065978455,1.053515074828968,10.846153846153848,0.4517216117216117,0.3846153846153846,2
AGER56PV7SSBSDO4OX24AHL4QOMA,3,724,3,0.9182958340544896,0.5577466835865666,0.0,16.666666666666668,0.2074074074074074,0.0,1
AGER7R5Q22DIDJBAW3TURAHPN6DQ,1,1269,1,-0.0,0.5577466835865666,0.0,2.0,0.0,0.0,1
AGESD5PX335TWCG24JEH5HGU3U3Q,1,1671,1,-0.0,0.5577466835865666,0.0,44.0,0.3515151515151515,1.0,3
AGESLQWKNQSQ5FIJVR7Z5WX4UWLQ,1,411,1,-0.0,0.5577466835865666,0.0,7.0,0.4910714285714285,1.0,3
AGETS26EIQG2SHMMP4TXSTLW4TKQ,2,1981,2,-0.0,0.5577466835865666,0.0,14.0,0.18125,0.0,1
AGEWZZZN3NFAKRSBZMO3ZG67H32Q,1,849,1,-0.0,0.5577466835865666,0.0,6.0,1.0,0.0,1
AGF3LLXUN4OIVPFTCVCNVLRGPJUA,1,4643,1,-0.0,0.5577466835865666,0.0,97.0,0.1916666666666666,0.0,1
AGF42GID7QWDCNFTJRCTMKAITJJA,83,63,83,1.3000747199772276,0.1570688334153621,0.7847398633684961,16.662650602409638,0.3075439427779143,0.3012048192771084,2
AGF4LWQD2ZPMSA2KOOFLP5IGDOEQ,1,1990,1,-0.0,0.5577466835865666,0.0,45.0,0.4,0.0,1
AGF5RVFM6B7LTHYFA2BZBRWO33OA,2,1418,2,1.0,0.108337743529675,0.6355602180801734,45.0,0.2885416666666666,0.0,2
AGF6GWDAWG7UW3R5O2G5O5JZC4BQ,4,2639,4,-0.0,0.5577466835865666,0.0,11.0,0.409375,0.0,1
AGFAB5SHMZQOEBKY6FYYP4QROYTA,2,2921,2,-0.0,0.5577466835865666,0.0,14.5,0.7729166666666667,0.0,1
AGFALR55HVNYM4KFZYF66QRS5TPQ,1,3249,1,-0.0,0.5577466835865666,0.0,158.0,0.1741978609625668,0.0,1
AGFBOGXXNXNW3BK5EVZKWF7746NA,2,794,2,-0.0,0.5577466835865666,0.0,71.5,0.2694559228650137,0.5,3
AGFEPRCURHO2HL5DXVA3ZKG7335Q,11,63,11,-0.0,-0.4227819129011969,0.8483760476131016,128.9090909090909,0.2266900072150072,0.2727272727272727,2
AGFETIUFABYTBKH3H237OWO2FLBA,15,257,15,1.3995812306460644,-0.5807559645575588,1.4598792582382225,9.266666666666667,0.2867129629629629,0.2,2
AGFG6XMC2CJ4OLE6ZDLYASLVZ7CQ,2,2300,2,-0.0,0.5577466835865666,0.0,79.0,0.3285714285714286,0.0,1
AGFHXULBCMATHKDAIGDQIYXNQNYQ,1,893,1,-0.0,0.5577466835865666,0.0,16.0,0.2111111111111111,0.0,1
AGFIF5JJCH3ELJKQGZ25ZIRQOIMA,1,2220,1,-0.0,0.5577466835865666,0.0,27.0,0.1739393939393939,0.0,1
AGFJAPF5SAJG4AGK3LXKAG7IT3PQ,14,805,14,0.3712323266408756,0.4293441292845976,0.3263935967399211,26.714285714285715,0.3640964008709544,0.0,1
AGFKWX5UV6XADCUDKYILHVF2GIQA,1,773,1,-0.0,0.5577466835865666,0.0,61.0,0.0494949494949494,0.0,1
AGFMQUWYRKQZBV5MVB2FAPVDFVAQ,1,37,1,-0.0,0.5577466835865666,0.0,23.0,-0.15,0.0,1
AGFNKUPLGHJ7X5IRLMJBDIMCLMKA,8,88,8,0.8112781244591328,0.4453944485723438,0.3177801090400867,23.875,0.3414236111111111,0.375,2
AGFP6OEYQRZU3IERNUHL6DPZNAIQ,2,1110,2,-0.0,0.5577466835865666,0.0,15.0,0.6864583333333334,0.0,1
AGFRYR26NF57JVP32JITLDXXOIIA,1,2696,1,-0.0,0.5577466835865666,0.0,3.0,1.0,0.0,1
AGFTJTENALICRNLERZIM3RTRRDDA,1,2894,1,-0.0,-0.3410711965272165,0.0,2.0,1.0,0.0,1
AGFUJ3EGB7VTLV3ZMKEZVRJHPA5Q,29,37,29,0.4310167689753772,0.0618471635237897,0.9783206591939212,30.517241379310345,0.3761777520551766,0.2413793103448276,2
AGFV6IBYOVGKEG4JDONTGWESDFWQ,1,2732,1,-0.0,0.5577466835865666,0.0,2.0,1.0,0.0,1
AGFWIDDE6JBJ5UPX7EZTSZELRCPQ,28,1167,28,1.135815997973764,0.2046396592561518,0.6159209578234601,67.17857142857143,0.3538769983975576,0.5,2
AGFWZ4OETH6KXKY47UN36SOVQEYA,1,2350,1,-0.0,0.5577466835865666,0.0,12.0,0.0,1.0,3
AGFXURLTENFEBATHTRXXFL2SPQEQ,2,2559,2,1.0,-1.2398890766409998,0.0,49.5,0.0988095238095237,0.5,0
AGFYQKHHDAB2577M24LUAF5POSYQ,1,3327,1,-0.0,0.5577466835865666,0.0,41.0,0.2345454545454545,0.0,1
AGFZN7GMJJSJBF2EQHCAUY6ZIM6A,1,2973,1,-0.0,0.5577466835865666,0.0,2.0,0.0,1.0,3
AGG2NB2RZZ42ZAKKZBEMTU35D53Q,3,56,3,-0.0,-0.0414652364892888,1.037865490072283,17.666666666666668,0.5140625,0.3333333333333333,2
AGG2WW2S4MAFYCV5SEOVBQD2XVAQ,1,3088,1,-0.0,0.5577466835865666,0.0,7.0,0.25,0.0,1
AGG3LLILZEGKCA4SAS4Q7X2Y7ISQ,3,282,3,0.9182958340544896,-0.3410711965272164,1.5567982351084246,33.666666666666664,0.1621527777777777,0.0,2
AGG4G7NWIO2N2S4X2FVW5UUNJT5A,5,81,5,-0.0,-1.4196526526637565,1.8420285130180227,51.2,0.1156878306878307,0.0,2
AGG5OL7437GO5YJ57IRXD4WVCZGQ,1,1679,1,-0.0,0.5577466835865666,0.0,10.0,0.78125,1.0,3
AGG6ECFDYW6UNOXCGYW7ZQD2USRA,1,2098,1,-0.0,0.5577466835865666,0.0,30.0,0.498,1.0,3
AGGBKPZNJKNB2SI3YFWE3XHMK6TA,1,2105,1,-0.0,0.5577466835865666,0.0,14.0,0.8,1.0,3
AGGCOGRPBF6EW575FNSPKLJXYQAA,1,1716,1,-0.0,0.5577466835865666,0.0,6.0,0.8,0.0,1
AGGFJ7VY3HU3HA7XFTYYOXXD4ZGQ,6,163,6,-0.0,0.2581407235486389,0.4641475574605516,64.5,0.3309765812890812,0.6666666666666666,3
AGGHHNTNWUXUG2LEOP4KGUMULISQ,10,1059,10,0.4689955935892812,-0.8803619245954865,1.2133116636545094,132.0,0.1835700622722207,0.0,2
AGGJ6SHNO3HLK5JODWEITQQJETKQ,6,2730,6,0.6500224216483541,0.5577466835865666,0.0,18.0,0.401722582972583,0.0,1
AGGLI3SQU72HO6NRDK7SS4EBZ5VQ,2,2447,2,-0.0,-1.2398890766409998,0.0,2.0,-0.5,0.0,0
AGGLOHDR6L7GZMIFCGXPPHS23OTQ,1,982,1,-0.0,0.5577466835865666,0.0,10.0,0.5083333333333333,0.0,1
AGGMDRXIZJHBVVQFKU2LJ3LGICTA,1,1658,1,-0.0,-2.138706956754783,0.0,11.0,0.1805555555555555,1.0,0
AGGO2DPSHP7SUUAUJWK55AZURN3Q,1,211,1,-0.0,0.5577466835865666,0.0,20.0,0.0,0.0,1
AGGOUUE2QZ23ABB7XE5SCBCGT63Q,1,779,1,-0.0,-3.0375248368685663,0.0,32.0,-0.0833333333333333,0.0,0
AGGP3SVBKBFYSOQEBZMCZFCJKTCA,6,2451,6,-0.0,0.4079437035676028,0.3669408629948054,38.5,0.4741477272727272,0.5,3
AGGP54JBY3L6POIYWMCNKY44DONQ,2,5019,2,-0.0,0.5577466835865666,0.0,189.5,0.2031249999999999,0.0,1
AGGPFZDUFMEICMMF73QJCIO7CGLQ,1,1561,1,-0.0,0.5577466835865666,0.0,75.0,0.3222222222222222,0.0,1
AGGPKWSQNXS3HGAPZFPMYFPQ7XNQ,5,692,5,1.3709505944546687,0.5577466835865666,0.0,13.8,0.5533928571428571,0.2,2
AGGQPFQZKQMDR2L2IZ2ADW6TEXDA,1,2325,1,-0.0,-0.3410711965272165,0.0,1.0,0.0,0.0,1
AGGSC25YPG7PSE7YIICAAZQBMW6Q,2,269,2,-0.0,-0.7904801365841081,1.9066806542405204,42.5,0.1315416666666666,0.0,2
AGGTIOAQBT2XEBVS3H2WNVAWV3NQ,1,1249,1,-0.0,0.5577466835865666,0.0,2.0,0.8,0.0,1
AGGTLDBYSQQOQ6IRE5EQH6HSK56Q,1,3956,1,-0.0,-0.3410711965272165,0.0,53.0,0.0333333333333333,0.0,1
AGGY5KI7FMMWWYP2B3X7SC7IHE2Q,2,383,2,-0.0,0.5577466835865666,0.0,42.0,0.3333333333333333,1.0,3
AGGYFCTTSSKTCS4QSGAS2Q2CGFIA,4,1159,4,0.8112781244591328,-1.9140024867263372,1.7014347869108912,30.25,-0.2060250946969697,0.25,2
AGGYRRVH7J3ASMACCA2UWDCY77JQ,1,4116,1,-0.0,0.5577466835865666,0.0,21.0,0.5787878787878787,0.0,1
AGGZ357AO26RQZVRLGU4D4N52DZQ,12,392,12,0.8166890883150209,-0.3410711965272165,1.381853601044564,143.58333333333334,0.145146539501894,0.4166666666666667,2
AGGZAFJX4MPXGAZUE33IAHAVIYKA,13,1150,13,1.4885252948977483,-0.2719313595953871,1.3463048992788826,28.23076923076923,0.3222222222222222,0.1538461538461538,2
AGGZSCOST2XKUBATFRUVXGL2X7SQ,1,6294,1,-0.0,0.5577466835865666,0.0,91.0,0.3390196078431373,0.0,1
AGH4VVX2CH2UHG5FE6NBZOPVIDUA,2,120,2,-0.0,-1.2398890766409998,2.5422408723206935,14.5,0.2299999999999999,0.0,2
AGH666ZKW75GNIT4LZCBILO7AQBA,2,406,2,-0.0,0.5577466835865666,0.0,3.5,0.7,0.5,1
AGH6VRI7RAU7SOLNXFVN5VWRW6QQ,1,2048,1,-0.0,-0.3410711965272165,0.0,42.0,0.2954545454545454,0.0,1
AGH724HLH66QPZMI2ET4QQBA4PAQ,1,3688,1,-0.0,0.5577466835865666,0.0,31.0,0.3625,1.0,3
AGH7DSGETOCUZENUWDBJRFXOHEYA,1,3356,1,-0.0,0.5577466835865666,0.0,25.0,0.355,0.0,1
AGH7IQ2Y3DY4I6FXD5KWXIYAN57A,12,2268,12,0.4138168503036337,0.5577466835865666,0.0,1.25,0.875,0.0,1
AGH7Z3HCNZNJR6G3X3ZXQDV2EGCQ,1,1122,1,-0.0,0.5577466835865666,0.0,50.0,0.4444444444444445,0.0,1
AGHBB2ES5D5DNZC5RUW3WNCOWPOQ,2,1062,2,-0.0,-0.3410711965272165,1.2711204361603468,101.0,0.102281746031746,1.0,3
AGHBRJ2WBPTZMU6R2ZZNPPE2T7RQ,4,29,4,0.8112781244591328,0.3330422135581208,0.4494089400568916,4.25,0.6097916666666666,0.25,2
AGHD4VWC75OAVZCUZACJGYVEZINA,1,1204,1,-0.0,-0.3410711965272165,0.0,6.0,0.0,0.0,1
AGHFRQFS3YXAXG5BBTU4ZFCHSHUA,1,2862,1,-0.0,0.5577466835865666,0.0,5.0,0.8,1.0,3
AGHG6IRFDMBNK7RVW2ZFEJ6K27PQ,1,1159,1,-0.0,0.5577466835865666,0.0,1.0,0.8,0.0,1
AGHIUN3V7KF7HV5XEIHXGXZNLO4Q,1,156,1,-0.0,0.5577466835865666,0.0,24.0,0.5,0.0,1
AGHJ3VOLFH57MW235I6KTHTQ2TSQ,1,2874,1,-0.0,0.5577466835865666,0.0,2.0,0.65,0.0,1
AGHJ5PPBTLFLO77WEF4KEANJBRQQ,1,7209,1,-0.0,0.5577466835865666,0.0,70.0,0.5071428571428571,1.0,3
AGHL76CO24LBO7VPVFCWQCECAOJQ,1,2611,1,-0.0,-1.2398890766409998,0.0,12.0,0.1363636363636363,0.0,0
AGHLDN5HYLZDD23IQQU2FRGBCEEA,1,1724,1,-0.0,0.5577466835865666,0.0,6.0,1.0,0.0,1
AGHMLD6PADUUKHJ7LF437PFNDL7Q,19,252,19,1.8924071185928768,-1.0033580555584252,1.7936892444676422,34.8421052631579,0.1979027777777778,0.1052631578947368,2
AGHNA7A2TUF2EYS2ZYNP4SPTKY5A,1,200,1,-0.0,0.5577466835865666,0.0,32.0,0.4121212121212121,0.0,1
AGHRQ6BLKUBDEUZH3NT3DXJWOOWA,2,1027,2,-0.0,0.5577466835865666,0.0,21.5,0.3270833333333333,1.0,3
AGHRYSZV6QNKV7QEXWFLIQUJ232A,8,1083,8,1.561278124459133,0.108337743529675,1.2711204361603468,13.875,0.5716888020833333,0.25,2
AGHT25BYEABW36US2SQLT7DJYSGA,1,3125,1,-0.0,0.5577466835865666,0.0,3.0,0.5,0.0,1
AGHV75FDJRMJMTXU5CHJGCA7N67Q,1,587,1,-0.0,0.5577466835865666,0.0,32.0,0.2125,1.0,3
AGHWZRZY7UYGZAYBZ2JADLTCSKKQ,8,1747,8,1.2987949406953985,0.5577466835865666,0.0,3.25,0.6097709517045454,0.25,1
AGHXCSGANT6RAPEJPIQZV4EYI2UA,1,1182,1,-0.0,0.5577466835865666,0.0,5.0,0.8,1.0,3
AGHYD7QDXZ4GKZG42W6TWXVTVQQQ,1,2255,1,-0.0,-1.2398890766409998,0.0,13.0,0.1,0.0,0
AGHZV23KQUP5S32LBAEAGO3QMQ3A,1,2455,1,-0.0,0.5577466835865666,0.0,11.0,-0.2430555555555555,1.0,3
AGI3VWFRRXY5MAZALSP2KBQYZMXQ,8,565,8,2.0,0.2206899785438979,0.4651824473907201,14.0,0.5385416666666667,0.375,2
AGI5WCODFNNY5MKGED2667RA4ZAA,2,1140,2,1.0,-0.3410711965272165,0.0,34.5,0.2633333333333333,0.5,2
AGIAAM4LSGEGLP4IMKCFZ6OQQXSA,4,729,4,0.8112781244591328,0.108337743529675,0.8988178801137833,16.25,0.3011111111111111,0.0,2
AGIADC5U3GJJHMWYZA3K57RK4NOA,1,3444,1,-0.0,0.5577466835865666,0.0,31.0,0.2958333333333333,0.0,1
AGIE6PF7DAMR3SG4MR7XKSR4OCAQ,1,2110,1,-0.0,0.5577466835865666,0.0,5.0,0.0,0.0,1
AGIEGCFNZT6H3TBNHIRFRX2SBAHQ,1,980,1,-0.0,0.5577466835865666,0.0,7.0,0.9,0.0,1
AGIENJ3CKSAF3S2Z66IIDDGXNJQA,1,3266,1,-0.0,0.5577466835865666,0.0,33.0,0.75,0.0,1
AGIF4RXMGYGGOETIN7H7SHI2HTGA,3,1477,3,-0.0,0.5577466835865666,0.0,28.666666666666668,0.2053333333333333,0.3333333333333333,1
AGIFPBRP2WHQ6C3H5CV45KUB7GWQ,1,3012,1,-0.0,-0.3410711965272165,0.0,140.0,0.0806746031746031,0.0,0
AGIGXUUY2YSLLUWMZNQAKSKJ7VNQ,1,2102,1,-0.0,-3.0375248368685663,0.0,11.0,0.175,0.0,0
AGII7CWVYIB2BEVHKBAEFZTNSRDA,1,1646,1,-0.0,0.5577466835865666,0.0,9.0,0.690625,0.0,1
AGIJLFDWVKG57TYZTHBLW2DRXYEQ,6,248,6,1.4591479170272448,0.2581407235486389,0.4641475574605516,15.166666666666666,0.5291666666666667,0.3333333333333333,2
AGIKIE7SX36YMIE4SFEOQFV62GTQ,1,2326,1,-0.0,0.5577466835865666,0.0,139.0,0.2307692307692307,0.0,1
AGILOBEJLNCWCUNVM4YXRSDX5WCQ,1,1599,1,-0.0,0.5577466835865666,0.0,68.0,0.4527777777777778,0.0,1
AGILTDUNVM2ZLQZ24AHKPA4I5I6A,6,189,6,1.9182958340544891,0.2581407235486389,0.4641475574605516,14.166666666666666,0.3648611111111111,0.6666666666666666,2
AGIMKDMO3LUDHHGG4ZHXPPZ5OYMA,3,56,3,0.9182958340544896,-0.3410711965272164,1.5567982351084246,40.333333333333336,0.1527513227513227,0.6666666666666666,2
AGINCUWXX4NVVWN55T55DYNIHOHA,1,336,1,-0.0,-1.2398890766409998,0.0,12.0,0.2111111111111111,0.0,0
AGIQ6IYKJPETC2AZ7ZDBUT5PMZEA,1,2439,1,-0.0,0.5577466835865666,0.0,6.0,0.5,0.0,1
AGIRDGXXNVS3ZGT2G7OZZAJY4MMQ,1,577,1,-0.0,0.5577466835865666,0.0,13.0,0.4416666666666666,0.0,1
AGITLL3SHUQJMUVC4LWUSND7G7DQ,1,4518,1,-0.0,0.5577466835865666,0.0,106.0,0.4734126984126984,0.0,1
AGITTRPCLDZRSCBZKO67R7XJTWBA,1,2898,1,-0.0,0.5577466835865666,0.0,11.0,0.65,0.0,1
AGIUQK6WEAZ3N3ZK7Y3J4Q3ROK2Q,1,1301,1,-0.0,0.5577466835865666,0.0,1.0,0.7,1.0,3
AGIV5OAXNWAOSZVBLC7EHADCMZGA,1,5151,1,-0.0,0.5577466835865666,0.0,55.0,0.2433673469387755,1.0,3
AGIVCFIF6OOD25YVU5WFCRT46RIQ,1,875,1,-0.0,0.5577466835865666,0.0,11.0,0.65,0.0,1
AGIW7MUCULNVHSYUFWUSKIDHAICA,1,2486,1,-0.0,0.5577466835865666,0.0,7.0,0.3333333333333333,0.0,1
AGIXTIMXPEXIUXG7Q663I7GMLOTA,6,2880,6,-0.0,-0.1912682165082526,0.6766055199156052,66.0,0.188991853054353,0.3333333333333333,1
AGIY6JMOIDKWRKAQBEP3VFWGWDSA,1,2517,1,-0.0,-0.3410711965272165,0.0,18.0,0.2466666666666666,0.0,1
AGIYSA62BZULHNSJTMPAT5IC3MLQ,9,1098,9,-0.0,0.5577466835865666,0.0,2.5555555555555554,0.7000000000000001,0.2222222222222222,1
AGIYUTCLWHHOWH2CJPCYXDD256NA,1,1154,1,-0.0,0.5577466835865666,0.0,2.0,0.5,1.0,3
AGIZ2XQK3K7PZYV5Z4K7NK66756Q,5,151,5,-0.0,0.5577466835865666,0.0,119.6,0.1779128186628186,0.6,3
AGIZBZE2A5RHHMTOFNBJM2L22QPA,1,3000,1,-0.0,0.5577466835865666,0.0,1.0,1.0,0.0,1
AGJ2JO45F52FXDSPOGK3PKXU5OKA,1,149,1,-0.0,-2.138706956754783,0.0,20.0,-0.375,0.0,0
AGJ2KJ6DA7ULLYUI3G5DQKR3UV2Q,2,3739,2,-0.0,0.5577466835865666,0.0,80.0,0.3418333333333333,0.0,1
AGJ2OMRPTIXYFD5FJDQD2ZM7BNOA,1,3278,1,-0.0,0.5577466835865666,0.0,49.0,0.7666666666666666,0.0,1
AGJ3XWQI46FTJ77PQHHVT5D56FTA,1,1470,1,-0.0,-1.2398890766409998,0.0,8.0,0.6,0.0,1
AGJ53XJHNSULUP53Q7K6LSA2ETXQ,1,2628,1,-0.0,0.5577466835865666,0.0,40.0,0.9,0.0,1
AGJ6KAVJYUYFYVCOTJCCCTU7VCVA,1,5162,1,-0.0,0.5577466835865666,0.0,48.0,0.2128571428571428,0.0,1
AGJ6YDXA2JKJE5UQWQZWB3MWNKOQ,1,1690,1,-0.0,0.5577466835865666,0.0,12.0,0.3916666666666666,0.0,1
AGJBOGH3OSFCC5DROTIA4DY2GDRA,3,210,3,-0.0,0.5577466835865666,0.0,20.666666666666668,0.6343518518518518,0.0,1
AGJC2XNWKBP4W7ACO7EC4OZI6P2A,1,634,1,-0.0,0.5577466835865666,0.0,9.0,0.55,0.0,1
AGJCKQTMSQCD5YRZ4KQ2GZNT4LMQ,1,2604,1,-0.0,0.5577466835865666,0.0,8.0,0.775,0.0,1
AGJCQJMMUWTSCMZWQ2BMYCBOKBVQ,1,1533,1,-0.0,0.5577466835865666,0.0,47.0,0.3,0.0,1
AGJDGUWUGHG5NLH7MR7FLBTMIWEQ,1,679,1,-0.0,0.5577466835865666,0.0,17.0,0.0,0.0,1
AGJE5H2HHMZUTTCN2YGZBLKS3QGA,2,1526,2,-0.0,-0.7904801365841081,0.6355602180801734,280.0,0.1577187286397812,0.5,0
AGJFEHVC4XBS44CGHQTP4JQM5FUQ,2,2578,2,-0.0,-1.2398890766409998,2.5422408723206935,16.0,-0.0763636363636364,0.0,2
AGJG435R2EJLXGQ2SCU5G2WDBSIA,1,3029,1,-0.0,-0.3410711965272165,0.0,132.0,0.17625,1.0,3
AGJGJJ5JHJGIDHMW7EQ3CBSRRZ4Q,1,3880,1,-0.0,0.5577466835865666,0.0,73.0,0.3657407407407407,0.0,1
AGJGO3CDKAJQUESHDTGB46WPKHCA,1,3243,1,-0.0,0.5577466835865666,0.0,791.0,0.1212647148173463,0.0,0
AGJHOFW33RUPBXXDO25V6GGGFHTA,1,752,1,-0.0,0.5577466835865666,0.0,2.0,0.0,0.0,1
AGJHXACJPEJUDTONGTC7RGTMBMJQ,1,908,1,-0.0,0.5577466835865666,0.0,7.0,1.0,1.0,3
AGJJZYM3TLWHJNQDSIEQEC6POHVQ,1,1666,1,-0.0,0.5577466835865666,0.0,80.0,-0.0177777777777777,0.0,1
AGJKAJIM6NKJ73KRSGEEMLFZ5GLA,1,1251,1,-0.0,0.5577466835865666,0.0,15.0,0.5666666666666668,1.0,3
AGJKHQP5FNQVKH5IUIBWWLHELUOQ,6,772,6,-0.0,0.2581407235486389,0.7338817259896108,154.33333333333334,0.2350666740888032,0.1666666666666666,1
AGJMFQINXUUTEHELLCZWZ7FOUWKA,1,742,1,-0.0,0.5577466835865666,0.0,14.0,0.3666666666666667,0.0,1
AGJMW3TUCFXJCBHGHLQUX3KAPVFQ,1,2992,1,-0.0,0.5577466835865666,0.0,21.0,0.8,0.0,1
AGJNVOT2M5ABHV6TDAPHZ44GKYHQ,1,3490,1,-0.0,-0.3410711965272165,0.0,23.0,0.39375,0.0,1
AGJNW4NJKGIKH5YFFKZ5Z6FPCIAQ,1,3127,1,-0.0,0.5577466835865666,0.0,1.0,0.7,1.0,3
AGJO2OS2ZIRSD24IAOOXTAV57HTQ,4,577,4,-0.0,-2.138706956754783,1.037865490072283,7.25,0.0857954545454545,0.25,0
AGJOKZFVJ665TS2NJFP46AJQJL3Q,12,176,12,1.8250112108241772,0.0334362535201931,0.8954067942595041,17.583333333333332,0.3544642857142857,0.5,2
AGJSTXSEWFVQWVQINO6QKMNBUUNA,16,266,16,1.954434002924965,0.3330422135581208,0.8988178801137833,17.1875,0.4565139678030303,0.125,2
AGJT4SLVYY2VOORU7XZCK2YIRYAQ,4,989,4,0.8112781244591328,-0.5657756665556624,1.7014347869108912,50.25,0.1847916666666666,0.5,2
AGJUT4Z42GSGX2YGIYH574YNTESQ,1,1418,1,-0.0,0.5577466835865666,0.0,2.0,0.0,0.0,1
AGJVDVEZKTGTBT4CSQIGTVRHGFMQ,1,4082,1,-0.0,0.5577466835865666,0.0,80.0,0.3083333333333333,0.0,1
AGJVJZIJR3GKCY4CJD56MKIKP6FA,1,2642,1,-0.0,0.5577466835865666,0.0,20.0,0.575,0.0,1
AGJW4QRNRZCR7P726R5E32TDGRGQ,1,1716,1,-0.0,0.5577466835865666,0.0,5.0,1.0,0.0,1
AGJXHIPXCK4WKVEZ442E55WLA4NA,5,54,5,0.7219280948873623,0.5577466835865666,0.0,22.2,0.3299999999999999,0.2,1
AGJXL67RNFKX2XVYLHM2EG4UOTCQ,14,1369,14,0.3712323266408756,0.2367402978316441,0.8348065259605837,27.571428571428573,0.4084918481402856,0.1428571428571428,2
AGJXTLEOLLTIX5AAGFPBZ7CNNVOQ,8,42,8,0.954434002924965,0.2206899785438979,0.6687419028879539,8.375,0.2783333333333333,0.5,2
AGJY4LG74YJEJBVWIPIMIZ464ELA,65,941,65,1.141234870782259,0.4747788792683712,0.4119843835519102,9.753846153846156,0.0666097364174287,0.0153846153846153,2
AGK3F6BXYCB6AN2OKEVQ4XJPKFLQ,1,1416,1,-0.0,0.5577466835865666,0.0,50.0,0.0944444444444444,0.0,1
AGK3NYKU3CARH7ECUIKNPLUMO4OQ,6,1490,6,0.6500224216483541,-0.1912682165082526,1.050758723432765,58.833333333333336,0.2504486531986531,0.8333333333333334,2
AGK4YQYSSY3FU3SNX3EQJONELJJA,1,4000,1,-0.0,0.5577466835865666,0.0,103.0,0.1842592592592592,0.0,1
AGK5CKDQ2FQPMW7355MCA2MIZUPA,1,1856,1,-0.0,0.5577466835865666,0.0,151.0,0.1401960784313725,0.0,1
AGK6RA227KTKYYYKVKUIFURZQCHA,1,416,1,-0.0,0.5577466835865666,0.0,30.0,0.41,0.0,1
AGKAFOV5L7PJNCIKBCJM42BJ5K4A,5,153,5,0.9709505944546686,-1.7791798047092695,1.7521186061812408,42.6,0.1891309523809524,0.8,2
AGKAL4ZH6TKRJX5ABK66AKNU4CEQ,1,1306,1,-0.0,0.5577466835865666,0.0,14.0,0.35,0.0,1
AGKASBHYZPGTEPO6LWZPVJWB2BVA,25,162,25,1.3234669541469457,0.054408670722848,0.7818510152750274,40.32,0.3904038011988012,0.2,2
AGKBIUKC4XGWNRIIH33OQIVVE3DA,2,1088,2,1.0,-1.2398890766409998,1.271120436160347,19.5,0.0394444444444444,0.0,2
AGKC2AJZES36RVSLBSYOHNQQWHLQ,1,2803,1,-0.0,0.5577466835865666,0.0,8.0,0.4549999999999999,0.0,1
AGKDNSUWEKAGQ7GMAI6JCOSUKP6Q,1,1772,1,-0.0,0.5577466835865666,0.0,5.0,0.2,0.0,1
AGKDVEFZ3KQQ6P65LZBRKBSVNUEA,1,17,1,-0.0,-1.2398890766409998,0.0,48.0,0.225,0.0,0
AGKFRCDY4WBW4RH6GFYFJ3T3XBSA,27,73,27,1.6228840266950797,0.3580093768946148,0.7196302387481113,37.407407407407405,0.285028832193184,0.2592592592592592,2
AGKH2QE47CJHTV3HDCP7U6SGQHZQ,1,3472,1,-0.0,0.5577466835865666,0.0,58.0,0.4395833333333333,0.0,1
AGKHDQO3Q74QAOVEQEIZ3BMSDEBA,2,1934,2,-0.0,-2.138706956754783,0.0,7.0,-0.2,0.0,0
AGKHLEW2SOWHNMFQIJGBECAF7INQ,23,50,23,1.6668127273868607,-0.0284388904006832,0.8400547260930332,25.17391304347826,0.2419123102139406,0.217391304347826,2
AGKKAXZPXFYIBA3N53YNJYU2AT3Q,40,294,40,1.469973094021975,-1.442123099666601,1.5024597230506955,72.25,0.1280059321686054,0.225,2
AGKKCD6TYVYVC2EOWPV6W3DPXOWA,10,1507,10,-0.0,0.4678648955751884,0.2842311702843717,27.8,0.5175146464646464,0.0,1
AGKKOTJIXO26HCUZLFH7DWDXEHIA,1,5467,1,-0.0,-0.3410711965272165,0.0,583.0,0.0994505494505494,0.0,0
AGKL6HULUU4BORINRMSKERMGN6YQ,1,1898,1,-0.0,0.5577466835865666,0.0,25.0,0.3,0.0,1
AGKLKPFCNFYZCWKGTIPRVSUVH4TQ,1,1581,1,-0.0,0.5577466835865666,0.0,15.0,0.5,1.0,3
AGKMQ4MPN2246RS6RYYOUZXZ5BYA,1,6300,1,-0.0,0.5577466835865666,0.0,225.0,0.3506204906204906,0.0,1
AGKMYLSUFPBJOVGVOTAWJAA6LB3A,1,545,1,-0.0,0.5577466835865666,0.0,13.0,0.0,1.0,3
AGKNLO6XEIGAUGDRSVDGBTTMMI2A,1,968,1,-0.0,0.5577466835865666,0.0,3.0,0.5,0.0,1
AGKO5OGFXXCN354PFOSNIXFTYOXA,2,2434,2,-0.0,0.5577466835865666,0.0,206.5,0.339125939849624,0.5,3
AGKOCI42H5IOUPNTMSL2TNMPT4DQ,1,1921,1,-0.0,-3.0375248368685663,0.0,3.0,0.0,0.0,0
AGKQIAGUYCZUZUOZRJSWFBRQ4QUQ,3,1071,3,-0.0,0.5577466835865666,0.0,58.333333333333336,0.4630635315205628,0.0,1
AGKRR3EPZBPRC4VYVWYPXVURJEJA,7,1291,7,0.9852281360342516,-0.4694737508291857,1.754312869540974,10.428571428571429,0.6323809523809524,0.2857142857142857,2
AGKSMQPOOZ5SFO3DBIYLPHFFEQOA,1,3037,1,-0.0,0.5577466835865666,0.0,18.0,0.3,1.0,3
AGKSSNLDIG5HY5FXYVE6UVXKVDYQ,2,2244,2,-0.0,0.108337743529675,0.6355602180801734,1.0,0.7,0.5,1
AGKTKZCIVBDXOAROEYTJTFCEF2ZQ,1,1606,1,-0.0,0.5577466835865666,0.0,29.0,0.5,0.0,1
AGKTNVC27SRGFBCPK2ZUAYAMXBMA,2,642,2,-0.0,0.5577466835865666,0.0,188.0,0.1690235302332076,0.5,3
AGKTPA4K3NKKVKX3RHSW7ZBLZEXA,1,2691,1,-0.0,0.5577466835865666,0.0,55.0,0.0138888888888888,0.0,1
AGKVNYQO6TEMOBIJJXZ3GFUS7YRA,7,202,7,-0.0,-0.5978763051311546,1.6986061319423842,9.285714285714286,0.3299319727891157,0.5714285714285714,2
AGKWHKOHLJ67RWNS3UD6EESLUJWQ,1,1561,1,-0.0,0.5577466835865666,0.0,10.0,0.0,0.0,1
AGKWXMFORZWA7EEQSP3IIIKRB5SA,7,692,7,0.5916727785823275,0.5577466835865666,0.0,6.0,0.5480952380952381,0.1428571428571428,1
AGKXRBHCLNZEYQW3TNBHM6KABJ2A,4,566,4,-0.0,0.5577466835865666,0.0,14.0,0.4645833333333333,1.0,3
AGKZ5NMTU4O434FWV6DTY6VPE5ZQ,1,548,1,-0.0,0.5577466835865666,0.0,27.0,0.4020408163265306,0.0,1
AGKZQXDUBIFLGOOE4G2AXVE3VGPA,1,319,1,-0.0,0.5577466835865666,0.0,11.0,0.6666666666666666,0.0,1
AGL3ZIRVGBCALLXKL3KH33D47Y5Q,2,90,2,1.0,0.5577466835865666,0.0,10.5,0.2437499999999999,1.0,3
AGL4ONTBDK25CMT2FVCZAUGLWNHQ,6,2753,6,-0.0,0.5577466835865666,0.0,59.0,0.5098484848484849,0.1666666666666666,1
AGLART27AD2W23TI6DJIQK4VL77Q,1,1848,1,-0.0,0.5577466835865666,0.0,14.0,0.55,0.0,1
AGLC26NTLVHQAAEKAXBUMJPW5APQ,7,1091,7,0.863120568566631,0.4293441292845976,0.3397212263884768,26.571428571428573,0.2910714285714286,0.4285714285714285,2
AGLFNVDGHG5FUL66DCV6K6S5WI3A,1,3722,1,-0.0,0.5577466835865666,0.0,20.0,0.29,1.0,3
AGLG7HGHPBKQ7KW6SGNOI3QER36Q,2,1157,2,-0.0,0.5577466835865666,0.0,6.0,0.5625,0.0,1
AGLHRXHXPXK6M7LUU4NZXE3GQFMA,5,308,5,0.9709505944546686,-0.3410711965272165,0.6355602180801734,24.8,0.3544761904761904,0.0,2
AGLI3S64VJKPRU4YJJYJCG7NUCFQ,1,5154,1,-0.0,0.5577466835865666,0.0,75.0,-0.0904761904761904,0.0,1
AGLNBZ6ZWHJRPPBR3WMCB7O4IWHA,1,3085,1,-0.0,0.5577466835865666,0.0,5.0,0.5,1.0,3
AGLO362476HXCO25AQPZBVUBOTFA,1,5574,1,-0.0,0.5577466835865666,0.0,49.0,0.2901360544217687,0.0,1
AGLPOJMBASVR7R6MRV5A7U566HYA,1,5452,1,-0.0,0.5577466835865666,0.0,201.0,0.341025641025641,1.0,3
AGLQDDJTHRGIY4KWEXLA3YBD47PQ,3,195,3,1.584962500721156,0.2581407235486389,0.5189327450361415,26.666666666666668,0.2876851851851851,0.6666666666666666,2
AGLQQCIS5V6EGUCS5SSNHWZHQM6Q,25,30,25,1.3209242772281589,0.0184559555182967,0.5801844468256895,125.72,0.251248542920692,0.04,2
AGLSLOX2P37AHI3226NKGC6EACCA,1,3484,1,-0.0,0.5577466835865666,0.0,28.0,0.3560714285714286,1.0,3
AGLSPX46WV5MRTNJ7ZTVYSHABZJQ,1,1171,1,-0.0,0.5577466835865666,0.0,3.0,0.55,0.0,1
AGLTD5D27LFEX6DOPBCPPPIQ4LWA,1,2614,1,-0.0,0.5577466835865666,0.0,60.0,0.2303729603729603,0.0,1
AGLW7BUU3JTLK2TBWJ4EFHUYSKXA,4,260,4,-0.0,-1.2398890766409998,2.0757309801445665,8.25,0.2133928571428571,0.0,2
AGLXR57CUE7T523XBH5ADVTRXJFQ,1,10,1,-0.0,0.5577466835865666,0.0,2.0,0.5,0.0,1
AGLYXJWOKX3CTL3XV25BZN5CFUGA,1,2546,1,-0.0,0.5577466835865666,0.0,1.0,0.7,1.0,3
AGLZ77IVBJNR3CLB7LELXTWYLREA,2,2168,2,-0.0,0.5577466835865666,0.0,9.0,0.5,1.0,3
AGLZXJAG6OG3A2XVUTIP7P7E2O5A,3,217,3,-0.0,0.5577466835865666,0.0,45.333333333333336,0.2228535353535353,0.0,1
AGM3X56CJGAJDIT7DQTJMSBVG2UQ,1,1733,1,-0.0,0.5577466835865666,0.0,21.0,0.4,1.0,3
AGM3YP753ITBWIEJ7ESAZVLMD7AQ,3,4063,3,-0.0,-1.5394950366789275,1.037865490072283,94.0,0.1877652902652902,0.0,0
AGM4LKIWCYW2O2Q36JQMC6EIVPSQ,1,1725,1,-0.0,0.5577466835865666,0.0,44.0,0.2081128747795414,0.0,1
AGM7CFO4KCD5WGEOAY5LXGNLXBNA,2,281,2,-0.0,0.108337743529675,0.6355602180801734,33.5,0.4734956709956709,0.0,1
AGM7LYL3KI2CWJ7GY5ECYNPGLRCA,2,1571,2,-0.0,0.108337743529675,0.6355602180801734,6.5,0.0,0.0,1
AGMAAAXJUHX6OPJWI56TFZD3D3MQ,3,450,3,1.584962500721156,-0.6406771565651443,2.075730980144566,10.666666666666666,0.4425925925925926,0.0,2
AGMADXJ2IX5EL2WOEAMK3YPPWO7A,1,2053,1,-0.0,0.5577466835865666,0.0,4.0,0.0,0.0,1
AGMAH35EZUFTDCSEW4PQQY7EUMAQ,1,2171,1,-0.0,0.5577466835865666,0.0,48.0,0.1142857142857143,0.0,1
AGMAPS3YMZRN2XQ57PTNLPDCKLBQ,1,4748,1,-0.0,0.5577466835865666,0.0,72.0,0.17625,0.0,1
AGMBLP4JLQK6M3UZQY655VZP73XA,9,180,9,1.3516441151533924,-1.040151769949048,1.8948744685624783,19.11111111111111,0.4769675925925926,0.6666666666666666,2
AGMCOSKKD4CZJLQMIPYTC2L7CX6A,1,3175,1,-0.0,0.5577466835865666,0.0,12.0,0.0,0.0,1
AGMD2RHNLNVBRKSNK732CM3T27FA,1,1160,1,-0.0,0.5577466835865666,0.0,4.0,0.5,1.0,3
AGMDLK6RM7S3KMSZSCSTRIXXRTJQ,2,4188,2,-0.0,0.5577466835865666,0.0,47.5,0.1988095238095238,0.5,3
AGMF7G6Y5WX4WXHQUZXSBWZHEJIQ,1,3732,1,-0.0,-3.0375248368685663,0.0,26.0,-0.8888888888888888,0.0,0
AGMGATAWNY43GHVJH7QIICP4ZQQA,2,710,2,1.0,0.5577466835865666,0.0,82.0,0.4887254901960784,0.0,1
AGMGNTI5Y7GXQCGZYA2PJQRWI3SA,67,46,67,1.4080568512494869,-2.8094665687799947,0.8618784486003641,15.671641791044776,-0.0109658481733531,0.2388059701492537,2
AGMIR55WOIO2FXQ3CECMFR2FHKXQ,1,7234,1,-0.0,0.5577466835865666,0.0,62.0,-0.2264880952380952,0.0,1
AGMJ25LFDEQJRF3OACBXGONJJ44Q,2,1299,2,-0.0,0.5577466835865666,0.0,4.0,0.5,0.0,1
AGMJ3EMDVL6OWBJF7CA5RGJLXN5A,4,1145,4,1.5,0.3330422135581208,0.4494089400568916,26.25,0.2870738636363636,0.5,2
AGMJFVYKSZAU5AR3IBQMNCJUBSWA,1,1214,1,-0.0,0.5577466835865666,0.0,9.0,0.5333333333333333,0.0,1
AGMJNLHASJA3QAPS23T7LW4VBGLA,1,2198,1,-0.0,0.5577466835865666,0.0,12.0,0.5,0.0,1
AGMKOM3374MIOS47KXTIFEGAFKOQ,9,194,9,0.9864267287308424,-0.1413338898352647,1.2533416523754992,18.88888888888889,0.137775888133031,0.1111111111111111,2
AGMKYHHJC5F2TB23XAI6B3XIELAA,1,2572,1,-0.0,0.5577466835865666,0.0,15.0,0.55,0.0,1
AGMMAQVN5LH5CYR5VLPGAYRLFBJA,2,39,2,-0.0,0.5577466835865666,0.0,5.0,0.5166666666666666,0.0,1
AGMPLWXJFPA4HCHRGK6GWJ2PIV2A,1,1342,1,-0.0,0.5577466835865666,0.0,21.0,0.0875,1.0,3
AGMR4JSMZNB6U2GMRY7ZPDQFBBOQ,5,150,5,0.7219280948873623,-1.599416228686513,1.632783763797392,33.0,0.2165515873015873,0.0,2
AGMRS5FXDLGWAHH6NBSY7XVISE4A,2,2329,2,-0.0,0.5577466835865666,0.0,1.5,0.48828125,0.5,1
AGMRTU7EIH2JBCDAUKLODARJXHHA,5,158,5,0.9709505944546686,-1.2398890766409998,1.7976357602275663,26.2,0.1361269841269841,0.6,2
AGMRVMOQ4QIQZ7LUGKIRMNRUGJLQ,1,348,1,-0.0,0.5577466835865666,0.0,23.0,0.2166666666666666,1.0,3
AGMUU2ZAK7Z4L6HLCQ3YAKDBAJJQ,22,48,22,1.5289659680720935,-0.4227819129011969,0.9966091801267324,61.90909090909091,0.2325734464538358,0.4090909090909091,2
AGMVLAZ2MTEAIVIZZPI32YRJQVFA,1,1712,1,-0.0,0.5577466835865666,0.0,36.0,0.4399999999999999,0.0,1
AGMXMZWCPYOPWYT3AGRU25Y7QLOQ,3,1014,3,0.9182958340544896,-0.3410711965272164,1.5567982351084246,12.0,0.3341666666666666,0.3333333333333333,2
AGMXROOBB544BZ5FZ27NBIRN7COQ,1,1309,1,-0.0,-2.138706956754783,0.0,73.0,0.2022222222222222,0.0,0
AGMY5ILV6BKWZ22ADOMCTFNSSH5Q,4,468,4,-0.0,-0.7904801365841083,1.721105206714045,14.5,0.0447916666666666,0.5,2
AGMYVL7XCG2SSQFV4U2H4IARHBLQ,1,1958,1,-0.0,0.5577466835865666,0.0,8.0,0.875,1.0,3
AGMYZVLX4ECVWHPBLYAV2GU36YFA,1,3393,1,-0.0,-0.3410711965272165,0.0,36.0,0.5333333333333333,1.0,3
AGMZO7NPGHYPLCOCLMQEDGKNCHVA,47,116,47,1.305688830977123,0.0414044971382231,0.7894813617789235,623.1063829787234,0.1870225456178373,0.3404255319148936,2
AGN4NFX7IOZUSK4MALJ7SQHCUKXQ,1,1324,1,-0.0,-0.3410711965272165,0.0,22.0,0.0,0.0,1
AGN5WTQGOP3RZLACLWBZNGFK2UMA,1,2369,1,-0.0,0.5577466835865666,0.0,4.0,1.0,0.0,1
AGN7BAT25MJJSRPRJLCAP5ZVYALA,5,31,5,-0.0,-0.8803619245954865,1.9692113121091728,31.0,0.3097272727272727,0.4,2
AGNBI6M3GB4JJEA24YN5TTQMDQMA,1,354,1,-0.0,0.5577466835865666,0.0,14.0,0.3444444444444444,0.0,1
AGNEMQIK7HFXBLCBRZMBFWV2TOVA,1,1275,1,-0.0,0.5577466835865666,0.0,17.0,0.3999999999999999,0.0,1
AGNFVXK3OGIKFCQUASZC7OMH2RZA,1,1560,1,-0.0,-0.3410711965272165,0.0,20.0,0.2666666666666666,1.0,3
AGNI7RHCQM3VIC2PQLFVUZ2XCBGA,2,316,2,-0.0,0.5577466835865666,0.0,6.0,0.7250000000000001,0.0,1
AGNLHE4I2AO2V23VQ5Q2BIBDFM2A,2,14,2,1.0,-2.138706956754783,1.2711204361603468,12.0,0.1768956043956044,0.0,2
AGNMJ2LCYQ57BIMVHW75C6MCJPWQ,1,1623,1,-0.0,0.5577466835865666,0.0,15.0,0.3125,0.0,1
AGNOZO5LJUUO2HMMH7T43LXP4HJQ,4,672,4,0.8112781244591328,-0.7904801365841082,1.721105206714045,12.75,0.4791666666666666,0.0,2
AGNQVHZDKTKGX6OYVTEWV53YIQSQ,1,2437,1,-0.0,0.5577466835865666,0.0,3.0,1.0,0.0,1
AGNUR74M4F4QK5BACK4IOZW47E2Q,1,3659,1,-0.0,0.5577466835865666,0.0,41.0,0.8083333333333332,1.0,3
AGNUU3OZ4L7UGAXA72NJIDDFJYDQ,1,1112,1,-0.0,-3.0375248368685663,0.0,25.0,-0.5625,1.0,0
AGNVHS4AY4B7UMI67FO3WLRTELPQ,4,1128,4,-0.0,0.108337743529675,0.5189327450361415,306.5,0.3113967092520462,0.25,0
AGNWCODLFTQSLLD4DUTROW5UEKBQ,3,1347,3,-0.0,0.2581407235486389,0.5189327450361415,2.3333333333333335,0.5,0.0,1
AGNY7DYN2AEOV7UM5TR75LRM5SGQ,1,916,1,-0.0,0.5577466835865666,0.0,74.0,0.1901515151515151,1.0,3
AGNYBNJTU624N33KWBRWHTLIVXRQ,3,251,3,0.9182958340544896,-0.6406771565651442,2.075730980144566,9.0,0.0111111111111111,0.3333333333333333,2
AGNYVH3XWJJETCAWURHBFLQPNHPA,1,2403,1,-0.0,0.5577466835865666,0.0,5.0,0.4277777777777777,0.0,1
AGNZBST6NX5G67HPZE7KUTN2DE6Q,1,1904,1,-0.0,0.5577466835865666,0.0,12.0,0.4666666666666666,0.0,1
AGNZODFXG6WNNJUAKR3MI42SDG5A,1,422,1,-0.0,0.5577466835865666,0.0,2.0,0.0,0.0,1
AGO3ASQ7A7MJOKSPQQ7NQOKZHNLA,2,859,2,-0.0,0.108337743529675,0.6355602180801734,5.5,0.0,0.5,3
AGO3H7RLCHVCCYG44FAHDBYPUA4Q,11,173,11,0.4394969869215134,0.0674823853426849,0.8396745247944942,80.0909090909091,0.2039156075653401,0.2727272727272727,2
AGO3N3SYF2NFSQGRSEDVQGNHBIDA,1,785,1,-0.0,-1.2398890766409998,0.0,83.0,0.1102564102564102,0.0,0
AGO3WKZC33MCSLR2BLPTQ37BQC4A,1,198,1,-0.0,0.5577466835865666,0.0,9.0,0.6666666666666666,0.0,1
AGOARSYUNQFUDQOYQ34OZVAIJIVQ,1,607,1,-0.0,0.5577466835865666,0.0,24.0,0.1681818181818181,1.0,3
AGOBGYVNSICHBXHD6IMPYFTGCBWQ,1,1443,1,-0.0,0.5577466835865666,0.0,79.0,0.06,0.0,1
AGOEOPHEQDQYEQEJFI53KFUDLZVA,1,1091,1,-0.0,0.5577466835865666,0.0,12.0,0.85,1.0,3
AGOGYRY7ZP2CRQQARCEHFZJQJRPA,1,2936,1,-0.0,0.5577466835865666,0.0,2.0,0.5,0.0,1
AGOIAAYVSIJTHJWCMNXCG7CUF3YQ,1,3150,1,-0.0,0.5577466835865666,0.0,89.0,0.3228571428571429,0.0,1
AGOIGPPIPBEVDV3RAQV6KTRVMY4Q,1,3746,1,-0.0,0.5577466835865666,0.0,70.0,0.5142857142857143,0.0,1
AGOJ2WRTHOHG74QBQUSM7LCTOVKA,2,1646,2,-0.0,0.5577466835865666,0.0,8.5,0.4833333333333333,0.0,1
AGOJCRXEVP2RYIFRXBOSWCISVZZA,1,1221,1,-0.0,0.5577466835865666,0.0,1.0,0.5,0.0,1
AGOL7B2AP3JDLUIWDQU2F6HXQQJA,1,2616,1,-0.0,-0.3410711965272165,0.0,2.0,0.0,1.0,3
AGOMGWFQQGFNSIQNGXIL2USM3EOA,1,688,1,-0.0,-3.0375248368685663,0.0,40.0,0.1247023809523809,0.0,0
AGON3GV6Q37EUUSTQUWEAZ35D5JA,2,2014,2,-0.0,0.5577466835865666,0.0,1.0,0.0,1.0,3
AGONBH7MBHL533S4LB6DFBOKODLA,1,1250,1,-0.0,0.5577466835865666,0.0,13.0,-0.6999999999999998,0.0,1
AGONQ3R67VNNSMTBCACXIZTIDO2A,1,1754,1,-0.0,-1.2398890766409998,0.0,33.0,0.42,0.0,0
AGOOMXAKSPZJBJWAOBDMDRBWL4IQ,1,1896,1,-0.0,0.5577466835865666,0.0,17.0,0.9255208333333332,1.0,3
AGOP4L5MJWIFVHANVTS6MAKNZUQA,1,5519,1,-0.0,-1.2398890766409998,0.0,16.0,0.3333333333333333,0.0,0
AGOQVJABLBHXIU4ETWVLKZ6Q6P5Q,2,134,2,-0.0,0.108337743529675,0.6355602180801734,70.0,0.1833333333333333,0.0,1
AGOR46NARFZQ35TJA7GVUWC7WX5Q,2,2702,2,-0.0,0.5577466835865666,0.0,11.0,0.39375,0.0,1
AGORX72T6YR43UQNAFHOOMJWHTBQ,1,3165,1,-0.0,-1.2398890766409998,0.0,73.0,0.0777777777777777,0.0,0
AGOTIZH7DO5TBSSAKDOMYQKDMDSA,4,688,4,-0.0,0.5577466835865666,0.0,49.5,0.5251893939393939,0.0,1
AGOTZY5BC6M5777IA7NZ4ZSHLUMA,24,203,24,0.9182958340544896,-0.0040144914845478,1.1797566195468274,16.25,0.4152856995435121,0.0416666666666666,2
AGOU6VS6GPDH3OVV2UZJWQXP6TLA,2,1740,2,-0.0,-1.2398890766409998,0.0,16.0,0.1270833333333333,0.0,0
AGOVHPSATUMD3YDRA4ESONVROHEQ,1,2811,1,-0.0,-1.2398890766409998,0.0,30.0,0.0399999999999999,0.0,0
AGOVW6NFUETMVWLUT4YFJGTSBH3Q,2,264,2,1.0,-1.2398890766409998,2.5422408723206935,14.0,0.1958333333333333,0.5,2
AGOWAMOCXA7S6BG2FUW45CP76VLA,1,3282,1,-0.0,0.5577466835865666,0.0,54.0,0.2666666666666666,1.0,3
AGOWLE4WQ7LR2TACF3WY3ZU7PQEA,1,3568,1,-0.0,0.5577466835865666,0.0,40.0,0.4479166666666667,1.0,3
AGOWLR52GJKEQ6ARUX5V6TJP7QLA,6,44,6,1.9182958340544891,-0.0414652364892888,1.088522509198261,58.333333333333336,0.2896979049756827,0.1666666666666666,2
AGOWSJ4ZAWXI37BO7ZQ4ACUFXWEA,1,1767,1,-0.0,0.5577466835865666,0.0,30.0,0.62,0.0,1
AGOYHRFI2AELLOQOTDDEI6YF3EWQ,1,908,1,-0.0,0.5577466835865666,0.0,39.0,0.2666666666666666,1.0,3
AGOZEV2KNVZXISNG4LF6GDDDKCQA,1,2700,1,-0.0,0.5577466835865666,0.0,27.0,0.2069444444444444,1.0,3
AGOZKQQ2BA7Y3HYT3BH3ZVZPI7RA,2,4006,2,-0.0,-0.7904801365841081,1.9066806542405204,92.5,0.2819372294372294,0.0,2
AGP37V5AZ3TUZO3YKBPPOSFNSR7Q,1,3044,1,-0.0,-0.3410711965272165,0.0,70.0,0.4416666666666666,1.0,3
AGP5DJYOCZK7JNM23N3O4TBTCPEA,1,3710,1,-0.0,-1.2398890766409998,0.0,32.0,-0.2666666666666666,0.0,0
AGP5RJCHPRDZ35TIERPXHVSIDOYQ,1,1364,1,-0.0,0.5577466835865666,0.0,21.0,0.39375,1.0,3
AGP6DTVY2ZZL35NFZTHRB66FBQZA,1,3237,1,-0.0,0.5577466835865666,0.0,41.0,0.3666666666666667,0.0,1
AGP77N3JWBG4QCXQV3IFI3FS6AEA,3,522,3,0.9182958340544896,-0.6406771565651442,1.3729669905337183,18.666666666666668,0.0637175324675324,0.0,2
AGP7K5DJ6MEYEJBGM45PAX43STAA,1,4521,1,-0.0,0.5577466835865666,0.0,32.0,0.1775,1.0,3
AGPBYMEVZKTYSCLNSN4YDADOIIKQ,5,1084,5,1.521928094887362,0.5577466835865666,0.0,16.4,0.5805833333333335,0.8,2
AGPCAJL4CPKKT4HHQXDHMSENYLOQ,1,2978,1,-0.0,0.5577466835865666,0.0,41.0,0.7475,0.0,1
AGPCPPOPETGPH4DIWBJ7VNYTXCMQ,1,1005,1,-0.0,-0.3410711965272165,0.0,22.0,0.5047619047619047,0.0,1
AGPDXNN2RD5RUDXRU4RCYJANYIPQ,1,2641,1,-0.0,0.5577466835865666,0.0,25.0,0.475,0.0,1
AGPFDHDKKUAYY256F7O7HVYZQUIA,2,63,2,-0.0,0.5577466835865666,0.0,79.5,0.1514180672268907,0.0,1
AGPFRZFBH4N6GIZTAVMORDDQ6CPQ,1,2923,1,-0.0,0.5577466835865666,0.0,4.0,0.26,0.0,1
AGPH7544I2VKY6BNZUB6TJCGIUNA,1,2205,1,-0.0,0.5577466835865666,0.0,4.0,0.65,0.0,1
AGPHO64AEPAVURFUJ2DCM7ZUUNAA,11,182,11,1.2406705316766884,-1.4850212257629407,1.6617637581968043,132.9090909090909,0.1016857397946552,0.1818181818181818,2
AGPKEFAZEOPEF2FCSPWZGLKTU7AQ,1,2238,1,-0.0,0.5577466835865666,0.0,11.0,0.75,1.0,3
AGPLJUO3D2KABJY4D2TMYQGE5M5A,1,2940,1,-0.0,0.5577466835865666,0.0,2.0,0.0,0.0,1
AGPND3LBV3Y442ZIYGO5OZKKLUOA,1,2395,1,-0.0,0.5577466835865666,0.0,7.0,0.7166666666666667,0.0,1
AGPNK4LAUX7FV5LKFYB4NCZN32PQ,2,3650,2,1.0,0.5577466835865666,0.0,22.0,0.625,0.0,1
AGPNYBV3JEPE74UKPDHDRTZYUYFQ,15,578,15,1.8256051990169435,0.4978254915789811,0.2320737787302758,17.8,0.3991203703703704,0.2666666666666666,2
AGPOZ62Q3ULTH7RLBK4BIJ75T2KQ,10,3384,10,0.4689955935892812,0.0184559555182966,1.2133116636545094,51.8,0.282237012987013,0.5,2
AGPQ7WZJ46LXVEP6HD6W7PHPQCPQ,1,2426,1,-0.0,0.5577466835865666,0.0,36.0,0.0375,0.0,1
AGPR2UDFIJJCBA3EKFEEAJBWKROQ,27,43,27,1.6395862451836642,-0.1080443387199394,1.1849037187657527,9.77777777777778,0.2626298701298701,0.2592592592592592,2
AGPRJ7DWS4UA6NBFXUN7TRUFQYEQ,1,2128,1,-0.0,0.5577466835865666,0.0,44.0,0.15,0.0,1
AGPSKOE7DHQUESZXLR2UFKZU5FAQ,3,92,3,0.9182958340544896,-0.940283116603072,1.8710386207450893,10.333333333333334,0.0944444444444444,0.0,2
AGPTIMGZKZBARDXGPEQ4DAGRSVGQ,3,159,3,0.9182958340544896,0.5577466835865666,0.0,15.333333333333334,0.2402777777777777,0.3333333333333333,2
AGPTT6T3WCBKB5HJKZ5R6NTEKIHA,1,6203,1,-0.0,0.5577466835865666,0.0,127.0,0.1284090909090909,0.0,1
AGPVEFS6575CL3PTN5LRWHA4FSWQ,1,3597,1,-0.0,0.5577466835865666,0.0,97.0,0.37625,1.0,3
AGPWOG4H6DEHOVNEXCNDN4VK5U4A,1,2713,1,-0.0,0.5577466835865666,0.0,90.0,0.3425925925925926,0.0,1
AGPXNVE7IY3QVMN7YKKUQT3BPHUQ,2,592,2,1.0,0.5577466835865666,0.0,28.0,0.5229166666666667,0.0,1
AGPZQCZ2CJHNAJT4XENZDN2UQVSA,6,596,6,-0.0,0.2581407235486389,0.7338817259896108,10.666666666666666,0.5038888888888889,0.0,1
AGQ2BWZLHY4WKCNHD3WDWAFF45CQ,1,4731,1,-0.0,0.5577466835865666,0.0,75.0,0.13875,1.0,3
AGQ4FW7A3CNUJSP5KYNUVCEBZA2A,1,714,1,-0.0,0.5577466835865666,0.0,40.0,0.4861111111111111,0.0,1
AGQ5PTYKBS73AT6ONAVTWZPWLTBA,1,2053,1,-0.0,-3.0375248368685663,0.0,11.0,0.0,0.0,0
AGQ7UXSCBTVVUAAYGCA76PVF2QWQ,1,698,1,-0.0,-2.138706956754783,0.0,26.0,-0.0377604166666666,1.0,0
AGQANGDZQGK2IOWOXHOCTPBPQRKA,2,2180,2,1.0,0.5577466835865666,0.0,16.5,0.5166666666666666,0.0,1
AGQARYVRSOGTB5K3UBQJRXAWCIEA,1,2253,1,-0.0,0.5577466835865666,0.0,8.0,-0.1,1.0,3
AGQCFT47KDI77JKRSOMAK34MJPAQ,2,4637,2,-0.0,0.108337743529675,0.6355602180801734,55.5,0.3654761904761905,0.0,1
AGQDWXQV7GNQ5UHVKQ2QQ3NIUKBA,1,6534,1,-0.0,0.5577466835865666,0.0,121.0,0.3005263157894737,0.0,1
AGQEEZHWS36H2GPOVYNY4X6MSYLA,1,2754,1,-0.0,0.5577466835865666,0.0,23.0,0.125,0.0,1
AGQEISHKPZXUPELV4AQC4JOQ3STA,1,411,1,-0.0,0.5577466835865666,0.0,7.0,0.8,1.0,3
AGQFGXUGFSZHNRQGP7J24RVSLZSA,11,2542,11,1.2406705316766884,0.5577466835865666,0.0,40.18181818181818,0.3970770202020202,0.3636363636363636,1
AGQKAYTTEBN6OTSAAPXJ5DVTMM3Q,5,13,5,1.521928094887362,0.5577466835865666,0.0,13.4,0.53775,0.4,2
AGQKBA5POXDOUO4U43YF2LNEZPLA,3,916,3,1.584962500721156,0.2581407235486389,0.5189327450361415,67.0,0.2316223459080601,0.3333333333333333,2
AGQKJ5PJCGQYO3XS64SROLUTFGXQ,1,1531,1,-0.0,0.5577466835865666,0.0,4.0,0.0,1.0,3
AGQLSHZSTYZUX6267GBDCOJI7HLA,1,459,1,-0.0,0.5577466835865666,0.0,34.0,0.3703125,0.0,1
AGQPAYVT3UXTUMSX5NTDVXMUIIVQ,1,106,1,-0.0,0.5577466835865666,0.0,48.0,0.375,0.0,1
AGQPEWUXHEIPQVSYFZ6W2AZWAWFA,1,471,1,-0.0,0.5577466835865666,0.0,13.0,0.6,0.0,1
AGQRRV3PURFW32M33CFUGR4RZDNQ,1,203,1,-0.0,0.5577466835865666,0.0,31.0,0.55,0.0,1
AGQSSZPF5DTU56OIYEZVVKTMKJIQ,3,227,3,1.584962500721156,0.5577466835865666,0.0,4.333333333333333,0.4777777777777778,0.0,2
AGQUP5NFCYMHZ52HV7FRGZTZ7BGA,6,1013,6,-0.0,-0.0414652364892888,1.4677634519792215,33.333333333333336,0.519214168595679,0.3333333333333333,2
AGQW2VVGIE5EVX6QUHDBHJCAH6PQ,1,112,1,-0.0,-2.138706956754783,0.0,14.0,-0.125,0.0,0
AGQWFA53NMJ5GSM5EKE4LSPMPH6A,1,2610,1,-0.0,-3.0375248368685663,0.0,155.0,0.1221354166666666,1.0,0
AGQWMWS4K55RPK22I2LEHUQZ3MKQ,1,1628,1,-0.0,0.5577466835865666,0.0,6.0,1.0,0.0,1
AGQWSKEHMHOXQEAOLPVQJ2CNZIAA,2,2406,2,1.0,-0.7904801365841081,1.9066806542405204,43.5,0.2696831955922865,0.5,2
AGQXWQL42ONKPE4ADQF565EJSV2Q,24,289,24,0.7382848661434506,0.3704929585628618,0.3728756015439242,21.0,0.5656328914141414,0.75,2
AGQXXVYUA3B37ZKHA4IEPZXXJNCQ,2,1441,2,-0.0,-1.2398890766409998,1.271120436160347,17.0,0.2375,1.0,3
AGQY2FSHOYN3GEIEXNLG3ZYCN3UQ,1,3638,1,-0.0,0.5577466835865666,0.0,37.0,0.4875,1.0,3
AGQZ62NG56NGPMSA5SLSJILAEWBQ,1,750,1,-0.0,0.5577466835865666,0.0,19.0,0.80625,0.0,1
AGQZEESWUCNMSGI5LQCICT5QMU2Q,1,4448,1,-0.0,-3.0375248368685663,0.0,24.0,0.0,0.0,0
AGR2M4VTI4F75WSBMEAINORY2IFA,1,758,1,-0.0,0.5577466835865666,0.0,8.0,0.4555555555555555,0.0,1
AGR32EOEBXDKEXQ5ITLY53TKLDOQ,1,2475,1,-0.0,0.5577466835865666,0.0,14.0,0.5,0.0,1
AGR3HPV7EKXP4S367QO3EIGTNG3Q,1,1996,1,-0.0,0.5577466835865666,0.0,3.0,0.175,0.0,1
AGR4JFAC5RJTAL3U5IDQJVZQJAGQ,1,2955,1,-0.0,0.5577466835865666,0.0,1.0,1.0,0.0,1
AGR4K7YADDKMEQT764O7AR2BA7WA,2,2448,2,-0.0,0.5577466835865666,0.0,17.5,0.2833333333333333,1.0,3
AGR7FIKIZCHIZRR4LD5BR6ROV2TQ,6,965,6,1.4591479170272448,0.4079437035676028,0.3669408629948054,28.666666666666668,0.3420436507936508,0.3333333333333333,2
AGR7FPL3GINITMBFV4X6RDSJJYJQ,1,755,1,-0.0,0.5577466835865666,0.0,7.0,0.0,1.0,3
AGRANNVVR24DZ7IDN3YUTVINLX2A,1,709,1,-0.0,0.5577466835865666,0.0,6.0,0.7,0.0,1
AGRBMBADEZGF2BFMDMCB3CXNHZEA,1,3711,1,-0.0,0.5577466835865666,0.0,47.0,0.2851239669421488,0.0,1
AGRC3JDXRCSSQ6TOMEB66Y5ORIYA,1,2427,1,-0.0,0.5577466835865666,0.0,223.0,0.1863562091503268,1.0,3
AGRCMTNBBLDAQWAQ4UCZJAR52IMQ,9,2845,9,-0.0,0.5577466835865666,0.0,21.333333333333332,0.4773148148148148,0.0,1
AGRESDHSWKRHTNABSWNBZLGVSGEQ,1,2615,1,-0.0,0.5577466835865666,0.0,6.0,1.0,0.0,1
AGRFIMYCGTTMMWGAXA3WJKABIZFQ,1,1229,1,-0.0,-3.0375248368685663,0.0,4.0,0.0,0.0,0
AGRHJCTHMA6WKACERW3D6CWGMEGA,1,1072,1,-0.0,0.5577466835865666,0.0,10.0,0.6083333333333333,0.0,1
AGRJ5QGACCBXPT4U63FLOUMIAJZQ,1,120,1,-0.0,0.5577466835865666,0.0,22.0,0.5,0.0,1
AGRJENQSN7IELT7QVISWUQ4U6UGA,1,2712,1,-0.0,-0.3410711965272165,0.0,70.0,0.1083333333333333,0.0,1
AGRJJTLCJBH3S2QRWU42OJNMD25A,3,377,3,0.9182958340544896,0.5577466835865666,0.0,18.333333333333332,0.3133333333333333,1.0,3
AGRKCZLSFFECGP54U2T2CBYB3RLA,1,267,1,-0.0,-3.0375248368685663,0.0,6.0,0.1339285714285714,0.0,0
AGRKORVXCVNDGPEAF5W7NG74FP2A,1,1133,1,-0.0,0.5577466835865666,0.0,19.0,0.3072727272727273,1.0,3
AGRKTMF2N365CHSX3HZDFII2EXDA,3,934,3,0.9182958340544896,0.2581407235486389,0.5189327450361415,4.0,0.8333333333333334,0.0,1
AGRKXBW5ND5BRREJLMLX3GRPUTAQ,1,729,1,-0.0,0.5577466835865666,0.0,32.0,0.25,0.0,1
AGRLJDWT6YCZ4SDXSZT7TZEC3MKA,1,908,1,-0.0,0.5577466835865666,0.0,53.0,0.5425,1.0,3
AGROEPHOJYIEK32TWNBMILSH5FPQ,1,3640,1,-0.0,0.5577466835865666,0.0,67.0,0.16875,0.0,1
AGROPS2VIN3R7UUTWO2F662NSNMQ,8,203,8,1.2987949406953985,-0.6781279015698853,1.5889005452004337,38.125,0.2175545519295519,0.125,2
AGRQV4NXI76YDR247XG4QDXFO3JQ,1,2889,1,-0.0,0.5577466835865666,0.0,9.0,1.0,1.0,3
AGRRENMRRSE36UPX6ICQBKT5NOLA,1,1146,1,-0.0,-0.3410711965272165,0.0,6.0,0.10625,1.0,3
AGRS2IMWXSUFWS3DZWITXXUDLZCQ,1,300,1,-0.0,0.5577466835865666,0.0,18.0,0.0,1.0,3
AGRSSPECMD74WOD35UYRIJIFVUPQ,1,852,1,-0.0,0.5577466835865666,0.0,10.0,0.0,1.0,3
AGRSW6MPQOGFHVMYGV3X5LVHEQUQ,1,1896,1,-0.0,-0.3410711965272165,0.0,12.0,0.053125,1.0,3
AGRUKTHXESHTPHHK4GQYQNRFZP3A,23,8,23,1.4751648282981122,0.3232724539916666,0.7768592562686286,14.434782608695652,0.2646917545015371,0.391304347826087,2
AGRVYK4MSC2AUDQJHT4NSRX7Y6SQ,3,2470,3,-0.0,-0.0414652364892887,0.5189327450361415,38.0,0.1524470899470899,0.3333333333333333,1
AGRXAONJSICJOJTFYWJBHTNF6EDA,1,2889,1,-0.0,0.5577466835865666,0.0,36.0,0.3533333333333333,1.0,3
AGRXRS7Y7ALTQP4VVJEWEDWUKVFA,1,1318,1,-0.0,0.5577466835865666,0.0,39.0,0.3899999999999999,0.0,1
AGRZN4NJZMYGFRBBJZVVH4V62G5Q,1,574,1,-0.0,-0.3410711965272165,0.0,72.0,0.28125,0.0,1
AGS2VC3GYD2G3OHHVOITYNMVTHUA,1,1742,1,-0.0,-2.138706956754783,0.0,5.0,0.0,1.0,0
AGS3RTM7ELSR6WMKYNZWSUPBBEGA,1,2273,1,-0.0,0.5577466835865666,0.0,2.0,0.8,1.0,3
AGS47C3SO62X375JL7RWNBKCFXXA,13,97,13,0.6193821946787638,0.2120474989274192,0.5846303696727001,5.846153846153846,0.4778846153846154,0.1538461538461538,2
AGS4BZHM7C75W52ZGTFNP4P47T3Q,2,233,2,1.0,-2.588115896811675,0.6355602180801734,75.5,-0.1294642857142856,0.0,0
AGS4NGH3MXCK4YYBILRZDJEKI4OA,1,4693,1,-0.0,-3.0375248368685663,0.0,185.0,-0.0381410256410256,0.0,0
AGS4RIAZGIL3OZVYGRIMLIXXFK7A,1,2787,1,-0.0,0.5577466835865666,0.0,40.0,0.2333333333333333,0.0,1
AGS5QOB3WT6YOOW7INDT77LPVG2A,1,2462,1,-0.0,-0.3410711965272165,0.0,37.0,0.21875,1.0,3
AGS665VSZWLC26WMXYQLKIQEOCIQ,2,2217,2,-0.0,-0.3410711965272165,0.0,2.0,0.8125,1.0,3
AGSAE67FONXAUAZB4GNNKLOHVYPQ,1,347,1,-0.0,0.5577466835865666,0.0,32.0,0.5412878787878788,0.0,1
AGSDX3SIVTOZVKQYI6JDMYSYNKJA,6,115,6,1.4591479170272446,0.5577466835865666,0.0,17.166666666666668,0.6260416666666666,0.1666666666666666,2
AGSEFEIS5QUQOW2CZOA7XZNQCZTQ,1,451,1,-0.0,0.5577466835865666,0.0,5.0,0.4222222222222222,0.0,1
AGSG3AQPXZW3GMBFZVCT7JL7JAZQ,1,2200,1,-0.0,0.5577466835865666,0.0,20.0,0.6,0.0,1
AGSGQ6Z2XBJPLC5C2EOZDPCDXKDQ,2,902,2,1.0,0.5577466835865666,0.0,7.5,0.91875,0.5,1
AGSIN7A4MS4DIGF2WHC3BVXORPSA,4,1,4,-0.0,0.5577466835865666,0.0,5.5,0.15,0.0,1
AGSIZBBCW7UXNRTS3NYL54ALD2MA,1,1145,1,-0.0,0.5577466835865666,0.0,7.0,0.0,0.0,1
AGSJMCWJRNAU3QSXRCVBFG3QSD2A,2,3165,2,-0.0,0.108337743529675,0.6355602180801734,27.5,0.3194444444444444,0.0,1
AGSJPU73GOSNLTSDPGMIGYWTQDZA,1,2686,1,-0.0,0.5577466835865666,0.0,5.0,0.7,1.0,3
AGSK2ZJI7BJWAP7L2XHT43LNJBEA,1,6830,1,-0.0,0.5577466835865666,0.0,117.0,0.2530552780552781,1.0,3
AGSMNIT5YGSO35M2YRIE2OZIOSUQ,18,309,18,0.9444885341662052,-0.4908741765461804,1.352625614305292,12.11111111111111,0.2066854056437389,0.1111111111111111,2
AGSO7IQTAL2PTNOK6CAUOP67XMEA,1,3629,1,-0.0,-0.3410711965272165,0.0,50.0,0.096590909090909,0.0,1
AGSODDONBJBIP3H4PQT46N5DIX4A,1,3330,1,-0.0,0.5577466835865666,0.0,26.0,0.6360714285714286,1.0,3
AGSP6LSQK32SQEJO3YVVNACPWMSQ,4,614,4,-0.0,0.3330422135581208,0.4494089400568916,158.0,0.3395015243902438,1.0,3
AGSQ6UFQQSDUCSHAEPJ5L2VZWQHA,1,1554,1,-0.0,-3.0375248368685663,0.0,45.0,-0.075,0.0,0
AGSQVK4UUU72VERV2ML7JOKRRI2A,2,2141,2,-0.0,0.5577466835865666,0.0,26.5,0.4041666666666667,0.5,3
AGSRRWF5ANWUPHCC7HVAUAA67SSA,1,274,1,-0.0,0.5577466835865666,0.0,23.0,0.2,0.0,1
AGSV4K43Q6TIIHGN6BB2Q5A2I5PA,2,2017,2,-0.0,0.5577466835865666,0.0,14.5,0.5170454545454546,0.0,1
AGSVZNZBTSGQBKZDZTQYEZHGDPCQ,4,449,4,0.8112781244591328,-0.3410711965272166,1.7976357602275663,10.75,0.27,0.0,2
AGSXHQK3PDRCXWLM5OUVHPJJ7X6A,1,2930,1,-0.0,0.5577466835865666,0.0,31.0,0.2285714285714286,0.0,1
AGSXX4BI6HRYWQGYH3TBS6UIGXHA,1,2813,1,-0.0,-0.3410711965272165,0.0,30.0,0.0125,1.0,3
AGSY3OFX2P2BCELBW2QCLPMQGAWQ,1,113,1,-0.0,0.5577466835865666,0.0,16.0,0.5,0.0,1
AGSYP37K3WKNWP3RWSAHTYEBVISQ,1,2213,1,-0.0,0.5577466835865666,0.0,5.0,0.5,0.0,1
AGT2QEYDUYHZ3SM2EXJSW4K2PGYQ,2,1680,2,-0.0,0.108337743529675,0.6355602180801734,54.0,0.3646428571428571,0.0,1
AGT3IMHFYIO7V4RQAIOCBMRNKDJA,3,2640,3,-0.0,0.5577466835865666,0.0,4.666666666666667,0.2708333333333333,0.0,1
AGT46HVOHTI5CMCZ4TGFKYNVNW2A,1,145,1,-0.0,0.5577466835865666,0.0,5.0,0.2,1.0,3
AGT4MFN27CCIP2BFJXVKNKFHVQDA,1,1336,1,-0.0,0.5577466835865666,0.0,6.0,0.0,1.0,3
AGT7VETYIJPKXAJP2E5PLMIQAXXA,2,723,2,1.0,-1.2398890766409998,2.5422408723206935,8.0,-0.5,0.0,2
AGTA2L53YA56UEPBA2BFXBCM5F6A,1,3110,1,-0.0,0.5577466835865666,0.0,12.0,0.5166666666666667,0.0,1
AGTAPCL2ETGPB4GKIBFZZUHPTCZQ,1,60,1,-0.0,0.5577466835865666,0.0,6.0,0.7,0.0,1
AGTAUJFBVNKEOPBB6FCHTBSMRKHA,1,3319,1,-0.0,0.5577466835865666,0.0,52.0,0.5428571428571428,0.0,1
AGTEF5GLNELCNW4KWIWMN2BMBYLA,1,3042,1,-0.0,-1.2398890766409998,0.0,70.0,0.2357142857142857,0.0,0
AGTESV4VOVCXYBBNBKFDF2XWVXDA,1,789,1,-0.0,0.5577466835865666,0.0,68.0,0.3953124999999999,1.0,3
AGTEZBCXZQ2ILZXKAKUMRINON2AA,1,1899,1,-0.0,0.5577466835865666,0.0,2.0,0.5,0.0,1
AGTFULIOVJK6RHUYWETEGSE5ITCQ,3,906,3,-0.0,0.2581407235486389,0.5189327450361415,8.0,0.4097222222222221,0.0,1
AGTGRPUDTYB3TPSK7ZDOSZYJ4B4Q,1,2260,1,-0.0,0.5577466835865666,0.0,7.0,0.7,1.0,3
AGTHQ6ANUEV7VOOVAEFWVMFIILUA,23,3,23,1.6851179336594353,0.0106401478651333,1.173140634080806,12.565217391304348,0.5110990338164251,0.2608695652173913,2
AGTILLNJMBXIL3WADOUT5D7JL5JA,1,2879,1,-0.0,0.5577466835865666,0.0,14.0,1.0,0.0,1
AGTITI6OKWPN2AVELIAJALJFX6NA,28,384,28,1.6553962296100682,0.0441364663786905,0.9915273979058562,36.392857142857146,0.2030949231544469,0.2857142857142857,2
AGTJAM6NFSYTR5KB6DQNHZ3ZIFFQ,27,73,27,1.321326418825343,-0.17462344095059,1.1433845324507936,18.185185185185187,0.3516136096413874,0.2222222222222222,2
AGTJFW75JCNHR67UHCEEY3XTCQDQ,1,254,1,-0.0,0.5577466835865666,0.0,14.0,0.4214285714285715,0.0,1
AGTK6PB3DIN2CH5DTOZTY37C74YQ,1,2635,1,-0.0,0.5577466835865666,0.0,3.0,0.5,0.0,1
AGTKCQCGCIFLZRFBHYDAW2Q556FQ,1,11,1,-0.0,0.5577466835865666,0.0,30.0,0.1866666666666666,0.0,1
AGTKVXQFOE5DZURWIPGAPHKHLRVA,3,398,3,-0.0,-0.3410711965272165,1.5567982351084244,45.333333333333336,0.2587676767676767,0.3333333333333333,2
AGTLZO4SBYP4UGYVM65EKRFPNRAQ,2,6819,2,-0.0,-0.3410711965272165,0.0,80.5,0.2833333333333332,0.0,1
AGTMX7DFJLYO4AUMQHKRZUXJUPMQ,1,3597,1,-0.0,0.5577466835865666,0.0,36.0,0.0749999999999999,1.0,3
AGTMZCWIWBH43TCW7UKG2YV2EKKA,1,6371,1,-0.0,0.5577466835865666,0.0,303.0,0.0582925782925783,0.0,0
AGTP4V3GFJ3YGVKDYXDK3SJ5IAYA,15,479,15,1.889246428509158,0.4978254915789811,0.2320737787302758,7.733333333333333,0.2491666666666666,0.0,2
AGTP7GWXSGP6J64WABPD5JSGSVSA,3,2412,3,-0.0,0.5577466835865666,0.0,3.3333333333333335,0.7666666666666666,0.3333333333333333,1
AGTR4A6CYH6AGEIYCAPYPQZERZLQ,6,2119,6,-0.0,0.5577466835865666,0.0,11.833333333333334,0.775,0.1666666666666666,1
AGTSIX73WHCG34ACPNGESUPTFV3Q,1,777,1,-0.0,0.5577466835865666,0.0,72.0,0.2714285714285714,0.0,1
AGTSSHKA4HTPDZJOYOVWQ3E6TXCQ,3,158,3,0.9182958340544896,0.5577466835865666,0.0,18.333333333333332,0.525,0.3333333333333333,1
AGTTE3T4URI4FV5HDIJREAVRBQ6Q,1,2848,1,-0.0,0.5577466835865666,0.0,4.0,0.45,1.0,3
AGTTKVGELZSYCBFLWM5ANOAMVGGA,1,81,1,-0.0,0.5577466835865666,0.0,46.0,0.35,0.0,1
AGTTU5RVVW6AP353QAU7IUWRMGAA,4,1605,4,-0.0,0.5577466835865666,0.0,43.0,0.2366914682539682,0.25,1
AGTUOJDEQXZDIZVCIGK66OZTHQZQ,3,71,3,-0.0,-2.138706956754783,1.5567982351084246,7.0,0.2270833333333333,0.6666666666666666,2
AGTUTPMCIHOEEMHF6UJ7MND2VF2A,2,660,2,-0.0,-1.2398890766409998,2.5422408723206935,25.5,0.1749999999999999,0.0,2
AGTWSUM5ZMMQSS2XPC3UCU6OKYBA,5,1227,5,0.9709505944546686,0.5577466835865666,0.0,13.8,0.3475,0.0,1
AGTXCV4I4U63O43O3KIZAN76U2UQ,4,441,4,0.8112781244591328,-0.3410711965272165,1.7976357602275663,15.0,0.2087121212121211,0.0,2
AGU2D4UZSVG4K5OWXRN4KACBHNBA,1,2626,1,-0.0,0.5577466835865666,0.0,9.0,0.503125,0.0,1
AGU35F2Y2RSPSDNNHPE7OH5JRWMQ,1,820,1,-0.0,0.5577466835865666,0.0,9.0,0.7,0.0,1
AGU3OPSRPA3FMA2KHVNQWRF2AOSA,1,3906,1,-0.0,0.5577466835865666,0.0,25.0,0.475,0.0,1
AGU4LV3HM2ZE6ZVAB3I7MJZ6QAKQ,1,476,1,-0.0,0.5577466835865666,0.0,45.0,0.34666351010101,0.0,1
AGU5MU2XMEHAHMDXVYW3YZ7DEUXA,7,1085,7,-0.0,0.5577466835865666,0.0,12.571428571428571,0.6538690476190476,0.0,1
AGU72IKMVPNJTI3N35TMXXGGX7BA,1,2278,1,-0.0,0.5577466835865666,0.0,13.0,0.5386363636363636,0.0,1
AGU7O3UW7U2UMZGSZMKNZ6K6VHUA,12,110,12,1.9591479170272448,0.1832392335391569,0.600911815463005,165.41666666666666,0.1869038579363119,0.1666666666666666,2
AGUAZ5DU5K3G5GYNVPSA3FKVVYXA,1,2724,1,-0.0,0.5577466835865666,0.0,1.0,1.0,0.0,1
AGUBVALCZEWORXHAH3OMRQ3JKI4A,5,848,5,0.9709505944546686,0.1982195315410533,0.8039271517306702,17.0,0.2986363636363636,0.6,2
AGUCASPOMC43UGO44EIHJW3SHACA,1,2206,1,-0.0,0.5577466835865666,0.0,5.0,0.5,0.0,1
AGUDVYQBOGVJ6EE7DK56SJHYIRBA,2,708,2,-0.0,-0.3410711965272165,1.2711204361603468,41.5,0.2666666666666666,0.0,2
AGUFDVO4TYIFQHQUMDXFHSHH43BA,3,1646,3,-0.0,0.5577466835865666,0.0,16.333333333333332,0.6659722222222223,0.0,1
AGUII72LZDGUGT74KQTSCO3JNP5Q,1,1949,1,-0.0,0.5577466835865666,0.0,238.0,0.1718596117424242,0.0,1
AGUIZMFZHUFBUIX4UO3CA3JWRUFA,1,1965,1,-0.0,0.5577466835865666,0.0,11.0,0.2333333333333333,1.0,3
AGUJA7GM3CHZGZTQORVA4V7TO6HQ,3,2200,3,-0.0,0.5577466835865666,0.0,63.333333333333336,0.2000330687830687,0.3333333333333333,1
AGUM5IYMRR6NJBQ45FEI32TQMD3Q,1,237,1,-0.0,0.5577466835865666,0.0,9.0,0.5,1.0,3
AGUMKAETPKF5G37FKT6CXLBRPOAA,14,1516,14,1.2638091738835462,0.236740297831644,0.972357147572998,78.42857142857143,0.2514950740397169,0.0,2
AGUNN5632O4AITGTUZQO77YKW5EQ,2,1784,2,-0.0,0.5577466835865666,0.0,2.5,0.65,0.5,1
AGUO64P7C4QQ3NVBLJAHCGLLUCQA,97,13,97,0.8233045447828533,0.3909557367613285,0.6905157384330325,39.41237113402062,0.259741748708882,0.2371134020618556,2
AGUP2SMMKWBDCOAOSZEULRGMAZZA,29,299,29,-0.0,0.1548283235355603,0.885435228979112,248.20689655172413,0.1927022470527033,0.1379310344827586,2
AGUPCJOOM5ASVXLIVN7PENJPTDPQ,1,4663,1,-0.0,-0.3410711965272165,0.0,65.0,0.25,0.0,1
AGUPJUIQILLTN73KEVAI7PCSGNLA,2,902,2,1.0,0.5577466835865666,0.0,81.5,0.2431944444444444,0.5,2
AGUPV7OLIQLBYHU23MU4YLJ3RCCA,1,813,1,-0.0,0.5577466835865666,0.0,19.0,0.9,0.0,1
AGUQFBJGLRCTSY42ZQJDKNF7ZQRQ,74,851,74,1.8164102985660944,0.0476068056841491,0.9300548363012946,50.7972972972973,0.2863005463920642,0.3243243243243243,2
AGUQWZPJVSU6FY7UD6GSSLVHUI5A,1,1696,1,-0.0,-1.2398890766409998,0.0,12.0,-0.75,0.0,0
AGURRMC56GEZMSKAFBKAJI4BVP3A,1,1209,1,-0.0,0.5577466835865666,0.0,7.0,0.5,1.0,3
AGURY2EBCHKHIPIGZRXHHJEIMTMA,2,2851,2,-0.0,-0.3410711965272165,1.2711204361603468,67.5,0.2432133838383838,0.0,1
AGUSFHNYMZY6KL5YRU5FBXVSITXQ,1,2204,1,-0.0,0.5577466835865666,0.0,8.0,0.3,1.0,3
AGUT4PQSIW77BHDY5JHF5RCAHHOA,2,188,2,-0.0,0.5577466835865666,0.0,4.5,0.455,0.5,1
AGUTETM5WZDRPZJ2XYLKKFESNYJA,1,1442,1,-0.0,0.5577466835865666,0.0,15.0,0.375,0.0,1
AGUV4Y7N5GESLHGGSPWB26ZWDYLQ,1,2492,1,-0.0,-1.2398890766409998,0.0,3.0,0.0,0.0,0
AGUVP7ETMXXQXCPXZWIZQJYUM7GA,1,3153,1,-0.0,0.5577466835865666,0.0,4.0,0.5,0.0,1
AGUVWI4XDTFOVM3B4MNTCYJ3GAVQ,1,1540,1,-0.0,0.5577466835865666,0.0,50.0,0.3833333333333333,0.0,1
AGUWDJXPNE4CB2AFX4YK76XZUHGQ,1,1338,1,-0.0,0.5577466835865666,0.0,4.0,0.3571428571428571,0.0,1
AGUWL2R2JFLC3K65HLD6AHJV3KBA,11,65,11,1.4353713907745331,0.5577466835865666,0.0,32.90909090909091,0.4220980465815176,0.2727272727272727,2
AGV2C4KYP77OQFD764SX5PRKOHZA,2,1385,2,1.0,0.108337743529675,0.6355602180801734,26.0,0.59375,0.5,2
AGV2W5TFSVS5RUVCL3GLNPA354LA,3,2694,3,0.9182958340544896,-0.6406771565651443,2.075730980144566,129.0,0.0991814896036386,0.6666666666666666,2
AGV3JEME5YIGXADUTXWKVZS6Z7JA,5,514,5,0.9709505944546686,-0.1613076205044599,1.6078543034613406,49.6,0.3807821025545634,0.0,2
AGV4WWE4CB7LRPPV6PG7RCEFBT3A,9,1079,9,1.3921472236645345,-1.3397577299869756,1.452393777637744,53.0,0.2448737373737374,0.0,2
AGV5IAI7ELBBT327V7EUBECMW6MQ,34,120,34,0.9081783472997051,-0.6583010365673754,1.011158988879923,66.0,0.2228852478725473,0.2352941176470588,2
AGV66SEIUUS6ZTYBGDK5U7GN7CUQ,1,1940,1,-0.0,0.5577466835865666,0.0,10.0,0.0,0.0,1
AGV7PGVB5GKH4AS5PPO7KUHIV32Q,10,95,10,-0.0,0.2881013195524317,0.6066558318272547,84.0,0.3404810188721953,0.4,1
AGVAAODGT4THPVI2H3HS7LOGFGSA,4,468,4,-0.0,0.108337743529675,0.8988178801137833,55.75,0.3150934343434343,0.5,2
AGVB4KKQLWGJMYT7VRNWHQ3ZJXBQ,1,2605,1,-0.0,0.5577466835865666,0.0,29.0,0.55,0.0,1
AGVBJTKAH4YF7EWMRB64Y2GJMRIA,2,760,2,-0.0,0.5577466835865666,0.0,44.0,0.2648148148148148,0.0,1
AGVEYTISKLZ4ETNFKLNVSX76BSKA,1,2994,1,-0.0,0.5577466835865666,0.0,2.0,0.78,1.0,3
AGVFBOZNHUPLBZIGSFDXDUQUXXOA,4,151,4,0.8112781244591328,-0.7904801365841082,1.721105206714045,7.25,0.2641666666666666,0.25,2
AGVFSYZDAPDQGKIE6REPZD2TJQHQ,1,883,1,-0.0,0.5577466835865666,0.0,1.0,0.8,0.0,1
AGVJ5R7FMFCNQ6P462DFVJYQWTAQ,1,367,1,-0.0,0.5577466835865666,0.0,45.0,0.4204545454545454,0.0,1
AGVLLL3Z55OFM5JTJJWFJFQXPUGQ,6,784,6,1.7924812503605778,0.2581407235486389,0.7338817259896108,4.333333333333333,0.425,0.3333333333333333,2
AGVN63Y4ZAL23AZZF3F76O5OG3LA,11,383,11,-0.0,0.3943252508386061,0.3635897346913292,26.181818181818183,0.1722305472305472,0.2727272727272727,1
AGVOLYJSGAPFQTGD3VI4UK6KYZ6Q,9,368,9,-0.0,0.2581407235486389,0.6355602180801734,34.111111111111114,0.3429603174603174,0.1111111111111111,1
AGVPCZYZLHED3TG4BNAC3PJLZOMA,1,405,1,-0.0,0.5577466835865666,0.0,37.0,0.325,1.0,3
AGVQJFWTGNXNOKM6BOGYN7RB3OPA,5,1391,5,-0.0,0.5577466835865666,0.0,12.0,0.4377777777777777,0.8,3
AGVR7FBU3FB6EUMARQXE52OTBTIQ,5,194,5,1.3709505944546687,0.0184559555182967,1.2058907275960054,20.8,0.2659375,0.4,2
AGVRBNDGB6OZW4PCOLS3XVU6VJHA,5,2445,5,-0.0,-0.1613076205044599,1.1719151371753842,141.8,0.2508489288489288,0.2,1
AGVTTSGBWYNT4BBOY2URZ2OAJGWA,1,2934,1,-0.0,0.5577466835865666,0.0,58.0,0.2857142857142857,0.0,1
AGVVUU3QRQBHNASSGI5YQLPYOI2Q,24,134,24,1.7661506484543552,-0.5283249215509214,1.213995004439261,9.583333333333334,0.3271527777777778,0.125,2
AGVWGLLS7SG3ZQTICDD7K6EAPRMQ,5,217,5,2.321928094887362,0.37798310756381,0.4019635758653351,23.6,0.5363333333333333,0.6,2
AGW32O72S6APOAM3XMSPU5ZILSMA,1,3131,1,-0.0,-1.2398890766409998,0.0,49.0,-0.2666666666666666,0.0,0
AGW3EZTECWQK6HP4M5ODTUHXCPDA,7,8,7,-0.0,0.5577466835865666,0.0,30.428571428571427,0.5392120181405895,0.1428571428571428,1
AGW7DNVEEOZ55KAPREK54O7DYLKA,2,3912,2,1.0,0.5577466835865666,0.0,22.5,0.0302455357142857,0.0,1
AGW7TKBKOZSCLUAKOC7I7YALE2TA,1,696,1,-0.0,0.5577466835865666,0.0,19.0,0.4549999999999999,0.0,1
AGW7XKZ6P2PIADO2CXQJFP2GGH7A,1,2735,1,-0.0,0.5577466835865666,0.0,4.0,0.35,1.0,3
AGWAH3TF23FY2JK4SBXIDHT2VC6Q,2,5574,2,-0.0,0.5577466835865666,0.0,15.5,0.681640625,0.0,1
AGWDYYVVWM3DC3CASUZKXK67G6IA,5,359,5,-0.0,0.37798310756381,0.4019635758653351,279.4,0.2137234570072093,0.4,0
AGWGG4V6N3SUUPAFPGATQNEUJQ5Q,1,1003,1,-0.0,0.5577466835865666,0.0,2.0,0.5,0.0,1
AGWGMDSRIXUSGG3AVYX65RVPWCLQ,120,159,120,0.3878084020472433,0.0109658065173485,0.7488008652568748,292.0416666666667,0.2144235179891081,0.3666666666666666,2
AGWGOMUGDA2RT47E5TGM4SM7Z2DA,1,2938,1,-0.0,0.5577466835865666,0.0,7.0,0.625,1.0,3
AGWI452C24HVTPJSA7KWM3HNOUBQ,2,3574,2,-0.0,0.5577466835865666,0.0,23.0,0.3333333333333333,0.5,3
AGWIQXPIU2YMPLU76Z525M2SODCA,1,695,1,-0.0,0.5577466835865666,0.0,12.0,0.4833333333333333,0.0,1
AGWIR7A3ZM66QSAL3TJ22GSHU55A,1,1450,1,-0.0,0.5577466835865666,0.0,5.0,0.0,0.0,1
AGWIY7R73JEOW4S7NC3K2FG335NQ,1,244,1,-0.0,0.5577466835865666,0.0,50.0,0.0611111111111111,1.0,3
AGWJ2MHDJSHU6GBGGHQU3BBNCZLQ,3,871,3,0.9182958340544896,0.2581407235486389,0.5189327450361415,11.666666666666666,0.5272222222222221,0.6666666666666666,2
AGWJ7DDJ3VM4NK5BV6IXG6PGUQOQ,1,3068,1,-0.0,0.5577466835865666,0.0,22.0,0.5958333333333333,0.0,1
AGWJLGWTPWBAKOTORI4X27TPIXYQ,1,1709,1,-0.0,-1.2398890766409998,0.0,7.0,0.35,0.0,0
AGWL3SAUWG5YLVWHHSG57DKTGGDA,4,250,4,1.5,-0.7904801365841082,1.5567982351084246,6.75,0.3458333333333333,0.5,2
AGWL5CBYUUQDUKDKW6I7H5HABGDQ,1,4084,1,-0.0,-0.3410711965272165,0.0,86.0,0.235625,0.0,1
AGWMXUNLBBX7IGNFTYR2MV2LLLJQ,1,345,1,-0.0,-1.2398890766409998,0.0,5.0,0.0,0.0,0
AGWPN6VFNXRK6WUIYKN26LANIKRQ,1,3429,1,-0.0,0.5577466835865666,0.0,87.0,0.27,1.0,3
AGWSEISP3NKF47Q2CG45DBOYURYA,8,225,8,0.954434002924965,-0.9028323715983312,1.5145243211056247,134.25,0.1920410343624629,0.125,2
AGWTITAICUAGJUSDWMKQJECKYVSQ,4,2381,4,-0.0,0.5577466835865666,0.0,21.25,0.5184106762378247,0.0,1
AGWTJ3SUYOWR74EHYGGDFNWNDLIQ,1,3557,1,-0.0,-2.138706956754783,0.0,24.0,-0.0666666666666666,0.0,0
AGWTWN3DZWJM7O4AHUOYMJEMAH3A,1,4733,1,-0.0,-0.3410711965272165,0.0,66.0,0.1298941798941799,0.0,1
AGWVVLSUJLLLX5WH27MBWHBOYDGA,1,408,1,-0.0,0.5577466835865666,0.0,9.0,0.6625,0.0,1
AGWVX2ZYWUI6S4KYVEIVXCAWVO4Q,4,180,4,0.8112781244591328,0.5577466835865666,0.0,15.0,0.3465986394557823,0.25,1
AGWWTJ2WJXCTXGD3TFDWUUBYOAXQ,40,254,40,0.384311544126497,0.3105717665552762,0.7879868964292971,15.15,0.4523451028138529,0.55,2
AGWX2VRM6GYPGQM3XNL2NEYY7JAQ,23,172,23,0.9986359641585718,-0.8100196557170165,1.5299013573845694,57.17391304347826,0.1420308786257248,0.3478260869565217,2
AGWXP7COJW7C2IJ5ZCOLET6FB3DQ,1,1122,1,-0.0,0.5577466835865666,0.0,16.0,0.3875,0.0,1
AGWYHOMRFV6GEDYW57SXYBFGI5KQ,15,2517,15,0.5665095065529053,0.1982195315410533,0.4557838533625377,62.333333333333336,0.272942237351578,0.4666666666666667,1
AGWYLKIQ27OHS4ULQEAZ2EIXNQXQ,1,2747,1,-0.0,0.5577466835865666,0.0,9.0,0.0,0.0,1
AGWYMHQPH26D56XUZ54FGTKH5IZQ,1,1882,1,-0.0,0.5577466835865666,0.0,37.0,0.33125,0.0,1
AGX22TATEBZUHXGF44CYSEZAZZTA,1,3424,1,-0.0,0.5577466835865666,0.0,80.0,0.1194444444444444,0.0,1
AGX26GKPUFEHTDBTE7PDC45FOM2A,1,6,1,-0.0,0.5577466835865666,0.0,56.0,0.3724025974025973,1.0,3
AGX2NNH2M3RNS5SODCZMONPR2PAA,1,1338,1,-0.0,-0.3410711965272165,0.0,73.0,0.0930555555555555,0.0,1
AGX3AWV4OCYWLPLPTY4H75SQAKGA,1,1372,1,-0.0,0.5577466835865666,0.0,51.0,0.3259259259259259,0.0,1
AGX4Q77WTLDCTTEK4672R25EX5EQ,1,1759,1,-0.0,0.5577466835865666,0.0,46.0,0.25,0.0,1
AGX4QGDAQZQRII5YUAUAASPRUW3Q,1,2795,1,-0.0,0.5577466835865666,0.0,32.0,0.09375,0.0,1
AGX4YCV64M5R5ATFMNW4RDJNGJZQ,1,3612,1,-0.0,0.5577466835865666,0.0,40.0,0.2895833333333333,0.0,1
AGX547GEFL46LSQR3IDMX6TE5OJQ,4,1207,4,0.8112781244591328,-0.3410711965272165,1.2711204361603468,24.0,0.3835069444444444,0.5,2
AGXANWGCXOFLCJDQEEJ5AVDFOWUQ,1,745,1,-0.0,-1.2398890766409998,0.0,18.0,0.445,0.0,1
AGXBKSPHDEMRUMMO5OOSQRWKMIUA,1,2384,1,-0.0,0.5577466835865666,0.0,10.0,0.7,0.0,1
AGXC4FH7GTG6KRIQPKTABJBEQHXQ,1,59,1,-0.0,-2.138706956754783,0.0,13.0,-0.3458333333333333,0.0,0
AGXCHND2PQ4BCHN2WLQQAGRGJV6Q,1,2332,1,-0.0,0.5577466835865666,0.0,6.0,0.5,0.0,1
AGXCWIHCKNYQVJRWALTI353V3DTQ,1,1170,1,-0.0,0.5577466835865666,0.0,6.0,0.8,0.0,1
AGXCXUE5GUHYO3HOIBK6YBOKTNCA,1,4701,1,-0.0,0.5577466835865666,0.0,22.0,0.0,0.0,1
AGXEMWK7VR7MZ2CTUCMP3PXN36LQ,1,1960,1,-0.0,0.5577466835865666,0.0,14.0,0.6,0.0,1
AGXFB2KKVUFFURDZDWAZJAV35OHQ,9,2580,9,1.5304930567574826,0.3580093768946148,0.5992119200758556,29.444444444444443,0.4658487654320988,0.1111111111111111,2
AGXFEGMNVCSTSYYA5UWXDV7AFSXA,56,27,56,0.9199711639672576,-0.4373731122536933,1.3569532984572903,44.642857142857146,0.2351104769486465,0.5714285714285714,2
AGXFIFO4VWNHPAX3VJPRQ2QJSCSQ,1,1189,1,-0.0,0.5577466835865666,0.0,321.0,0.2462215320910973,1.0,3
AGXFNIG3IY6FIR7FNQGQBXTOSDHQ,1,699,1,-0.0,0.5577466835865666,0.0,1.0,0.8,1.0,3
AGXIVMV6SGCJK3PD522DMRDI7JUQ,1,1778,1,-0.0,0.5577466835865666,0.0,12.0,0.875,0.0,1
AGXJDEF5RT6WIUPKW4BKVZX3NAKQ,1,3700,1,-0.0,0.5577466835865666,0.0,34.0,0.9,0.0,1
AGXPI72I5AC3HGO3L37BGW6IO4JA,1,2104,1,-0.0,0.5577466835865666,0.0,27.0,0.0,0.0,1
AGXRCFQ6CDA7ZSATOJHLJRZFPEYQ,3,158,3,-0.0,-0.0414652364892887,0.5189327450361415,16.666666666666668,-0.0322222222222222,0.0,1
AGXSDQD5FK3QJRPW5NQ2ALKAXOWQ,1,2675,1,-0.0,0.5577466835865666,0.0,2.0,1.0,0.0,1
AGXT3RNOFJODHMPMDB3TXBAU42YQ,1,3090,1,-0.0,0.5577466835865666,0.0,10.0,0.5,0.0,1
AGXTQH7VZXHTMV32PC2AISSIRDPQ,1,2617,1,-0.0,-2.138706956754783,0.0,2.0,0.0,1.0,0
AGXUP3GM6ZAXIF7J3YRZQGQOZ4YQ,2,1082,2,-0.0,0.108337743529675,0.6355602180801734,20.0,0.6158333333333335,0.0,1
AGXUSUEWCTXOEVO2UVKFCYZT5GNA,3,1947,3,-0.0,0.5577466835865666,0.0,3.6666666666666665,0.6583333333333333,0.6666666666666666,3
AGXVBIUFLFGMVLATYXHJYL4A5Q7Q,17,374,17,2.1162996057016965,0.3462601235597941,0.6763128071526459,20.88235294117647,0.4760722309757236,0.0,2
AGXVNSXY4CSZ43CDSZSD665YXMMA,1,3657,1,-0.0,-0.3410711965272165,0.0,25.0,0.5,0.0,1
AGXWFMT3JAU4VZT765NPGGL5V4ZA,1,3359,1,-0.0,0.5577466835865666,0.0,27.0,0.3519345238095238,0.0,1
AGXX7ZWLBXK6WF4SCAF3AG4MWJMQ,1,4048,1,-0.0,0.5577466835865666,0.0,107.0,0.2483333333333333,0.0,1
AGXXHB5J54QBT6LU3WQOL7MDN7KA,1,30,1,-0.0,0.5577466835865666,0.0,3.0,0.7,0.0,1
AGY3SUFW22SSPOJVQM5WQI3ZGGFQ,1,716,1,-0.0,0.5577466835865666,0.0,3.0,1.0,0.0,1
AGYAGV4P7GDMEGQN3L4TGX4FGQQQ,6,335,6,1.584962500721156,0.2581407235486389,0.7338817259896108,72.66666666666667,0.3239106066654143,0.5,2
AGYARUOU42LQRJD3XH5ELDJ77NKQ,1,5196,1,-0.0,-0.3410711965272165,0.0,22.0,0.0,0.0,1
AGYBOBPV47L6FRILNSZ7S6XFLPFA,18,63,18,1.612197222702993,0.1582720702026629,0.9856776276905888,10.0,0.4462125220458554,0.2222222222222222,2
AGYDARCUZUAX7ENAUJIUDUGDOJAA,1,3062,1,-0.0,0.5577466835865666,0.0,54.0,0.4833333333333333,0.0,1
AGYDZXXV32IH5YIDK5XSEC5UFIEQ,23,182,23,1.0666152167384504,0.04971918613095,0.970560138534594,73.08695652173913,0.3079646041341099,0.217391304347826,2
AGYEAZK4OEYF2MSSTGJ5WNJDVZKA,27,78,27,1.4762856555827248,0.1915616213179883,0.7984689446524067,41.592592592592595,0.3022229217541717,0.3703703703703703,2
AGYG4DVZ3CXRAMGOR54HGLGHYUGA,1,4030,1,-0.0,0.5577466835865666,0.0,189.0,0.2277272727272727,1.0,3
AGYHODXSOVZGHRYHNALJKVFN6HCA,11,4,11,0.8453509366224364,-0.1776497637792559,1.123930829468629,8.181818181818182,0.3262626262626262,0.3636363636363636,2
AGYJP62BSNVPJCL7YZHSZP4QYMRA,1,2342,1,-0.0,0.5577466835865666,0.0,3.0,0.2,0.0,1
AGYKSH5FCQ6CZOZKXOCDOJ23VIOQ,1,2620,1,-0.0,0.5577466835865666,0.0,2.0,1.0,0.0,1
AGYLFDG7WVXI4Z5E5C5JBZIOQDUA,2,2077,2,-0.0,0.5577466835865666,0.0,116.0,0.2903935185185186,0.5,3
AGYPMYXECLNQ2I5WWFQ52COBAFHA,2,228,2,1.0,0.5577466835865666,0.0,30.5,0.1648809523809524,0.0,1
AGYQ7Z42HRPMMX3GNRNGYOJP2KSA,1,5804,1,-0.0,0.5577466835865666,0.0,83.0,0.275,0.0,1
AGYTEAXMUXEFHXUSVVTKONKBFTVQ,8,897,8,1.061278124459133,-0.6781279015698853,1.7280760947289902,10.75,0.1056770833333333,0.625,2
AGYU3KLQWZIUYKAXV7YARVZGUI2Q,5,2670,5,-0.0,-0.3410711965272165,1.5567982351084244,14.8,0.12,0.0,2
AGYU7P3LUCMV4OZZAKC6D6NWSQHA,9,53,9,1.224394445405986,-1.040151769949048,1.66813538719065,20.88888888888889,0.091089265672599,0.0,2
AGYWDTDUSHHZEHTF456VJTOVOKYA,7,1198,7,1.1488348542809166,0.1725390206806595,0.707186126269829,5.428571428571429,0.2767857142857142,0.1428571428571428,2
AGYWLS3CZGZ6Y2IHR5AQYUU3EYXA,1,4070,1,-0.0,0.5577466835865666,0.0,124.0,0.0560555555555555,0.0,1
AGYY4GYHK7BB25XHU5BLWTQDW2BQ,1,379,1,-0.0,-2.138706956754783,0.0,34.0,-0.1499999999999999,0.0,0
AGYYBT7T6JANP4756OS5UDKLX7UQ,3,2383,3,-0.0,0.2581407235486389,0.5189327450361415,10.333333333333334,0.5,0.3333333333333333,1
AGYZB6ENUOE64CG2C6QLX47V4RTA,4,1625,4,-0.0,0.5577466835865666,0.0,23.5,0.1118055555555555,0.0,1
AGZ2KJZISWXCR2ZDCBFBSYGRAPHA,1,5985,1,-0.0,0.5577466835865666,0.0,27.0,0.4,0.0,1
AGZ43OSSBC7C7TXC6OJ7T5ESXFYA,1,3658,1,-0.0,0.5577466835865666,0.0,65.0,0.4057954545454545,0.0,1
AGZ5BQZVJ3C4LG3REK7X2WUYPOHA,1,651,1,-0.0,0.5577466835865666,0.0,8.0,0.0,0.0,1
AGZ7SOPOBQCAWQA27UM6XMCIVUJA,3,2917,3,-0.0,0.5577466835865666,0.0,22.666666666666668,0.4642857142857142,0.6666666666666666,3
AGZAXDFAB7AYQBNZWS3F75EGFDCA,1,2,1,-0.0,-0.3410711965272165,0.0,30.0,0.1907407407407407,0.0,1
AGZB6HMWLNYGKAEHZTGK3NU46PEA,1,1852,1,-0.0,0.5577466835865666,0.0,1.0,0.0,0.0,1
AGZBKPRU67CETEDMDPPQWNBS3MDQ,2,1161,2,1.0,-1.2398890766409998,2.5422408723206935,57.5,-0.0392628205128205,0.5,2
AGZDEKBYZ6MFSLB5W5LKFIJE5JNA,2,2247,2,-0.0,-0.3410711965272165,1.2711204361603468,21.5,-0.0895833333333333,0.0,2
AGZE3IYHOEGKUTJZSQCSFSQ4IFFQ,2,2309,2,1.0,0.108337743529675,0.6355602180801734,86.5,0.2244642857142856,0.5,2
AGZES655DC2ZQZG4OKSOUHQMIVEA,3,253,3,-0.0,0.5577466835865666,0.0,2.0,0.8000000000000002,0.0,1
AGZFKS2YWMNIDET6P3HH3BJPXGWA,1,2235,1,-0.0,0.5577466835865666,0.0,36.0,0.5027777777777778,0.0,1
AGZFRAVHZY6FKJ7JUMJ6Y5R7HMHA,11,1650,11,0.4394969869215134,-0.749624778397118,1.0907692040739878,179.54545454545453,0.2025080502866295,0.2727272727272727,2
AGZGA2B5XSMI45L7T3TJM6SZZ4LQ,4,2027,4,-0.0,0.3330422135581208,0.4494089400568916,39.25,0.3792508417508417,0.25,1
AGZHUIQEFS4VR23E7SKABSLIVEEA,3,78,3,1.584962500721156,0.2581407235486389,0.5189327450361415,58.333333333333336,0.3465362811791383,0.3333333333333333,2
AGZITV7VCIL4HKIHXNYYWUIJ3MMA,3,406,3,-0.0,0.2581407235486389,0.5189327450361415,166.33333333333334,0.2974918114535805,0.0,1
AGZLXGG5W3LYRHURJTLL4KPDTXDA,1,2437,1,-0.0,0.5577466835865666,0.0,37.0,0.2599999999999999,0.0,1
AGZN2MRRAPSJOFQVARCSYWLSXBEQ,1,1162,1,-0.0,0.5577466835865666,0.0,10.0,0.33,0.0,1
AGZOSBAECC362LI7AEQ6P2ND3OBA,1,2760,1,-0.0,0.5577466835865666,0.0,1.0,1.0,0.0,1
AGZOWOPR5THWINOUGM3KTSY34STQ,6,1661,6,-0.0,0.5577466835865666,0.0,5.5,0.6,0.0,1
AGZOZUFSUL643HJMMKFMLADI7OKQ,1,2707,1,-0.0,0.5577466835865666,0.0,14.0,0.3533333333333333,1.0,3
AGZPO5P6KNQ22P4WHOOZOZUGSJ7A,1,2581,1,-0.0,0.5577466835865666,0.0,4.0,0.5,1.0,3
AGZQ7O3IZFE7VKAEWECFZCBRZOPA,2,3740,2,-0.0,0.5577466835865666,0.0,35.5,0.245436507936508,0.0,1
AGZQVE7TNAIFEUPM4ITALZGWPNSQ,1,1864,1,-0.0,0.5577466835865666,0.0,4.0,0.5,0.0,1
AGZRXGKEE2XHTNLSZONQR75FG7BA,1,4292,1,-0.0,0.5577466835865666,0.0,215.0,0.1740285062160061,0.0,1
AGZSHUCC6LSMQE5CQP5MQUFTFCPQ,2,1700,2,-0.0,0.5577466835865666,0.0,6.0,0.775,0.0,1
AGZT7ZU75PHSV22C2QMPHLJNFK5A,5,100,5,0.7219280948873623,0.5577466835865666,0.0,19.6,0.3131481481481481,0.0,1
AGZVVKFA4QTXBRLFYRCTDWIPYWIQ,9,430,9,0.7642045065086203,0.2581407235486389,0.4494089400568916,8.333333333333334,0.5675925925925926,0.3333333333333333,2
AGZYNKTWTUPP4ZLJ77LH7TFL6Y5A,1,4465,1,-0.0,0.5577466835865666,0.0,55.0,0.2861111111111111,1.0,3
AGZYX75NRN524ZBY2VNWIYVVIOIA,1,1053,1,-0.0,-0.3410711965272165,0.0,22.0,0.1999999999999999,0.0,1
AGZZ35KI6RBFZYHG4TZPOAIACVMA,9,697,9,0.5032583347756457,0.3580093768946148,0.5992119200758556,5.111111111111111,0.5090277777777777,0.2222222222222222,1
AGZZ7IE2V6GMFGVNPJPFDBGS2X3Q,1,6341,1,-0.0,0.5577466835865666,0.0,48.0,0.5333333333333333,1.0,3
AH23K7IAT3VTGWZJQFPHVIT4HLSQ,25,460,25,1.825451399311646,-0.2691657661181139,1.3710042061269545,9.6,0.4824355555555556,0.44,2
AH25FFNH7SC26PTT4WGJKBY4XYRA,13,46,13,1.1401156785146092,-0.7559102181181934,1.625153891376255,25.076923076923077,0.160501628001628,0.5384615384615384,2
AH2AJKHK4EQVS3KYZ6JUKFXK2PPQ,1,978,1,-0.0,0.5577466835865666,0.0,16.0,0.2380952380952381,1.0,3
AH2B7RFJ3JIFZX5A52WKNH2MVTYA,1,3813,1,-0.0,0.5577466835865666,0.0,60.0,0.4447916666666666,1.0,3
AH2CJIKJPIIRDG264ZWX2UUQN5SQ,9,160,9,1.5304930567574826,-0.1413338898352647,1.253341652375499,29.22222222222222,0.3214506172839506,0.0,2
AH2D3MIPMJ2ZNWQBO4RZOSRWD5GA,1,250,1,-0.0,0.5577466835865666,0.0,34.0,0.411111111111111,1.0,3
AH2E34BUG4OSIJENFERR4FIYI76A,1,3002,1,-0.0,-1.2398890766409998,0.0,4.0,-1.0,1.0,0
AH2FFAK6UYBB2DMREP2U75N5PRQQ,1,697,1,-0.0,-3.0375248368685663,0.0,31.0,-0.06875,0.0,0
AH2IJBHRQBNBXRUEQKTBMBXYYJTA,1,2807,1,-0.0,0.5577466835865666,0.0,7.0,0.0,0.0,1
AH2IW7MZIXM53IRDZ2XYU7ALGFIQ,4,865,4,0.8112781244591328,0.5577466835865666,0.0,30.0,0.5105546536796537,0.0,1
AH2JZ2XBZ4WYWY2GBU33YXFT2LWQ,1,2164,1,-0.0,0.5577466835865666,0.0,34.0,0.58125,0.0,1
AH2KSYKRALNLIUPR2RW7AMBTGTLQ,3,73,3,-0.0,0.5577466835865666,0.0,13.666666666666666,0.1388888888888889,0.3333333333333333,1
AH2LEELEG5S4XLK44WCJPIRDEDUA,6,283,6,0.6500224216483541,-1.5394950366789275,1.2280190086786815,27.666666666666668,0.1985479797979798,0.1666666666666666,2
AH2MMHTSPZAOTQMORMZG2RPGZESA,1,574,1,-0.0,0.5577466835865666,0.0,5.0,0.85,0.0,1
AH2N6BAT6DVATRODM6EKJNWWN7YQ,1,2955,1,-0.0,0.5577466835865666,0.0,5.0,0.8,0.0,1
AH2NL42TJRHTU6OOXMEZRLCU6JLA,2,2222,2,-0.0,0.5577466835865666,0.0,2.0,1.0,0.0,1
AH2NNUODDGF2ML5UMQI23VT6WH2Q,2,146,2,-0.0,0.5577466835865666,0.0,7.0,0.57,1.0,3
AH2OYZNLIGO3HQDJOYVORGLODGCQ,1,774,1,-0.0,0.5577466835865666,0.0,6.0,0.4166666666666667,0.0,1
AH2P4QUUKIFZGS6ABSFEAF3TRZTA,1,3723,1,-0.0,-0.3410711965272165,0.0,144.0,0.2645833333333333,1.0,3
AH2RTUHR6HFPDYZUTNZIG2BILG2Q,1,3718,1,-0.0,0.5577466835865666,0.0,20.0,0.2678571428571428,0.0,1
AH2SK57JTJATVPUL34OIS44AQARA,1,461,1,-0.0,0.5577466835865666,0.0,18.0,0.5,1.0,3
AH2SR3SVIMB6E2CH3AH57H5VJLXA,1,2470,1,-0.0,0.5577466835865666,0.0,3.0,0.0,1.0,3
AH2TEPB4TV3XJ6P6RAYIJDNIPHKA,1,366,1,-0.0,0.5577466835865666,0.0,1.0,0.8,0.0,1
AH2TXWXPKPO42QC2FW4UGNOSES3A,5,594,5,-0.0,-0.1613076205044599,0.9846056560545864,5.6,0.429047619047619,0.4,2
AH2U5PEO5K7PAMZQKFWSX3R23ZIA,7,744,7,0.863120568566631,0.4293441292845976,0.3397212263884768,49.142857142857146,0.2336086631622345,0.7142857142857143,2
AH2UPXRCHEBBCDGHYEULULXBK7HA,10,50,10,0.7219280948873623,0.108337743529675,0.7638483183110468,15.7,0.47675,0.2,2
AH2WTEH276AS6UDBMUB6FLTVOFLQ,1,913,1,-0.0,-3.0375248368685663,0.0,114.0,0.069023569023569,0.0,0
AH2XDJDFD76NG6SMSM5NSS6EJ6TA,1,914,1,-0.0,-1.2398890766409998,0.0,44.0,0.3464285714285714,0.0,0
AH2ZC5ZF77R2NMXAPLJ2O6U2O36Q,1,486,1,-0.0,0.5577466835865666,0.0,22.0,0.253125,0.0,1
AH2ZTRKXBZOCI5VSC6ZGSH6NHBDQ,1,1475,1,-0.0,0.5577466835865666,0.0,74.0,0.2733333333333333,1.0,3
AH334TV27YASQE5WB7XJXM7DDI4A,1,989,1,-0.0,0.5577466835865666,0.0,6.0,1.0,0.0,1
AH33IRCXWMV2PDQPNVBP6GEHSFBA,1,3038,1,-0.0,0.5577466835865666,0.0,26.0,-0.2818181818181817,0.0,1
AH34LHESDUTCTLUUAL7KUCUXCPOQ,3,2736,3,-0.0,0.2581407235486389,0.5189327450361415,9.666666666666666,0.0,0.6666666666666666,3
AH35BDKRIDHVX4M6AIK6UGJGFXFA,1,2257,1,-0.0,0.5577466835865666,0.0,146.0,0.1431372549019608,0.0,1
AH36C2YF45UIU7MKNJLFMM3BDVEA,5,2219,5,-0.0,-1.060125500618243,1.333162360534874,17.6,0.2299999999999999,0.4,2
AH3A6NGDPWGSXQLGCUKL3JUWZM3A,1,865,1,-0.0,0.5577466835865666,0.0,12.0,1.0,0.0,1
AH3ACQ7TBS7IT4SRSWEYLLJ3ND3Q,5,150,5,1.3709505944546687,-0.1613076205044599,1.6078543034613406,36.0,0.1563131313131313,0.0,2
AH3AE47ITB2YXDKZSQJUGADS6SIQ,1,2664,1,-0.0,0.5577466835865666,0.0,33.0,0.08875,0.0,1
AH3E34SIJGD5GYEKPRXLFFZN3NTQ,1,666,1,-0.0,0.5577466835865666,0.0,2.0,0.0,0.0,1
AH3FAPGJUJBJFVZRQJPT3XEOI37Q,1,2333,1,-0.0,0.5577466835865666,0.0,24.0,0.2375,0.0,1
AH3HGJJWTN4OO2W2L62TZ4TSVDIA,2,2544,2,-0.0,0.5577466835865666,0.0,11.0,0.521875,0.0,1
AH3JA6PPI32KGJPMYYAGXT7FLIXQ,3,173,3,-0.0,-0.6406771565651443,2.075730980144566,18.333333333333332,0.0655555555555555,0.6666666666666666,2
AH3KBLJXHMU3DWNID7RNZT32KSZA,4,1682,4,0.8112781244591328,-0.3410711965272166,1.7976357602275663,17.75,0.1875,0.75,2
AH3OG6QD6EDJGZRVCFKV4B66VWNQ,131,6,131,1.8214589781867203,0.1460743720840705,0.9476819897385718,52.05343511450382,0.344746750964534,0.2442748091603053,2
AH3P6JTB7K26CSMOMOL7OIIH5CRA,1,2043,1,-0.0,-3.0375248368685663,0.0,7.0,0.0,0.0,0
AH3UC5PMFYF5LKKFBONAMU4QHIFQ,2,1861,2,-0.0,0.108337743529675,0.6355602180801734,23.0,0.6637500000000001,1.0,3
AH3UYU6Q2ZG3S4LWNGEL3DGADK2A,1,1199,1,-0.0,0.5577466835865666,0.0,5.0,0.45,0.0,1
AH3VLI2334OWSIFBC2GDOYEWVSRQ,1,614,1,-0.0,0.5577466835865666,0.0,72.0,0.1898148148148148,1.0,3
AH3XDEVX5WC72IRRTVTSW6ZZ3MKQ,1,1938,1,-0.0,0.5577466835865666,0.0,2.0,0.5,1.0,3
AH3YRKP6KFFAEENTFXSQQ6QBIKXQ,1,2888,1,-0.0,0.5577466835865666,0.0,2.0,0.8,0.0,1
AH3ZTBSYDPFXERSKY2W3Q5V7HWFQ,1,2188,1,-0.0,0.5577466835865666,0.0,12.0,0.5333333333333333,0.0,1
AH43PWBEUFJWDYQPIC36EJOQYZ7A,2,1782,2,-0.0,0.5577466835865666,0.0,145.5,0.4279444444444444,0.5,3
AH446WQU4LXWTENT55OJSK4BY2VA,1,739,1,-0.0,0.5577466835865666,0.0,2.0,0.8,0.0,1
AH45HFUNRO3OVUEXKRYBTWG3Q5CQ,1,3333,1,-0.0,0.5577466835865666,0.0,39.0,0.2111111111111111,0.0,1
AH46X4UHBAV2KZ3UV77D4VG66TPA,1,4069,1,-0.0,0.5577466835865666,0.0,296.0,0.246167976056865,0.0,1
AH47C4CYZSOEQD2ZSB3A3FVILP3Q,1,2794,1,-0.0,-0.3410711965272165,0.0,6.0,0.25,0.0,1
AH47SG6GYDB43WZAOL6SC2W6MSFQ,1,50,1,-0.0,0.5577466835865666,0.0,3.0,0.5,0.0,1
AH4BXKBECWRRUZCZNKI6723HHC2A,3,814,3,-0.0,0.5577466835865666,0.0,5.333333333333333,0.7333333333333334,0.0,1
AH4CGRSYSW5CWLRGQYRZKNJBUPAA,18,120,18,1.2326602568158205,-0.5907428298921563,1.6256536696279025,22.666666666666668,0.2942304618606702,0.4444444444444444,2
AH4CMK2M37HJMT5GS46BACZUOV6A,1,242,1,-0.0,0.5577466835865666,0.0,12.0,0.0,0.0,1
AH4D3IM3SAPLKNESBLMKHUUES4XA,1,1183,1,-0.0,0.5577466835865666,0.0,3.0,0.55,0.0,1
AH4EKC7KUYINI5U7MBLZQQY7LFCQ,1,128,1,-0.0,0.5577466835865666,0.0,41.0,-0.6510416666666665,0.0,1
AH4FS5WFXP6G4REX7BSQFRLRLNZQ,1,792,1,-0.0,-1.2398890766409998,0.0,19.0,0.25,0.0,0
AH4FT75HQYRS36JB6KL2JJNWSP2Q,1,1153,1,-0.0,0.5577466835865666,0.0,5.0,0.4,1.0,3
AH4FYADJKK33UO5DFGXUMFX744BQ,1,928,1,-0.0,-3.0375248368685663,0.0,6.0,0.0,0.0,0
AH4GMMYJ7KVFKRMHKXCCRYG7JC6Q,1,2955,1,-0.0,-3.0375248368685663,0.0,16.0,0.8,0.0,0
AH4HHXQCNMQJVDZ2IOM5HAJFJTBA,2,82,2,1.0,-0.3410711965272165,1.2711204361603468,8.0,0.35,0.5,2
AH4HSNAI7FMEFQNMP57SOTGGZASQ,1,2743,1,-0.0,0.5577466835865666,0.0,1.0,0.4166666666666666,1.0,3
AH4I4FH62IYYT66F5N6CIJG75ARQ,1,661,1,-0.0,0.5577466835865666,0.0,30.0,0.2111111111111111,0.0,1
AH4I54TPB7L2VNPDZC2ZKJPARVEA,1,508,1,-0.0,0.5577466835865666,0.0,18.0,0.286590909090909,0.0,1
AH4J4SCNHHXHG4CL7E6RIQGCH42A,2,110,2,-0.0,-0.3410711965272165,1.2711204361603468,27.5,0.20625,0.5,2
AH4JL6XLW5CMB34QAG7SXAFCWHUA,1,829,1,-0.0,0.5577466835865666,0.0,11.0,0.0,0.0,1
AH4JLQFF2GKTZMKPUG62VIPWELEA,7,185,7,0.5916727785823275,0.5577466835865666,0.0,24.142857142857142,0.5395238095238095,0.4285714285714285,1
AH4K5W3WGI5UT6MMNJ66GCV643OA,1,686,1,-0.0,0.5577466835865666,0.0,6.0,0.0,0.0,1
AH4KAKXUUFJIWCE2Q6UP3YP3PAQQ,1,1206,1,-0.0,0.5577466835865666,0.0,59.0,0.1946428571428571,0.0,1
AH4LP6FUAH3IY6N66XGW5U6NP4NA,1,282,1,-0.0,0.5577466835865666,0.0,12.0,0.611111111111111,0.0,1
AH4MB6HER73XDOV6I4ICPNT24YQQ,11,317,11,1.2776134368191154,0.5577466835865666,0.0,11.636363636363637,0.274965564738292,0.2727272727272727,2
AH4NCXMQJAFB54BLGMM2Y2Y24KXA,1,1570,1,-0.0,0.5577466835865666,0.0,28.0,0.1672727272727273,0.0,1
AH4O5W3EM4CKQGHMBVTSPCJRYF7Q,25,659,25,1.8448894517332408,0.3420303923592587,0.4699135867093129,24.2,0.3314476731601731,0.32,2
AH4PMXWWUVG7JCEH2VK7VBVE4IUQ,2,1159,2,-0.0,0.5577466835865666,0.0,2.0,0.6,0.0,1
AH4PSBGO5XWI5D3CNE6CI7YG3F5A,9,137,9,-0.0,0.4578780302405907,0.2996059600379277,2.0,0.91,0.2222222222222222,1
AH4PSWEGLHZW2K7VB73T4QZ76DHA,1,1922,1,-0.0,0.5577466835865666,0.0,35.0,0.21875,0.0,1
AH4TMJAEGJYYOLB5BY3SPHHNDJAA,1,386,1,-0.0,0.5577466835865666,0.0,60.0,1.0,0.0,1
AH4U4335HKPJBG6MS5IP6NK7TADA,3,2393,3,-0.0,0.5577466835865666,0.0,2.3333333333333335,0.3333333333333333,0.3333333333333333,1
AH4VGTN3VWRIESJMI4VGQHSQ4KRA,8,19,8,1.5487949406953985,-0.5657756665556624,1.575222524174331,16.375,0.3274255952380952,0.5,2
AH4X2YNDJ27FFDEMS4HPRMYV752A,1,4067,1,-0.0,0.5577466835865666,0.0,146.0,0.1756313131313131,0.0,1
AH4Y7WM3MLKQ4GCG6OQSVD3C2GDA,1,1028,1,-0.0,0.5577466835865666,0.0,12.0,0.5681818181818181,1.0,3
AH4YEHVN2JDOS7Q655D6FXXXW24Q,1,2117,1,-0.0,0.5577466835865666,0.0,2.0,0.8,0.0,1
AH4YFLUWAZGPVK3OLL6XFG347D2Q,1,2170,1,-0.0,0.5577466835865666,0.0,17.0,0.6666666666666666,0.0,1
AH4Z47YBJ7FV42RHZBLKLGHH35CA,1,1965,1,-0.0,0.5577466835865666,0.0,43.0,0.2678571428571428,1.0,3
AH52INCVGKJIYWBZMW5X5NBSE3EQ,5,1090,5,0.9709505944546686,0.1982195315410533,0.4923028280272931,8.4,0.6877083333333334,0.2,2
AH536W3OE7UD4WKIOOY6OMTXV2RQ,12,35,12,-0.0,-1.0900860966220358,0.6451180509165934,21.083333333333332,0.1940145502645502,0.25,2
AH54HZDZ7RYX5BACMUJ6NKKJSVUQ,1,2195,1,-0.0,0.5577466835865666,0.0,117.0,0.1735,0.0,1
AH54RKVFOJMRKOIOCPJCECNMYDIA,1,89,1,-0.0,-1.2398890766409998,0.0,1.0,0.0,1.0,3
AH57CHOVB47S7HVWPFA2O37PZPVQ,1,2136,1,-0.0,0.5577466835865666,0.0,8.0,0.6666666666666666,0.0,1
AH57O4SAOZLW7FEVFBTC3V3JAQZA,1,678,1,-0.0,0.5577466835865666,0.0,4.0,0.0,1.0,3
AH57R2ABJWI527BPU6AFO7L4VPJQ,1,2183,1,-0.0,0.5577466835865666,0.0,32.0,0.6833333333333335,1.0,3
AH5AW5PRJIYE4CFJOEHAMKTQGVYQ,1,2222,1,-0.0,0.5577466835865666,0.0,6.0,1.0,0.0,1
AH5B55NREQZIWV2CBBIS4VGOQ72Q,1,5853,1,-0.0,0.5577466835865666,0.0,36.0,-0.0833333333333333,0.0,1
AH5BXLIPVCNNER45GNHX6QGLUYRQ,1,644,1,-0.0,0.5577466835865666,0.0,11.0,0.0,0.0,1
AH5BZKHA23YTMJKUQWXNQNLBJSMQ,1,2339,1,-0.0,-0.3410711965272165,0.0,6.0,0.0,0.0,1
AH5GZ5O673LE353SOPVGTNAIEQNQ,1,1260,1,-0.0,0.5577466835865666,0.0,3.0,0.0,0.0,1
AH5HEN2Z5KLTDYEJLTP7LXYFUPPA,2,1117,2,-0.0,0.5577466835865666,0.0,18.5,0.2379166666666666,0.0,1
AH5JTPU3DLWQG55U2LQLH2CDMM2Q,6,391,6,-0.0,0.2581407235486389,0.4641475574605516,45.5,0.0913888888888888,0.3333333333333333,1
AH5KA4H3HEBROHEZTG2MLMZZUORQ,3,928,3,0.9182958340544896,-0.940283116603072,1.8710386207450893,35.0,0.2382407407407407,0.0,2
AH5KNRSD6RKBCN4F7WT6TPIYEUGA,1,2411,1,-0.0,-1.2398890766409998,0.0,91.0,0.2722222222222222,0.0,0
AH5L6CXK2R7JWG3SOFXOYLT7PDVQ,1,2743,1,-0.0,0.5577466835865666,0.0,49.0,0.465625,1.0,3
AH5L7ILVA6HYLZOUZIQAWNHVVK3A,12,465,12,0.4138168503036337,-0.4908741765461804,1.4254558789534295,39.083333333333336,0.3135872126628429,0.0,2
AH5MCM6NQYRBFY5IPF6WGQL5QTYQ,3,1787,3,-0.0,0.5577466835865666,0.0,248.66666666666663,0.2705997942386831,0.6666666666666666,3
AH5OGXFCGV3OEA7H4NIZBQXGCOCA,1,2117,1,-0.0,-3.0375248368685663,0.0,328.0,0.0074404761904761,0.0,0
AH5QXM4FFDVMF7N564YAIYUWLW5Q,1,299,1,-0.0,0.5577466835865666,0.0,5.0,0.8,1.0,3
AH5R3FHGQZ7VFOQVCWSUKCIQIY6A,2,936,2,1.0,-1.2398890766409998,2.5422408723206935,28.0,0.0885416666666667,0.5,2
AH5RHHMJUBBX3GYIXV5DOHIKXSAQ,1,2917,1,-0.0,0.5577466835865666,0.0,30.0,0.425,1.0,3
AH5RKO5JF332LQMJY2PQXMNHGXYQ,2,3811,2,-0.0,0.5577466835865666,0.0,464.0,0.2169138624215854,0.0,0
AH5RLY4VTK7XCRCKK5IVJNTL2J5A,1,2835,1,-0.0,-0.3410711965272165,0.0,3.0,0.0,0.0,1
AH5UH4UNXWYWUSROBEO4ISKUBQ3Q,1,2136,1,-0.0,0.5577466835865666,0.0,19.0,0.6416666666666667,0.0,1
AH5Z53QCWLNKZZZXXZ5Z5A4HA4HA,1,692,1,-0.0,0.5577466835865666,0.0,20.0,0.0454545454545454,1.0,3
AH5ZBPCVWAAGJCOPLXMFXD7PGIJQ,1,247,1,-0.0,0.5577466835865666,0.0,33.0,0.16875,0.0,1
AH64T2MRMNF76UENPWCIMMCYTSZA,3,8,3,-0.0,0.5577466835865666,0.0,15.333333333333334,0.5666666666666667,0.0,1
AH64UIO3AH2MFSVZ2OUHHB2UVTSQ,2,2567,2,-0.0,0.5577466835865666,0.0,8.5,0.6425,1.0,3
AH66FSBWTQC75KM2DSTCHNKVQTGQ,29,2706,29,0.362051251733998,0.4337718035708723,0.6676251608292394,21.275862068965516,0.352073754789272,0.5172413793103449,3
AH66ZLP5R2D62NUEKGEUCZEICXHA,3,3356,3,-0.0,-0.940283116603072,0.5189327450361416,49.333333333333336,0.3099704528275956,0.0,0
AH67BI7JTOFR35HMZYFVOEHM4CPQ,11,7,11,1.823067982273661,0.1491931017166652,1.090769204073988,11.090909090909092,0.5133333333333333,0.0,2
AH6BXEDXT2FGO7EYMDPTQG7HO7VA,2,80,2,-0.0,0.5577466835865666,0.0,36.5,0.428030303030303,0.0,1
AH6C36C5NO6YPJ4S7S7OCVB2FZQA,1,3418,1,-0.0,0.5577466835865666,0.0,37.0,0.525,0.0,1
AH6CATODIVPVUOJEWHRSRCSKAOHA,82,57,82,1.4038208355768282,0.2508332611086895,0.6657504240551615,20.5609756097561,0.4179934907504346,0.2560975609756097,2
AH6CZQHGPZ5KJWS43S5WKLM6FPLQ,1,370,1,-0.0,-0.3410711965272165,0.0,8.0,0.7,1.0,3
AH6D22EYUB4BRUQLMRDI4ADHBA3Q,2,688,2,-0.0,0.5577466835865666,0.0,16.0,0.55,0.0,1
AH6DTVCBQNHSNYEV42AQ5O2AUTNQ,1,2146,1,-0.0,0.5577466835865666,0.0,25.0,-0.0149999999999999,0.0,1
AH6J4HVM2MN3CLRADMVQ6QKSAR4A,1,850,1,-0.0,0.5577466835865666,0.0,3.0,1.0,0.0,1
AH6KRJWCDYDJ2AI5ZPYOJDFUPP6A,3,176,3,-0.0,-0.3410711965272165,1.5567982351084246,9.333333333333334,0.3233333333333333,0.0,2
AH6NLFSXCVUW2RRJFLVGVMGNBMWA,1,2944,1,-0.0,0.5577466835865666,0.0,1.0,0.8,0.0,1
AH6OTMPCD63WHCVIVJ66RJAIXR2Q,1,1157,1,-0.0,0.5577466835865666,0.0,10.0,0.5416666666666667,0.0,1
AH6PDU5N7P7TLLVFHCY64IFV7HIQ,3,630,3,0.9182958340544896,-0.0414652364892887,0.5189327450361415,39.333333333333336,0.241111111111111,0.0,2
AH6PLOGWYIVIWLJTY756BHNFD4YA,21,176,21,1.760835283310187,-0.1270669393572682,1.3302735979625862,51.714285714285715,0.2203848704205847,0.238095238095238,2
AH6SCJR5VCXGJTNKL7A27JGANMTQ,1,432,1,-0.0,0.5577466835865666,0.0,32.0,0.069047619047619,1.0,3
AH6VWIWXI5PHPWSAD6OITE46SANQ,1,1624,1,-0.0,0.5577466835865666,0.0,69.0,0.1017316017316017,0.0,1
AH6WWJMN4OXMR4FDTQZTEZFUZ6PQ,2,2250,2,-0.0,0.5577466835865666,0.0,25.0,0.0465097402597402,0.0,1
AH6X55ZNDYTAYPY6YE7RHM4U5EZQ,1,2794,1,-0.0,0.5577466835865666,0.0,15.0,0.3333333333333333,0.0,1
AH6ZNRRCEEWR6P34CNLQ2LRLUU3Q,11,234,11,0.94566030460064,-1.9752855240068223,1.6484516845610198,20.454545454545453,-0.0372727272727272,0.0,2
AH72UL73KOWO6TYA5WJFLCDFSJPQ,1,3780,1,-0.0,-1.2398890766409998,0.0,34.0,0.1,0.0,0
AH72UZNJL6SQJWKOLAIR5P2W3I2A,1,882,1,-0.0,0.5577466835865666,0.0,4.0,0.625,0.0,1
AH74YZQJEUF55CYLLS5FIGGEXKLQ,1,5961,1,-0.0,-3.0375248368685663,0.0,547.0,0.0223819444444444,1.0,0
AH76IQOCFNQJNEPMP2XUVMQWGYMA,1,122,1,-0.0,0.5577466835865666,0.0,28.0,0.3046875,0.0,1
AH76VKO4URX67RHM56TE3U2KG3NA,4,4217,4,-0.0,0.108337743529675,0.5189327450361415,710.25,0.1533324318010837,0.5,0
AH7BIQXCIWZ6T4ZXRNO4MM754ORA,2,810,2,-0.0,0.5577466835865666,0.0,2.0,0.75,1.0,3
AH7DCJTN4CQJ6M7KJPCSX4FHM67A,2,274,2,-0.0,0.5577466835865666,0.0,1.0,0.6000000000000001,0.0,1
AH7DSQKRNRX45EP42R364AWLJ3TQ,3,1474,3,1.584962500721156,-0.6406771565651443,2.075730980144566,124.33333333333331,0.2899187452758881,0.3333333333333333,2
AH7FRM3KDCGWQA63HWLYCENDSRKQ,2,942,2,-0.0,0.5577466835865666,0.0,9.0,0.625,0.0,1
AH7GUZGWAL2HBDSSQ3VP3WCS56FA,1,2192,1,-0.0,-2.138706956754783,0.0,50.0,-0.1715277777777777,0.0,0
AH7HVGL3WQN6HCJEH2G756H3EGIA,1,2719,1,-0.0,0.5577466835865666,0.0,12.0,-0.6999999999999998,0.0,1
AH7JE7MZA5J6FRCVSYWAPKPNDH2Q,1,223,1,-0.0,-2.138706956754783,0.0,12.0,-0.1291666666666666,1.0,0
AH7JN7M4NCIHSDTB7XJZ7RY5SOTA,2,1392,2,-0.0,0.5577466835865666,0.0,2.0,0.4,1.0,3
AH7JREEFQLI6NGLWZB4WAPFQP5XA,4,64,4,-0.0,0.5577466835865666,0.0,56.25,0.2501030511885774,0.0,1
AH7KKC5MZSTA5JLCOIH6D6OXFXRQ,1,1875,1,-0.0,0.5577466835865666,0.0,2.0,1.0,1.0,3
AH7LZVUB3QTRURUNM4MWWIDOY35Q,1,713,1,-0.0,0.5577466835865666,0.0,31.0,0.8,1.0,3
AH7MF4YWSQ2KF5HWJU4X6KBELWJA,16,798,16,0.3372900666170139,0.5577466835865666,0.0,18.6875,0.581568287037037,0.0,1
AH7N3ADEE6DTTFSRATXSKKQRWIMA,2,1165,2,1.0,-0.3410711965272165,1.2711204361603468,18.0,0.1,0.0,2
AH7P2ZJ7NDT2NNVS7ZEGNEPT2J2Q,7,721,7,-0.0,0.0441364663786905,0.707186126269829,74.85714285714286,0.2481635672876274,0.2857142857142857,1
AH7QBCAEAR623PMKDCBP4ZF2B3NQ,3,399,3,-0.0,0.2581407235486389,0.5189327450361415,43.0,0.4166666666666666,0.0,1
AH7QCGMVJNEMPUSBNBKPGKXDIIGA,1,2000,1,-0.0,0.5577466835865666,0.0,47.0,0.2909090909090909,1.0,3
AH7UKE3JVRDLDME7ZEDCPVF7QS5Q,2,4287,2,-0.0,0.5577466835865666,0.0,201.5,0.1399423156084598,0.5,3
AH7WTN7TCK5JXMZ6G224FKEG65UQ,11,1068,11,0.6840384356390417,0.1491931017166652,0.8396745247944943,23.272727272727273,0.260839072543618,0.0,2
AH7XQFTZQ46HFA2LO4ELY6NGRBCQ,5,1991,5,-0.0,0.1982195315410533,0.8039271517306702,20.2,0.335,0.0,1
AH7Y2ZY5QULUUVCEO5QLXGW5BIJA,4,746,4,0.8112781244591328,0.5577466835865666,0.0,12.75,0.3908854166666667,0.75,3
AH7ZEJIEQQI3UYTXXXDKWGN4YY6Q,2,502,2,-0.0,0.5577466835865666,0.0,13.0,0.6375,0.5,1
AHA2WDWVW362PAUYTFWENSLFBIQQ,1,696,1,-0.0,0.5577466835865666,0.0,4.0,0.0,0.0,1
AHA37JAG3YQHAN3ISJJ2WPU6Q2HQ,1,1207,1,-0.0,0.5577466835865666,0.0,71.0,0.4582070707070707,0.0,1
AHA3TUSHLZYFHBVVFBQFTWJJK4AA,1,2853,1,-0.0,-0.3410711965272165,0.0,12.0,0.4024999999999999,0.0,1
AHA64YFRYIQVKQHF4JSDDCABSKXQ,1,748,1,-0.0,-0.3410711965272165,0.0,82.0,0.371875,1.0,3
AHA7ZNGZII4O5AHGEOICYEK2C2WA,1,3160,1,-0.0,0.5577466835865666,0.0,12.0,0.5333333333333333,0.0,1
AHAAVBGPLWBB3DOF6WXTNPZ2MOVA,1,1706,1,-0.0,0.5577466835865666,0.0,6.0,-0.75,1.0,3
AHABXUTVL6XUIXXJ3X4AKNFHNB7A,1,3331,1,-0.0,0.5577466835865666,0.0,22.0,1.0,1.0,3
AHACLF2COQQE2V33ZFXQ7THZOJ2Q,74,54,74,1.4438648099831617,0.2905305570662527,0.7247223700346825,8.04054054054054,0.3299352477477477,0.2027027027027027,2
AHAEM7RA57X2FCMAOMK4CF466DQQ,2,200,2,-0.0,-1.2398890766409998,0.0,45.0,0.0702380952380952,0.5,0
AHAETVXVOZMNLTX3B6DTG2QR6ZRQ,1,1686,1,-0.0,-3.0375248368685663,0.0,13.0,-0.9875,1.0,0
AHAEV2H2NQI7BO4BZDIQ5TILGT5Q,1,872,1,-0.0,0.5577466835865666,0.0,33.0,0.5125,0.0,1
AHAFC4USPHAY43SHC5R5ARG4RCFA,4,378,4,1.5,0.108337743529675,0.5189327450361415,45.25,0.2503472222222223,0.25,2
AHAHB742KXGJEDS43NKCDU6BVQHA,1,2376,1,-0.0,0.5577466835865666,0.0,5.0,0.1,0.0,1
AHAHEGCIHHGZGZMJM24IEAUUIMIA,2,2186,2,1.0,-0.3410711965272165,1.2711204361603468,36.5,0.5833333333333333,0.5,2
AHAHGC3AY2K76ZPAHCTGCFQ76YIA,1,619,1,-0.0,0.5577466835865666,0.0,2.0,1.0,0.0,1
AHAI5HUHQGZ4HO5MMNFEX4MVIM3A,1,2319,1,-0.0,0.5577466835865666,0.0,13.0,0.55,0.0,1
AHAJ2VTSM5LONALC7LW7G54NLSOA,1,323,1,-0.0,-0.3410711965272165,0.0,62.0,0.3714285714285714,0.0,1
AHAK64IK5EQO5GNQ2PKAKZJQA4XA,4,557,4,-0.0,-1.4645935466694455,0.8605526033570225,37.75,0.2010416666666666,0.0,0
AHAMGOTUGK4FYD2NGZHG6SX42VXQ,1,1320,1,-0.0,0.5577466835865666,0.0,4.0,0.0,1.0,3
AHAPCGHBMF73N7VH4B3T4XBO7UHQ,1,2221,1,-0.0,-0.3410711965272165,0.0,2.0,0.7,0.0,1
AHAQE7NKHYLQ6ICQUGXSUMWOJHOA,2,833,2,-0.0,0.5577466835865666,0.0,12.0,0.425,0.0,1
AHAR2ITQ3O2FJJDLIORAQ226KZHQ,1,3852,1,-0.0,-0.3410711965272165,0.0,289.0,0.1536813186813187,0.0,0
AHATA6X6MYTC3VNBFJ3WIYVK257A,204,159,204,1.847125883289248,-0.3278532865255432,0.9119079145980036,46.86764705882353,0.2836377408518377,0.2107843137254902,2
AHATCIEF4MYPVVQNQC6BRLTFRIYA,1,2907,1,-0.0,0.5577466835865666,0.0,29.0,0.1833333333333333,0.0,1
AHAWL3U7UKXOVLS5EGO7ZWROEHZA,3,2149,3,-0.0,0.5577466835865666,0.0,11.666666666666666,0.8611111111111112,0.3333333333333333,1
AHAXAFCZATBRJKQOILWNS6222UEA,1,415,1,-0.0,0.5577466835865666,0.0,16.0,0.3110909090909091,0.0,1
AHAXKWKAW5LSE5NEQHOTCVKZEC5A,2,2393,2,-0.0,0.5577466835865666,0.0,66.0,0.3979166666666666,0.5,3
AHAZCIAV2THZY4U3FIYADQAT2JJA,1,3063,1,-0.0,0.5577466835865666,0.0,1.0,0.8,0.0,1
AHB2NCHZLSHHWB6MKE7A277N4TOQ,1,2118,1,-0.0,-1.2398890766409998,0.0,48.0,0.1583333333333333,0.0,0
AHB5CGLYN3Y6NIPHNQLYFJT2W2PQ,80,194,80,1.398053775222443,0.0746320730254081,1.0405920531970152,21.475,0.3825325095210059,0.1875,2
AHB7AOKW4QERAWDSXOURS4FZINUQ,1,2423,1,-0.0,0.5577466835865666,0.0,28.0,0.7666666666666666,0.0,1
AHBDW3ACDVDLPYTWH45CKLU7ROFA,1,1770,1,-0.0,-0.3410711965272165,0.0,6.0,0.4833333333333333,1.0,3
AHBE5YPZBUHJ2OH7DO67ORX2C3OQ,1,2849,1,-0.0,-1.2398890766409998,0.0,11.0,-0.025,0.0,0
AHBFFS54YL6MCGMMEKXBYB4LIZSA,1,3360,1,-0.0,0.5577466835865666,0.0,93.0,0.2409090909090909,0.0,1
AHBFX2PN5ZANXOX226VZTMX73K3Q,1,1873,1,-0.0,0.5577466835865666,0.0,5.0,1.0,0.0,1
AHBGAX5HBGZORPCNUC7JTXL4IW7A,1,2740,1,-0.0,0.5577466835865666,0.0,85.0,0.0916666666666666,0.0,1
AHBHMMUTJ5W3SZUHVKUP35ZYKUHA,31,233,31,0.659459211658581,0.4127760577617629,0.4083954014747862,7.709677419354839,0.2745959595959596,0.1935483870967742,2
AHBHR6ZGI4N55BOH54AL4Y4CFH7A,1,2307,1,-0.0,0.5577466835865666,0.0,26.0,0.34375,0.0,1
AHBI5SLZDP3Q3LZPETJLCHQFGLUA,9,38,9,0.9864267287308424,0.1582720702026629,1.198423840151711,23.77777777777778,0.4612610229276895,0.8888888888888888,2
AHBIGTZCJOWAGUEGZPJ4A7YGBDYQ,1,2433,1,-0.0,0.5577466835865666,0.0,15.0,0.6666666666666666,0.0,1
AHBK64LKDCGTRFZEI2VIQA7QT2QQ,1,1155,1,-0.0,0.5577466835865666,0.0,1.0,0.0,0.0,1
AHBNOPRQZEGQ4RT6FAWS4E4KZKZQ,3,882,3,-0.0,-0.6406771565651442,2.075730980144566,50.666666666666664,0.3339646464646464,0.0,2
AHBOHSZXLPCC34WRLQTBXULBNH3Q,1,1624,1,-0.0,0.5577466835865666,0.0,4.0,0.25,0.0,1
AHBOHYL5D6GMIEKBQIH73KKHPTHQ,1,698,1,-0.0,0.5577466835865666,0.0,3.0,0.0,1.0,3
AHBPASCTICMEIRD7WBBDPO5X7YMA,2,382,2,-0.0,0.5577466835865666,0.0,11.5,0.32,0.0,1
AHBPNB4OFDSGKU7UM5IATLVSPGJQ,2,230,2,1.0,-2.138706956754783,1.271120436160347,34.5,0.2416666666666665,0.5,2
AHBQXUIOU7CV6YRNQMKG6LJVTRHQ,1,2369,1,-0.0,0.5577466835865666,0.0,2.0,1.0,0.0,1
AHBSL5FBY72KB63INTSP3SNGMFBQ,175,11,175,0.606253727715012,-0.24348525525772,1.2130638154602649,4.634285714285714,0.4682661488437158,0.2514285714285714,2
AHBSZHFWGXFTKXR4CU23NU3UHFWA,1,2672,1,-0.0,0.5577466835865666,0.0,4.0,1.0,1.0,3
AHBTAGRWBE6QY66M6G6PRSYL7TIQ,2,64,2,-0.0,0.5577466835865666,0.0,5.5,0.81875,0.0,1
AHBTHXKKLBGXXNAXWPLLU4NECWCA,1,3330,1,-0.0,0.5577466835865666,0.0,23.0,0.6,1.0,3
AHBTMFDWLT4AQHPZBMHFXMGFWOVA,4,121,4,1.5,0.5577466835865666,0.0,21.25,0.3295833333333333,0.0,2
AHBUZA43Z6A27QY372AUL5D5OYPQ,1,2334,1,-0.0,0.5577466835865666,0.0,18.0,0.45,0.0,1
AHBVOATDD3RGQQ73JAMC2EBADKUQ,1,662,1,-0.0,0.5577466835865666,0.0,3.0,0.625,0.0,1
AHBWF2BW7BDFK4SAKBQLVN7PPEUQ,2,1071,2,-0.0,-1.6892980166978917,0.6355602180801735,23.5,0.1449999999999999,0.0,0
AHBX4IJYBYLNDA4N5MDF6HFOE5TA,1,2542,1,-0.0,0.5577466835865666,0.0,11.0,0.525,0.0,1
AHBY3OQDEBBXOWLZT6SZ5TLSERJA,1,2088,1,-0.0,-0.3410711965272165,0.0,14.0,0.1333333333333333,0.0,1
AHBZRDFYB2FWUAO63DCSF2VSTJ2Q,41,243,41,0.9788698505067784,0.0754541625499024,0.9447760509840576,1.2439024390243902,0.0,0.4390243902439024,2
AHC2ZPX7EDDQPTJSLDXWLGCQPGLA,1,2767,1,-0.0,0.5577466835865666,0.0,15.0,0.0,0.0,1
AHC3V4GQF2DRXAMEEJ6S2RRIF2BQ,1,3181,1,-0.0,0.5577466835865666,0.0,93.0,0.5333333333333333,0.0,1
AHC47FXJ6VIKKY4SFGWQ44YSZP7Q,2,39,2,-0.0,-1.2398890766409998,2.5422408723206935,19.5,0.1335714285714285,0.5,2
AHC4YDJ5WS3MDCNSKMJTOZRKZWPA,7,419,7,1.5566567074628228,-0.2126686422252475,1.414372252539658,14.428571428571429,0.4971230158730159,0.2857142857142857,2
AHC5IMHOSWX536YGLYJUI2LDHJPA,6,996,6,1.4591479170272446,0.5577466835865666,0.0,35.833333333333336,0.5118641975308642,0.0,2
AHC5L6ZXZXLJGTYK2FVORKUCZTAA,5,432,5,0.7219280948873623,-1.599416228686513,1.9692113121091728,8.0,0.7222916666666667,0.4,2
AHCACWS3ZET5VOCEQSU73CHTBOMQ,1,3023,1,-0.0,-0.3410711965272165,0.0,2.0,0.0,1.0,3
AHCAXVBOOT6J4GU6M2CETQIXF7KA,2,1184,2,-0.0,0.108337743529675,0.6355602180801734,2.0,0.3833333333333333,0.0,1
AHCCVB4GY7SG7JCAZH7GE2BR7KGA,1,2023,1,-0.0,0.5577466835865666,0.0,2.0,0.8,0.0,1
AHCDZ4OXU7U4AWYCAK2674R3NYVQ,3,1241,3,1.584962500721156,0.2581407235486389,0.5189327450361415,11.666666666666666,0.4194444444444444,0.0,2
AHCEBEXXWM2CZO2NGPQT45BTOYMQ,2,2710,2,-0.0,0.5577466835865666,0.0,45.0,0.278347902097902,0.0,1
AHCFUQ5RHHD6IKT3WGVPON6R3OTQ,1,958,1,-0.0,0.5577466835865666,0.0,4.0,0.0,1.0,3
AHCFVTFHBNWWLUQB4ZZCD3H7J77A,1,1617,1,-0.0,0.5577466835865666,0.0,10.0,0.4333333333333333,0.0,1
AHCG4HEZ2HRZPVTYXJPNUHBBVQFA,1,696,1,-0.0,0.5577466835865666,0.0,138.0,0.252579365079365,0.0,1
AHCG4JUQSSTI6SPIYAUQJOT4FYBQ,2,2290,2,-0.0,0.5577466835865666,0.0,7.5,0.6,0.0,1
AHCJSI7OXRPQ66URXSBFN633ERFQ,1,3692,1,-0.0,0.5577466835865666,0.0,60.0,0.3075,0.0,1
AHCKACFQHPP4VYO6KQSDONCSSYXQ,14,51,14,1.4315602842833155,0.5577466835865666,0.0,5.785714285714286,0.4624999999999999,0.3571428571428571,2
AHCKTKPOVN5D72LKKWCDKETMIJQA,3,395,3,-0.0,0.2581407235486389,0.5189327450361415,4.333333333333333,0.3999999999999999,0.3333333333333333,1
AHCKY3X6TF5HJQTOQHGUWSB2JUGQ,6,2222,6,0.9182958340544896,-1.090086096622036,1.6491940632001212,23.666666666666668,0.0649999999999999,0.1666666666666666,2
AHCL2NHTJVVIITYBXWXDFWW42RNA,1,2400,1,-0.0,0.5577466835865666,0.0,10.0,0.0,1.0,3
AHCLQZA4RNWVMD5KVNGKY572JCMQ,1,1054,1,-0.0,0.5577466835865666,0.0,14.0,0.2,0.0,1
AHCLVJWUA4O6BWTQTEAR4YI72SKQ,1,2699,1,-0.0,0.5577466835865666,0.0,66.0,0.3233333333333333,0.0,1
AHCMCE5ZOEHEAEMOX2STYRXCREFA,1,4026,1,-0.0,0.5577466835865666,0.0,82.0,0.5166666666666667,0.0,1
AHCMR3IQDEYFJXPDLIODZXXVNJTA,1,3147,1,-0.0,0.5577466835865666,0.0,2.0,0.5,0.0,1
AHCMVKKF56LYDCDRWFNRQ3V2ZR5Q,1,2603,1,-0.0,0.5577466835865666,0.0,1.0,1.0,1.0,3
AHCONVE7YVM6TEYO2BAJAIAA4YJQ,1,3029,1,-0.0,0.5577466835865666,0.0,65.0,0.4375,1.0,3
AHCOOS4PEYHYLNIZ4NOXDKIGOLCA,1,5203,1,-0.0,-0.3410711965272165,0.0,206.0,0.1586080586080586,0.0,0
AHCOPM2SKJ64SUIEHISCSJQM3T4A,1,2064,1,-0.0,0.5577466835865666,0.0,33.0,0.4482727272727272,1.0,3
AHCPBEFQV7JO3HHVH2EVO5ZATMBQ,1,3561,1,-0.0,-0.3410711965272165,0.0,103.0,-0.0099999999999999,1.0,3
AHCPHQE3JUM5TTR3Y4JEG6XB7YKQ,1,1231,1,-0.0,0.5577466835865666,0.0,3.0,0.0,1.0,3
AHCPZDDPHJE3G7M6ST5WGRPLXHOA,25,3,25,1.5917056888227985,0.054408670722848,1.072321499284651,22.56,0.2215697916666666,0.36,2
AHCQENT2I3XVM7WVIP5HYDVYTDGQ,1,1624,1,-0.0,0.5577466835865666,0.0,69.0,0.5173611111111112,0.0,1
AHCV2CNCOCG6WECDROOUYPDZIFEQ,9,797,9,-0.0,-0.3410711965272165,1.189024292359669,21.0,0.1814971116484788,0.4444444444444444,2
AHCWFGEJ6V3UR54B6W6ELGRKNUXA,2,2794,2,1.0,0.5577466835865666,0.0,14.5,0.35,0.5,3
AHCWHNTFHR4T2SG7JXIJOT5PA6NA,7,258,7,1.6644977792004614,0.4293441292845976,0.3397212263884768,28.714285714285715,0.3226164708307565,0.1428571428571428,2
AHCWVFXOTHPISKVXQMXKTAHWUNJA,1,789,1,-0.0,0.5577466835865666,0.0,202.0,0.3172184429327286,1.0,3
AHCX5B44PQONYEL6H6UCQ7TUPLDQ,1,2900,1,-0.0,0.5577466835865666,0.0,10.0,0.6953125,0.0,1
AHCXD2LKPZPAWUXZ32ZZNE3NYYZQ,1,2776,1,-0.0,0.5577466835865666,0.0,14.0,0.2,0.0,1
AHCXDVOX4IOEOFH7SWBWE4DXCA5Q,1,5164,1,-0.0,0.5577466835865666,0.0,25.0,0.575,1.0,3
AHCXO3ILYB76YYFDXB6K65TWGYAA,1,1914,1,-0.0,-0.3410711965272165,0.0,15.0,-0.0375,0.0,1
AHCXORATWB3GJZS2HPMTPAIEHP2A,101,57,101,0.1929000745789841,-0.3410711965272165,1.0558719347652368,54.83168316831683,0.1410896387249596,0.3366336633663366,2
AHCXQS3ZHZEK7U5IJMR4R7ZEBO7A,1,2000,1,-0.0,0.5577466835865666,0.0,158.0,0.1799744897959183,1.0,3
AHCXVDS5SWUAQCGUWGT2D6KTH37Q,4,3323,4,-0.0,0.3330422135581208,0.4494089400568916,58.5,0.4297470238095238,0.75,3
AHCZKF7BGNDSCAL2QFSH7FHEIMHA,1,405,1,-0.0,0.5577466835865666,0.0,35.0,0.4590909090909091,1.0,3
AHCZKT34YZL3CVXYVH2CNKQDCYBA,7,589,7,0.9852281360342516,-0.2126686422252475,1.0920509544622314,76.57142857142857,0.196134817563389,0.1428571428571428,2
AHCZN4CSCTWTUCXUIG73WYTKAYDQ,1,2620,1,-0.0,0.5577466835865666,0.0,25.0,0.0,0.0,1
AHD2V3JUPKTG7ROOPGTUNJLDZWRQ,1,2557,1,-0.0,0.5577466835865666,0.0,104.0,0.1478030303030303,0.0,1
AHD4SYZMLZHP5BJ4YEITSBWPK5MA,1,977,1,-0.0,0.5577466835865666,0.0,14.0,0.2041666666666667,0.0,1
AHD4YEOMWFY47HIM63OVZ7KCL2JA,1,2459,1,-0.0,0.5577466835865666,0.0,4.0,0.7,0.0,1
AHD5DLIFV3IRT76VAXMCO5EBIBSQ,1,1143,1,-0.0,0.5577466835865666,0.0,17.0,0.85,0.0,1
AHD5DXKPN6RBJFDJTOQWQKKTDHJQ,4,648,4,1.5,-0.7904801365841082,1.5567982351084246,2.5,0.6416666666666666,0.25,2
AHD63A5CM6WNHRO3QICC5CW46IKA,1,732,1,-0.0,-3.0375248368685663,0.0,9.0,-0.275,0.0,0
AHD772JFF3N6N4OWQNFIYZUSRDKA,1,938,1,-0.0,0.5577466835865666,0.0,8.0,0.5625,0.0,1
AHD7EWDQMNA5VOMDQEDHMNXB4MRQ,1,7551,1,-0.0,0.5577466835865666,0.0,194.0,0.2289855072463768,1.0,3
AHDAT2RRDJYOD7A3GKAA6NZIC6VQ,1,2003,1,-0.0,-3.0375248368685663,0.0,37.0,-0.0333333333333333,0.0,0
AHDCJCKC5ECOHFMIOJOUG6NRHO6A,10,275,10,-0.0,-0.2511894085158382,0.2842311702843717,11.1,0.1945277777777777,0.4,1
AHDCTGXCOQONSBGYDV2NDDGGYGHQ,1,1179,1,-0.0,0.5577466835865666,0.0,7.0,1.0,0.0,1
AHDF7J4POYZFSKSU2V2MAOJ6BV6Q,12,2361,12,0.4138168503036337,0.2581407235486389,1.037865490072283,12.5,0.4274305555555555,0.0,1
AHDG4GWPNZV4WXMMEEHYKUPYB67Q,2,221,2,-0.0,-1.2398890766409998,2.5422408723206935,79.5,0.0020684523809523,0.5,2
AHDHL6T4YFIUZ3NDQEQ44DPL4KUA,1,2691,1,-0.0,0.5577466835865666,0.0,1.0,0.0,0.0,1
AHDHYC55QPEOKEBVQ2JBMP4TQVYQ,1,3393,1,-0.0,0.5577466835865666,0.0,30.0,0.0,1.0,3
AHDIZUBULWAHDOZMG7FJODOMB5IQ,1,369,1,-0.0,0.5577466835865666,0.0,222.0,0.2236201298701298,1.0,3
AHDK7DARANJKIA7JLQUVOHGHQV3Q,1,1362,1,-0.0,0.5577466835865666,0.0,9.0,0.0,0.0,1
AHDMCP2GIHNOUJ3CR3TSTYWG7QFA,1,2942,1,-0.0,0.5577466835865666,0.0,8.0,0.6,0.0,1
AHDMNQCZQZAOSITJRKU75J34TEEQ,1,1059,1,-0.0,0.5577466835865666,0.0,98.0,0.4193668831168831,0.0,1
AHDNYURIEGVNNTLAI4XTVL77MCSA,1,4403,1,-0.0,0.5577466835865666,0.0,102.0,0.2242857142857142,0.0,1
AHDR3NP6DSYP542YNO5HDI7KSUJA,1,1520,1,-0.0,0.5577466835865666,0.0,8.0,0.5,0.0,1
AHDR7KO7FLNO7MQUS27D3P72KUMQ,3,56,3,0.9182958340544896,0.5577466835865666,0.0,21.0,0.3129629629629629,0.0,1
AHDTLLCX6TUWIATBJELRTK2KKJPA,1,1498,1,-0.0,0.5577466835865666,0.0,49.0,0.2880952380952381,0.0,1
AHDTTBI6YLMFEQ4IPKBZBO42CXOA,1,915,1,-0.0,0.5577466835865666,0.0,107.0,0.2425074272133095,1.0,3
AHDWCKXSINGBFFOECNCDMBJXNT7A,1,1282,1,-0.0,0.5577466835865666,0.0,139.0,0.1733974358974359,0.0,1
AHDWWJYXAP32YSSRTHT7QVL2EVVQ,1,820,1,-0.0,0.5577466835865666,0.0,63.0,0.3274972943722944,0.0,1
AHDZ3PFHIGTE7EOQBUMVRBFRMWJQ,7,163,7,1.664497779200461,0.3009415749826286,0.6794424527769537,20.428571428571427,0.3761507936507937,0.8571428571428571,2
AHDZRM7MKMTZU4EO76BUWIANJAWA,1,2191,1,-0.0,0.5577466835865666,0.0,7.0,0.0,0.0,1
AHE2H77LQCUDXIXFI46LFDCVKJNQ,3,1038,3,0.9182958340544896,-0.0414652364892888,1.037865490072283,85.0,0.275012025012025,0.0,2
AHE2K6WF62TK2N2HGG7Q6GLFYGGA,1,2848,1,-0.0,0.5577466835865666,0.0,3.0,0.5,1.0,3
AHE2OKZ2C6YM5M3YXFYNANJEFMVA,1,4356,1,-0.0,0.5577466835865666,0.0,63.0,0.112310606060606,0.0,1
AHE4UY7O6D5J3ASEH2E66NJ3JAPQ,5,2280,5,-0.0,-0.3410711965272165,0.6355602180801734,6.0,0.72,0.2,1
AHE5BLPXG7UHZYTPQ3GAHKZ7L44Q,3,4516,3,-0.0,0.5577466835865666,0.0,57.0,0.6875,0.0,1
AHE5R4ANS77PUJWBZ7J3OIV6GGSA,1,2629,1,-0.0,0.5577466835865666,0.0,7.0,0.9765625,0.0,1
AHE6A2KMCMQSOHCMNE7JQHSAHTRQ,1,2344,1,-0.0,0.5577466835865666,0.0,154.0,0.1802777777777777,1.0,3
AHEAZJ75XG4TMDLFWDK567HHCU2A,4,1412,4,-0.0,-0.5657756665556624,1.3482268201706749,62.25,0.2135649022694477,0.25,2
AHECWYK63MH2VFO4EAJATI37O2XQ,1,5122,1,-0.0,0.5577466835865666,0.0,31.0,0.45,1.0,3
AHEDNX6O6ROABU44WTGKLNZZD7VQ,13,627,13,1.8339272176418304,-1.6547280982319763,1.250584021636453,27.46153846153846,0.0575373931623931,0.0769230769230769,2
AHEGPASZZG6ZQGVTDJKUAHVDVSUA,2,107,2,-0.0,0.5577466835865666,0.0,28.5,0.3434166666666666,0.0,1
AHEI5DRJMW2UV463URYIINVUW3CQ,1,2181,1,-0.0,0.5577466835865666,0.0,78.0,0.2214285714285714,0.0,1
AHEJ5LC7BSEADCIZQQQPZPVWOLCA,3,1027,3,-0.0,-1.8391009967168552,1.0378654900722832,20.0,0.311111111111111,0.3333333333333333,0
AHELX7UOIDURULSSVA52BNVTMT7A,1,2311,1,-0.0,0.5577466835865666,0.0,2.0,0.7,0.0,1
AHEMNG4G3HTLA2YBFPBBSUC5GRLA,1,3081,1,-0.0,-0.3410711965272165,0.0,264.0,0.1786764705882353,0.0,0
AHENSGR43GHPRMP7GXP6Y3LR5R5A,2,1161,2,-0.0,0.5577466835865666,0.0,5.5,0.5777777777777777,0.5,1
AHEOBXBPM3YX2JREPJXX7N2C24UA,1,635,1,-0.0,-2.138706956754783,0.0,5.0,-0.0857142857142857,1.0,0
AHEORE52AGZSVN3DSLYNRMLIDWTQ,1,2110,1,-0.0,0.5577466835865666,0.0,20.0,0.6743055555555555,0.0,1
AHEQRHKGEACLR3RSXRQ7TUIXZGSQ,5,552,5,0.9709505944546686,-0.1613076205044599,1.6078543034613406,24.8,0.5053452380952381,0.6,2
AHERMQFOBNZD2TL4XQBOAG4ANXUA,1,5950,1,-0.0,0.5577466835865666,0.0,41.0,0.45,0.0,1
AHERYFLIDASGZDPR3VMP2IAGIWMA,1,1788,1,-0.0,-0.3410711965272165,0.0,15.0,0.5,0.0,1
AHESEVBKET4S4GMESHM4WDDI2GVQ,1,2945,1,-0.0,0.5577466835865666,0.0,2.0,0.5,1.0,3
AHETBQGXXC7TMZ2MIFVPOKZJGXMA,1,788,1,-0.0,0.5577466835865666,0.0,1.0,0.0,0.0,1
AHEWI2CRJXHPIYZWP6RYZ2FDCJZA,1,2909,1,-0.0,0.5577466835865666,0.0,55.0,-0.0020833333333332,0.0,1
AHEWYFQXL4M2D5WLNGCYARXMVS2Q,1,1910,1,-0.0,-2.138706956754783,0.0,35.0,0.2749999999999999,1.0,0
AHEXPPYJYGQM6XUDMAVLGDUUL6ZQ,1,3930,1,-0.0,0.5577466835865666,0.0,25.0,0.5666666666666667,0.0,1
AHEXQPGWXVYWQCVIOMCGTUABWKWA,1,2779,1,-0.0,0.5577466835865666,0.0,276.0,0.0918018353174603,0.0,1
AHEXYBTBZX4UQB7R46QRACLUEGJQ,1,2324,1,-0.0,-3.0375248368685663,0.0,7.0,0.375,0.0,0
AHEYMNN5MR4HMXCEIGLEPLNJLNPA,2,891,2,1.0,0.5577466835865666,0.0,100.5,0.1884821428571428,0.0,1
AHEZIVRGCNRMZSGHJHORIETQJSOA,2,140,2,-0.0,0.5577466835865666,0.0,13.0,0.5625,0.0,1
AHEZLJU3IXCVBVDWTBXTKRREADCQ,1,2316,1,-0.0,-1.2398890766409998,0.0,45.0,0.3,1.0,3
AHEZM6PZQS5FDVLW3RRJVQSULDFQ,1,1321,1,-0.0,0.5577466835865666,0.0,31.0,0.3916666666666666,1.0,3
AHEZPCQDJ6RC5HUVM7CGXZWGQHQQ,1,2755,1,-0.0,0.5577466835865666,0.0,65.0,0.615625,0.0,1
AHF23TTAPE3MPI45R2YET4OGHFTA,1,853,1,-0.0,-0.3410711965272165,0.0,19.0,0.0444444444444444,1.0,3
AHF2OTODCQC4BETX7CHZMOHUBODQ,18,157,18,0.9444885341662052,-0.1912682165082527,1.4542104059621148,14.88888888888889,0.3335094429747207,0.2222222222222222,2
AHF5OLUZ6VKGFAJ7J5CIPI57O7GQ,1,1916,1,-0.0,-0.3410711965272165,0.0,2.0,0.8,1.0,3
AHF5UCD2OTD6A35HM4Q4CBQMF47A,1,1012,1,-0.0,0.5577466835865666,0.0,100.0,0.5062008978675645,0.0,1
AHF5ZWLZI6NQY3F36GGCPOW5IV5A,1,4387,1,-0.0,0.5577466835865666,0.0,33.0,0.3541666666666667,1.0,3
AHF76MPDIG6HQHAMO5VTHMPQUSTQ,1,514,1,-0.0,0.5577466835865666,0.0,9.0,0.91,0.0,1
AHFAJWA2MDSLJ747IQEF3PHELF4A,7,359,7,1.3787834934861751,-0.9830839680370618,1.6173965492734066,73.42857142857143,0.2247907862640005,0.2857142857142857,2
AHFDNUUE3JO4OSHIIYB54U6MCV5Q,1,2085,1,-0.0,0.5577466835865666,0.0,96.0,0.6154761904761905,1.0,3
AHFG6DBOC5H5PRWGFY43YE2GKN4Q,1,2615,1,-0.0,-0.3410711965272165,0.0,131.0,0.1851851851851851,0.0,1
AHFHEG7YEVEIXRWFISCBW237AJ2Q,1,932,1,-0.0,0.5577466835865666,0.0,2.0,0.7,0.0,1
AHFJN6JDNJXMWRQLQE57MSSYNMPA,1,709,1,-0.0,0.5577466835865666,0.0,4.0,0.9765625,0.0,1
AHFJOOXHFV7YUIQPVPQ7K25GPFNQ,2,4253,2,-0.0,0.5577466835865666,0.0,70.0,0.299520202020202,0.0,1
AHFKB3FI5FLJASFNZ5RNKU6SUVCA,1,2637,1,-0.0,0.5577466835865666,0.0,49.0,0.0942857142857142,1.0,3
AHFLLZLXIWRHZIX2JCSUVNTFWUCQ,1,740,1,-0.0,0.5577466835865666,0.0,8.0,0.0,1.0,3
AHFLQE2JRKV4XJDSLX3LSEPMHF7Q,1,1412,1,-0.0,0.5577466835865666,0.0,17.0,0.125,1.0,3
AHFMYJJRTDFK46AVWU4UAFU2K6MQ,1,969,1,-0.0,0.5577466835865666,0.0,8.0,0.1666666666666666,0.0,1
AHFPRA2FBIEOARQ6MVSQUHHKSJJA,1,624,1,-0.0,0.5577466835865666,0.0,27.0,0.3,0.0,1
AHFQM7EFBT2DQLAY6EYIEWJCAXTA,1,1336,1,-0.0,0.5577466835865666,0.0,26.0,0.125,1.0,3
AHFR2P34DFCGTJYFLV4PLYFVF6IA,7,150,7,1.9502120649147463,0.3009415749826286,0.6794424527769537,36.142857142857146,0.2037698412698412,0.2857142857142857,2
AHFS6FQCQWKVH35AH6X5OYCJHRFA,1,935,1,-0.0,0.5577466835865666,0.0,2.0,0.8,0.0,1
AHFSUITNWGBNJOOVWFDDWMK4B72A,3,123,3,0.9182958340544896,-0.6406771565651443,2.075730980144566,107.66666666666669,0.3007335257335257,0.0,2
AHFURURV4H35BXUUTXYMJYA36CTQ,88,278,88,1.712760279336376,0.1696207808101602,0.7684393460554325,7.909090909090909,0.3612527056277056,0.2613636363636363,2
AHFVMT6EHIYXHWTCAY5A2OBVF3HQ,1,951,1,-0.0,0.5577466835865666,0.0,29.0,0.4458333333333333,1.0,3
AHFXER2TFR35K5EJC3RGRVPXIY5Q,1,3195,1,-0.0,0.5577466835865666,0.0,31.0,0.20875,0.0,1
AHFY2QSS6PK5MHSYZFI6TXUYNPLQ,2,412,2,1.0,-2.138706956754783,1.271120436160347,35.0,0.1249999999999999,0.5,2
AHFYQYDCMZ7AE7OBCHCRSAMAHQDA,1,1883,1,-0.0,-2.138706956754783,0.0,42.0,-0.8125,0.0,0
AHFZ4IDT7GNXZ5DGFYCDH372V5YQ,1,523,1,-0.0,0.5577466835865666,0.0,2.0,-0.1,1.0,3
AHFZ5U4EOB7NQLHQ3RLCNRNOTOOA,8,2998,8,-0.0,0.5577466835865666,0.0,6.0,0.4368055555555555,0.0,1
AHFZFJJ7RWRX6RCUSCFFXX3QK73Q,2,983,2,-0.0,0.5577466835865666,0.0,7.0,0.7847222222222223,0.5,1
AHFZLS7XC23434VUET3E4AVMEG3A,1,444,1,-0.0,0.5577466835865666,0.0,13.0,0.375,0.0,1
AHFZUNQFXSVVT6Z6BYKE5CLBX3KQ,111,97,111,1.2002924700356945,-0.1143423619039198,0.5615531791113085,7.144144144144144,0.5383985250131084,0.7297297297297297,2
AHG32V5Z74FFKFLACRPEDM2FU5FA,1,2654,1,-0.0,0.5577466835865666,0.0,40.0,0.2765674603174603,0.0,1
AHG3VPRIK7KNOJWVYGCFPT72CJIA,1,2322,1,-0.0,0.5577466835865666,0.0,36.0,0.3041666666666666,1.0,3
AHG3Z4XA2TONTEW35RW55WJYFUWA,47,300,47,0.8792627450805205,-0.0159668569115928,1.0337770224751075,59.1063829787234,0.1671076415240995,0.2127659574468085,2
AHG4GBND2MX3LYZUYFKZUAFZUNCA,1,1566,1,-0.0,0.5577466835865666,0.0,8.0,0.4833333333333333,1.0,3
AHG54SRWF6PQXUW2E56WLSRMYVYQ,2,399,2,1.0,0.5577466835865666,0.0,5.5,0.5833333333333334,0.5,1
AHGAOIZVODNHYMNCBV4DECZH42UQ,81,344,81,2.192968902360145,-0.318878162450333,1.4421427756139296,46.51851851851852,0.3133238345212839,0.1975308641975308,2
AHGCACA7P5EXJA2JPVEGKRWAC4AQ,1,1488,1,-0.0,0.5577466835865666,0.0,22.0,-0.04375,0.0,1
AHGDWJAWQF3RHC5XWPY5Z55TTWIQ,1,1999,1,-0.0,-0.3410711965272165,0.0,49.0,0.1464285714285714,0.0,1
AHGFYFT7I77M255JEL7XQW4KFU6A,4,1350,4,-0.0,0.5577466835865666,0.0,36.25,0.4359722222222222,0.25,1
AHGL5IFUVGPK7GCXROL2QKGOJYLQ,3,201,3,0.9182958340544896,0.2581407235486389,0.5189327450361415,37.666666666666664,0.3494444444444444,0.6666666666666666,2
AHGOKDHR4J5EP4E5KYHZYDZM2CRA,1,3539,1,-0.0,0.5577466835865666,0.0,60.0,0.5234375,0.0,1
AHGONLBPMXIJRW3JUB6HO4UVPP6Q,1,2951,1,-0.0,0.5577466835865666,0.0,22.0,0.3727272727272727,0.0,1
AHGQ7AVM46MCLVPVUYZB4QAT2KJQ,1,2834,1,-0.0,0.5577466835865666,0.0,11.0,0.5952380952380952,1.0,3
AHGQCTSFJOB5KKW36IJPQATZOZWA,3,1177,3,-0.0,-0.3410711965272164,0.0,137.33333333333334,0.1104338254338254,0.6666666666666666,3
AHGQUQWK77Z3AJCQ6BAK2OETTCCQ,1,162,1,-0.0,0.5577466835865666,0.0,10.0,0.55,0.0,1
AHGSTQFACX43PT7KOWBHYIBKFIMA,1,1607,1,-0.0,0.5577466835865666,0.0,6.0,0.5625,0.0,1
AHGTHCERTEZUXNBLJ5SWHK2CDLXA,14,172,14,0.3712323266408756,-0.3410711965272165,1.4101815107280864,40.285714285714285,0.3336070738891211,0.0714285714285714,2
AHGW4FDYTQOVZF4W2NZGYDOGWNDQ,1,1361,1,-0.0,0.5577466835865666,0.0,45.0,0.3553571428571428,0.0,1
AHGW66AAYSLECZ72ROLIDILZW4XA,1,2166,1,-0.0,0.5577466835865666,0.0,5.0,0.8,0.0,1
AHGXJJX6ARMNBKS7DJ3BQY4B7NSQ,1,93,1,-0.0,0.5577466835865666,0.0,1.0,0.0,0.0,1
AHGXPVAKAXN6WGGQFOCWXE4AAIEA,9,55,9,1.3921472236645345,-0.0414652364892888,1.2711204361603468,13.666666666666666,0.187037037037037,0.3333333333333333,2
AHGY2SJ2W22YN6N6BMXZ3DHWTDIQ,1,5452,1,-0.0,0.5577466835865666,0.0,64.0,0.2253968253968253,1.0,3
AHGYEB5L6IBPKVAGBKGEVUYF6IQQ,7,3669,7,-0.0,0.4293441292845976,0.3397212263884768,48.42857142857143,0.4265038265306122,0.1428571428571428,1
AHGYS4PUIMJLYMMLQPFQSK5DZFBQ,1,2520,1,-0.0,0.5577466835865666,0.0,16.0,0.8,0.0,1
AHGYYB43Y7CIIJHJOG3FW7GTDIQA,1,1884,1,-0.0,0.5577466835865666,0.0,18.0,0.4625,0.0,1
AHGZURRCBNA3F2POO2N5E3D33SUQ,12,582,12,0.6500224216483541,-0.6406771565651442,0.9645095488046248,27.333333333333332,0.263025042087542,0.3333333333333333,2
AHH4EDVBK4H6ZWPSCSNQHX3BRKZA,6,594,6,0.9182958340544896,-0.0414652364892888,1.4677634519792215,19.833333333333332,0.7041666666666666,0.3333333333333333,2
AHH75KMG3SJWIXJTWYM2NCWEM5ZQ,1,719,1,-0.0,0.5577466835865666,0.0,45.0,0.0236111111111111,1.0,3
AHHANFB6QSX4M4UV2XZ26UEODY2A,1,2655,1,-0.0,0.5577466835865666,0.0,65.0,0.4787878787878788,0.0,1
AHHBOVMYZ42TQRP27XZXF336WOQA,2,682,2,1.0,-1.2398890766409998,2.5422408723206935,33.5,0.3010714285714285,0.0,2
AHHBXLYVZCDODBPA2NTPSACJD6CA,11,512,11,1.6767370300521327,-0.3410711965272165,0.8988178801137833,84.18181818181819,0.1983089392781906,0.0909090909090909,2
AHHBZX2VXTYVCQN2KC2UQGLUSR6Q,1,1006,1,-0.0,0.5577466835865666,0.0,14.0,0.0,1.0,3
AHHERIGT6AP5VIONTNKZBBNXNBUQ,1,551,1,-0.0,0.5577466835865666,0.0,52.0,0.379375,1.0,3
AHHFR4MDXVTQEJOQMFZJTJUOGWGQ,1,2637,1,-0.0,0.5577466835865666,0.0,14.0,0.6,1.0,3
AHHFW36BP4VMQWC6V2NTKIXFAA2A,17,60,17,1.5798634010685344,0.5577466835865666,0.0,18.823529411764707,0.2328186274509804,0.1764705882352941,2
AHHH2KN35BPYAIWTZTNXNWXIQ2VA,1,647,1,-0.0,0.5577466835865666,0.0,8.0,0.8,0.0,1
AHHI5AVBTJAXV2SRJOOME2JIR2VA,1,1491,1,-0.0,-3.0375248368685663,0.0,12.0,0.0,0.0,0
AHHJHKHJXPD3LDIZMZR3OM4KCLTA,1,5317,1,-0.0,0.5577466835865666,0.0,141.0,0.1125,0.0,1
AHHKNZRXSHRMSGS4WZU4G2XUFF6A,7,162,7,1.664497779200461,0.0441364663786905,0.8771564347704869,33.0,0.2257980907980908,0.2857142857142857,2
AHHKXZVCS55EEPBEIUGKYURBPQFA,2,350,2,-0.0,0.5577466835865666,0.0,6.5,0.5,0.0,1
AHHMS3JJ3ZBFBNA4732S37ODD6HQ,1,3755,1,-0.0,0.5577466835865666,0.0,25.0,0.9,0.0,1
AHHNIGZ3FI5HOQJVVR5UUPNPA67A,1,2591,1,-0.0,0.5577466835865666,0.0,24.0,0.355,0.0,1
AHHPKZ3F4WPTUYZQYYAGB6UQNT4A,1,3338,1,-0.0,0.5577466835865666,0.0,29.0,0.7125,1.0,3
AHHQFOTZX263BSZWDMCNJ6I3UJFA,1,2520,1,-0.0,-3.0375248368685663,0.0,8.0,-0.75,0.0,0
AHHRSOC5H67LUBCD6635IHDWOKUA,2,786,2,1.0,0.5577466835865666,0.0,50.5,0.0699652777777777,0.5,2
AHHSVX4TCVG62S2LPXBH5K6Z4EMQ,1,3740,1,-0.0,0.5577466835865666,0.0,48.0,0.334090909090909,0.0,1
AHHZZEGA6MXIVYR5VX3DXFZXJX5A,1,1507,1,-0.0,0.5577466835865666,0.0,5.0,0.5,0.0,1
AHI2VJV5ZA6TQYBQ6V223JS4UT6Q,4,200,4,0.8112781244591328,0.3330422135581208,0.4494089400568916,19.5,0.3458333333333333,0.0,2
AHI3B7VVKAJT3TUWF3LWAB5CAYAQ,1,1476,1,-0.0,0.5577466835865666,0.0,2.0,0.2,1.0,3
AHI3JGUFPMIJLPYTHBMTFAOZ4XFA,14,169,14,-0.0,-0.4694737508291856,1.489776129664162,5.928571428571429,0.2545714285714285,0.2142857142857142,2
AHI632FGV3J64TLWKNVAJ5WFCFMA,1,8009,1,-0.0,0.5577466835865666,0.0,203.0,0.1784722222222222,0.0,1
AHI6KSEBLTLT2BWU4VXQ5UIO6XXQ,9,300,9,1.4355205042826666,0.3580093768946148,0.5992119200758556,16.22222222222222,0.3105454282407407,0.4444444444444444,2
AHI7KZRH4QGI67YB3LJQDGU77ABA,1,2264,1,-0.0,0.5577466835865666,0.0,6.0,0.25,0.0,1
AHI7SBHYECQUIS63BKXBHY325VVQ,9,343,9,-0.0,-1.6393636900249031,1.4980298001896388,9.77777777777778,0.1314814814814814,0.2222222222222222,2
AHIAZHE7MZDDPKVLL2UUEZMU44ZA,1,2271,1,-0.0,-3.0375248368685663,0.0,43.0,-0.29,0.0,0
AHICMFSXNGRPMKUMYGQ5BENM5NPQ,1,3513,1,-0.0,-2.138706956754783,0.0,22.0,0.0,1.0,0
AHIDLXPSUCF73EUM3MZ2FS5IQE2Q,1,1687,1,-0.0,0.5577466835865666,0.0,5.0,0.425,0.0,1
AHIFWJCLH3DZ5S6XBY7XKEKIFNMQ,8,2658,8,-0.0,0.5577466835865666,0.0,1.25,0.49375,0.25,1
AHIGYE5HYWO6I3FCWCFWV47ZA4ZA,1,5362,1,-0.0,0.5577466835865666,0.0,44.0,0.3222222222222222,0.0,1
AHIHAWKDJ5CU6H7KGIWOLZ2ZSFBA,2,2207,2,-0.0,0.108337743529675,0.6355602180801734,5.0,0.85,0.5,1
AHIIIXITFYOOEPURI5DOA5DPDJ4Q,4,1138,4,-0.0,-0.5657756665556624,1.7014347869108912,28.75,0.092092803030303,0.0,2
AHIINB4N7CDLONZJG5DMBCGVSJOA,2,107,2,-0.0,0.108337743529675,0.6355602180801734,11.5,0.4833333333333333,0.0,1
AHIJSMJHAD4MF4HMNDIUB3QJUSXQ,1,57,1,-0.0,-3.0375248368685663,0.0,7.0,0.0,0.0,0
AHIJYAUMDY36ORJ22PQPULOW5GPA,1,2916,1,-0.0,0.5577466835865666,0.0,43.0,0.3423076923076923,0.0,1
AHIKFBG7C6T4VFVWDFKIXPDV57QQ,2,668,2,1.0,0.5577466835865666,0.0,21.5,0.7222222222222222,0.0,1
AHIKLNT645Q4BDERBVBMXW66BMPQ,1,4002,1,-0.0,0.5577466835865666,0.0,88.0,0.5333333333333334,1.0,3
AHIKPF2IMZPQYFIP5PRG6P6HFXXA,1,1242,1,-0.0,0.5577466835865666,0.0,32.0,0.5700000000000001,0.0,1
AHIKSP2ZASXWVAKXRJ7ZWUZFO3MA,1,3918,1,-0.0,0.5577466835865666,0.0,88.0,0.1596153846153846,1.0,3
AHIL63TZRABKLCVM22CGMMKZDRXQ,3,1177,3,0.9182958340544896,0.5577466835865666,0.0,63.333333333333336,0.3959523809523809,0.0,1
AHINUHJATGR6EYPXJEY6TVOD3KUQ,1,2931,1,-0.0,0.5577466835865666,0.0,18.0,0.5444444444444444,1.0,3
AHIP7ZFRI55JRNAHI6FQRKW72JWA,5,1020,5,1.3709505944546687,0.5577466835865666,0.0,4.8,0.465,0.4,2
AHIPBTOT2RCSOLJVMU454CT4KUBQ,1,3168,1,-0.0,-0.3410711965272165,0.0,29.0,0.0666666666666666,1.0,3
AHISGZ2YCQX5NEW4MREY5IJIYSCQ,22,968,22,-0.0,0.3126145344646258,0.4947829587264823,160.3181818181818,0.1585188070293589,0.2272727272727272,1
AHISZUYKY5Y4HV7YBPPVL7WR4VBA,1,593,1,-0.0,0.5577466835865666,0.0,17.0,0.1,1.0,3
AHITBJSS7KYUBVZPX7M2WJCOIVKQ,49,119,49,1.5895031441008491,0.0074500222924136,1.1282510646590644,15.79591836734694,0.4215872206025267,0.5714285714285714,2
AHITZR3J7RDQZINCF3UFOJNH4CTA,11,265,11,0.8453509366224364,-0.0142283310312953,1.156141670516153,41.09090909090909,0.3590955960776932,0.6363636363636364,2
AHIUY42LYABHMLM4QZB5K522SOAA,1,1007,1,-0.0,0.5577466835865666,0.0,5.0,0.2,1.0,3
AHIV5E4QZIRUS6OGUKXYJHKXBHKQ,1,1248,1,-0.0,0.5577466835865666,0.0,11.0,0.1,0.0,1
AHIWMQOEAZHHYEVXMQDLZ3KIJR5Q,1,3955,1,-0.0,0.5577466835865666,0.0,197.0,0.2741269841269841,0.0,1
AHIWQPWLNR6J4UFVXFYK7DAXGRAA,1,3627,1,-0.0,0.5577466835865666,0.0,28.0,0.0,0.0,1
AHIX3DW2JH7FBTNJBLDOJW7F3JJQ,1,3046,1,-0.0,0.5577466835865666,0.0,11.0,0.35,0.0,1
AHIX5IBCI5DA27NEME6RU2VGQZJA,1,3088,1,-0.0,0.5577466835865666,0.0,128.0,0.2740740740740741,0.0,1
AHIXHVS6KVFHUFZNJXAZKMJME73Q,2,686,2,-0.0,0.5577466835865666,0.0,27.5,0.2666666666666666,0.5,1
AHIY6B74GDWBKUNVWCROPLFDMVVQ,1,2041,1,-0.0,0.5577466835865666,0.0,10.0,0.655,0.0,1
AHIZZGKL76ODWQM26AEH6TPJHHFQ,1,2765,1,-0.0,0.5577466835865666,0.0,50.0,0.019345238095238,0.0,1
AHJ2AQXUZAQNK6ZNOPLPYXZI2P2A,6,1,6,1.4591479170272448,-0.0414652364892888,0.7338817259896108,42.166666666666664,0.1821588010204081,0.1666666666666666,2
AHJ3S3V3XBCJZFF7EE4RALKBJPPQ,24,2609,24,-0.0,0.108337743529675,0.5300938658838961,122.125,0.1733167357058725,0.1666666666666666,1
AHJ4I7SQKUOFHNUO2IFZSGM3D7MA,1,827,1,-0.0,0.5577466835865666,0.0,13.0,0.7,0.0,1
AHJ55OX4D23DRIMOJFJ7B2VL734A,1,2972,1,-0.0,0.5577466835865666,0.0,6.0,0.85,0.0,1
AHJ667WYZSREOOY7SHJGZZMK7FBQ,1,898,1,-0.0,-1.2398890766409998,0.0,3.0,0.2,0.0,0
AHJCFK363BYVHQRCAQHOV5EOLL6Q,2,1656,2,-0.0,0.5577466835865666,0.0,8.5,0.421875,0.0,1
AHJGGNSEYFQJBHVHJ2FL2K63UN3A,1,4394,1,-0.0,-3.0375248368685663,0.0,43.0,0.2833333333333333,1.0,0
AHJIEUECGTMA3ATM2IKS7U4AY7EA,2,509,2,-0.0,0.5577466835865666,0.0,28.5,0.3005208333333333,1.0,3
AHJIG2OSUZ2B5J3J3XJNXBAZOTJA,1,596,1,-0.0,0.5577466835865666,0.0,6.0,1.0,0.0,1
AHJLEDHREQABWVXKPKQSVP7G3PSQ,1,1214,1,-0.0,0.5577466835865666,0.0,9.0,0.0,0.0,1
AHJLJJPOYSF57Y3LSRFJJUA7UB4A,9,937,9,1.3921472236645345,0.5577466835865666,0.0,9.666666666666666,0.4138888888888889,0.6666666666666666,2
AHJLO5VWFBKI3RWBCLC6OMXJQIXQ,2,684,2,1.0,-1.6892980166978917,1.9066806542405204,8.5,0.35,1.0,2
AHJLWOMDSVKS43YZ4T4KFDN3K3WA,1,3109,1,-0.0,0.5577466835865666,0.0,2.0,1.0,0.0,1
AHJOK2L33SEMVG6BU7A7RMIXAHJA,4,214,4,-0.0,-0.5657756665556624,1.1309876970533497,7.25,0.0904090909090909,0.0,2
AHJPXPTM7EZMVIHG3XR73IWXNL5A,1,2390,1,-0.0,0.5577466835865666,0.0,59.0,0.2722222222222222,0.0,1
AHJQPUQLSQZE6LMIUMY7WNRXCQQQ,226,11,226,1.7818629935041526,-0.1581259642916677,0.956183713259575,165.47345132743362,0.2137713219289706,0.2743362831858407,2
AHJRT37B2SEFQPUMUGQ3Y5V2T6UA,1,1486,1,-0.0,0.5577466835865666,0.0,5.0,1.0,0.0,1
AHJVPUQUW5UCB2RZ2RNGBKJZ7VRA,1,2429,1,-0.0,0.5577466835865666,0.0,21.0,0.425,0.0,1
AHJWHH2LP6RKLEKKWUNA636K3VFQ,1,291,1,-0.0,0.5577466835865666,0.0,4.0,0.85,0.0,1
AHJXGFDGV6XSQJTKKJCT6IVMZDBA,1,3477,1,-0.0,-1.2398890766409998,0.0,35.0,0.5175,1.0,3
AHJXGOS6BPOBWIIFVSUMPKS4CLUQ,1,40,1,-0.0,0.5577466835865666,0.0,19.0,0.3833333333333333,1.0,3
AHK3RGAQEMCEDMAOQOEG7RLVQCKA,1,2711,1,-0.0,0.5577466835865666,0.0,6.0,0.0,0.0,1
AHK4XCGBZXL6PMIZP5RLWV3RCKCQ,1,1480,1,-0.0,0.5577466835865666,0.0,3.0,0.625,0.0,1
AHK7CM34N4GYVKHIQOAJMX2VLOIA,1,753,1,-0.0,0.5577466835865666,0.0,26.0,0.5,0.0,1
AHKAKKDTONWPQT3ALM7OXATPALJA,1,3032,1,-0.0,0.5577466835865666,0.0,19.0,0.5,0.0,1
AHKAPILJMQ2OABX3SURPSW6P5ZEA,2,2625,2,-0.0,0.5577466835865666,0.0,76.5,0.3142448979591837,0.0,1
AHKCM6JME3JF3MNM5QSTAZEGHKVA,1,2560,1,-0.0,-0.3410711965272165,0.0,283.0,0.237598814229249,1.0,3
AHKEN2TXDAX7B4E5T43PAM5UV33A,1,2446,1,-0.0,0.5577466835865666,0.0,22.0,0.46875,0.0,1
AHKEZWZRN6DKIDCNBZPUSQXOACIA,2,432,2,1.0,-3.0375248368685663,0.0,54.0,0.145297619047619,1.0,0
AHKHEQ2T2ZC3ZM25H3UNMGCXQA6Q,1,2354,1,-0.0,0.5577466835865666,0.0,8.0,0.25,0.0,1
AHKHGQ4AJCDVN2OWQJNLKUZUCKDQ,1,2882,1,-0.0,0.5577466835865666,0.0,14.0,0.1,1.0,3
AHKHM6O6MSZMQOZXBDUJ2MC2J26Q,3,254,3,-0.0,-0.6406771565651443,2.075730980144566,64.0,0.3908201058201058,0.3333333333333333,2
AHKIMFUXMLOUN7SBXHEDD2K2AN7Q,8,121,8,1.811278124459133,-0.3410711965272165,0.6794424527769537,21.375,0.2744568452380952,0.5,2
AHKJ6WIIAYPVKX5SMETII52FJNKA,1,2885,1,-0.0,0.5577466835865666,0.0,6.0,0.8,0.0,1
AHKJOOAD6EZWMTAVRS2SIWPJSNNA,1,3202,1,-0.0,0.5577466835865666,0.0,22.0,0.8,0.0,1
AHKJX7LBIJ566BB25DZHADOBF5BA,1,2137,1,-0.0,0.5577466835865666,0.0,48.0,0.34375,0.0,1
AHKKQZZQGGCD6OJBM2YCC2JLEBDA,1,1779,1,-0.0,0.5577466835865666,0.0,38.0,0.275,0.0,1
AHKMIUDLDZIIKHFA2OFHZU3OYBSQ,2,2928,2,-0.0,0.5577466835865666,0.0,9.5,0.4855555555555555,0.0,1
AHKMODQX6CK23H2UIZ43KP5QZR6A,1,2743,1,-0.0,-0.3410711965272165,0.0,77.0,0.2294047619047619,1.0,3
AHKNC7ODVHOGTBQLHUYWL4SXZFQQ,1,3668,1,-0.0,0.5577466835865666,0.0,25.0,0.5,0.0,1
AHKOBGGZVGMAYTLMQTHUZ4KTFODQ,1,3018,1,-0.0,0.5577466835865666,0.0,4.0,0.0,0.0,1
AHKOW4PZYZI5WXL5NC4HSNTPAIAA,1,283,1,-0.0,-2.138706956754783,0.0,18.0,-0.75,0.0,0
AHKPBOMJ7XAGASIUOYBASRKEB5FQ,1,21,1,-0.0,0.5577466835865666,0.0,32.0,0.4654761904761905,0.0,1
AHKQB3JEN3FAH4IHE4U4FUA3XZJA,1,2802,1,-0.0,0.5577466835865666,0.0,6.0,0.1166666666666666,0.0,1
AHKQKE46BOZQDE6TIKGSOUS3NEYQ,1,1515,1,-0.0,0.5577466835865666,0.0,4.0,0.8,0.0,1
AHKQL6PGHDMRL2GNIE2RPRNK7MIQ,1,654,1,-0.0,0.5577466835865666,0.0,54.0,0.1716145833333333,0.0,1
AHKQL6RSNLVT72O5TROEJH5NWYZQ,1,5980,1,-0.0,0.5577466835865666,0.0,51.0,0.0438095238095238,0.0,1
AHKQWKWAG6Y74AB2AMRKSAUVPCPQ,1,183,1,-0.0,0.5577466835865666,0.0,20.0,0.3788888888888889,0.0,1
AHKR255GVFASZHIJFRBUSMZDDEWQ,1,3753,1,-0.0,0.5577466835865666,0.0,59.0,0.3121212121212121,0.0,1
AHKRHX3654A52EFWIHZAROQSXNFA,3,251,3,0.9182958340544896,-0.6406771565651443,2.075730980144566,9.333333333333334,0.3455555555555555,0.6666666666666666,2
AHKRW3X4AMX4J3QICWGTYO4LC4QA,1,2833,1,-0.0,0.5577466835865666,0.0,23.0,0.6166666666666667,1.0,3
AHKU7OEDQK522PVRJNNLRWHMGUOA,1,668,1,-0.0,0.5577466835865666,0.0,2.0,1.0,0.0,1
AHKUEYPT5TY5GILOM7P76RZZW2EQ,2,1723,2,-0.0,0.108337743529675,0.6355602180801734,1.5,0.55,0.0,1
AHKUHEIUY7WUAMGKHAXC45LCRHZA,5,756,5,0.7219280948873623,0.5577466835865666,0.0,5.4,0.6625,0.0,1
AHKULNJ7UQDGZ6Q2GLJHZTEEDW4Q,1,2253,1,-0.0,0.5577466835865666,0.0,25.0,0.5,1.0,3
AHKV5AZHO5E4FARBV7B35SXGODBA,1,1875,1,-0.0,0.5577466835865666,0.0,27.0,0.275,1.0,3
AHKWW7UAKEI3TIJYRHQEOXPV5JHQ,1,1062,1,-0.0,0.5577466835865666,0.0,8.0,0.0,1.0,3
AHKZ6FLSDFO7YUXHTRHM5BYTKJOA,1,432,1,-0.0,0.5577466835865666,0.0,31.0,0.2916666666666667,1.0,3
AHL2GFGCGPVOF72UKIUR4TIU4UIQ,18,574,18,0.3095434291503252,0.2581407235486389,0.9248759684418176,10.444444444444445,0.4109560485810485,0.1111111111111111,2
AHL4ROMSXJIYURYRTDIWYIRHNCOQ,1,1123,1,-0.0,0.5577466835865666,0.0,152.0,0.4076923076923077,0.0,1
AHL524XXUKPPFR6IOLLYYL5NVMBA,1,3582,1,-0.0,0.5577466835865666,0.0,119.0,0.2503189792663477,1.0,3
AHL5ZHN64UHJOGQLPINJ3BN4VBPA,1,1383,1,-0.0,0.5577466835865666,0.0,7.0,0.3666666666666666,0.0,1
AHL654JV4AF5GHNGPICNEHIWEZ4A,2,2464,2,-0.0,0.5577466835865666,0.0,40.5,0.3262797619047619,0.5,3
AHL6B3BWHT5TCU6JJUQPOETIAEJQ,1,1221,1,-0.0,0.5577466835865666,0.0,72.0,0.2410714285714285,0.0,1
AHL6MYQQDDXM7MU2NUGVWFSSYSYQ,1,3582,1,-0.0,0.5577466835865666,0.0,118.0,0.4208041958041958,1.0,3
AHL7DQNUCWTCILEACAZMSBVB42WQ,1,470,1,-0.0,0.5577466835865666,0.0,31.0,0.3125,0.0,1
AHL7KQODIWX7MDJ7RQBYQBURAAIA,1,2818,1,-0.0,-1.2398890766409998,0.0,59.0,0.0309523809523809,0.0,0
AHLAC4T55CKFSUEY2YRPHEFV5A2Q,1,1991,1,-0.0,0.5577466835865666,0.0,2.0,0.85,0.0,1
AHLAEA5LYPVGXHFK2C2XDMIL4AFQ,1,1827,1,-0.0,-0.3410711965272165,0.0,15.0,0.3,0.0,1
AHLBMUBKQVDHTSNUIFN64BU7NJSA,1,3441,1,-0.0,0.5577466835865666,0.0,23.0,0.0562499999999999,0.0,1
AHLC5H2CEWSAOXOA53VIIROLPZKA,8,2,8,0.954434002924965,0.4453944485723438,0.3177801090400867,17.125,0.4816098484848484,0.125,2
AHLFWCI4VUUJZWREBOWIA4ZHLSDA,2,402,2,-0.0,-1.2398890766409998,2.5422408723206935,19.5,0.04375,0.0,2
AHLG6HSOKZ3FKKDYUGOHHQCQNIUQ,6,1539,6,-0.0,0.5577466835865666,0.0,367.5,0.1797547923273875,0.3333333333333333,0
AHLGIUJHGJPI46RRP67M6KUHCHNA,1,2226,1,-0.0,0.5577466835865666,0.0,9.0,0.0,0.0,1
AHLGXBC6ZIPHEEFL3VVCIDKGBV7Q,1,4587,1,-0.0,0.5577466835865666,0.0,282.0,0.2185117302052785,0.0,1
AHLH6GP2CDY4CZFKZYLUUFACC4QA,1,1700,1,-0.0,0.5577466835865666,0.0,21.0,0.6666666666666666,1.0,3
AHLNKQOS5STNQG5VSBMA5CQMBQJQ,1,70,1,-0.0,0.5577466835865666,0.0,10.0,0.1,0.0,1
AHLNMKVMOMO7SMAI3TRC3RCMUAMQ,1,3845,1,-0.0,0.5577466835865666,0.0,31.0,0.1625,0.0,1
AHLNPXXPOACV2R5T3725CCTLBFCA,1,3024,1,-0.0,0.5577466835865666,0.0,35.0,0.8,0.0,1
AHLOPBURTWE7G36ALEPHCRWGKAMQ,1,1535,1,-0.0,0.5577466835865666,0.0,10.0,1.0,0.0,1
AHLQJVWRY6DXKJNTAP4UFXK5WLAQ,4,1218,4,1.5,0.5577466835865666,0.0,15.5,0.5510416666666667,0.0,2
AHLRBFU22NED3KP5FI36DWSCJQIQ,1,2570,1,-0.0,0.5577466835865666,0.0,3.0,0.5,0.0,1
AHLRW7X4WVLZJDS6BM6J3YP3NNSA,5,698,5,-0.0,0.5577466835865666,0.0,82.4,0.2946156462585033,0.4,1
AHLSTYOQCGKMKGPSODJW7Y7SAWMA,4,2642,4,-0.0,-0.5657756665556624,0.8605526033570225,110.0,0.2001682750120249,0.5,0
AHLVYTD6QPNAYBIIDTR7H3GWAYZQ,1,5477,1,-0.0,0.5577466835865666,0.0,43.0,0.4375,0.0,1
AHM23WOKYPBB3PRQ67UASUHTJOIQ,1,1499,1,-0.0,0.5577466835865666,0.0,11.0,0.6,0.0,1
AHM2C3X2SOLVW6A5EQNNXNGLZ5GA,1,2935,1,-0.0,0.5577466835865666,0.0,4.0,0.4499999999999999,0.0,1
AHM2XKCUWJ4GZQNGDGNEVEN7FJYQ,1,3847,1,-0.0,-2.138706956754783,0.0,260.0,0.0803703703703703,0.0,0
AHM5AX7XEZ4RR276KJCS7VLFDZNQ,1,3745,1,-0.0,0.5577466835865666,0.0,77.0,0.29375,0.0,1
AHM6SRQPZMNFYOR66BUCJPIYOUIQ,1,4522,1,-0.0,-0.3410711965272165,0.0,35.0,0.5750000000000001,0.0,1
AHMA2JETA7LYPW6NNYLLHUMRRPSQ,1,3643,1,-0.0,0.5577466835865666,0.0,26.0,0.4583333333333333,0.0,1
AHMCKN74VJC5CV6IAC5IGPPHIOEQ,1,2318,1,-0.0,0.5577466835865666,0.0,11.0,0.1361111111111111,0.0,1
AHMDRJHAXGFBR2ZRWIFBSUD7PHCA,7,209,7,0.5916727785823275,-0.5978763051311546,1.6986061319423842,35.57142857142857,0.3706349206349206,0.2857142857142857,2
AHMEMDJ4JWT7OBE35SURUWGHMGVA,1,1143,1,-0.0,0.5577466835865666,0.0,7.0,0.0,0.0,1
AHMJXNHLOLR6B2CHVQUTCCPWIVNQ,1,3428,1,-0.0,-3.0375248368685663,0.0,37.0,0.0,1.0,0
AHMMJGYA4FRFYIB325KOIKRFN7OQ,4,565,4,-0.0,-0.5657756665556624,0.8605526033570225,17.5,0.2727380952380952,0.5,2
AHMNJSXO6ZB3C7AFPSL5HGLUH6LQ,2,738,2,-0.0,-1.2398890766409998,2.5422408723206935,75.0,0.1242261904761904,0.5,2
AHMO6GV56HC3LYCVNNAPFNWF4HFQ,1,3068,1,-0.0,0.5577466835865666,0.0,2.0,0.8,0.0,1
AHMP47DAWWBKPNXNYUC7HRPZKRYQ,1,1196,1,-0.0,0.5577466835865666,0.0,43.0,0.65,1.0,3
AHMPAVDSNW5IBZ64IDU7CV7C2QFQ,1,798,1,-0.0,-2.138706956754783,0.0,42.0,0.0291666666666666,0.0,0
AHMPPMXQ2JILQAJNCZMWRXTXHKHQ,3,190,3,0.9182958340544896,-0.0414652364892888,1.037865490072283,62.0,0.1422664141414141,0.0,2
AHMQIHEGCYUSYQSGTLUMQUXJR22A,2,1156,2,-0.0,0.5577466835865666,0.0,70.5,0.1976769179894179,0.0,1
AHMSW2JZ5QM4EN5G62EL7IRSM6NA,1,1477,1,-0.0,0.5577466835865666,0.0,11.0,0.8049999999999999,0.0,1
AHMTJ6V4VM7VBRHEGYXWPWVFPBIA,2,562,2,-0.0,0.5577466835865666,0.0,29.5,0.0583333333333333,0.0,1
AHMUE2JFY2JOLVO3X4TMOU6QI3GA,3,1261,3,0.9182958340544896,-0.3410711965272165,1.5567982351084246,39.0,0.3638681027966742,0.0,2
AHMWCAGVFWRIQGRRLRL5KB7KVZPA,2,2244,2,-0.0,-0.7904801365841081,1.9066806542405204,34.5,0.1918181818181818,0.5,2
AHMXJVDR6ABGM7LPGEM665DHF3XA,1,2204,1,-0.0,0.5577466835865666,0.0,177.0,0.1744987468671679,0.0,1
AHMYFQKGC63ASONWKPQSYEE3U2IQ,1,1015,1,-0.0,0.5577466835865666,0.0,7.0,0.625,0.0,1
AHN4W5UPINW54AZAYFQS4XZTWYDQ,34,232,34,1.3895165834832215,0.3198243035564476,0.7763150465652239,11.029411764705882,0.2064921978892566,0.5294117647058824,2
AHN535MBJTI4BGLTUORFR3TLABLA,9,1312,9,-0.0,0.5577466835865666,0.0,78.77777777777777,0.2338050874874998,0.3333333333333333,1
AHN5UNTOQUK2HK26VSI3BYTHO4HQ,2,481,2,1.0,-1.2398890766409998,2.5422408723206935,61.5,0.2418749999999999,0.5,2
AHNA2T6S3LRE5NPKVWQ3VAYAN6OA,1,3398,1,-0.0,0.5577466835865666,0.0,25.0,0.9,0.0,1
AHNAOQRKXEQI7U7FBGHAWLZGHECQ,8,4,8,1.9056390622295665,0.5577466835865666,0.0,11.5,0.3627435064935065,0.5,2
AHNC624MDCTOOUYQO2GCVQN62J6A,1,2153,1,-0.0,0.5577466835865666,0.0,26.0,0.41875,0.0,1
AHNCI7SNDGUEME66ETFAAAJGR6RA,12,2265,12,-0.0,0.5577466835865666,0.0,23.25,0.4764456005992464,0.0,1
AHNCL7NLOKEPI7UADY4TIXN3UTFA,3,70,3,0.9182958340544896,0.5577466835865666,0.0,17.0,0.3162037037037036,0.0,1
AHNGFLCHE75OQH4PZFLNJTTKUBSQ,3,864,3,0.9182958340544896,-0.6406771565651442,0.5189327450361415,42.0,0.4449074074074073,0.0,2
AHNI7LY6NHWHIORTEVNZNBEK6KTQ,5,441,5,1.3709505944546687,0.5577466835865666,0.0,19.8,0.6168055555555555,0.4,2
AHNJACUG6SFB2DYJ3V7LNPTUCZHA,1,1609,1,-0.0,0.5577466835865666,0.0,7.0,1.0,1.0,3
AHNJPE2OCPVUOVD2GSTCLP2L4ELA,1,2202,1,-0.0,0.5577466835865666,0.0,4.0,0.0,0.0,1
AHNJWDEEEUK5R3EFVDPOYZ7MIZ2Q,4,242,4,1.0,0.5577466835865666,0.0,64.0,0.5431287136066547,0.0,1
AHNLARH6XR2FFGAR55JXWUYBUNAQ,44,26,44,1.8233535068331623,-0.3819265547142068,1.2996885073348574,11.090909090909092,0.2679511458509023,0.4090909090909091,2
AHNO7I2TIE2UZAP3FFB2OYWO7EHQ,1,3314,1,-0.0,0.5577466835865666,0.0,47.0,0.15,0.0,1
AHNTBBOCVJSXTQ7SBFAO2KS3BUXA,2,73,2,1.0,0.108337743529675,0.6355602180801734,39.5,0.585,0.0,2
AHNTNORB4V4WEELIYXTSKV56Y4AA,12,5,12,0.9798687566511528,-1.6892980166978913,1.5088852305888036,11.583333333333334,0.2012823547979797,0.6666666666666666,2
AHNY7NZJAHZLQ7LZ72RRCCJRSORQ,1,1692,1,-0.0,-1.2398890766409998,0.0,20.0,0.4722222222222222,1.0,3
AHNYN3M6B25BFYNJQXJYIAN7A3SQ,1,4291,1,-0.0,0.5577466835865666,0.0,34.0,0.3708333333333333,0.0,1
AHNZO5Y5M7KTPJKJFCVWGBXXSJLQ,1,7856,1,-0.0,-0.3410711965272165,0.0,117.0,0.20952626918536,0.0,1
AHO6GNOJYGFCOEDIVYE7BNLSFXBA,10,176,10,0.4689955935892812,-0.3410711965272165,0.947437234281239,5.9,0.3069444444444444,0.1,2
AHO6NKSLKTMVGTODSOXMIHE5NHMA,1,5512,1,-0.0,0.5577466835865666,0.0,27.0,0.925,0.0,1
AHO7BGD4GJ2DQFL5DHPGPKQMOMFQ,1,60,1,-0.0,0.5577466835865666,0.0,75.0,0.1076388888888889,1.0,3
AHO7EANWAF5DADLCTPXOJXJB6KEA,2,1131,2,-0.0,0.5577466835865666,0.0,6.0,0.4,0.5,1
AHOA2G5R6QLHZLSDC6OUDVHA6QSQ,1,703,1,-0.0,0.5577466835865666,0.0,17.0,0.25,0.0,1
AHOA5TXDNJS5M46HBO7W7KNS4A4Q,3,50,3,1.584962500721156,0.2581407235486389,0.5189327450361415,8.666666666666666,0.498148148148148,0.3333333333333333,2
AHOBSJFKJLNJHIGHK2YKKQUEF7HQ,2,3612,2,1.0,-1.2398890766409998,2.5422408723206935,27.5,0.3704861111111111,0.0,2
AHODIBBJYTI5UOYOQAUHKTW43HCA,1,466,1,-0.0,-2.138706956754783,0.0,75.0,0.2,0.0,0
AHOEABHRAFWXIT4JZ5MKJ3FMASGA,29,154,29,0.5787946246321198,0.1238346035316368,1.008368188928521,75.55172413793103,0.2050422617461606,0.2068965517241379,2
AHOEHEQKKWTDZ3Z4LNEM27ZVTQ6A,1,2161,1,-0.0,-0.3410711965272165,0.0,4.0,0.0,1.0,3
AHOEIYJJHZ7ITX75BOFQYNXVVJQQ,20,14,20,1.4854752972273344,0.37798310756381,0.3688670749855243,33.9,0.4114744318181818,0.3,2
AHOFPBOHW5GOWIGYIFHXIFDP7ANQ,4,1170,4,0.8112781244591328,-0.5657756665556624,0.8605526033570225,106.5,0.2281816059757236,0.25,2
AHOGNB63HKQ3TRGTLWVS7WAZX3VA,1,142,1,-0.0,0.5577466835865666,0.0,4.0,0.5,0.0,1
AHOHZTCL3LM46MJ22CF5IXBFHKEA,1,211,1,-0.0,0.5577466835865666,0.0,850.0,0.1275352349324952,0.0,0
AHOLWSYOTSZVBSX6PKJNF5LKARUQ,1,1241,1,-0.0,0.5577466835865666,0.0,47.0,0.575,0.0,1
AHOM32O53OIB4D2F5UV3HYJVRSWQ,1,3285,1,-0.0,0.5577466835865666,0.0,63.0,0.3333333333333333,0.0,1
AHON56Y6WVRIVFXZVPC4DKYIWOFA,4,409,4,-0.0,-1.6892980166978917,1.721105206714045,41.0,0.0742746913580246,0.0,2
AHON62ZTIJDYLKV6JZNHBTBQXPRQ,1,1570,1,-0.0,0.5577466835865666,0.0,37.0,0.5375,0.0,1
AHOO2SFW7M5UUXCSUUXCJTI2RU5A,1,4536,1,-0.0,0.5577466835865666,0.0,77.0,0.5062500000000001,0.0,1
AHOQCTRWIKMFF3GIW2WKBG4AJK5Q,25,14,25,-0.0,-0.0894021900953572,1.0860457767303655,132.16,0.2421145779830764,0.2,2
AHOQLRQWLOGGZE2WTEBZ6GJS7WHQ,1,4074,1,-0.0,0.5577466835865666,0.0,66.0,0.4727272727272727,0.0,1
AHORTSSMI6ZZFUFWMPT4UFR2ISUQ,10,1406,10,1.360964047443681,0.37798310756381,0.5684623405687435,46.6,0.3269219576719576,0.5,2
AHOS25WDF4GOAFWZKM7IWR65ISJQ,8,23,8,1.4056390622295665,0.2206899785438979,0.6687419028879539,18.125,0.3025568181818182,0.25,2
AHOSFHKHEGDAA53TE5RBW3K24RUA,7,1694,7,0.9852281360342516,0.5577466835865666,0.0,1.0,0.0,0.0,1
AHOSO5AB2V3TPUIYV5QMPKOYCC6Q,2,1986,2,-0.0,-0.3410711965272165,1.2711204361603468,152.0,0.2948809523809523,0.5,2
AHOT2ODB3FZ72IU5KMHHFPB6SNNA,1,1520,1,-0.0,-0.3410711965272165,0.0,22.0,0.7166666666666667,0.0,1
AHOTTCH2V6EADWONZ3GAVU5KUP3A,5,670,5,1.3709505944546687,-0.1613076205044599,1.6078543034613406,19.2,0.1706385281385281,0.4,2
AHOU6PXJJIFATDQB4FDMXR3AJ4VA,2,1542,2,-0.0,0.5577466835865666,0.0,66.0,0.2691666666666666,0.0,1
AHOUSIB6RBPP2QOAGC576XXTVK3Q,21,1336,21,-0.0,-0.0842660879232785,1.275652074192003,37.857142857142854,0.2220814306001381,0.1428571428571428,2
AHOWY3AZUEHTJP5DMK26T5F3T7NQ,1,2720,1,-0.0,0.5577466835865666,0.0,3.0,0.0,0.0,1
AHOY6RP5IP57UAV75SOAXQO7KR3A,1,1196,1,-0.0,0.5577466835865666,0.0,15.0,0.6041666666666666,1.0,3
AHOYPV27QTG6MUSKZ7ROFBAEH55A,1,1728,1,-0.0,0.5577466835865666,0.0,6.0,0.6,1.0,3
AHP2BTIKX2Z7SKTUEQKJ65B3XQHQ,1,2368,1,-0.0,0.5577466835865666,0.0,3.0,0.8,0.0,1
AHP2KP53ADVEVBG75JDYKVBHM35Q,4,60,4,0.8112781244591328,0.3330422135581208,0.4494089400568916,16.25,0.2546875,0.25,2
AHP2RH5SXS2KHPT4KFH2OHLKWDIA,1,774,1,-0.0,0.5577466835865666,0.0,15.0,1.0,0.0,1
AHP33HWZXHK3LO2EOA5YJKF4KDIQ,2,1199,2,-0.0,-1.6892980166978917,1.9066806542405204,30.5,0.1656878306878306,0.0,2
AHP4TFRHPU6KG6OX27HGSNDPGGUA,1,2925,1,-0.0,0.5577466835865666,0.0,38.0,0.8166666666666668,1.0,3
AHP564BL22HULHU6HZQ3HXQ3XOTA,1,749,1,-0.0,0.5577466835865666,0.0,77.0,0.4156249999999999,0.0,1
AHP6U4VQFISNY5KK24O3QLDJJOUA,6,5,6,1.0,-0.3410711965272165,1.5040099828505988,26.0,0.3576203703703703,0.5,2
AHP72JXZGI7BXLCNOMT4G23YW6HQ,24,32,24,0.8112781244591328,-0.4908741765461804,1.514869401727366,15.5,0.3552693198005698,0.2916666666666667,2
AHP7JZGBY57C6SQPZUNDIC6RYR4Q,1,885,1,-0.0,0.5577466835865666,0.0,5.0,0.0,0.0,1
AHPBIP5JNVD4ZDTULYEAAX2PBDGQ,32,91,32,1.2627317300909384,-0.1444547852523265,1.3837007671000807,7.65625,0.2348408752705627,0.09375,2
AHPBKJ37I6UU7I7BARPE2GLT3BTQ,1,2855,1,-0.0,0.5577466835865666,0.0,13.0,-0.1,1.0,3
AHPC3AQJPUUYEP5DXZ66PJGGY7SQ,4,767,4,-0.0,-1.6892980166978917,1.721105206714045,20.75,0.2783333333333333,0.25,2
AHPDYUI3FSKDHR7CDLL5JUD6HCLA,1,4533,1,-0.0,0.5577466835865666,0.0,90.0,0.5361111111111111,1.0,3
AHPF5C2IRGXPX7HWPEJ2MGSF6XIA,2,554,2,-0.0,0.5577466835865666,0.0,8.0,0.1959595959595959,0.0,1
AHPFHP43AXWRYZZ4HPNCW7I7J3ZQ,28,12,28,1.107784384952517,0.1725390206806595,0.514797756867657,87.32142857142857,0.2363338224017526,0.4285714285714285,2
AHPFTU3P6FCD57ELJNKKDHASQWJA,1,2699,1,-0.0,-2.138706956754783,0.0,50.0,-0.1152462121212121,0.0,0
AHPJYIG2QLF3EC45JN4VFXA4XDQA,1,3338,1,-0.0,0.5577466835865666,0.0,26.0,0.495,1.0,3
AHPKGA4LC3SWKKR624XXTHVIMREA,1,1817,1,-0.0,-0.3410711965272165,0.0,33.0,0.1172727272727272,0.0,1
AHPKZL7FJIDA3CLNQ6OMKY46RA7Q,5,518,5,1.3709505944546687,-1.060125500618243,1.4769084840818796,16.2,0.31625,0.2,2
AHPM4MW3I3WPQNHYB7SCBE2EDJAA,3,2734,3,-0.0,0.5577466835865666,0.0,12.0,0.5866666666666666,0.0,1
AHPMFUMEWIB3XPWYR2ASSCFW6UKQ,1,3534,1,-0.0,0.5577466835865666,0.0,110.0,0.5000000000000001,1.0,3
AHPMVES5LY5N3ZKP5K6DKADNZWCA,2,38,2,1.0,0.5577466835865666,0.0,11.0,0.1680555555555555,0.0,1
AHPPVOKN2GL7CHSFWWG3HCMMGECQ,1,3066,1,-0.0,0.5577466835865666,0.0,95.0,0.345,0.0,1
AHPQ4CPYDRMHILUHA4WJOQ7ANKQQ,34,2141,34,0.5225593745369408,0.293388483553101,0.8996186088962959,13.205882352941176,0.3315628154525213,0.2058823529411764,2
AHPRWGBEWXGO4AQUO52WWD23RZAA,2,704,2,-0.0,-1.2398890766409998,2.5422408723206935,9.5,0.125,0.0,2
AHPUCPL5F3PBJDSOS2IJJVZU3FHQ,2,1185,2,-0.0,-1.2398890766409998,1.2711204361603468,20.0,0.0269696969696969,0.0,2
AHPUDDBBBV2WPNPBJXFXK3NJP7DQ,6,590,6,1.4591479170272448,0.4079437035676028,0.3669408629948054,46.333333333333336,0.3017630385487528,0.5,2
AHPUOQFCP4RDXGWERKYVI2DZUVZA,1,4867,1,-0.0,0.5577466835865666,0.0,21.0,0.5833333333333334,0.0,1
AHPUT3ITXCHQJO7OMF74LEMYHIVA,17,61,17,1.4516607643577668,0.0819019235263284,0.9054027145196076,25.705882352941178,0.3758312377981495,0.4705882352941176,2
AHPUTMVGLRALZT5UGHVPIARZFD2A,1,3052,1,-0.0,0.5577466835865666,0.0,13.0,0.78125,0.0,1
AHPVUPZYSW73GDFKTJQWM4HL3DRQ,2,441,2,1.0,-0.3410711965272165,1.2711204361603468,26.5,0.337037037037037,0.0,2
AHPXOTCN73CFLTMSGZVEQI5S7TNA,1,3409,1,-0.0,0.5577466835865666,0.0,29.0,0.7625000000000001,0.0,1
AHPYUHTXCDBU46G7HXPI3Q7JO47A,2,1413,2,-0.0,-0.7904801365841081,1.9066806542405204,20.0,0.4125,0.0,2
AHPZ23SD4LA5VRHKGP6UKQKEQ2JQ,30,22,30,0.420026001688088,0.0783771475258822,1.2430504006772458,8.2,0.3945084175084175,0.4333333333333333,2
AHQ5LUB5SXGXMH3AQEYW67LDSL2A,5,71,5,0.7219280948873623,0.1982195315410533,0.4923028280272931,28.8,0.4173959595959596,0.2,2
AHQ5TKLEWDABNB2PLZLZ7BCDPSYA,2,1224,2,-0.0,-0.7904801365841081,1.9066806542405204,189.0,0.1426930790237241,1.0,2
AHQBSNNGSKSP42GJTD7WVW3CEQQA,1,3393,1,-0.0,-1.2398890766409998,0.0,39.0,0.1833333333333333,1.0,3
AHQE5UGNEVWAJN6X7JN6RNQTIPWQ,22,186,22,1.968130013765764,0.1900484599036553,0.8162312222726399,42.0,0.2421210481437754,0.1818181818181818,2
AHQFGROZVW3ZWQFYDPUM7PCPKKRA,1,3248,1,-0.0,0.5577466835865666,0.0,26.0,0.425,0.0,1
AHQGNBOUXFMLZHGBOEERF75JFPIA,7,516,7,1.8423709931771084,0.4293441292845976,0.3397212263884768,63.285714285714285,0.1956842231842231,0.1428571428571428,2
AHQH6U6OYTJEGN7LQ34I5QYCN7UA,2,1686,2,-0.0,0.5577466835865666,0.0,51.5,0.0046428571428571,0.5,3
AHQI3RKQ6PS2KZPM7DSMSKFT5NOQ,1,3396,1,-0.0,0.5577466835865666,0.0,27.0,0.65,0.0,1
AHQIE7JJMBMSSV5AGAHLSM35F7KQ,1,2821,1,-0.0,0.5577466835865666,0.0,4.0,0.4166666666666666,0.0,1
AHQIICMVAZCKR3PWCYQNOOWKBJPQ,1,2293,1,-0.0,0.5577466835865666,0.0,3.0,0.91,0.0,1
AHQIJ7JMNCO2EXSIKHXWRRSVMUXA,1,2780,1,-0.0,0.5577466835865666,0.0,2.0,0.0,0.0,1
AHQLQ4DI2IULQGTHMQT7OQ5CLN7A,2,2528,2,-0.0,0.5577466835865666,0.0,21.0,0.3,0.0,1
AHQNKS767UDUDH6QYJNUD47C7WVQ,1,2353,1,-0.0,0.5577466835865666,0.0,16.0,0.2785714285714286,0.0,1
AHQNSRKV7FLPORZT76ZJKEQV74OQ,1,3511,1,-0.0,0.5577466835865666,0.0,24.0,0.48,0.0,1
AHQO5KRE5MAQGOC7FMVSG2FXPDHQ,1,2253,1,-0.0,0.5577466835865666,0.0,30.0,0.3333333333333333,1.0,3
AHQOGQVFZEXDBIWMNNWHQAYB7TBQ,1,427,1,-0.0,0.5577466835865666,0.0,10.0,0.85,0.0,1
AHQP4DJQZNAM34W2U6VGDO5BVRJQ,5,1633,5,-0.0,0.5577466835865666,0.0,8.2,0.3402777777777778,0.0,1
AHQQ62COZ3ANN33IRXZ6Z4KF664A,28,228,28,1.234204837336745,-0.5015743894046779,1.272380843446863,22.892857142857142,0.3085098065200106,0.2857142857142857,2
AHQRHZFXY5OMIIUX6OA34PBA2YBA,1,3612,1,-0.0,0.5577466835865666,0.0,48.0,0.1399999999999999,0.0,1
AHQRUAIW7INCVZX2K5YLB67FMHYQ,1,742,1,-0.0,0.5577466835865666,0.0,27.0,0.65,0.0,1
AHQSEHPJ6OXZTTTRL3IBGQ4G6TCQ,1,1800,1,-0.0,0.5577466835865666,0.0,14.0,0.0,0.0,1
AHQTJFNBXNEG3YRP5MSGN7AQSRIA,1,2776,1,-0.0,0.5577466835865666,0.0,46.0,0.4499999999999999,0.0,1
AHQV36LR2CZ2JIXQ472WAC3TCHKQ,17,186,17,1.4836591643979626,-0.4996861165472959,1.3570101496753837,95.23529411764706,0.1751495842320885,0.2941176470588235,2
AHQW66DMLWVAY3KSMWFELOUAMD3A,5,2313,5,1.521928094887362,0.5577466835865666,0.0,13.8,0.508888888888889,0.4,2
AHQWQ26F2MMN745Z3B42MATL3AAQ,1,1303,1,-0.0,0.5577466835865666,0.0,2.0,0.7,0.0,1
AHQXP5DFJ7SDDXGUI6ASF6OFJURA,1,2965,1,-0.0,0.5577466835865666,0.0,1.0,1.0,0.0,1
AHR2RQH423P4MBXAKMA7DNTR5SJA,1,680,1,-0.0,0.5577466835865666,0.0,30.0,0.65,0.0,1
AHR3Y2HUSRVU2WHNCOJ4LSYODY6A,1,2233,1,-0.0,0.5577466835865666,0.0,2.0,0.4,0.0,1
AHR3YG52HDU3QDNRP2Y2G6YOOKWQ,1,3231,1,-0.0,0.5577466835865666,0.0,21.0,0.7000000000000001,0.0,1
AHR4PPPYOBIDES5Y7PMPVAXH7HPQ,1,3359,1,-0.0,-0.3410711965272165,0.0,29.0,0.8,1.0,3
AHR747CKPTQQCMVJO3OS5YTUSA7Q,22,16,22,0.9938972639364227,-0.2185051219662461,1.4223857571920058,5.818181818181818,0.5401515151515152,0.0454545454545454,2
AHRA7HRO55UQ4CK3OPZEM43BX3MA,1,1958,1,-0.0,-0.3410711965272165,0.0,36.0,0.125,1.0,3
AHRAWYJUESY2TPISEE73WXDJOA5Q,1,2596,1,-0.0,0.5577466835865666,0.0,3.0,0.0,1.0,3
AHRC4HTC7RD3XD4XXFAZQDSBUPOQ,1,3068,1,-0.0,-1.2398890766409998,0.0,31.0,-0.0946428571428571,0.0,0
AHRE7QO2OZU23T73OAGC5LUISMBA,4,910,4,0.8112781244591328,0.5577466835865666,0.0,36.5,0.2955803571428571,0.0,1
AHREDOSUZTS7N2VWGAJSV6QE2HGQ,1,2584,1,-0.0,0.5577466835865666,0.0,23.0,0.475,0.0,1
AHREOUUQQYYLUDNGVQZKJD2DKTRQ,1,2159,1,-0.0,0.5577466835865666,0.0,19.0,0.3145454545454546,0.0,1
AHREXOGQPZDA6354MHH4ETSF3MCQ,47,8,47,0.945086190722232,-0.4749376893101204,1.0261582776626508,67.27659574468085,0.2378393554970302,0.1702127659574468,2
AHRJ4MQDR4A66RZQ2LZIWGJQPDJQ,12,425,12,1.6140054628542202,-1.6143965266884095,1.6906090049664322,18.416666666666668,0.1578993055555555,0.25,2
AHRJTQYC7J4SSMIEVP35PLQOKUSA,1,695,1,-0.0,0.5577466835865666,0.0,14.0,-0.3125,0.0,1
AHRK65TPD7YLL6NRMINTDHVH7HNQ,1,2988,1,-0.0,0.5577466835865666,0.0,1.0,1.0,1.0,3
AHRKVKH6BNODDG4QNP5JVCCJ6FHA,1,2570,1,-0.0,0.5577466835865666,0.0,1.0,1.0,0.0,1
AHRN57XYC774XGEOMBQGAOBBOL6Q,1,2437,1,-0.0,0.5577466835865666,0.0,22.0,0.3989583333333333,0.0,1
AHRNMZK7YJBULIHCI42QJM7REABA,1,491,1,-0.0,0.5577466835865666,0.0,22.0,0.4333333333333333,0.0,1
AHROLU2WO2VLXZQGU2VIWBUDE2KA,5,267,5,0.7219280948873623,0.1982195315410533,0.4923028280272931,24.4,0.1119174806674806,0.4,2
AHRQPBQJJ2PJET5WBJIKNLAFHHSA,7,1767,7,1.3787834934861751,0.0441364663786905,0.707186126269829,23.857142857142858,0.3424834656084656,0.5714285714285714,2
AHRRQLUWWJ2VIEFKG3MMATIL6HGA,2,1457,2,-0.0,0.108337743529675,0.6355602180801734,5.0,0.7,0.5,1
AHRRWD26DSMDKJNWGW67TIZ2WEMQ,1,699,1,-0.0,0.5577466835865666,0.0,24.0,0.253125,1.0,3
AHRS6K5X7E7RKGEAU6S5TLPW2OXA,1,3736,1,-0.0,0.5577466835865666,0.0,24.0,0.5625,1.0,3
AHRUYFFBLYWCAPN636OF7ESELCVQ,1,3575,1,-0.0,0.5577466835865666,0.0,21.0,0.3999999999999999,1.0,3
AHRWSWKJHAUDV67MMUD3ZOT2NV7Q,1,4281,1,-0.0,0.5577466835865666,0.0,52.0,0.215625,0.0,1
AHRWXKSDBIAHNUCHQM62MDVXQTGQ,2,2862,2,-0.0,-0.3410711965272165,0.0,31.0,0.6533333333333333,1.0,3
AHRXAQIUXEYOX4RZY4FTPB5QZORA,1,2895,1,-0.0,0.5577466835865666,0.0,3.0,-0.1,0.0,1
AHRY6RC5I37JOTY2CRKYVARAQ27A,1,2121,1,-0.0,0.5577466835865666,0.0,5.0,0.5625,0.0,1
AHS6ZWKXWAWCOAQW7IYU7PSCOTYQ,1,2795,1,-0.0,0.5577466835865666,0.0,2.0,0.7,0.0,1
AHS774I5MUP7XDZM5DWOY4XOIKPA,1,4049,1,-0.0,0.5577466835865666,0.0,72.0,0.3727163461538462,0.0,1
AHS7BGK4AGICKGM7MC3LFN7MHFPA,1,1145,1,-0.0,0.5577466835865666,0.0,8.0,0.6,0.0,1
AHS7SVRZESXQHLP3WW5WPYBCEK7A,2,1532,2,-0.0,0.5577466835865666,0.0,26.5,0.7458333333333333,1.0,3
AHSAUHUTLVNKJ72GUIPGI5XZH6ZA,82,10,82,1.043362612202059,-0.6260622316852453,1.0462693964180916,11.78048780487805,0.0480918945553091,0.2439024390243902,2
AHSDSJIJUZVBJXQJIKFJVCAOPGYA,9,73,9,0.5032583347756457,-0.5408085032191684,1.66813538719065,205.88888888888889,0.2035705128885275,0.0,2
AHSFG7CIC4KP5ZLQBDFSNBPNK6SA,1,437,1,-0.0,0.5577466835865666,0.0,19.0,0.0,0.0,1
AHSJUMYFSGTPA7AHGXC72Z7A3Q7A,1,241,1,-0.0,0.5577466835865666,0.0,19.0,0.11,0.0,1
AHSLAQOLEXQBMXVHJ7Y2QF3W36CA,4,56,4,0.8112781244591328,-2.138706956754783,0.7338817259896108,47.25,-0.1724358974358974,0.25,0
AHSLHNWYIQJCU3RIB3YVTTHMMYGQ,1,3201,1,-0.0,0.5577466835865666,0.0,21.0,0.7708333333333334,0.0,1
AHSMOBNDANZP5HE2EUQPFK7ICULQ,1,4475,1,-0.0,-0.3410711965272165,0.0,522.0,0.0991991341991342,0.0,0
AHSNFKU4EEJU47KC46XTINT5T4GQ,1,458,1,-0.0,-3.0375248368685663,0.0,8.0,0.4333333333333333,0.0,0
AHSO3Q2PDF4HUAVJSAVY7CJKECVA,1,564,1,-0.0,0.5577466835865666,0.0,50.0,0.2477619047619047,0.0,1
AHSPLDNW5OOUK2PLH7GXLACFBZNQ,20,237,20,1.319035274338866,0.37798310756381,0.8039271517306703,32.6,0.4233656110960798,0.15,2
AHSPM5QU3OMM23SLIARJZNFCDKRQ,1,905,1,-0.0,-2.138706956754783,0.0,22.0,0.0,0.0,0
AHSQUK36SXSSYDJIRVSUC4LHEAVQ,1,984,1,-0.0,0.5577466835865666,0.0,49.0,0.0461805555555555,0.0,1
AHSQXJ6D37QPQ4R5W6YKQ3CJ6P4A,2,3617,2,-0.0,0.108337743529675,0.6355602180801734,39.5,0.1270833333333333,1.0,3
AHSRLS4TYALPWYNKMX32TCDUWYPQ,2,2188,2,-0.0,0.108337743529675,0.6355602180801734,9.5,0.3,0.0,1
AHST2XJVAQZNF77CNOBD3PQUQCPQ,1,192,1,-0.0,0.5577466835865666,0.0,36.0,0.4727272727272727,0.0,1
AHSV67ZNUCEJTCZDEZ3MKKKEB5IQ,9,20,9,0.5032583347756457,0.158272070202663,0.4737186171406195,80.77777777777777,0.1344395843354176,0.5555555555555556,2
AHSVA6LUUYWICODBJ5HYYD4R6UCQ,1,2948,1,-0.0,0.5577466835865666,0.0,12.0,0.7,0.0,1
AHSVFGT45NDDAFX5SHDIQCCWZF6Q,1,3211,1,-0.0,0.5577466835865666,0.0,21.0,0.72,1.0,3
AHSVXOBFFXPP2NPOMOF7OIA5AXXA,1,3694,1,-0.0,0.5577466835865666,0.0,20.0,0.5249999999999999,1.0,3
AHSWBB6FZBEA7W7PMSO4L5SC7ERQ,2,1497,2,-0.0,0.5577466835865666,0.0,5.5,0.5,0.0,1
AHSXXZHYMXDRVKC643TJZYQ7XGYA,13,222,13,1.5465935642949382,-0.686770381186364,1.7029559627059403,25.076923076923077,0.3870178379312995,0.3076923076923077,2
AHSZGM4ZIB44IJIZAXDDNPF3GMFA,1,1633,1,-0.0,-3.0375248368685663,0.0,45.0,0.025,0.0,0
AHSZMTDCXEJRB42FXWH4HLPPPJOQ,1,2082,1,-0.0,-1.2398890766409998,0.0,10.0,0.91,0.0,1
AHT24MMCKVNZ7RGZ46LFEWBUPOFA,20,147,20,1.7762976257251988,0.5577466835865666,0.0,4.05,0.5848333333333333,0.15,2
AHT2NP62KHFFALXILR7ZIQ2VFM7A,4,486,4,0.8112781244591328,0.5577466835865666,0.0,13.5,0.4479166666666667,0.5,1
AHT3NNPRGAN65K6ESCJNKI7TPWPA,9,431,9,1.3516441151533924,0.1582720702026629,1.198423840151711,11.333333333333334,0.4921296296296297,0.0,2
AHT4BYG5DOGZ2QV3MYWV5PYC5Z3A,1,2734,1,-0.0,0.5577466835865666,0.0,31.0,0.4125,0.0,1
AHT4SQDDNRQFLPGHAULPNTKJA6OQ,1,3660,1,-0.0,0.5577466835865666,0.0,54.0,0.197,0.0,1
AHTBBASAHXHHOXKLSSZG2IPUDDFA,1,3345,1,-0.0,-2.138706956754783,0.0,164.0,0.1351190476190475,1.0,0
AHTBPU7ASQDCHJ7ZTWH3HOMBHZ5Q,1,2095,1,-0.0,0.5577466835865666,0.0,26.0,0.2083333333333333,0.0,1
AHTCJK6Q37Q2W33CSKNPKZGTII3Q,2,2000,2,-0.0,0.5577466835865666,0.0,11.0,0.7,0.5,1
AHTDWYY75GI6PZZGZ7MMT7RZVAFA,2,2570,2,-0.0,0.5577466835865666,0.0,2.0,0.955,0.0,1
AHTFLHCD7UJXK7UNNM2FLNB5PWEA,1,2256,1,-0.0,0.5577466835865666,0.0,9.0,0.0,0.0,1
AHTFXVHMYQB7DXSFSBVWFAHJJXQA,1,52,1,-0.0,0.5577466835865666,0.0,29.0,0.2388888888888889,0.0,1
AHTH3QIBTJ76TOZ4LVVUW2OTSEXQ,3,1059,3,0.9182958340544896,-0.6406771565651443,2.075730980144566,8.333333333333334,0.0666666666666666,0.0,2
AHTH75HJJ5QPIP3ZDF2XNIBE3CWA,6,390,6,-0.0,-0.940283116603072,1.2280190086786815,4.166666666666667,0.2666666666666666,0.5,2
AHTKN5PA26VHUFIEC2AZAYA5O5DA,5,546,5,1.521928094887362,0.5577466835865666,0.0,28.8,0.4100347222222222,0.6,2
AHTLWVDXSMG5YMVMEIWWOU6XBZMA,1,891,1,-0.0,0.5577466835865666,0.0,115.0,0.1112599206349206,0.0,1
AHTLZM3KXP2OWF4SYAKISHIBHKNQ,1,3098,1,-0.0,0.5577466835865666,0.0,40.0,0.4452380952380952,0.0,1
AHTODOWYXIF7UC2KCYMZJUSTVG5Q,9,1636,9,0.7642045065086203,0.2581407235486389,0.4494089400568916,40.0,0.4117936847103514,0.3333333333333333,2
AHTOJQKB56M5W4PW4XBN35WQT36A,1,1923,1,-0.0,0.5577466835865666,0.0,8.0,0.0,1.0,3
AHTPISLRJDT2DX7NZCICCQHBMPGA,1,424,1,-0.0,0.5577466835865666,0.0,5.0,0.3571428571428571,0.0,1
AHTQXC4G55PA5IOKCLBPY46J5M7Q,1,974,1,-0.0,0.5577466835865666,0.0,39.0,0.4583333333333333,0.0,1
AHTTPP5KN4Q3KKI7YTXBKBJGTKJA,1,2954,1,-0.0,0.5577466835865666,0.0,146.0,0.2714999999999999,0.0,1
AHTTU2FL6FCNBBAESCJHOHHSSW7A,2,529,2,1.0,-1.2398890766409998,2.5422408723206935,59.5,0.0925595238095238,0.0,2
AHTU4O4QDYDGUXW5ZO7OOYCTSXRA,14,205,14,0.3712323266408756,0.108337743529675,0.7683548371641559,9.785714285714286,0.4066468253968254,0.4285714285714285,2
AHTWISCZKNLEBVTIFZP6EZRY2ISA,1,878,1,-0.0,0.5577466835865666,0.0,69.0,0.0324891774891774,0.0,1
AHU2PE2WIJCBES3AKNLJNPZEH52A,1,2106,1,-0.0,0.5577466835865666,0.0,2.0,1.0,1.0,3
AHU2Y2ZFQKI3V3ARFDKZA6ER4NUQ,9,1356,9,0.9910760598382222,-0.3410711965272165,1.2711204361603468,17.666666666666668,0.2915509259259259,0.2222222222222222,2
AHU35J4HQ5QFWXAU4U7I4RZKCH4A,2,596,2,-0.0,-2.138706956754783,1.271120436160347,31.0,0.3166666666666666,0.0,0
AHU3XZZH2PVAH3WH2LXMIB5JQSLA,5,421,5,1.521928094887362,0.1982195315410533,0.8039271517306702,83.6,0.3558076923076923,0.4,2
AHU4AATNLHRFIVORJPZP4UU5J6CQ,1,1810,1,-0.0,0.5577466835865666,0.0,2.0,0.5,0.0,1
AHU4B72BKINX7IEAF7ALAWRV5YMQ,1,343,1,-0.0,0.5577466835865666,0.0,12.0,0.25,0.0,1
AHU5CQIGTPW3L7CSVCMW66XSSPDA,1,295,1,-0.0,0.5577466835865666,0.0,2.0,1.0,0.0,1
AHU63DJFTJKHHGHUYHVN2SFI2MSQ,3,656,3,-0.0,0.5577466835865666,0.0,28.0,0.1412365845959595,0.3333333333333333,1
AHU7GJQJED3AM4KJONXMNSKA77EA,1,3406,1,-0.0,-1.2398890766409998,0.0,49.0,0.1291666666666666,0.0,0
AHU7PK5YWYMKZPXBNSEZULXNTQ7A,1,1511,1,-0.0,0.5577466835865666,0.0,5.0,0.0,1.0,3
AHUA5544H3YZPZFRGLWZUF232GGA,1,2609,1,-0.0,-0.3410711965272165,0.0,16.0,0.55,1.0,3
AHUB4LKR24W7P77S3TEUBOUW5SWQ,1,1721,1,-0.0,0.5577466835865666,0.0,11.0,0.5,1.0,3
AHUGN4YTPAAQ24FNWGWCONPAWN4A,1,2370,1,-0.0,0.5577466835865666,0.0,5.0,0.5,0.0,1
AHUGWEVE55JJDSTXWBQZDYDM2R7Q,1,785,1,-0.0,0.5577466835865666,0.0,3.0,0.8,0.0,1
AHUI3T2JPCSDI7HDKDVKWUWNDLYA,1,1952,1,-0.0,-0.3410711965272165,0.0,8.0,0.25,1.0,3
AHUIALQKBRNIMHD5Q75HUGWRWTAQ,1,2984,1,-0.0,0.5577466835865666,0.0,1.0,1.0,0.0,1
AHUIAPMKFKZBAY4EBMKHRLIMMGZA,1,710,1,-0.0,0.5577466835865666,0.0,1.0,0.0,0.0,1
AHUJHAGQY5ELB3CCRB3SXOREMXRA,1,1887,1,-0.0,-1.2398890766409998,0.0,4.0,0.3,0.0,0
AHUJQAHKGKC4VIGEMDQ4CVKSMLGA,1,410,1,-0.0,0.5577466835865666,0.0,17.0,0.5599999999999999,0.0,1
AHULBGUFZV4G7OCQGXDW2PRC5DVQ,1,6014,1,-0.0,0.5577466835865666,0.0,128.0,0.2814646464646465,0.0,1
AHUOQCSFAOSE3EH2IC55EFQU3LWQ,1,2366,1,-0.0,0.5577466835865666,0.0,141.0,0.3518939393939393,0.0,1
AHUPSSURLQ34LP2NWLZHML566WIA,3,1432,3,-0.0,0.5577466835865666,0.0,2.0,0.6,0.6666666666666666,3
AHUPTBY3F3UN2S5H7K5JLP6MAV5Q,17,41,17,0.6722948170756379,0.2405168435464078,0.6308696726602875,121.17647058823528,0.2308706754446373,0.2941176470588235,2
AHUQ6ITINLH4DIKRH5UHYVI7LH6Q,2,1734,2,-0.0,0.5577466835865666,0.0,6.0,0.5,0.5,1
AHURTXMTMOJS53XYSCI5WU2V7DZQ,1,3892,1,-0.0,-0.3410711965272165,0.0,91.0,0.1546666666666666,0.0,1
AHUSHZFGJYMZ6YP2SQO5TYFVBEIQ,1,688,1,-0.0,0.5577466835865666,0.0,13.0,0.6,0.0,1
AHUUQNQ4STDFK4YKEQUNWRRSW7PA,3,413,3,-0.0,0.5577466835865666,0.0,11.666666666666666,0.2222222222222222,0.3333333333333333,1
AHUVQ4UNB2JGV6MY4ZT75SZLPUBQ,8,240,8,1.75,-0.2287189615129936,1.218979219514516,12.125,0.2909090909090909,0.25,2
AHUVYK76GXA5XUGX63D6HSFV5OYQ,1,2542,1,-0.0,0.5577466835865666,0.0,59.0,0.315,0.0,1
AHUWWVZ447VKWMUP7GSYJIDTKDEA,1,1214,1,-0.0,0.5577466835865666,0.0,27.0,0.2,0.0,1
AHUX7LYUKBTCPVVALKMMPH6JYCGQ,4,519,4,0.8112781244591328,0.3330422135581208,0.4494089400568916,20.5,0.104074074074074,0.0,2
AHUYNN727VWY5ARFWDUKLWP36NSQ,2,313,2,1.0,0.5577466835865666,0.0,20.0,0.4842857142857142,0.5,2
AHUZNBF5YKIQB7DWRVD7UKJ7ZMUQ,9,222,9,0.9864267287308424,0.5577466835865666,0.0,36.22222222222222,0.4907613035113035,0.3333333333333333,2
AHUZTCICIHL6NBXDZCKVJTGHNCHQ,1,612,1,-0.0,0.5577466835865666,0.0,31.0,0.91,0.0,1
AHUZWTG7TORSTA4OECWLEYXHVC3Q,3,886,3,0.9182958340544896,0.5577466835865666,0.0,21.666666666666668,0.4218253968253968,0.0,1
AHV2CP4GCS7MBOTJB3MPNJZIA3MQ,1,2551,1,-0.0,0.5577466835865666,0.0,3.0,0.0,0.0,1
AHV3KIKOBTJDLEWINYCPPEHIH7UQ,1,3157,1,-0.0,0.5577466835865666,0.0,2.0,0.625,0.0,1
AHV3V3SLT35QHQX3NQOFUDBNV2RQ,26,2603,26,-0.0,0.5577466835865666,0.0,31.115384615384617,0.5026268680814135,0.5,3
AHV6QCNBJNSGLATP56JAWJ3C4G2A,656,21,656,1.6948473286818937,-0.0081249391070194,0.542922122504825,112.84908536585364,0.2126386358072307,0.3003048780487805,4
AHV6WYWX6JIJW2MKRNGFIB54K7AA,8,483,8,1.2987949406953985,-0.1163667264987707,1.248215489166444,45.75,0.3743597500983864,0.125,2
AHV7RJLGGLLWDHTKAUCSWFDKPZAA,1,1954,1,-0.0,0.5577466835865666,0.0,5.0,0.0999999999999999,0.0,1
AHVA35ZHKZELPUIMFOST3DZ2F2FQ,1,2302,1,-0.0,0.5577466835865666,0.0,7.0,0.0,1.0,3
AHVAUXDI42RSCQ3IDT65HRF4Q6JA,2,1746,2,-0.0,0.5577466835865666,0.0,1.5,0.8,0.0,1
AHVC23XPR4J63SSNSIRNG4H6AEWQ,7,565,7,0.863120568566631,0.1725390206806596,1.0191636791654306,19.857142857142858,0.3273611111111111,0.4285714285714285,2
AHVDW3N5PNOIH3HZMXIWSCFJB3PA,1,2178,1,-0.0,0.5577466835865666,0.0,49.0,0.3982142857142857,0.0,1
AHVHZI5OFQ6DMTAYXS6LDPMVXCMA,1,881,1,-0.0,-1.2398890766409998,0.0,45.0,0.2374149659863945,1.0,3
AHVL3NK2ELY5UFEPB7EYXU53ZGAA,1,2211,1,-0.0,-2.138706956754783,0.0,7.0,0.25,1.0,0
AHVOK65L3F75OXOCN43YLHK43CRA,11,158,11,1.2406705316766884,-0.6679140620231377,1.718258049749324,21.363636363636363,0.3144300144300144,0.1818181818181818,2
AHVOLBWSTIHEM6VGNYMEQGVWR2YA,21,225,21,0.7918583525674836,0.0013356149447008,1.003951427354753,29.047619047619047,0.389489884229999,0.238095238095238,2
AHVOQ4CBGSXUQKOR2A3BPCV53YMA,1,3094,1,-0.0,0.5577466835865666,0.0,3.0,0.8,0.0,1
AHVOY4RBF5CZF47IOQILPRCXWAAQ,1,1526,1,-0.0,0.5577466835865666,0.0,21.0,0.3106060606060606,0.0,1
AHVPSZCUQH3UMQCGQSDZ7BZVUHNQ,2,1185,2,1.0,-0.3410711965272165,0.0,1.5,0.75,0.0,1
AHVPXEPKBQM7S3ZQCT4RH2XQ7CGA,1,102,1,-0.0,0.5577466835865666,0.0,56.0,0.1305555555555555,1.0,3
AHVTLG3HBHHROYEIS2XKOAMRUDVQ,19,751,19,0.4854607607459134,0.1792970498544474,0.9622804967173354,20.157894736842103,0.1528318713450292,0.0,2
AHVTNUKVJIMSP6MZK6YO3Q5KX3CA,1,1173,1,-0.0,0.5577466835865666,0.0,11.0,0.425,0.0,1
AHVUC6G7ADVWS4JBMECIOW7UGPUA,1,2739,1,-0.0,0.5577466835865666,0.0,2.0,0.875,0.0,1
AHVUDEN6Q6EV2MQ6IF2RSFWJVU5A,1,1536,1,-0.0,0.5577466835865666,0.0,4.0,0.35,0.0,1
AHVUEL57EXWBZHZWGD7IDGW5J7XA,1,269,1,-0.0,0.5577466835865666,0.0,43.0,0.42,0.0,1
AHVWKBFOVXQV6653O4XGCKOB6YVA,3,780,3,0.9182958340544896,0.5577466835865666,0.0,13.333333333333334,0.5314814814814814,0.3333333333333333,1
AHVWQG7IKAFZGIF7DUGCKCEOZCXA,3,1854,3,-0.0,-0.0414652364892887,0.5189327450361415,29.333333333333332,0.4916666666666667,0.3333333333333333,1
AHVYZJVOXDVQP2V5MLHXMLXMXL4A,1,1163,1,-0.0,0.5577466835865666,0.0,7.0,-0.2916666666666667,0.0,1
AHW23LKLGTLDQX3JI6E4ILZLZZOA,1,2964,1,-0.0,0.5577466835865666,0.0,4.0,1.0,0.0,1
AHW2LR2YXNMBEQJ5I5OB56N6OLJQ,1,1320,1,-0.0,0.5577466835865666,0.0,20.0,0.4166666666666666,0.0,1
AHW2TASGYIZN2MI2HLI2QVBPHGNA,4,433,4,1.5,0.5577466835865666,0.0,7.5,0.0531249999999999,0.5,2
AHW3GDHLPAFSHCFAEEZHPDSA73DA,1,3498,1,-0.0,0.5577466835865666,0.0,56.0,3.7007434154171876e-17,1.0,3
AHW3SPBY5DM5KYWUJHODT2VYJHRA,3,442,3,0.9182958340544896,-0.6406771565651442,1.037865490072283,16.666666666666668,0.2113425925925925,0.3333333333333333,2
AHW7W34BLHHC4AYM4TPMLA2SWMMA,6,311,6,1.4591479170272448,0.4079437035676028,0.3669408629948054,31.0,0.3162037037037037,0.1666666666666666,2
AHWAIBCVNSK4HAJFE5DNRP636L2A,3,1309,3,0.9182958340544896,-0.0414652364892888,1.037865490072283,1.0,0.0,0.0,2
AHWDJFPHLJ2HNSPWOUHJSQ34K5MQ,1,1442,1,-0.0,0.5577466835865666,0.0,6.0,0.5,0.0,1
AHWEIAIMSGEIL5UIZTF6BYKDL7MQ,1,4900,1,-0.0,0.5577466835865666,0.0,15.0,0.1,0.0,1
AHWEM7E2PYGW6QCATOWYGZZJ7QPA,1,2984,1,-0.0,0.5577466835865666,0.0,48.0,0.025,0.0,1
AHWFC2576577CTY7W5ORFPJVKUPQ,1,2718,1,-0.0,0.5577466835865666,0.0,20.0,0.4777777777777777,0.0,1
AHWFIH4YSVWTNGAA42NO6SPMPX2A,1,1801,1,-0.0,0.5577466835865666,0.0,5.0,0.9,0.0,1
AHWFJZKOUI2EMNQSPHDDDSMOOF4A,1,705,1,-0.0,0.5577466835865666,0.0,5.0,0.2,1.0,3
AHWLXRREFXOKKLDA2NM6D7CKATVQ,1,3739,1,-0.0,0.5577466835865666,0.0,25.0,0.0181818181818181,0.0,1
AHWMD2O2ERFGBQME4X5HRPFYJR2Q,1,1755,1,-0.0,-0.3410711965272165,0.0,5.0,1.0,1.0,3
AHWOB66HVZJLLPO2PMBOBLGNJVVQ,10,2019,10,0.4689955935892812,0.5577466835865666,0.0,7.2,0.3077619047619048,0.0,1
AHWPSOLHRW7LFHHORCE4CCY4KEMA,1,4147,1,-0.0,0.5577466835865666,0.0,202.0,0.2236931818181818,0.0,1
AHWQI5RDKU3AHHGKAKNLB6BMQSFQ,1,1760,1,-0.0,0.5577466835865666,0.0,111.0,0.175,0.0,1
AHWRKUZUZNWALPR3HG6H3QBFEBDA,2,323,2,-0.0,-1.6892980166978917,1.9066806542405204,12.5,0.30625,0.0,2
AHWRLLSQNS7AJUUZKBJKJP7AIQVA,1,327,1,-0.0,0.5577466835865666,0.0,46.0,0.2333333333333333,1.0,3
AHWROXJQ3K74CELJ76MQC3CDTNSQ,5,13,5,0.7219280948873623,-1.9589433807320265,1.6078543034613404,29.4,-0.1075757575757575,0.4,2
AHWRVFFCLI5KZSNGJPIVOH2HHJXA,1,6078,1,-0.0,0.5577466835865666,0.0,82.0,0.2471653346653347,0.0,1
AHWTEKYJRJRJHHOX3SMZ4MB6MQ6A,1,1366,1,-0.0,0.5577466835865666,0.0,9.0,0.53828125,0.0,1
AHWVQ26EA553ID4SJS6R5SHYJFUQ,1,8,1,-0.0,0.5577466835865666,0.0,8.0,0.0,0.0,1
AHWWLSPCJMALVHDDVSUGICL6RUCA,4,67,4,0.8112781244591328,0.5577466835865666,0.0,6.75,0.55,0.75,3
AHWWO43M7Q7KMMBGDOR5JMJK636A,1,2290,1,-0.0,0.5577466835865666,0.0,5.0,0.0,0.0,1
AHWYP4TAAA4GEWQEL5LLN3KRGPDA,1,2820,1,-0.0,0.5577466835865666,0.0,24.0,-0.005,1.0,3
AHWYSJIMUEIUBSBWKASEA5WOSCGA,1,504,1,-0.0,-1.2398890766409998,0.0,240.0,0.3773809523809524,0.0,0
AHWZ6P4V5KKGMHNW5MDBI34FSWVA,5,941,5,0.9709505944546686,-0.5208347725499731,0.9846056560545864,34.6,0.3344277777777777,0.0,2
AHWZGKHOHK7YVTXCTCCY7VCI54FQ,1,2078,1,-0.0,0.5577466835865666,0.0,3.0,0.3,1.0,3
AHWZLEZ32TUVMHLGAT2RHWSWJ6SA,1,2998,1,-0.0,-0.3410711965272165,0.0,4.0,0.3291666666666666,0.0,1
AHX2QUMEPQ7VVDSVIZZRKDU56Z3A,1,1150,1,-0.0,0.5577466835865666,0.0,24.0,-0.5,0.0,1
AHX4KAMYA2RV2IOYNWGUEUTX66XQ,1,3430,1,-0.0,0.5577466835865666,0.0,54.0,0.3133333333333333,0.0,1
AHX4XWVVQUKT3FCNWCVASDF4Q56Q,64,63,64,1.143695821173856,-0.0040144914845478,1.2861638051886837,9.109375,0.5703931261609484,0.234375,2
AHX5GNQNMMX5IC33WR7YDTIZOY2A,1,2507,1,-0.0,-0.3410711965272165,0.0,3.0,0.0,0.0,1
AHX5YBZ65H3QVUQ6VV3KKVYO3ELA,1,4706,1,-0.0,0.5577466835865666,0.0,21.0,0.4771428571428571,0.0,1
AHX63Q5CQ4ZSOTWXIP5V365VRAVA,1,2600,1,-0.0,0.5577466835865666,0.0,4.0,0.7,0.0,1
AHX6Z454FV2LTSIDW4X5CPNYH3ZA,4,1612,4,0.8112781244591328,0.108337743529675,0.8988178801137832,47.5,0.2518045785233285,0.25,2
AHX7R7SD55CUTIXKV7CKMZ5GBK3Q,1,205,1,-0.0,-0.3410711965272165,0.0,16.0,0.1,0.0,1
AHXBG7SNVYNFMOXYX322UZ22GDPQ,9,171,9,0.9182958340544896,0.2581407235486389,0.4494089400568916,31.0,0.3785930735930736,0.1111111111111111,2
AHXBL3QDWZGJYH7A5CMPFNUPMF7Q,33,112,33,1.7860314430383468,-0.3955450074432034,1.4552003382795926,29.545454545454547,0.3024853390506799,0.3333333333333333,2
AHXCCZAX2PMNY45NADPTH7N7CXIQ,1,3365,1,-0.0,0.5577466835865666,0.0,47.0,0.0097222222222222,1.0,3
AHXCER2EZHWXLJYGCHABD53JJIFQ,2,3054,2,-0.0,0.108337743529675,0.6355602180801734,20.0,0.54765625,0.5,3
AHXDSXLPSN2VHF5I4PRHJBRJHTCQ,1,1274,1,-0.0,0.5577466835865666,0.0,5.0,0.26,0.0,1
AHXE3QNVEO4M7VVMVAA4YRZ5VSCQ,1,2953,1,-0.0,-1.2398890766409998,0.0,8.0,-0.6,1.0,0
AHXEHJ6UR2YEXGNQ7S2K7RYYRZGQ,1,1746,1,-0.0,-1.2398890766409998,0.0,55.0,0.3845238095238095,0.0,0
AHXFH3TZ4B7PPQCUQQSX5X3PYCZQ,1,3270,1,-0.0,0.5577466835865666,0.0,20.0,0.7125,0.0,1
AHXIIJLNUANLM545CLMOBKHAQ36A,1,723,1,-0.0,0.5577466835865666,0.0,6.0,0.2333333333333333,0.0,1
AHXIKNHH6R3ODR7KVTW4TVEBSUIA,1,3662,1,-0.0,0.5577466835865666,0.0,21.0,0.0,0.0,1
AHXJXQD5HN7CUYGNBZFFQIX23XNA,1,1164,1,-0.0,-0.3410711965272165,0.0,5.0,0.0,0.0,1
AHXKM2EVB7UCQ5L2YZ3ELUCEO3GQ,13,164,13,1.3346791410515946,-0.2027915226635576,1.2084646701779376,18.846153846153847,0.3355494505494505,0.0,2
AHXLIW3NWV3EOWJ5VOZRQTCK4MLQ,1,190,1,-0.0,0.5577466835865666,0.0,35.0,0.2555555555555556,0.0,1
AHXLZ6LI6HJ7YRIAV5DETEQZDWZQ,1,4808,1,-0.0,0.5577466835865666,0.0,45.0,0.475,1.0,3
AHXNV4L6V654W3LP6EHELIQCOSHQ,1,4583,1,-0.0,0.5577466835865666,0.0,41.0,0.2573611111111111,1.0,3
AHXOCH6XQ6UTTDLEJGD67YR4XFMQ,2,2595,2,-0.0,0.108337743529675,0.6355602180801734,14.5,0.134375,0.5,3
AHXPK4NH3Y65T3HF2RDAIULQ673Q,1,689,1,-0.0,0.5577466835865666,0.0,62.0,0.3868596681096681,0.0,1
AHXPRMGLANXKQAXTOFD2DGUDWXUA,1,1831,1,-0.0,0.5577466835865666,0.0,5.0,0.75,0.0,1
AHXQW44E24ZU24SO4UUZFPTAMISA,1,5177,1,-0.0,-0.3410711965272165,0.0,38.0,0.3352272727272727,0.0,1
AHXS6AGWK4SBZ3QKANQISILIMK6Q,2,70,2,-0.0,-0.3410711965272165,1.2711204361603468,15.0,0.1816666666666666,0.0,2
AHXSBZT52TCPZUBVCBRICTHWUCBA,6,338,6,0.9182958340544896,0.108337743529675,0.4923028280272931,18.5,0.4497916666666667,0.0,2
AHXSNO2ZJ7ZOTJ3Q4BVOEBT7P6FQ,1,180,1,-0.0,-2.138706956754783,0.0,73.0,0.00625,1.0,0
AHXTTELUUFQL2JISQXM74IBS42DA,1,2444,1,-0.0,0.5577466835865666,0.0,19.0,0.3602721088435374,0.0,1
AHXUFSC7TEVSYGCPJIZTL6J2DW4Q,1,897,1,-0.0,0.5577466835865666,0.0,15.0,0.4333333333333333,0.0,1
AHXXTKKWYN62AQVPYF6QVMH4MRGA,2,2799,2,-0.0,0.5577466835865666,0.0,99.0,0.4425833333333333,1.0,3
AHXXX43IQZGOULMTSJVR65WSQUPQ,1,2312,1,-0.0,0.5577466835865666,0.0,6.0,0.8,0.0,1
AHXZCNMFZW4FLUWCXSHVUKPWYUDQ,1,242,1,-0.0,0.5577466835865666,0.0,28.0,0.1766666666666666,0.0,1
AHY3G773FNHUXWJT2R4O7ZA4WPRA,1,236,1,-0.0,0.5577466835865666,0.0,91.0,0.3276515151515151,1.0,3
AHY3WCPLNB7T2SKB4NE6OBRHJ6TQ,1,1259,1,-0.0,0.5577466835865666,0.0,26.0,0.5449999999999999,1.0,3
AHY4FDU5L5ZCEEZ672AVXN7LOKNQ,1,1253,1,-0.0,0.5577466835865666,0.0,62.0,0.384090909090909,0.0,1
AHY4UW5YYIW7QQZRRHVW2VG2PPWQ,1,5535,1,-0.0,-1.2398890766409998,0.0,165.0,0.0549479166666666,1.0,0
AHY4ZHJIC2OUVESYV3P4IPOCKXBQ,1,960,1,-0.0,0.5577466835865666,0.0,53.0,0.0,0.0,1
AHY55PORR7VYL72JBUYNSO6KCA5A,8,1344,8,0.954434002924965,0.108337743529675,1.271120436160347,38.75,0.2453495896464646,0.5,2
AHY6B5R363SMDDYBHFLGXRQVPA6Q,1,565,1,-0.0,0.5577466835865666,0.0,15.0,0.3166666666666666,1.0,3
AHY76MIW3WI4C7EN6HMDFPV6B2KA,1,2600,1,-0.0,0.5577466835865666,0.0,107.0,0.2925,0.0,1
AHY7ZJB523OPTIKXRI63PS2V6FSQ,27,675,27,1.6809377501048497,0.4245884791252654,0.5406547282945179,15.88888888888889,0.527677881103807,0.4444444444444444,2
AHYARJU3M2CYM3W5SZYL33KOFVHA,1,1107,1,-0.0,0.5577466835865666,0.0,9.0,0.3999999999999999,0.0,1
AHYB7CLB5GMVKNCWQ3SLGMVB4TPA,1,3838,1,-0.0,-0.3410711965272165,0.0,30.0,0.425,0.0,1
AHYB7U5MR2OG5BJPAVS5K5AZQCSA,7,803,7,2.1280852788913944,0.0441364663786905,1.0191636791654306,11.285714285714286,0.4226862026862026,0.4285714285714285,2
AHYBOC3JAHBR4YH6VT42IQ6ZB3FA,1,2861,1,-0.0,-2.138706956754783,0.0,18.0,0.1116666666666666,1.0,0
AHYCBCQJUMTM2VISOJNR4FDDBOCA,1,2806,1,-0.0,-1.2398890766409998,0.0,3.0,0.5,1.0,3
AHYDLAYCM6W7T5UUIBO63FV3SAFQ,35,787,35,1.8073759536999705,-0.0842660879232785,0.9887339997628656,74.82857142857142,0.175395567633368,0.0857142857142857,2
AHYDXATTJZHTIOX5CMNMGXPZU6ZQ,4,2436,4,-0.0,0.5577466835865666,0.0,12.25,0.4910714285714285,0.25,1
AHYEA4JYQ6G2PVYXDUN7S5RPXJFQ,8,130,8,1.061278124459133,0.5577466835865666,0.0,10.375,0.1708333333333333,0.25,2
AHYEW6ZXLQBJ6YU5NZRR4UTRK6IQ,1,4114,1,-0.0,0.5577466835865666,0.0,71.0,0.3216666666666666,1.0,3
AHYFIO5UVVMIOONLI65XLW6323FA,1,1369,1,-0.0,0.5577466835865666,0.0,28.0,0.35,0.0,1
AHYFLXIL7CMIVNU42WE3EL43OWZA,1,2814,1,-0.0,0.5577466835865666,0.0,4.0,0.0,0.0,1
AHYFWPEQEO72LEEMM6E3WDYX4BZA,3,760,3,-0.0,0.5577466835865666,0.0,9.666666666666666,-0.2005208333333333,0.3333333333333333,1
AHYG6B3CNXSKERI5LGNVXIOA6WVA,1,442,1,-0.0,0.5577466835865666,0.0,14.0,0.4,0.0,1
AHYGBZX3XJDZUC7A7VNQATLM3UGQ,1,1657,1,-0.0,0.5577466835865666,0.0,98.0,0.3740234375,1.0,3
AHYHCMWW5G2HHSQDLMDDJRGU43QQ,1,874,1,-0.0,0.5577466835865666,0.0,8.0,1.0,1.0,3
AHYIIOGHQYQNXYSSAOUSP4WYYBUA,1,1958,1,-0.0,0.5577466835865666,0.0,46.0,0.510125,1.0,3
AHYIWMXORQUTUAC3JI5AJENZA62Q,4,1166,4,-0.0,-0.1163667264987707,1.3482268201706746,15.75,0.5303571428571429,0.0,2
AHYJCQYCHHT5FH6RGLT4PWUR6PZA,1,530,1,-0.0,-3.0375248368685663,0.0,37.0,0.2172727272727272,1.0,0
AHYJRGNZYYHL5KZDIKKKIJN3EZOA,1,219,1,-0.0,0.5577466835865666,0.0,20.0,0.75,0.0,1
AHYJYBWRYIMCDHWIRRPD24UFXF4Q,1,1381,1,-0.0,-0.3410711965272165,0.0,14.0,0.890625,0.0,1
AHYKFYB4M26KSRJY6DSZMV6UFYOA,8,86,8,0.954434002924965,0.5577466835865666,0.0,23.625,0.1234374999999999,0.375,2
AHYKPFKP6ZRMAS3SHDFMSN2LBKOQ,1,2956,1,-0.0,0.5577466835865666,0.0,5.0,0.0,0.0,1
AHYLIR2L6II4KU2CNGXPFHIQTTPA,2,2259,2,-0.0,-1.2398890766409998,2.5422408723206935,101.5,0.267936056998557,0.5,2
AHYOLM6ON6SWZUSPCYROBCRPAGZA,1,618,1,-0.0,0.5577466835865666,0.0,6.0,0.8,0.0,1
AHYOYF2TAQ2H4DCKTBAL6XECEMMQ,5,1337,5,0.9709505944546686,0.0184559555182967,0.4923028280272931,11.0,0.2971428571428571,0.0,2
AHYPJP7HKAXKK2QZG3MRPVNHUQGQ,14,1251,14,0.5916727785823275,0.2367402978316441,0.7567124238846746,5.857142857142857,0.3582738095238095,0.0714285714285714,2
AHYQOXD6YJZHSMBVYX2ZIHW5OHLA,1,4335,1,-0.0,-2.138706956754783,0.0,52.0,0.025,0.0,0
AHYSZEKDCSU2GLGROWC3AVU3WHJA,1,1015,1,-0.0,0.5577466835865666,0.0,1.0,0.0,0.0,1
AHYUAH5T2DR32HISPCB23PIEP62Q,1,27,1,-0.0,0.5577466835865666,0.0,25.0,0.5,1.0,3
AHYWYS3ZCNA62VY2WPFMHZXYBU6Q,5,639,5,0.9709505944546686,0.5577466835865666,0.0,31.4,0.5040555555555556,0.6,3
AHZ4WODDQMLDMFH2X4QHJAMRJCTA,11,175,11,1.4949188482339508,0.1491931017166651,1.0907692040739878,27.0,0.3968795093795094,0.0,2
AHZ4XGTRIR5BTZJGMZCKLYLSN5VA,6,554,6,-0.0,0.4079437035676028,0.3669408629948054,13.833333333333334,0.5921527777777778,0.0,1
AHZ547XWV2I5OBJ5FO2ZQ7JWR6QA,12,46,12,-0.0,0.4079437035676028,0.3498643853310392,84.83333333333333,0.4041413974083771,0.1666666666666666,1
AHZ6IT22QHREUXVNOHG2MAEKWUKQ,1,1834,1,-0.0,0.5577466835865666,0.0,4.0,0.9,0.0,1
AHZ6XMOLEWA67S3TX7IWEXXGWSOA,154,152,154,2.3554739541983887,-0.0200648107722939,1.0311207056858864,18.9025974025974,0.3272904498356724,0.2077922077922078,2
AHZ6YRGY5KOE3WDHXGVLXKZPHHOQ,1,5290,1,-0.0,-0.3410711965272165,0.0,180.0,0.2825591075591075,1.0,3
AHZ7SDYIUZ576JWWMA5LVSPHLVDA,4,763,4,-0.0,-0.3410711965272165,1.7976357602275663,12.5,0.4979166666666666,0.0,2
AHZAMCQPDRULSR64PRS76ZOWLAPA,1,2480,1,-0.0,-2.138706956754783,0.0,101.0,0.0031249999999999,0.0,0
AHZDAYL6YKMYMGOWAG25WROOSAGQ,1,2398,1,-0.0,0.5577466835865666,0.0,1.0,1.0,0.0,1
AHZDXWXJTBINQSQKYWFUNCQQZ7EA,1,1510,1,-0.0,-0.3410711965272165,0.0,10.0,0.0,1.0,3
AHZHDI7ZAFGHWLQY4P3THSAINYXQ,1,3107,1,-0.0,0.5577466835865666,0.0,7.0,0.1708333333333333,1.0,3
AHZIJGKEWRTAEOZ673G5B3SNXEGQ,2,881,2,-0.0,0.5577466835865666,0.0,5.5,0.5833333333333333,0.5,1
AHZJJH2PN4L55RFYSHBDYR7DP73A,1,2325,1,-0.0,-0.3410711965272165,0.0,1.0,0.0,0.0,1
AHZLGKTUMZUKHOLR244MUEMGKXAA,7,621,7,1.3787834934861751,-0.7262788594331236,1.6292457666523144,30.857142857142858,0.247288961038961,0.7142857142857143,2
AHZLHIUGLP67LYFOQP55SDLKDHAQ,4,1351,4,-0.0,0.5577466835865666,0.0,2.5,0.5375000000000001,0.0,1
AHZMNUKXD3ZM75XBXPV6FQI3YEGQ,2,189,2,-0.0,0.108337743529675,0.6355602180801734,17.5,0.4358333333333333,0.0,1
AHZN2GUPPIS6U7D6GFHFJGCXB4CQ,1,2581,1,-0.0,-0.3410711965272165,0.0,18.0,0.2875,1.0,3
AHZNGEEOG3GBV3Y7P4WQC5W43AFA,1,2659,1,-0.0,0.5577466835865666,0.0,22.0,-0.125,1.0,3
AHZOJQDTMJ6WIHY2RV7PB6K5TG7Q,11,29,11,1.0957952550009336,-0.0959390474052756,0.8130113626909258,63.90909090909091,0.3086366326168957,0.0,2
AHZSLYF6GAH4JAO442VFPN3ALPIQ,1,1877,1,-0.0,0.5577466835865666,0.0,10.0,0.5458333333333334,0.0,1
AHZSUGCJIUILJFV6I7OAEQNAKCBA,1,3523,1,-0.0,0.5577466835865666,0.0,52.0,0.3602272727272727,0.0,1
AHZTJJSVGM7EMEGZTDSQ2NKJC2JA,2,1411,2,-0.0,0.5577466835865666,0.0,2.0,0.91,0.0,1
AHZVE7M4XFMIODLNCBHUWJ5VPSFQ,1,3119,1,-0.0,0.5577466835865666,0.0,17.0,1.0,0.0,1
AHZWDQGQLQLCZRUF4YYYLESXSPZA,7,919,7,0.9852281360342516,-0.7262788594331236,1.7098926755867552,32.0,0.1540873015873016,0.4285714285714285,2
AHZXGT7AUEGU37GNUNW7ZU3ZS6KQ,1,2092,1,-0.0,-2.138706956754783,0.0,4.0,-0.25,1.0,0
AHZXN2OZBRTGQU4UVYDWDR2JU5CA,2,0,2,-0.0,0.108337743529675,0.6355602180801734,3.5,0.0,0.0,1
AHZYBJVSPJO4NMRWIQ4TI4Y42CJA,16,173,16,0.9886994082884974,-0.0040144914845478,0.4494089400568916,23.0,0.4202141203703703,0.5,2
AHZZJQYNVZUJNPNQ737ITGEQUB4A,1,8575,1,-0.0,0.5577466835865666,0.0,15.0,0.25,0.0,1
AHZZPUYPNZQ7QXK55HGGE3Z7TTEA,1,1000,1,-0.0,0.5577466835865666,0.0,8.0,0.6875,1.0,3
