user_id,favorite_category,favorite_category_share,category_entropy
AE225Z2VRWT6GPTOMA4H4O3H2KVQ,Digital_Music,1.0,-0.0
AE23YCERVBZ7ABKTESKSSXYTLYRA,Digital_Music,1.0,-0.0
AE246WPAV4HBLUOOOKTECTYQ7ZPA,Cell_Phones_and_Accessories,1.0,-0.0
AE25NQAZI3725GZIL5FS52ZIKWKQ,Automotive,1.0,-0.0
AE26ICWKMFJEHDH5VDX4W42H2NMA,Electronics,1.0,-0.0
AE2B7P75BH4A7L56Y365IQPYZ6YA,Digital_Music,1.0,-0.0
AE2C3MK7LXEZJVB2UXM45QCI2TBQ,Digital_Music,1.0,-0.0
AE2DWV6OPSOUHDZEZQBC2MRYAOXA,Clothing_Shoes_and_Jewelry,1.0,-0.0
AE2JT2433VWURU2CEQB4HKLZNDRQ,Digital_Music,1.0,-0.0
AE2KCUCNBBR6ZMIUJQCM7KMQMJ5Q,Digital_Music,1.0,-0.0
AE2KTZVOMXO3XBRSERKGSBX4Q4IA,Automotive,1.0,-0.0
AE2L2VTHKTXIDTE5R7JUU4WW3AZQ,Digital_Music,1.0,-0.0
AE2MDGRKSWOV63U2JGW3MOMIEBSA,Digital_Music,1.0,-0.0
AE2MIK6YBTBRNZZGI5O5Z6VCMEPA,Automotive,1.0,-0.0
AE2ODZ4VYQ5FNNCONSHSNZM7PHSQ,Digital_Music,1.0,-0.0
AE2ONKWFI53HMNABSEGANB4KVVAQ,Digital_Music,1.0,-0.0
AE2SLLQC24HDEHVUWKWDT2G7B23A,Cell_Phones_and_Accessories,0.75,0.8112781244591328
AE2TA5GQH4JI5RQ4W5H5PQOVYBGA,Clothing_Shoes_and_Jewelry,0.8936170212765957,0.5869860483434262
AE2TP5ZT3QD6FSMAWNOJVU2P5ZIA,Digital_Music,1.0,-0.0
AE2UV6XH56H44OZBF3FY3IBS37TA,Digital_Music,1.0,-0.0
AE2VNRCUVMWDDI3VCA7VB6FNNO4A,CDs_and_Vinyl,1.0,-0.0
AE2WCB3PAHPKVXBFCCK6RDQ76XKQ,CDs_and_Vinyl,1.0,-0.0
AE2YFNTYYMTKCY6M2CQ3A75GHRGA,Digital_Music,1.0,-0.0
AE33XC2AXNEN6S3OVTPHVX7RRVIQ,Digital_Music,1.0,-0.0
AE34NEUMAQ27PPO63WLRTRDUKWFQ,Cell_Phones_and_Accessories,1.0,-0.0
AE34VA3WMMQ66SY7HAFPRZNZUEBA,Electronics,0.5,1.5
AE35DGEQAVUE6ADUZZMQWLZIESIA,Digital_Music,1.0,-0.0
AE35DHGBMKOUASVTTHQCYTHVHKKA,CDs_and_Vinyl,1.0,-0.0
AE36CH2CNKXKUUZSSDUBSFN5ARWQ,Digital_Music,1.0,-0.0
AE3A3DKHZOBCZS6352E5VP2WE2CA,Cell_Phones_and_Accessories,1.0,-0.0
AE3ADG6WP7UYB54J3CRQ22BLQE3A,Digital_Music,1.0,-0.0
AE3C62JLCUWE273CJ3MNBXLJAJ6Q,Cell_Phones_and_Accessories,0.5,1.5
AE3C6ZSDIWLXHZ4MW6LNITGHZWLQ,Digital_Music,1.0,-0.0
AE3DNVXK3KQ52BTHWDTKCJOZ2WPQ,Digital_Music,1.0,-0.0
AE3KRBQITID7SAJ2W5H5E7RD35DA,Digital_Music,1.0,-0.0
AE3LOM7QWQC2PDQJ3KDBWSTIAEXA,Cell_Phones_and_Accessories,0.8,0.7219280948873623
AE3PCPB24YTHGIIIWZOWBZ6VZIVA,Cell_Phones_and_Accessories,1.0,-0.0
AE3Q6AEWP7Y7CH4N6IWEP4YBNP2A,Clothing_Shoes_and_Jewelry,0.7222222222222222,1.0529407605626346
AE3S23WS6PMZEJAFOOS4YA67YHOA,Digital_Music,1.0,-0.0
AE3TVIQU3RAYXVKHWBBVU44GVESA,Digital_Music,1.0,-0.0
AE3U73QGVDLZUA2DSACCVDCYAY6Q,Electronics,0.4117647058823529,1.7838593436779768
AE3U7D7TFKOJB4YHU223VIJZCZ5Q,Digital_Music,1.0,-0.0
AE3UAOMGVAWIMC7642H7FBAI46EA,Digital_Music,1.0,-0.0
AE3VGST2ATPP7OTR3YGP43EMVT7Q,Cell_Phones_and_Accessories,1.0,-0.0
AE3VSUJHP2KB42ZW6RYEL2ZL2Z4Q,CDs_and_Vinyl,1.0,-0.0
AE3WI6JPR64423XDLLWJIFDTQBJA,CDs_and_Vinyl,1.0,-0.0
AE3WJ3IDKDL3AVWIVWVIIFOQKBEQ,Digital_Music,1.0,-0.0
AE3Y6N4OAXVU7AX3PZZ6M5LKEKKQ,Digital_Music,1.0,-0.0
AE3YAVL3JIQDT4GSV23DI6MJ7TRQ,CDs_and_Vinyl,0.5,1.0
AE3ZEVN65B3MWKIBLFRBGMJDGJCA,Books,0.7142857142857143,1.1488348542809166
AE3ZH3YVW3CVJSVJHXDKEOCQH55A,Digital_Music,1.0,-0.0
AE427MY65PZ6FNZ2IY6HCTIIQZEQ,Books,0.4,1.5219280948873621
AE42GH4BGD3R3BJFMZWONYKTPPAA,Digital_Music,1.0,-0.0
AE42OJDQ4FOVEW4XS2ZWBDWFSOKA,Digital_Music,1.0,-0.0
AE45QAEYVTPSHPANWBX4KRUF6MXQ,Digital_Music,1.0,-0.0
AE45YMBT22253F3XWEESXGHVS42A,Digital_Music,1.0,-0.0
AE475YIHKFR4FFV3ECYZS43DRZCA,Digital_Music,1.0,-0.0
AE4DDAEAGC7FBWR6FUOUZI4WOZLQ,Digital_Music,1.0,-0.0
AE4EY2RB3FDDFWK5AEBP2WP3AGMA,Digital_Music,1.0,-0.0
AE4HXIKWVZTAX53MFK77Z2TBZWVA,Digital_Music,1.0,-0.0
AE4JEBI6AAXVC6CKQCOSPLAVUCQQ,Digital_Music,1.0,-0.0
AE4JY2AMAZ76UC5XAOVYLUC6E7YQ,Digital_Music,1.0,-0.0
AE4KVNO5P6N6SP6CQTZTIDHEAWFQ,Books,0.8181818181818182,0.6840384356390417
AE4L2LH55JNFCLHFXFC7YOEQSBIA,Automotive,0.4166666666666667,1.5283688992090207
AE4LSM4GFD66A4EIWZ2J5OSWQNGQ,Digital_Music,1.0,-0.0
AE4NUPKI764YXEKLO3RFELE6NKOA,Digital_Music,1.0,-0.0
AE4Q3FPKMKMRHPNWBCHW5XNVB6AA,Electronics,1.0,-0.0
AE4QJPWRRCQO3K2KCGZWRYDFV4KA,CDs_and_Vinyl,1.0,-0.0
AE4TAG762WBWX53E6DNM7XSVBDWQ,Digital_Music,1.0,-0.0
AE4VDUS22PQQM5D6W7WVWYWRYCEQ,Digital_Music,1.0,-0.0
AE4WMJOOYYWIJAOTOSPZEI27LSJA,Digital_Music,1.0,-0.0
AE52U34CK7FHXFZXLBV5T7EPLKPQ,Digital_Music,1.0,-0.0
AE53BPYA42RVO7EG7MIR7AMUSZBQ,Digital_Music,1.0,-0.0
AE53SGI7K7H4CEGNVNSO3CXSDNUQ,Digital_Music,1.0,-0.0
AE542ITELIXSMJJNDW2UQJSQLZNA,Digital_Music,1.0,-0.0
AE54PZQCH4FATQNTHJBWND5GTPMQ,Digital_Music,1.0,-0.0
AE55IRK2BWNVKDHN3INKG7I2JNEA,Digital_Music,1.0,-0.0
AE56IRAS2UYOMTI5XOSCRGXF3A2A,Digital_Music,1.0,-0.0
AE56U36OKSLHOJXLTYN6K5FVDSOQ,CDs_and_Vinyl,1.0,-0.0
AE57MRF2R2ALCC6H5WQLFKT7KSSA,Electronics,0.625,1.528368899209021
AE5AEF6MZZ4Q6QVYQI66U2KNP6IQ,Digital_Music,1.0,-0.0
AE5BARZD36USKQBRWADEGTHGPSVQ,Digital_Music,1.0,-0.0
AE5CE7OYTR6GVPFPLDKU4WH2U3QA,Digital_Music,1.0,-0.0
AE5DIA2HDWBPNGBO2FXN2PF4NQJA,Clothing_Shoes_and_Jewelry,0.9047619047619048,0.4537163391869448
AE5DK6FQTEOBBFONY64EW3ZFTYVQ,Digital_Music,1.0,-0.0
AE5EFPZILS6MKIZZBS536VEFQO4A,Digital_Music,1.0,-0.0
AE5GHFQZ6IXM4QNYTLTYJO24KQZQ,CDs_and_Vinyl,1.0,-0.0
AE5II4T3UESJURZWUG4L7X5LMMWA,Automotive,0.5,1.0
AE5KMBYQASBZID6LHGS76DVDFYPA,Cell_Phones_and_Accessories,0.75,0.8112781244591328
AE5LPFNQAV3XHJNHD2ICKIN257XQ,Digital_Music,1.0,-0.0
AE5N6XYINB7U5E735LESJZJMCAMQ,Digital_Music,1.0,-0.0
AE5NGNFR5BFZV4VEOUVLKIYPGDFA,Digital_Music,1.0,-0.0
AE5NMN6ZORL2AN3DXJN7RH234DEA,Digital_Music,1.0,-0.0
AE5NOSEXKQHWMPATOYD3FM2ZJ5BQ,Digital_Music,1.0,-0.0
AE5PCZCRUBNDXNLAT7SJKKBRPQIQ,Automotive,0.3333333333333333,1.584962500721156
AE5QBPPZ53NJC2BDX7UZPKJEL5CQ,Digital_Music,1.0,-0.0
AE5QCAY6EVMM5KGT4GNSMBUIAIEQ,Cell_Phones_and_Accessories,0.6666666666666666,0.9182958340544896
AE5R25NB3AXXTVV6R4GBQAZXQFFQ,Electronics,1.0,-0.0
AE5RPKDYYDXVZ7VNUHU76MFP2XFA,Automotive,1.0,-0.0
AE5TS6P6VOVNO5YYHRKEFAGHEMKA,Digital_Music,1.0,-0.0
AE5UW4XLVL5AXSJP24MTH4LKK4DA,Automotive,1.0,-0.0
AE5VC672ROYF2LMFXC5GZQ63D25A,Digital_Music,1.0,-0.0
AE5VPKX64CVOPH6X75C7EQXAIGLA,Digital_Music,1.0,-0.0
AE62OB3JYQR2U6F34BAIJPQ5SWOQ,Digital_Music,1.0,-0.0
AE62UN4Q5JNY6V3J6BOXSW4XC3KA,Digital_Music,1.0,-0.0
AE63IY2VV2QNP4BLIEEOP7YMQVCQ,Digital_Music,1.0,-0.0
AE63QWJX2YH2MYOW5UE7WO3DEGTA,Automotive,0.5,1.5
AE63SKK47DLG5EONUFB3GH4UUJRA,Cell_Phones_and_Accessories,1.0,-0.0
AE64BPHBPF6A3OHCTHFDKJABRRMA,Digital_Music,1.0,-0.0
AE64TJC4RYNSJEH2O5BOXUYQ2OJQ,Digital_Music,1.0,-0.0
AE65J3QI4AE6R6VMJDM2GELREEUA,Digital_Music,1.0,-0.0
AE66SREAZUBIZQLO6N337HZ6LKRA,Digital_Music,1.0,-0.0
AE676FZ5UX5SR45OR7H5IQLLPLIQ,Digital_Music,1.0,-0.0
AE6AL5KN3ZXJZD62ZVOOFMNOZ4PA,Cell_Phones_and_Accessories,1.0,-0.0
AE6BON6K5BLJC7CW5FNBII2PFQCQ,Digital_Music,1.0,-0.0
AE6BQHYSTFGJAGWNJHT2QIWLQVOA,Digital_Music,1.0,-0.0
AE6BS6CP27GCC4E24ODYORMVXRXA,Digital_Music,1.0,-0.0
AE6D7ZSUYY43IOUORRDOY5EGKZSQ,Digital_Music,1.0,-0.0
AE6DFDMIJAVW57EVMRJH2M2X6ACA,Automotive,1.0,-0.0
AE6EPWEAGVOKWS42HYLLT2CZWTGQ,Automotive,1.0,-0.0
AE6ETV4O3RQHZKKWDOG5UMEAWQKA,Digital_Music,1.0,-0.0
AE6FCNSLO27JTUJYWXMN7NTUBRWQ,Digital_Music,1.0,-0.0
AE6FCSWU5QD2YEOQTS6ZS6WP24MA,Digital_Music,1.0,-0.0
AE6FJD2A2MHZF3KKAHCECTSJDWWA,Digital_Music,1.0,-0.0
AE6FQEKWD2XKUATYU2TWZE6HPO7Q,Digital_Music,1.0,-0.0
AE6G3FGNUAICEI7CN24HLLVKGLVA,Digital_Music,1.0,-0.0
AE6HTDHTIHQX37MKNM4RLKC4QPAA,Digital_Music,1.0,-0.0
AE6JGOLFSLXLAQX73X36J2I3RVNQ,Digital_Music,1.0,-0.0
AE6LANOUP4X6HAV2THT7JMXEZ5AA,Digital_Music,1.0,-0.0
AE6LJNAD5XA3OPVLECDOS46HGBZQ,Digital_Music,1.0,-0.0
AE6LXZB4CFCQIEZMHKLEWHCUAWEA,Digital_Music,1.0,-0.0
AE6M4A6VUJMAC6DSDEFVSCNTRXVQ,Digital_Music,1.0,-0.0
AE6MQB5IFXKYCRQ3JUSCB4CJGAHQ,Digital_Music,1.0,-0.0
AE6MYJPNUBVETY6GBEFCBTVGBMTA,Digital_Music,1.0,-0.0
AE6P2YJ6FKX332MD56GPJFSHXNJQ,Cell_Phones_and_Accessories,1.0,-0.0
AE6R7KWG62VQK4KW25T2X2IRCKBA,Digital_Music,1.0,-0.0
AE6SFGOYFVW5332HQFP5TSJPOZYA,Electronics,0.7,1.3567796494470394
AE6SKOXFZQTERQA2STK7PQGOJHOQ,Cell_Phones_and_Accessories,1.0,-0.0
AE6SR3MLGOVKNCT34BBN3PDC34OA,Digital_Music,1.0,-0.0
AE6T5HPHZOJKN2BGUA3ZAVDKDOWQ,Cell_Phones_and_Accessories,1.0,-0.0
AE6U2ZCGCBRDU3TT3PVH44ITRLOA,Digital_Music,1.0,-0.0
AE6UBT75DVICTSPGLW5SKCLWCQKA,Digital_Music,1.0,-0.0
AE6VDHCPPW2D3R7IYILBAE5C32RA,Digital_Music,1.0,-0.0
AE6VOJKW3SN7SOLUTLAFUVZVSZVQ,Digital_Music,1.0,-0.0
AE6XLURQ2JFED7NWXHCGH4GQ6OBQ,CDs_and_Vinyl,0.9,0.4689955935892812
AE6YLEEPJ47WLVVHEJ4CSBONBVBA,Automotive,0.75,0.8112781244591328
AE6Z44KMO6NKWNHG5K4VKOGESRNA,Cell_Phones_and_Accessories,0.75,0.8112781244591328
AE6ZACCQOGZIDDWM4TZPAEKUJRHA,CDs_and_Vinyl,1.0,-0.0
AE72A3F2N3PVD4CJM527Z4N6CN2A,Cell_Phones_and_Accessories,0.5,1.0
AE73SQJO4UU5DT7JN6KY2LDG4MUQ,Automotive,1.0,-0.0
AE74DYR3QUGVPZJ3P7RFWBGIX7XQ,Clothing_Shoes_and_Jewelry,0.875,0.6449742087569881
AE75B5FZXGAK52RQY5XKLQTTK4HA,Cell_Phones_and_Accessories,0.75,0.8112781244591328
AE76ZZSO47UTKCCUYBOGXKFB4R4A,Digital_Music,1.0,-0.0
AE77VJ56TAIJ7X45CVYTUL6U7YKQ,Digital_Music,1.0,-0.0
AE7BV6IMNPZ3F266H7PXMH3BZQNQ,CDs_and_Vinyl,0.9798165137614679,0.1562758095099132
AE7DXPRK4AXPP7WM3KFZQGLU6XNQ,Digital_Music,1.0,-0.0
AE7I4XETWQMHZM7DW7QOZE4HCHKQ,Digital_Music,1.0,-0.0
AE7IRGN5QWIIIPASDW4WG5LD7HNA,Digital_Music,1.0,-0.0
AE7KBICSNXLU4UH24NY5SQ6RCPKQ,Digital_Music,1.0,-0.0
AE7KKMDQFVFXWFU2Y2IWVTVLR7PA,Cell_Phones_and_Accessories,1.0,-0.0
AE7LHVMYVJ37S2AVVQ4VQ3AQDNOA,Digital_Music,1.0,-0.0
AE7NJNAHEAH2RHHWAAQ3UBSOT3IQ,Digital_Music,1.0,-0.0
AE7PS5YGIOGEVUGCTWRNJFDSKZUA,Digital_Music,1.0,-0.0
AE7RGRZE7GNOHIOPKEWBCW2RNBLA,Digital_Music,1.0,-0.0
AE7RZT7S3LOTSS2RZSNZJ6CZ32UQ,Cell_Phones_and_Accessories,1.0,-0.0
AE7SM7AAXKP5TUKS4SR5KQ4U3FLQ,Digital_Music,1.0,-0.0
AE7TEQNM7S2TTC7LTFZXCKMH5AAQ,Digital_Music,1.0,-0.0
AE7TI6OY6NOCS74NRNKBS7V2RC2A,Digital_Music,1.0,-0.0
AE7U5GXFMYFLQ7SRIULJYIQBFY6Q,Digital_Music,1.0,-0.0
AE7UMLDVE2HU5TNHW4NG7U3DCTSQ,CDs_and_Vinyl,1.0,-0.0
AE7UWJJ7SYUMWXTVMWRCCAXNCV6Q,Digital_Music,1.0,-0.0
AE7UXMR4DETCYCS42MLXPM4WYCFQ,Digital_Music,1.0,-0.0
AE7W2UJVZSRJWTOBH4XLV6S5TYKA,Digital_Music,1.0,-0.0
AE7XECVDXRFBVTC4GBDYQ32Y53XQ,Digital_Music,1.0,-0.0
AE7Y5RLYIKHOZB5NKKOEKYG2SPSQ,Electronics,0.5151515151515151,1.420376403083
AE7ZDNPHYHOI7Q55LZSO6J3JAGYA,Digital_Music,1.0,-0.0
AE7ZR5DNB5MPPJ3KNECRHSDEDPUQ,Automotive,0.4,1.5219280948873621
AEA2AYPIP3RN2YZWRNFKKD6OGGBA,Books,0.9705882352941176,0.19143325481419343
AEA2HUVJRPQIXXW7G67BDM6QKTQQ,Digital_Music,1.0,-0.0
AEA2J63YMST3MYAXYVRE6RNKZPQA,Cell_Phones_and_Accessories,1.0,-0.0
AEA4MGHSNHUY7VP2O7DMPT4QOONA,Digital_Music,1.0,-0.0
AEA5CXVRQULWM6XGFQT2LJZ67D5A,Digital_Music,1.0,-0.0
AEAAKJTQZFBCEF3SY6DP43GRASHA,Automotive,1.0,-0.0
AEAANRBX3MEOKWDZHJR57D4IKGJQ,Digital_Music,1.0,-0.0
AEAF5IPJIWVMWHJK5NL3GVIATL4A,Digital_Music,1.0,-0.0
AEAFMXFN5Y3QI6WQ6K5NBUCJALEA,Digital_Music,1.0,-0.0
AEAGCIMGDOZO4UE4KHV2Y4KGGIKA,Digital_Music,1.0,-0.0
AEAJJTYNMR64RK4DY4YUWQKRHJVQ,Digital_Music,1.0,-0.0
AEAKA6XDHEBKYWF5MI74RC77N4ZQ,Digital_Music,1.0,-0.0
AEAKL4XCE2VWMJB3ONTWZMQZCV6Q,Digital_Music,1.0,-0.0
AEAL7CCMGMGLZ7R4NHQ47R7RI2AA,Digital_Music,1.0,-0.0
AEAPVXLCCZWRESQGTCYMMC7KCU2A,Digital_Music,1.0,-0.0
AEAQZNKKZXYG6HRG2TTXEZUN3G6Q,Digital_Music,1.0,-0.0
AEASVRO6MDPXZIOTWH3SVNMYROOA,Digital_Music,1.0,-0.0
AEAU4B3HGL46SP3ARQZZ3B7PDA4Q,Automotive,0.6,1.295461844238322
AEAUZK2OLWXD75AWJOCCGGCL3H2A,Electronics,0.5714285714285714,1.3787834934861753
AEAVLSCYOUN57UZXZ5WEWPIAG35Q,Digital_Music,1.0,-0.0
AEAY77QOBMM2D3P5A7JBKW52OVMA,Digital_Music,1.0,-0.0
AEAYAZZGR4AMIXCWZK2MZW437XRA,CDs_and_Vinyl,0.5,1.0
AEAYCPAO7M75VC7U2FA2U6NQBZDA,Books,0.9285714285714286,0.37123232664087563
AEAZOEPTNIR4ITRBHODX7UCKOWUQ,Digital_Music,1.0,-0.0
AEB2HFFRD4CUYOW4OMUYH2JFX2GQ,Automotive,1.0,-0.0
AEB3R5XKQSVEXWOIMF2JC5BQE2HA,Digital_Music,1.0,-0.0
AEB7QWAL6J4YHBCBKR5KYQ42IRFQ,Electronics,0.6666666666666666,0.9182958340544896
AEBEBRMSAX44H4SVVGZK3NMATP3A,Digital_Music,1.0,-0.0
AEBEJ6DXXVSLCXD6NJ4XPVWRYDNA,Automotive,1.0,-0.0
AEBEMKCZEMUFCPGTHMPVILJ7Z5VA,Clothing_Shoes_and_Jewelry,0.6666666666666666,0.9182958340544896
AEBEVCYY3HASVJ2Z5Q2Q36TENT2A,Automotive,0.7678571428571429,0.8725525209711026
AEBFBBNXOJIBL5SNXHXRSINM6IPA,Automotive,1.0,-0.0
AEBGDMORWULPCKAQGGLY254MN7OA,Digital_Music,1.0,-0.0
AEBHD4YLKOL6LOF7ZAP7RHYKQAPQ,Clothing_Shoes_and_Jewelry,1.0,-0.0
AEBIQICUNDRDP6YCUGOCC7GTIEPQ,CDs_and_Vinyl,1.0,-0.0
AEBISU5SIQN5HOFNMY4OQL6C4QJQ,Digital_Music,1.0,-0.0
AEBJ4SUV5OQENDB2EPXUQKXEU6JA,Digital_Music,1.0,-0.0
AEBL2OJWAOEG5JTZDT64ADPLSLBQ,CDs_and_Vinyl,0.7142857142857143,0.863120568566631
AEBLCHCESVOG4V4FFTT2F3QC2ZLQ,Automotive,1.0,-0.0
AEBNSOBHLXB4KZOBVYIOORKF7BZQ,Digital_Music,1.0,-0.0
AEBNTHYV4OUJD3W7CHID55QAIOSQ,CDs_and_Vinyl,1.0,-0.0
AEBOX3VURJY6CTZCLHPYCTVADRNQ,Digital_Music,1.0,-0.0
AEBPDUY4HIPRXZ4YH55XOB7M6Y2A,Digital_Music,1.0,-0.0
AEBQ5WZ3O3H5UZQFB3WAOQ4KBYMA,Digital_Music,1.0,-0.0
AEBQTMAMKQWHOLTR4CYXKKZWXSMA,Clothing_Shoes_and_Jewelry,1.0,-0.0
AEBV7EWLGRTRRJCHN73RYFM6EOBA,Cell_Phones_and_Accessories,0.3333333333333333,2.0021722231837638
AEBWL33GSNKG3JIUPBW4RPTVGYGA,Digital_Music,1.0,-0.0
AEC2MJZGFAK2UNNWWV7NGXQWQZHQ,Digital_Music,1.0,-0.0
AEC3D75RF7TIGCQECDVTKQVIGEMA,Digital_Music,1.0,-0.0
AEC4USL3AGDC4UZXCGL6AYRUCBBQ,Automotive,1.0,-0.0
AEC5V34TPJOF63AW677YFLFL2O2A,Digital_Music,1.0,-0.0
AEC6MVPIPSLIVH7MQMW3U5XFND5A,Electronics,0.4166666666666667,1.8250112108241772
AEC7G5VBKTZL7FDURSHPTCSH6SJQ,Digital_Music,1.0,-0.0
AECABX3OO3GK7FCPZLFM3LT2E6UA,Clothing_Shoes_and_Jewelry,0.7837837837837838,1.0880725728414795
AECBGBU5TUVNJ2C7IXIN5UQBLITQ,Digital_Music,1.0,-0.0
AECEKXENKICRDJMRX6JMACUJIBNA,Digital_Music,1.0,-0.0
AECFKOHKOZQ6OKTH2L2H3O6UE5FA,Digital_Music,1.0,-0.0
AECFNYM6K5MPHW6K4KLOO7LPFDHA,Digital_Music,1.0,-0.0
AECFPQ7LHOHU467275YKR7SDG23A,Digital_Music,1.0,-0.0
AECGR42H24LUU7DA7HEUMCRLTX7Q,Cell_Phones_and_Accessories,0.6923076923076923,1.1401156785146092
AECHB52QONJJCMFN35YBRV6AKRTQ,CDs_and_Vinyl,0.8333333333333334,0.6500224216483541
AECHLFVTT6FNIXXG7N7VUU4BNCIQ,Cell_Phones_and_Accessories,1.0,-0.0
AECHVBXH7FJUAZFS7XXIPZ5S622A,CDs_and_Vinyl,1.0,-0.0
AECIBNSEFCIDJ5TLCTF6EABM55PQ,CDs_and_Vinyl,1.0,-0.0
AECK3BJSJOAFSKAAUD4ILDFXZ7KQ,Books,0.5,1.0
AECKU4ZPHHQE3ZSFLDTO3ZGPFKMA,Automotive,1.0,-0.0
AECMMWFRKTOFQM2KIG6Y5LU3IHEQ,Digital_Music,1.0,-0.0
AECNLTI4ESYH4VD7PNNS5CGLTS2A,Digital_Music,1.0,-0.0
AECOHBS2JG7YTB7SXWZAL6BK2GWA,Digital_Music,1.0,-0.0
AECPDURQ2KMD5FB6JAHM5C4Z32HQ,CDs_and_Vinyl,1.0,-0.0
AECPKV55FXHN7NT3FZ6TTNTVZ42Q,CDs_and_Vinyl,1.0,-0.0
AECPMAEJSYYD23UYKOADPPIEGVYA,Electronics,1.0,-0.0
AECPZQITGKJS4O5XYMI32OFAHCJA,Digital_Music,1.0,-0.0
AECQIFURJRHNZXBWSQCZEA6V3APQ,Digital_Music,1.0,-0.0
AECQSU4MZ746KKZ27AJS2AHF2AUA,CDs_and_Vinyl,1.0,-0.0
AECRV4RVPWIOSQQ7AY2CJHYO7BLA,Cell_Phones_and_Accessories,1.0,-0.0
AECSPK7W2SUTAZD2GBBH4D4AMFBA,Digital_Music,1.0,-0.0
AECU5G5N7OSZDTE2ETVULZINKHHA,Automotive,1.0,-0.0
AECWZS4GONIY6NEZWVRQCZUINO5Q,Digital_Music,1.0,-0.0
AECXLOXE7CP2KTGNDWPTKSCSGZ2Q,CDs_and_Vinyl,1.0,-0.0
AECXUOGFS5P25OEF7JRJZXIRFCDA,Digital_Music,1.0,-0.0
AECXUX4CMPAJGNENGFOHPYCRB3EA,CDs_and_Vinyl,1.0,-0.0
AECYKJV5EQZFJODBA3VGFJRZ5MEA,Digital_Music,1.0,-0.0
AECYUS2KPJDGNS3SPUU6C6EBZX4Q,Digital_Music,1.0,-0.0
AED5LMSGUCDU443LODXZ4EYGEMKQ,Digital_Music,1.0,-0.0
AED5VKZVSF7PC3TOET3PKBA5J2JA,Cell_Phones_and_Accessories,0.5384615384615384,0.9957274520849255
AEDB2WFGSUHI7BUWXNHS45KI6X2A,Cell_Phones_and_Accessories,1.0,-0.0
AEDCEYFL3Q6AR3LBBW6KUGLIUZSA,Digital_Music,1.0,-0.0
AEDDULPRRWJ3YVRQJEN56ENGJUDQ,Automotive,1.0,-0.0
AEDFMGK4I5ZKJD7SMT2DXDMPIBSA,Digital_Music,1.0,-0.0
AEDGL5YNO7RJM3ZELOCGW6V7LMCA,Digital_Music,1.0,-0.0
AEDHXXX2F66EMWOSSPCQHS62UKNQ,Electronics,0.8421052631578947,0.9321380397593749
AEDJA3DZE2NRQHXEREBKMZKEXUPA,Clothing_Shoes_and_Jewelry,1.0,-0.0
AEDJGRNGLDCSPDQ4JNQJ7CPOB7PA,Digital_Music,1.0,-0.0
AEDJVPROO4BDZVXAVXWZI5IVCZQQ,Digital_Music,1.0,-0.0
AEDJZTFJDNOW6JDLMBZNK2QBN3GQ,Clothing_Shoes_and_Jewelry,0.9230769230769231,0.39124356362925566
AEDKMXFNRORNCFUMIVSRCXZHQXQA,Cell_Phones_and_Accessories,1.0,-0.0
AEDMZZ6MWGGX4RVMRIMG27LSUDZQ,Digital_Music,1.0,-0.0
AEDNNPW6JQ4H6NPMF2FYMIUZOTGQ,Electronics,0.38095238095238093,1.9347154954246264
AEDO62TLAI4YOHUV2RBYMGKY2WRA,Digital_Music,1.0,-0.0
AEDPXS6OX5MDZWZ6UNW4W2TJBDMA,Digital_Music,1.0,-0.0
AEDQPYY76IMRKDA2HGWZ7STA6V2A,Automotive,0.7777777777777778,0.7642045065086203
AEDQTJTWAISEO6O7RWFEVJHZ3R5A,Digital_Music,1.0,-0.0
AEDRFOIY6IFY7DWSPRRNGEFIFE2Q,Clothing_Shoes_and_Jewelry,0.3793103448275862,1.9582276219441919
AEDSHXCRSJ57WFVKHAVIS2ER2ADQ,Digital_Music,1.0,-0.0
AEDTBVJFD2IDHXKKY7DZSNKYUQ7Q,Cell_Phones_and_Accessories,0.6666666666666666,0.9182958340544896
AEDTXOC3YW6O7P2UPM22VNNRF77A,CDs_and_Vinyl,1.0,-0.0
AEDTZCI4QCLKRFL5DA53JL47Z5UQ,Automotive,1.0,-0.0
AEDUD7Z3NL2HLDOSTMUTZACOABRQ,Digital_Music,1.0,-0.0
AEDVPDZLOTFVVBIO5USWHEHM3EHA,Digital_Music,1.0,-0.0
AEDWKL5XHI2IRVNK2RTBOU7X7C3Q,Digital_Music,1.0,-0.0
AEDWRRZADBQDUTW7HBIWH4QSMUPQ,Electronics,0.5,1.5
AEDWYRQ2KCNDP32XD6QDGF6H6O5A,Digital_Music,1.0,-0.0
AEE24FRNWQGT5GGFMFSDB7XXVGPA,Digital_Music,1.0,-0.0
AEE2PYYDXJGV6ZO3YHZBBEMSUG4Q,Automotive,0.75,0.8112781244591328
AEE3TDZND3EFQLDZE3NWYTHC44IA,Digital_Music,1.0,-0.0
AEE4BXFE7TFTVFCF67SANXQOQBVA,Electronics,0.38461538461538464,1.8875386446885054
AEE73ITH4FMRJH326B2F7E5QXAVQ,Digital_Music,1.0,-0.0
AEE7HJ4ALXIF445HXTCSCNNI2UJQ,Digital_Music,1.0,-0.0
AEE7M6SSLM6MOAKW7X5KGVI3QVHQ,Digital_Music,1.0,-0.0
AEEE65AUS66BL63NNQR354KQBHDA,Digital_Music,1.0,-0.0
AEEEESRIF6WSCNK5IZGYC4JTEVRA,Digital_Music,1.0,-0.0
AEEFMGZPLL5SFSPYSXWDJXFSRTKA,CDs_and_Vinyl,1.0,-0.0
AEEH3I477FCAF4ODVKVNU2BV7MCQ,Digital_Music,1.0,-0.0
AEEJBFZKUBEEMBZUZJV4UHFVEEBQ,Books,0.5,1.0
AEEM2QIBMUUXEAJIEQH2WT2KNZZA,Books,1.0,-0.0
AEEM5MOB37EQJMFH37Q5S3FTNDCA,Digital_Music,1.0,-0.0
AEEOWWDWGCIOD4A76QBFBYWPAOWQ,Digital_Music,1.0,-0.0
AEEPQNBGOQFIIR36NAUCIFL5F3MQ,Clothing_Shoes_and_Jewelry,0.45454545454545453,2.0403733936884962
AEERNRTIXU7UHRJNHJU5YLYFYKVA,Digital_Music,1.0,-0.0
AEF3JXPYJL5ILD6M2QONVD7FBTKA,Clothing_Shoes_and_Jewelry,0.75,0.8112781244591328
AEF4REQMG4I6Y2JLLKMQE4U2QYXQ,Digital_Music,1.0,-0.0
AEF6BL2GCQFLEUYM6O4O37VYMX2A,Books,1.0,-0.0
AEF73L7G43IKVL33U4FCOPM7D6VQ,Automotive,0.9166666666666666,0.41381685030363374
AEFBZVDIVRDLTNPKEPKAOFR2QPRQ,Digital_Music,1.0,-0.0
AEFCCVG7774SPHY5NVTYKXAM55UA,Digital_Music,1.0,-0.0
AEFDUJP4ZD3QWM5PBUFB7CCKOUNA,Digital_Music,1.0,-0.0
AEFEQA3KTVUYGB2YBVMK6DDPOYAA,Digital_Music,1.0,-0.0
AEFEZIYEZG7XTSPDTFIUQXWMGEDQ,Digital_Music,1.0,-0.0
AEFFEFBOJH4AZHFUE6O3PRLMGGNQ,Books,1.0,-0.0
AEFFENLWFV4VD4WTZNN25XD2TX6Q,Cell_Phones_and_Accessories,1.0,-0.0
AEFHDB4HOJSHJ6YZF5NYIQULOUYA,Digital_Music,1.0,-0.0
AEFHGLOYQK7M6C3H2VZIAEQLMDDQ,Digital_Music,1.0,-0.0
AEFHQE7GHY2O23AJESRJ2NYVVPSQ,Digital_Music,1.0,-0.0
AEFIZWO3P6NV4AFJDRGBNNUDXE3Q,Cell_Phones_and_Accessories,0.5,1.0
AEFKF6R2GUSK2AWPSWRR4ZO36JVQ,Electronics,0.7407407407407407,1.123472599489985
AEFLH72MFY4GRTNI3KZXNE4IUB2Q,Books,0.6666666666666666,0.9182958340544896
AEFLZ7L6TGJDCP4D4KYZSOXLSWVA,Automotive,0.5,1.5
AEFNBEO2F23NURCMGEW2U7BIEAWA,Digital_Music,1.0,-0.0
AEFNUVMRYZ3KJXQ2IBNNWCZHRZ7Q,Digital_Music,1.0,-0.0
AEFPR4MO6FE3KX4CMKTNWRRPVXNQ,Digital_Music,1.0,-0.0
AEFPXQRXU3XJCFVSVPUQSKAKIIFA,Digital_Music,1.0,-0.0
AEFQMLX72KCIFGZ634KPTI4H4UCQ,Digital_Music,1.0,-0.0
AEFRDA6JMSWHDFWB3WKM3YKVUNIA,Digital_Music,1.0,-0.0
AEFSYJ74RDBN7I4N5VCIXXYUBKHA,Digital_Music,1.0,-0.0
AEFVBJSXZ77TPGBXVOFDC3R2HNTA,Cell_Phones_and_Accessories,1.0,-0.0
AEFY3OUHLE6LD6FJZRQQTXUM3YKA,Digital_Music,1.0,-0.0
AEG55OACXBGEO7R7QFKTQHFOW3HA,Digital_Music,1.0,-0.0
AEGA3SKGBQDJED7SUGKIIIKFN4LQ,Cell_Phones_and_Accessories,1.0,-0.0
AEGAMGWOMGCWN3UZ3UEPXAHDLT7Q,Digital_Music,1.0,-0.0
AEGB75NR3YIMYKZWHN7VCQTHMHSQ,Digital_Music,1.0,-0.0
AEGFGSYN3POFMUCGBXGA37WYWW3Q,Electronics,0.7058823529411765,1.3216069583883467
AEGHILC3CT4QCWZU4YID4KYLSPOA,Digital_Music,1.0,-0.0
AEGIKB526CGSEZKOOAGDOECZUDAA,Digital_Music,1.0,-0.0
AEGIRIDDNTVLPDPOENITR7TGRIIQ,Digital_Music,1.0,-0.0
AEGKGLKVBES5JY4PC67HV7NK4ZLQ,Digital_Music,1.0,-0.0
AEGMEALSBY7SRIOQAEOXK2IPD6WA,Digital_Music,1.0,-0.0
AEGMGLTFMCWKYL6SXPMC7TDUOPDQ,Digital_Music,1.0,-0.0
AEGP4K2EXLUNIH4AEK7MUE63SJLA,Clothing_Shoes_and_Jewelry,1.0,-0.0
AEGQKT5UKTJWZNBNFWQLZRFCMFZQ,Digital_Music,1.0,-0.0
AEGSGSUXR3LH6KQWOH22QWKRQ4XA,Digital_Music,1.0,-0.0
AEGSJMUN6YF5UUOFDDMPNC5Q5BOQ,Cell_Phones_and_Accessories,1.0,-0.0
AEGT6GE3DDJZA62P64RUATRFKNAQ,Digital_Music,1.0,-0.0
AEGVEWWGTQO3PK3JF5NYB7GSSSVQ,Digital_Music,1.0,-0.0
AEGVUPMHKYGFVGSWSMAKCN6LLCOA,Digital_Music,1.0,-0.0
AEGWB6TKO55D5VOFRRWVBFQXB4FQ,CDs_and_Vinyl,1.0,-0.0
AEGWBVF7PNFDBUXXHG2ILSDATSSQ,Digital_Music,1.0,-0.0
AEGX3J5FCNGB53YHQNBNV6JVARRA,Digital_Music,1.0,-0.0
AEGXA7TRC652QBKCF2TMLFD7TYZA,Automotive,1.0,-0.0
AEGYM5EJXATORBAA5GIYKNXLVPPQ,Digital_Music,1.0,-0.0
AEGZCTBT5CHDBYAOUAVANB2O42BA,Digital_Music,1.0,-0.0
AEGZGTDZGAKIOGAFUQRYGAXQ53MQ,Digital_Music,1.0,-0.0
AEH2X3QQ7TQJGF6EKISLBNVVNWQA,Digital_Music,1.0,-0.0
AEH4YAKNQXUWPJT4D2UG3JEHN2NQ,Digital_Music,1.0,-0.0
AEH66QD7CSPM7ZVH7D7LRSA5HSNQ,Clothing_Shoes_and_Jewelry,0.9019607843137255,0.5971559796031414
AEH6IYENFKTLSVR6QHSNIJEBCQBA,Digital_Music,1.0,-0.0
AEH6NGAY2BZCGDYMOVQ7QPHRMSIQ,Automotive,0.6666666666666666,0.9182958340544896
AEH7P323UG6THNH4C7POZIK4A72A,Cell_Phones_and_Accessories,1.0,-0.0
AEHL4V6GSVO4O74IBGPPODTERIFA,Digital_Music,1.0,-0.0
AEHMAK3OJBEB6X2O6THASYNGKHVQ,Digital_Music,1.0,-0.0
AEHMQSTB6ESWFAT4AHROTV6M7VWA,Digital_Music,1.0,-0.0
AEHNBWGO4HDWTBVNQQEZTJ37VRNA,Cell_Phones_and_Accessories,1.0,-0.0
AEHOUKDUSHPOEDHAISNAVI7ANZHA,Cell_Phones_and_Accessories,1.0,-0.0
AEHPFU2KC7ZNEU5FVCJQEQV5NZWQ,Digital_Music,1.0,-0.0
AEHPS5NUGKYRMLCLDUJQQSBUHCPQ,Digital_Music,1.0,-0.0
AEHQSZPKDWC2VNXIIRGUOIKH5PAA,Books,0.6666666666666666,0.9182958340544896
AEHQZQG2S7HDP5BGTYWUCMV62WAQ,Digital_Music,1.0,-0.0
AEHS6BRPUEQG6NVTBOX5YXPROY7A,Digital_Music,1.0,-0.0
AEHSPDRMBKKRMORA3AJR74UOCW4Q,Digital_Music,1.0,-0.0
AEHUXAEM2PGGIF5RKDWUG5DQQXOQ,Digital_Music,1.0,-0.0
AEHVSZ72XXI4SU6XUNXMJAXUYN6Q,Cell_Phones_and_Accessories,0.5,1.0
AEHWECNK65HS7NQNSESM632FEUJA,Digital_Music,1.0,-0.0
AEHWOWAIPMPP2EN6C24JJQROQ5VQ,Automotive,0.6666666666666666,0.9182958340544896
AEHWUHNTB5FX32HJ7UBOZ2WWUX3Q,Books,0.7903225806451613,1.1237880791248513
AEHZXP35GBAQS4TD74JRUOFZI7SA,Digital_Music,1.0,-0.0
AEHZZWYMY2FFELDYM2YRS7SUSWLA,Digital_Music,1.0,-0.0
AEI36HGRFOQF7RDQH5FIH5RNVG6Q,Digital_Music,1.0,-0.0
AEI3YFOJFBVAG54LKKVUHDTW64DA,Digital_Music,1.0,-0.0
AEI4TPGU6XI3PQ2VLXGLNBDX7NTA,Digital_Music,1.0,-0.0
AEI4YPQZG6TZOWHDFP7I22S4MQZQ,Clothing_Shoes_and_Jewelry,0.8,0.7219280948873623
AEI63HS5MN6TIWXNZUMDQRDAMXTQ,Digital_Music,1.0,-0.0
AEI6N63YVUXCUAELLNTKUVBJOAVA,Digital_Music,1.0,-0.0
AEI6TPJRSHLYHKRSIVD3OFIMAHAA,Digital_Music,1.0,-0.0
AEI77MIQDTGYTCQMY5HGCYLKWXEA,Digital_Music,1.0,-0.0
AEI7RTDKV7AILIRFSTO6ASJ5XWWA,Digital_Music,1.0,-0.0
AEIA5Z6AZVK4X3O7K55CVIOMC46Q,Digital_Music,1.0,-0.0
AEIAFPI4OVACQ3FATZLIGP767SIA,Digital_Music,1.0,-0.0
AEIARIRYK2JJ7YHELWXQUFHJSI4A,Electronics,0.6666666666666666,0.9182958340544896
AEIBEZBGHEG54UXYFZYGPRUTBJVA,Automotive,0.5,1.0
AEICZD35OTDYVWA2KPYWN4PDZ2SA,Cell_Phones_and_Accessories,0.7419354838709677,1.0701171824542437
AEIDW75IESCBYRJYZIKNX4GNP4SA,Digital_Music,1.0,-0.0
AEIF7UX2DWY4ZIRO25IWJJ365LXA,Automotive,0.5,1.0
AEIGRGVLTJ7L2JUMK4Z3KIPYKAHA,Books,0.5,1.0
AEIGX3ZZPJ5GS5RO4GZBHQ5Q74UQ,Digital_Music,1.0,-0.0
AEIGY6NRAYI32OI7KCWPVBTOALOA,Digital_Music,1.0,-0.0
AEIGYISHUVYNO26IKKNXZXFQB5EA,CDs_and_Vinyl,1.0,-0.0
AEIH3AMKQZJ73QGAIUCQP3ETXQBA,Automotive,1.0,-0.0
AEIHLBFJPJBTWEC3LJIH5KROMKIA,Digital_Music,1.0,-0.0
AEIHN6JDLYL2QYCAOCBVEUPHU5EA,Automotive,0.6,1.3709505944546687
AEIIADPXUMFT4KJEZQUOZVZ67S5Q,Digital_Music,1.0,-0.0
AEILAYRBJMWGZQVLMC7DPKIUHONA,Digital_Music,1.0,-0.0
AEILPIBTEKFOQMYZQIK4E4OCSPQQ,Digital_Music,1.0,-0.0
AEIMJ5XEUIE4TKJLGSZYNNKB2WDQ,Books,0.3333333333333333,1.584962500721156
AEIMOPTX5EHGZ6QH63SV6JC4NFWA,CDs_and_Vinyl,1.0,-0.0
AEINWALDRYT4NTF3M5NC2WZ5YQNA,Books,0.42105263157894735,1.6163485660751644
AEINY4XOINMMJCK5GZ3M6MMHBN6A,Books,0.6,1.5546097612655665
AEIOIVFNO6QX7OYOJNPRKQEWMPGA,Books,0.6923076923076923,1.198183947911799
AEIOQSYE7AR5XVS3CO6TZ4QANEYQ,Digital_Music,1.0,-0.0
AEIPJBAN7A55Q5DFFPZSR2UV3OKA,Cell_Phones_and_Accessories,0.6065573770491803,0.9669852958320848
AEIPNIBAH57OX4JUN7ALQ2KHOCSA,Digital_Music,1.0,-0.0
AEIPXVWUORGDX3K3WFJQQ3CFLUOQ,Books,0.6153846153846154,1.5465935642949382
AEIQLBQJ7NYHYTTAKDWNYDA2KPUA,Digital_Music,1.0,-0.0
AEIQOTBKJLPPRN5B5N5L2KYETMUQ,Digital_Music,1.0,-0.0
AEITH2MBDGMCSAZSBNAYOEBOJXFA,Books,0.9375,0.3372900666170139
AEIUTZ7WEUAE4PXZWRQ36A3WXTUQ,Digital_Music,1.0,-0.0
AEIVH65KEDKZYV3X7DYNMLV3JMWQ,Cell_Phones_and_Accessories,0.7777777777777778,0.7642045065086203
AEIWUHIAO3RVQNHZDBKS23RPPITA,Digital_Music,1.0,-0.0
AEIXGM25ZUYR34ZF7MZHFM4X235A,Electronics,0.6666666666666666,1.2516291673878228
AEIXZKAPMY7JHPXOSOKOGUIWB3FA,Digital_Music,1.0,-0.0
AEIY2WXJWZJSCUMR7S4F3AALGPEQ,Automotive,1.0,-0.0
AEJ25XDPPY4TYXUWSWH7PPDDXLTQ,Digital_Music,1.0,-0.0
AEJ2JQSEPTDNRU6TKQYZOUS6Y6PQ,Cell_Phones_and_Accessories,1.0,-0.0
AEJ2WQIK4TFJG27TFJGMKIVLG5RA,Cell_Phones_and_Accessories,0.6666666666666666,0.9182958340544896
AEJ3ZPLHBSZNN3HI7PXQ4DPB2GHA,Digital_Music,1.0,-0.0
AEJ563ZCQKBBRT7GNADPR2TLHQVA,Digital_Music,1.0,-0.0
AEJ5NE6A3HGBRNPPEBB4HTRD4I4A,Automotive,1.0,-0.0
AEJ6TOA4Y75KHGGRCTF5LENP7BCQ,Digital_Music,1.0,-0.0
AEJ7MGTSJ6ICFUTZIAMMCNLF7USA,Digital_Music,1.0,-0.0
AEJ7YMLHCINPAGLKM5AS45NZW7SQ,Clothing_Shoes_and_Jewelry,0.8823529411764706,0.6402064333604701
AEJB7HLH4CO5HXANXOW77PCK7ZLQ,Clothing_Shoes_and_Jewelry,0.7142857142857143,0.863120568566631
AEJCASB623TCR2SO7XWSO2QONVDQ,Digital_Music,1.0,-0.0
AEJCZMZPJOCWGDGWWU4B7H6T3JLA,Digital_Music,1.0,-0.0
AEJD6NWO3U6S7EK67S2WFRWAZNFQ,Cell_Phones_and_Accessories,1.0,-0.0
AEJDETWITK2KGACH7FUBMY33PPSQ,Clothing_Shoes_and_Jewelry,0.6842105263157895,1.3605273114437084
AEJEC5WS5UPWGWFR632NMKWPC4JQ,Books,0.6666666666666666,0.9182958340544896
AEJELM2NWMU4Q7UR3LGXNRNEJNJA,Digital_Music,1.0,-0.0
AEJFVYFSNMS3W2E6CXIOUYBQMXHQ,Digital_Music,1.0,-0.0
AEJHWKSFUXVUJDKTVYRAYJSQY56A,Electronics,1.0,-0.0
AEJJBO3HBAJW2PSPBFG7I55U5P2Q,Digital_Music,1.0,-0.0
AEJJLKAKGDDUIFKEQ2IMVUNFAOFQ,Digital_Music,1.0,-0.0
AEJMHUQU7JTHFVITVQZHM4J7ZLMQ,Digital_Music,1.0,-0.0
AEJMZY5P5J2IHCQYUPLG65SXEIWQ,Digital_Music,1.0,-0.0
AEJNMJ7NA4XNRSTTEJ52FJFETOZQ,Digital_Music,1.0,-0.0
AEJOF7IWCXUQQJGQ6VZGRDX3HGKA,Digital_Music,1.0,-0.0
AEJOR7ZML2STBFQCQK67IT6V3TJQ,Digital_Music,1.0,-0.0
AEJP7A3GXD5XEWGVBCVLTXDYQ7TA,Digital_Music,1.0,-0.0
AEJSXWZSXH5DHNIYBMRZT5GNNQBQ,Clothing_Shoes_and_Jewelry,0.42857142857142855,1.8423709931771084
AEJU5Q7MZJAN6ZIX654NO5MRRZGA,Digital_Music,1.0,-0.0
AEJUHOQNHKVHS5AZHFGBBVTL5ZWQ,Clothing_Shoes_and_Jewelry,1.0,-0.0
AEJWQQYYOFNDGPKXLXJPNBTQLCAA,Cell_Phones_and_Accessories,0.6666666666666666,1.2516291673878228
AEJWRL3HXNGAG3AUIUHJJAEKHLVQ,Digital_Music,1.0,-0.0
AEJYA5LGNF4GHHMJN3ETNHVQVYCQ,Cell_Phones_and_Accessories,1.0,-0.0
AEJYNAKWXNLK4SJ4ONNNWSKR5ZEA,Digital_Music,1.0,-0.0
AEJYSBLZXMZDV5MQTEVVDPNO3E3Q,CDs_and_Vinyl,1.0,-0.0
AEK27DQ54G7PIWW627UHT72TFX4A,Digital_Music,1.0,-0.0
AEK2YVDVWRTYRJON43H3LAHXEKWA,Digital_Music,1.0,-0.0
AEK2YXIWF6TTZJERHSQ763RSDH4Q,Digital_Music,1.0,-0.0
AEK3U3CM7AC6GQNNIHXYCSMRR27Q,Digital_Music,1.0,-0.0
AEK47COZQC6JRI5BZ3JHMU5YAYHQ,Digital_Music,1.0,-0.0
AEK5WJEU2LSII2N5GJUTZVA3IVLQ,Digital_Music,1.0,-0.0
AEK5YA5R765XMSVNPKNNHKVEWQZA,Digital_Music,1.0,-0.0
AEK7FJP2TQNK77ZX6LJQ6IBPWHWA,Digital_Music,1.0,-0.0
AEKAQ5SHLEIE44SA3WXLLKD4RJVA,CDs_and_Vinyl,0.8571428571428571,0.5916727785823275
AEKBJYBZJEJPZUWDV7T6XXGP5NBA,Cell_Phones_and_Accessories,0.75,0.8112781244591328
AEKCPCESH56P72UAR4LSGD4SI3HQ,Digital_Music,1.0,-0.0
AEKDBTFNYMXQ5RICBETO7ITBA5MQ,Digital_Music,1.0,-0.0
AEKDF2ANHCJWJQSPSMPV5TNTNZJA,Books,0.5,1.0
AEKDJKA3HG4AFRUGCJJWRVY36GAA,Cell_Phones_and_Accessories,1.0,-0.0
AEKEN3WITS4ZEJ7ZIISGJDZYJB3Q,Digital_Music,1.0,-0.0
AEKFUKXNCDKDUBBXXIJT7AB5PSXQ,Cell_Phones_and_Accessories,1.0,-0.0
AEKG47U2ZSDWCBQWO2CYJJOHGEBQ,Digital_Music,1.0,-0.0
AEKGBJHGLLCKCRL3KMFZ4JUKVNSQ,Automotive,1.0,-0.0
AEKGKIVFGW2WZYIO5SIHE3FGMSEQ,Digital_Music,1.0,-0.0
AEKGR2L7VVF3FBTVTSXAVOLLO7LQ,Digital_Music,1.0,-0.0
AEKGSFZEDDBFIM47F4U4L4Z5BIUQ,Digital_Music,1.0,-0.0
AEKGZEMCO4GRDHPCCXYMNBG3UEGA,Cell_Phones_and_Accessories,1.0,-0.0
AEKHXAWYHXDKLBNGSOQZTDTAZ4OQ,Digital_Music,1.0,-0.0
AEKKEUY422QHRJH7EAPZ2M7SONNQ,Digital_Music,1.0,-0.0
AEKL7JVPBMNHJYRFJYM6TSXJJ77Q,Digital_Music,1.0,-0.0
AEKLOBM6NGXTGN2E7GIC6RHPIBNQ,Digital_Music,1.0,-0.0
AEKLS7IGU7RQ4PDKDFT2SLRSK6YA,Digital_Music,1.0,-0.0
AEKLWIFD6GVHWJKIC4QDCDYRNYKQ,Cell_Phones_and_Accessories,1.0,-0.0
AEKN6BLZOYHOCQOCJIK2EUYSDBXA,Digital_Music,1.0,-0.0
AEKNJE46MRYTOXI6NMJTY3OCS43A,Digital_Music,1.0,-0.0
AEKOQRDUY64SGH4PONBFTSIM2I2Q,Digital_Music,1.0,-0.0
AEKQYZ6FHKPNGUAVBVUMVRZJH2JA,Cell_Phones_and_Accessories,1.0,-0.0
AEKRTKDK3T3RUS66YXKIPW5XMPCQ,Digital_Music,1.0,-0.0
AEKT3R36QZ4BVGFLSWHSB7VNJGRQ,CDs_and_Vinyl,1.0,-0.0
AEKT7BTLG356MDAHI2QHQPZZKAZQ,Clothing_Shoes_and_Jewelry,1.0,-0.0
AEKTMB3EI77WTGE23SJRDV7MQPUA,Digital_Music,1.0,-0.0
AEKVB56HCCWJMD24WXYMJDG5CKZA,Digital_Music,1.0,-0.0
AEKWGLTUB5NYQ5X3EI3R2M5ZKWEQ,Automotive,1.0,-0.0
AEKX4SZQMLFZZ7YX5YY425HHMQAA,Automotive,0.5,1.0
AEL3JIGFXVZSGUMPAQBDOSYGM53Q,Digital_Music,1.0,-0.0
AEL4RCCCIRLR6L4IBVKUQMVWBATA,Digital_Music,1.0,-0.0
AEL5MWPGIVMXPKWB7RKI37PL6ZXA,Digital_Music,1.0,-0.0
AEL5ZHI6X5STOL3Y6PCQRSSTIWRQ,Digital_Music,1.0,-0.0
AEL6BJ6WFY7ZDVQBIIOWKAOT7ZGQ,Cell_Phones_and_Accessories,1.0,-0.0
AEL6G2RK5DWBONL46YSG257T2SQA,Digital_Music,1.0,-0.0
AEL7P6CZWQRH26D2XY3SIEG4H2DA,Digital_Music,1.0,-0.0
AELA4HJK4R6EBP3P32E2IH5XNLGA,Digital_Music,1.0,-0.0
AELBBIEI6TFZEEF2ARN2ZXEVOWAQ,Digital_Music,1.0,-0.0
AELBMRGOWMO3ILFOGCB3KFGMBHZA,Digital_Music,1.0,-0.0
AELBSRCMSCXXJFYAE3NK6D4DAVTA,Digital_Music,1.0,-0.0
AELCJLJAOMS3DFYF6KUXMXJBXARA,Digital_Music,1.0,-0.0
AELCODZ4LJ2IVLIZ536A55CYUEPQ,Automotive,1.0,-0.0
AELDTVIUFQUUTOBFR6KNR5V3F57A,Digital_Music,1.0,-0.0
AELG4BR3AGXJUUZRQGTPCJCHVZ5A,Automotive,1.0,-0.0
AELGD7MYYE65AVEHRMDPYUVTUIQQ,Automotive,1.0,-0.0
AELHB5QYXVSXZM263JIARJBWPOSA,Cell_Phones_and_Accessories,1.0,-0.0
AELHWVFUH26OV2DGOMEADND2IEUA,Cell_Phones_and_Accessories,1.0,-0.0
AELIV6UHVC6Z6VA4MIZ464WUHDPA,Automotive,0.75,0.8112781244591328
AELMGVQANXHWWVB3KQKXHPETGZDQ,Digital_Music,1.0,-0.0
AELMYCSQ2CHQEOMSPY4WCL64KIUQ,Digital_Music,1.0,-0.0
AELOFMVKR6FE7OOQGDPYGIFF6KVQ,Digital_Music,1.0,-0.0
AELOGPIDWSAQVPDOOQJR3BX7T5MQ,Automotive,1.0,-0.0
AELOI2MDT23DHWTZUFJ6ZKJJHOAQ,CDs_and_Vinyl,1.0,-0.0
AELR73N6JFQCFA77VU3S5LQAKBXQ,Books,0.7333333333333333,1.0529815751302694
AELSXWOFXQ5JYTGGX5XBZS3KTWQQ,Digital_Music,1.0,-0.0
AELYUCBC7BFTB6MQJ4Z2MTIMRZ2A,Digital_Music,1.0,-0.0
AELZEXEKAVZGQERR2H2RXFBA452A,Digital_Music,1.0,-0.0
AEM3IZY6EBPPHI63UNPVDH54FLDA,Digital_Music,1.0,-0.0
AEM46TADAWFNNA4UEMATKVKGVQ7A,Automotive,1.0,-0.0
AEM54G6GVSBCFVMEWUKELLDH6CEQ,Automotive,1.0,-0.0
AEM5YPNWRFZMTISA7MNO5Q55CERQ,Digital_Music,1.0,-0.0
AEM663T6XHZFWLODF4US2RCOCUSA,Electronics,1.0,-0.0
AEMBLBM4BUPI7ZRLS4JONNLCDBQA,Digital_Music,1.0,-0.0
AEMBRCDXXEFJ5IZSHFWQV4RRQCJA,CDs_and_Vinyl,1.0,-0.0
AEMBTVYDSPZ4LQS22ANCAVBY772A,Automotive,0.5,1.0
AEMBYOFMQMIYUDXVZOV2OSFIWUWQ,Digital_Music,1.0,-0.0
AEMC6O7HQTSBW3WGYDN7KX7MLE2A,Books,0.5,1.0
AEMCYZWCUZOHOYR4ODTFB35LYDPA,Automotive,1.0,-0.0
AEMDYF5S74SVPHNIJGBO6BHTA23A,Automotive,0.875,0.5435644431995964
AEMGTZNYC4EPWJRN2YWOBIN3ZRJA,Digital_Music,1.0,-0.0
AEMGWSVRXINE7EIOBDBM6TVBDPFQ,Digital_Music,1.0,-0.0
AEMGXCMI4SNFUJ542KHGLU4W3E4A,CDs_and_Vinyl,1.0,-0.0
AEMHSPGW765HCDTGPKO7JK2IWKEA,Automotive,0.5,1.0
AEMI74JHKARVZR5F3DVAK4FMANXQ,Digital_Music,1.0,-0.0
AEMJ2EG5ODOCYUTI54NBXZHDJGSQ,Automotive,0.4222222222222222,1.853623015304728
AEMKSDVDHPPZRWI4U2OV3ISVSVJA,CDs_and_Vinyl,1.0,-0.0
AEMKUTWY33ROXY7ODQ3JC32R7I4A,Digital_Music,1.0,-0.0
AEMLEQKRYNQ5WGZVLBFI7NUSPKLQ,Automotive,1.0,-0.0
AEMLZRIZSXAA6OUNUQRZK6YMKCXA,Digital_Music,1.0,-0.0
AEMN7LYBYUGLTNVCXOBAFSHLYJ6A,Cell_Phones_and_Accessories,1.0,-0.0
AEMNNMYROYAZGBLYYXNCEAE6D7YQ,Books,1.0,-0.0
AEMO2MND4W7ATBJPH7QVVGZSLF3A,Digital_Music,1.0,-0.0
AEMO4BFY2UXCQE4XOFORK5EFFCDA,Automotive,0.625,0.954434002924965
AEMO7L57SNDF7ALZ2AYW3YQQ62LQ,Digital_Music,1.0,-0.0
AEMOJU24QUZDDSMGSQPVTZGELLUQ,Electronics,1.0,-0.0
AEMRWPVGLAWBX2K64R47OESVJL4A,Digital_Music,1.0,-0.0
AEMURA7H55NBGF6TS2A2JP5XIIBQ,Digital_Music,1.0,-0.0
AEMVF46YD6PBUBKQMH6LIXLUPC4Q,Digital_Music,1.0,-0.0
AEMVVAU5ROKJK76IOHQKHEWRFLRA,Digital_Music,1.0,-0.0
AEMW2ADCJBXXCQLXQVM3RJEK53TQ,Electronics,0.6666666666666666,0.9182958340544896
AEMWM6PRIMFDQLIQIPQTGXUAVDYQ,Digital_Music,1.0,-0.0
AEMYDA6DVBKCCE7ZO2ARRFGKG3LQ,Books,0.5714285714285714,1.8248629576173563
AEN2NKUOAXGNLLT6DCQDQ2LK7M6Q,Digital_Music,1.0,-0.0
AEN2ZU26WIC33EXP6LTYOWMV36XQ,Cell_Phones_and_Accessories,1.0,-0.0
AEN347VH7E6PQILYQICAWBLET7BQ,Digital_Music,1.0,-0.0
AEN4ENZO56M34IPYVZDALB3BDRVQ,Automotive,1.0,-0.0
AEN5SOV5AOJA37JVTCEC2U7DBSFA,Digital_Music,1.0,-0.0
AEN6RD6RV56QE7T2LN7HEC6W3RZA,Digital_Music,1.0,-0.0
AEN6TFIVX635GNHMXJNMJOA56JWA,Cell_Phones_and_Accessories,0.6666666666666666,0.9182958340544896
AEN7KAKQJGIQCNK6NMVWH2WZ3YXQ,Automotive,0.9,0.4689955935892812
AENAC6DVZYNNTEGCPUA542BD46VA,CDs_and_Vinyl,0.875,0.5435644431995964
AENBKROLUUF2CQET33UHMCS75ULQ,Digital_Music,1.0,-0.0
AENDQ4AHOGXOBTTJMOW73BUESQKA,Automotive,0.5,1.0
AENEBXXF56E6G5VTCYCX74RF5OFA,Digital_Music,1.0,-0.0
AENER6DRMZOCWDSLKUOMSERR6KIQ,Digital_Music,1.0,-0.0
AENFLRI7UI4SFEAZIK57T45ZUGGA,Digital_Music,1.0,-0.0
AENGLXININGSHWOPGTFF2V32DBOA,Digital_Music,1.0,-0.0
AENH6LSB6BM7XLPEYUL43WBOD6JA,Digital_Music,1.0,-0.0
AENKWFYARCOIWS4FWYTLSGRIALTQ,Digital_Music,1.0,-0.0
AENM76XREURDLTOHQSEK4HJW3XIQ,Digital_Music,1.0,-0.0
AENMGVERXZSSSV4CPJ5LPPFK6E5A,Digital_Music,1.0,-0.0
AENMO75Q2V7HE4HSHYI6GOX5FYIQ,Digital_Music,1.0,-0.0
AENN7QGN7VH44UH46NYGL3A4FBAA,Automotive,1.0,-0.0
AENNF2GOEVFBJL2TF3UU7HBIDLYA,CDs_and_Vinyl,1.0,-0.0
AENNMXDZSUEUPEWSQU57GNOQD6JQ,Digital_Music,1.0,-0.0
AENNSJ75CWK5NXVCA4YDZAEJ4KDQ,Digital_Music,1.0,-0.0
AENNUXRFLXQGXSYMV5VGZK4ADQBQ,Digital_Music,1.0,-0.0
AENNUY257PRSZMPQ5U5PFR642FDQ,Cell_Phones_and_Accessories,0.5,1.0
AENNZB2HHZZNEPKR6JADV2W4JDYQ,Digital_Music,1.0,-0.0
AENOQPZF7HQERNM3TNR2UQUE7RBA,Cell_Phones_and_Accessories,0.6666666666666666,0.9182958340544896
AENR7RAJSAIV6E2UE6AZ7BUEIOIQ,Cell_Phones_and_Accessories,0.5,2.0
AENTOWUFPL7HSMR7M4S25M7MGDKA,Digital_Music,1.0,-0.0
AENUZAD3DEKU6K4LHFZFO2FUHKPQ,Cell_Phones_and_Accessories,1.0,-0.0
AENWOKSUWWPH7FNTRNP6GPGTHRUA,Cell_Phones_and_Accessories,1.0,-0.0
AENZ2NOJLCFRRF2APF4FEQONPX7A,Digital_Music,1.0,-0.0
AEO2LKPHWJWGEG6PMBOHLIGVYHTQ,Digital_Music,1.0,-0.0
AEO3UFEOS3ELXMXWPA5CJ34VQ7TQ,Digital_Music,1.0,-0.0
AEO4KXMHSMAMTAU6G6XOCNIA3AHQ,Digital_Music,1.0,-0.0
AEO4M665ZOCBF7HEFRMTUDHLSB5Q,Clothing_Shoes_and_Jewelry,0.5,1.75
AEO66DLCCH677RV6KMUKV7SOGBXA,Digital_Music,1.0,-0.0
AEO6GWHO32QJAT6NAQHMFPZJRNOA,Digital_Music,1.0,-0.0
AEOCSHVOBSGQAN5MBKGPRRHF2OSQ,Digital_Music,1.0,-0.0
AEOECNMSAGYK5BKPILPV7JF6ELMA,Digital_Music,1.0,-0.0
AEOERTQHGU5NNS25RWMR6PAPEBOA,Digital_Music,1.0,-0.0
AEOHRV5ZJJZOCSACAJDNNHQJAG7Q,Digital_Music,1.0,-0.0
AEOJW2RQVGB5EOJPZMNPUXNZYOTQ,Automotive,0.6,0.9709505944546686
AEOKAIB6OJVB5FRZGLEB3YAK5UBQ,Clothing_Shoes_and_Jewelry,0.8571428571428571,0.800122481014791
AEOMWX3OCV445UHGZUW6YUL6EGEA,Digital_Music,1.0,-0.0
AEONA76PFRHESS2JG3KEUFQIGHGA,Digital_Music,1.0,-0.0
AEOPD6K7XR4LR6IVYBYIBOCFQI4Q,Digital_Music,1.0,-0.0
AEOQCCO6VCZLGDP66T2WSVMAG4QQ,Digital_Music,1.0,-0.0
AEOQGP4XYSEKPXXBWAN4GWAPUO4Q,Automotive,1.0,-0.0
AEORGMGHWN54RIMZLFOJF7NIE23Q,Digital_Music,1.0,-0.0
AEOUWZLTZ46NIML4CGUBAEOTJEMA,Digital_Music,1.0,-0.0
AEOXILLGVJGHDIRN75QMVMXWZWSA,Digital_Music,1.0,-0.0
AEOYNV3GTKOZ2YOEY4QEKIAEZEZA,Cell_Phones_and_Accessories,0.6666666666666666,0.9182958340544896
AEOZUI2OJG5FNAK67ZGB6PEKUO3A,Digital_Music,1.0,-0.0
AEP3HQNDKDNNYBPRU5UOQCQ4QZQQ,Digital_Music,1.0,-0.0
AEP3UEDMIAMT3KURUPPVH44WE6HQ,Digital_Music,1.0,-0.0
AEP4R64Y44ZTA3SPZYCNNOCH6JNQ,CDs_and_Vinyl,1.0,-0.0
AEPAPEQTAFWBI3V5XIIHZLG4YZEQ,Cell_Phones_and_Accessories,1.0,-0.0
AEPBFOLHNAJQJAZOMSUMVFKPZXFQ,Automotive,1.0,-0.0
AEPBPLR5CSYFRIOUNBRIRGSTZSZQ,Digital_Music,1.0,-0.0
AEPCTFKFPQNUAWT5NTHIZHOVKPUA,Digital_Music,1.0,-0.0
AEPDM7BEUMUY2RHLZHECUVTLAKPQ,Digital_Music,1.0,-0.0
AEPGZ4L7TDTJUSGYAVTFQRTUGFWA,Digital_Music,1.0,-0.0
AEPH725HSN3J3XTQMR5USFJR74PQ,Digital_Music,1.0,-0.0
AEPHFCPWYQEHT6ZV6MRF3UT6YKEQ,Digital_Music,1.0,-0.0
AEPHG6BIOTPEASU3KQ7UKWSBNCOA,Digital_Music,1.0,-0.0
AEPL43B572OV2OMCFW23PFTF2E7Q,Cell_Phones_and_Accessories,1.0,-0.0
AEPO2ZRKXR53CRBJHKMI6RVAPXWA,Digital_Music,1.0,-0.0
AEPP2ZFFGRRA4W73GDAKPICS5HAQ,Digital_Music,1.0,-0.0
AEPQSFDPLHZQ6Y5XB7IUBW4DY5YA,Automotive,0.5,1.0
AEPQTXBSBL67WDDY4J44HO2PCIFA,Digital_Music,1.0,-0.0
AEPQUIWJI7FYDURUJIDWLMPBU2KA,Cell_Phones_and_Accessories,0.625,1.5487949406953985
AEPRO2RRDO5QIZXK35CXB43XJM2Q,Digital_Music,1.0,-0.0
AEPRQP77VF2CEG2GISP567CWNEPA,CDs_and_Vinyl,1.0,-0.0
AEPRUR2J4MHMKHJPXXRZDU66A5CA,Digital_Music,1.0,-0.0
AEPS6CVNYIAOE54ZDTQLFJ7TTSEQ,Digital_Music,1.0,-0.0
AEPTHE6UGTAHFEQTVNIB4K7H272Q,Digital_Music,1.0,-0.0
AEPU6UPCLD4MSHTP3SXZQ3R4MXYQ,Digital_Music,1.0,-0.0
AEPVN4QKBMMXPBVQYXUDLS3M6ZYQ,Automotive,1.0,-0.0
AEPVNHVV7CG3KSQWCW43ASSGW2PA,Digital_Music,1.0,-0.0
AEPY3WJN3G2XOBDIUN3RXMU7YXAA,Digital_Music,1.0,-0.0
AEPYX5BW4FDTZPLRRGXM2KOHPAQQ,Digital_Music,1.0,-0.0
AEPZ7GYOS7L4L2T67CXR6T6P64RQ,Digital_Music,1.0,-0.0
AEQ2MLIXSRKW5DVQ4B2G3ST27DAA,CDs_and_Vinyl,1.0,-0.0
AEQ4BRZQAEE7UKKOPVTM2EQVGV3A,Digital_Music,1.0,-0.0
AEQ4LANJMSQGTMUOCK6H42SRNPGQ,Digital_Music,1.0,-0.0
AEQ6X45FYCIHEZBXIIIJMS4S6C2A,Cell_Phones_and_Accessories,0.6666666666666666,0.9182958340544896
AEQ7Y56NEUZTFG2QJYQ4T32EIUZA,CDs_and_Vinyl,0.5,1.0
AEQAYV7RXZEBXMQIQPL6KCT2CFWQ,Clothing_Shoes_and_Jewelry,0.375,2.060986292506444
AEQCFGIHGV5CPWNF7RZZLKEQ572A,Cell_Phones_and_Accessories,0.5,1.0
AEQCFZTQ4NIZFCZRBTLB55AHLACQ,Digital_Music,1.0,-0.0
AEQCJX2WHAMEAIUTID22OBLH6G5Q,Digital_Music,1.0,-0.0
AEQEME4JTVW57QPP7ULNLFKLVSCQ,Digital_Music,1.0,-0.0
AEQEQ4OIJUSS7YXOJCN4RPRRVGJQ,Digital_Music,1.0,-0.0
AEQF24SNIMWRGBIG5EBCKDLMTFAA,Automotive,0.75,0.8112781244591328
AEQFQDC2GL6C62Y5WNZFLB44GIBA,Digital_Music,1.0,-0.0
AEQIRXUWJHFKOJBFGQB2G7HK6JKA,Digital_Music,1.0,-0.0
AEQJLZPGPJEI4LG654IOMEU6RODQ,CDs_and_Vinyl,1.0,-0.0
AEQJWBLCQHL6YZ5SKAAB3ZPPSC2A,Digital_Music,1.0,-0.0
AEQLRIQLBPN4UUHV3L5FDRZOAL2A,Books,0.5,1.7924812503605778
AEQM7WKSLHAVNDHE4F4OFQIW5GWA,Digital_Music,1.0,-0.0
AEQP7BO3DYS6ET6ANKREYSJFAHSA,Digital_Music,1.0,-0.0
AEQPHAPE7DLD5HI67M5KN2K6GZIQ,CDs_and_Vinyl,1.0,-0.0
AEQPUFAW5OWSGOHVW53WT3STY5SQ,Electronics,0.75,1.040852082972755
AEQVD3N4Y2BP7N6VD4QIWQJIJXRA,Digital_Music,1.0,-0.0
AEQX7KS7WYSI3Q6E7OF3ZPIYSKQA,CDs_and_Vinyl,1.0,-0.0
AEQZ2MBKWOY5KG2BOF4GVWZL65WQ,Digital_Music,1.0,-0.0
AER2M7E2IHDHZDVVXCFXTYKJ6EXQ,CDs_and_Vinyl,1.0,-0.0
AER3KQQTR7T3N6ZIOUMB4VDALL2Q,Electronics,0.5333333333333333,1.640223928941852
AER4C2C6NBH2W6JACHHDS4EGAFAA,CDs_and_Vinyl,1.0,-0.0
AER5A2LR25ZV3SYFCYUWBRGRKBBA,Automotive,0.7796610169491526,0.7607859931846075
AER6FMQQPAXBQN7MRPWJSH3IKAWA,Digital_Music,1.0,-0.0
AER6WLSJPBPNOZIQWVHQBVOKTNCA,Electronics,0.5641025641025641,1.4935577798664053
AER7BPYAMW5CAICYIJX7QW64MBIA,Automotive,1.0,-0.0
AERAK7NMCVO6RNEEXGBSITUOXPAQ,Digital_Music,1.0,-0.0
AERAMOJVE43CA4TA5COS7GOTXFOA,Digital_Music,1.0,-0.0
AERBX24JFGXDLPS2O2JUPQW3EHEQ,Automotive,1.0,-0.0
AERCFK4MLSG4U3XJBVXISRW27ZGA,Digital_Music,1.0,-0.0
AERD2GHAB5VZHTHUVMVAYUHL4CYA,Automotive,0.5,1.0
AERDSTNOGEQQJVIVUULMJXOSSWCA,Digital_Music,1.0,-0.0
AERGOXGAFZ2J3ZMHXVLZQGTW36RA,Automotive,0.3333333333333333,1.584962500721156
AERHC7DGSTOBV6Z6GWJJCGYDB3QA,Cell_Phones_and_Accessories,1.0,-0.0
AERHPPIK62QZ2WLBXQDATA775LKA,Digital_Music,1.0,-0.0
AERMLEK75FYAZRMHP2IELWBJD2UA,Digital_Music,1.0,-0.0
AERN3R5YG2K22AGW5GEXSMWICSLA,Digital_Music,1.0,-0.0
AERNPVMAGTL5TK2LJFARUOZETCZQ,Digital_Music,1.0,-0.0
AEROUZQIIFX4V4BR6FHMUCLE2SMQ,Digital_Music,1.0,-0.0
AERPYYVVXK5PZ4KBKBAUIFH375HQ,Digital_Music,1.0,-0.0
AERRX357RLQ6SAUBH6HDYNGTXZ4A,Cell_Phones_and_Accessories,1.0,-0.0
AERRZUBMFD5GSNICJIKLDACDJCCQ,Digital_Music,1.0,-0.0
AERT65EGRHVCQH3E7GOAQDG4CGYQ,Digital_Music,1.0,-0.0
AERUAJORC4WC77TABTHVNVQDZF2Q,Electronics,0.75,0.8112781244591328
AERUU6APCTYBYVQTUM7KFYYK2DVQ,Digital_Music,1.0,-0.0
AERVTQ63VWSKM3NWNNCJBDKJ4CIA,Cell_Phones_and_Accessories,0.8666666666666667,0.5665095065529053
AERWPVBR2XAG6OYAQQZED27RIJTQ,Digital_Music,1.0,-0.0
AERX7K5IE767MVLOYBUNPUXDTGJQ,Books,0.5,1.5
AERXCDD4DA2UKX3BY6DSVBBX6V2Q,Digital_Music,1.0,-0.0
AERYH6N7BC5I5SO76JW5F3Z4ZUMQ,Digital_Music,1.0,-0.0
AERZA4XOSVV3A57EITRVHA3QEFOQ,Digital_Music,1.0,-0.0
AERZPTDNRBKDITZ56ODSWA2NQGKA,Digital_Music,1.0,-0.0
AES2RYKHJ36PKR5GOC5KC4HNAK2Q,Digital_Music,1.0,-0.0
AES3WXFEHZOAJRVULMXGVURKAEEQ,Digital_Music,1.0,-0.0
AES4I2XF2XCF5RRBJE6OCOYTUKZQ,Electronics,0.6666666666666666,0.9182958340544896
AES64NEMPYRENBT6PGCOYYBVDSWQ,Cell_Phones_and_Accessories,0.5384615384615384,1.2957378005380122
AES7KKTN2JRDCH5T4H3O5HU7XZZQ,Electronics,0.6666666666666666,0.9182958340544896
AESAZQADEUDNDYAMHMVTYBMGBGHQ,Automotive,0.5,1.0
AESC7XAD6PECYCGLVZCYYCEIPTNA,Digital_Music,1.0,-0.0
AESCUPVGN7EIB2ODWG7YHC3F4GOA,CDs_and_Vinyl,1.0,-0.0
AESERUGYR2M57OR2BC2QD7SUEC2A,Digital_Music,1.0,-0.0
AESGFM6QX7BVONUAG4BPGCORYOIQ,Books,0.625,0.954434002924965
AESGKFNIDELMTPT7OLS67JA545JA,Electronics,0.6666666666666666,0.9182958340544896
AESGLNOOG6D77X3KYOZA3XBBEEHA,Digital_Music,1.0,-0.0
AESGMCRKQKHIAIJUL72FWQYVS6MA,Automotive,1.0,-0.0
AESGVJFKCAZCKC35T4PYR2KUDIEA,Digital_Music,1.0,-0.0
AESIMJE5ARHEBL6DLLD3YO2TJENQ,Digital_Music,1.0,-0.0
AESLW4D6JMNJLHVORHC3FEQWUIIQ,Digital_Music,1.0,-0.0
AESM7H2WPJU7T6USXGW6TLW4U72A,Digital_Music,1.0,-0.0
AESNIXKR5AZGQO55AJ2P4DRLENZA,Digital_Music,1.0,-0.0
AESQ5EF2IGIZFNSZR7TL5XD622FQ,Digital_Music,1.0,-0.0
AESQJGCWMZKMPCJGGZQRQ624UXIQ,Digital_Music,1.0,-0.0
AESREGQZJVO32YUHFVF33FEP6J3A,Digital_Music,1.0,-0.0
AESRHEAHGJCUURFTMWQJWTWBMKQA,Digital_Music,1.0,-0.0
AESSGWIRRSBE6RXL2QZ3BW2RP3KA,Digital_Music,1.0,-0.0
AESSR6R65G5PXULCO3634YUI7VKA,Cell_Phones_and_Accessories,1.0,-0.0
AESTJ7FX2ZR44NVS25DTXH27YAHA,Electronics,0.5,1.5
AESVCDVRKAJHKVMWADOBNFV45XKQ,Cell_Phones_and_Accessories,1.0,-0.0
AESYBKHI3FNKSUPGDPVNBGKL2IMQ,Digital_Music,1.0,-0.0
AESZ37LZCXVJII6VORTZDAUTXUEA,Cell_Phones_and_Accessories,1.0,-0.0
AESZLPIVHB4D3JWQ5PZVGMJGD2GQ,Digital_Music,1.0,-0.0
AET24VX4XLW3GZ2XNFXZNPTE2AVA,Cell_Phones_and_Accessories,0.8571428571428571,0.5916727785823275
AET3VOB7PYHAKDAPEDTFGPSEE6QQ,Cell_Phones_and_Accessories,1.0,-0.0
AET5623EGQ5SJ7LS7GPMXFPOADBA,Automotive,1.0,-0.0
AET56IV77HA4T4A3IGJ2UJFK4ENQ,Automotive,1.0,-0.0
AET57BUSN4ZB4RFJIBOPKMQTVPHQ,Digital_Music,1.0,-0.0
AET5VFNIYKIHIPO3ZALZSLXX3KOQ,Automotive,0.6666666666666666,0.9182958340544896
AET76WSAMU5NAFN6XTEBGJGDXD3A,Digital_Music,1.0,-0.0
AETA5FGE644L56YYDZI45UHV3HNA,Digital_Music,1.0,-0.0
AETBPZFRDC4MLEZ3MZZRTAKJXAFQ,Digital_Music,1.0,-0.0
AETD26IRVCQW6FYJYIIB7HYFPA6Q,CDs_and_Vinyl,0.875,0.5435644431995964
AETE7Y3DZT6BLMWA6U27ADJDZ4LA,CDs_and_Vinyl,0.5833333333333334,0.9798687566511528
AETGCWXC47MSMK6B2TLZ44KCFJZQ,Cell_Phones_and_Accessories,0.76,0.9510456605801272
AETGRH24MKFUFZ2KKTC2ZFYVYE5Q,CDs_and_Vinyl,0.2857142857142857,1.9502120649147465
AETJOO7JKNG4ZPWJBY2UPIXBAQJA,Digital_Music,1.0,-0.0
AETKGYHX3LTQ5NJP5ZHC2VEONLAA,Digital_Music,1.0,-0.0
AETKN3MZIEUDXAKTWEYZ4YCDYW3Q,Digital_Music,1.0,-0.0
AETMFCIZ4NBF4VJJMIKJPVNEXXYQ,Cell_Phones_and_Accessories,1.0,-0.0
AETOO3PKEEFCNIM6LR7VDVT2W4CA,CDs_and_Vinyl,1.0,-0.0
AETPQ2FRFR3NWEQLI6R4T2S27GVQ,Digital_Music,1.0,-0.0
AETSZB5TEXJPDKB6PO2XBWO4V2EQ,Automotive,0.75,0.8112781244591328
AETTCFAWESCXBEOYTQNHVGW4A6JA,Digital_Music,1.0,-0.0
AETU3GFAQ7JU6KZOARTZYFVMMQ5A,Digital_Music,1.0,-0.0
AETXMYPV6KHWTNVRXNXFYQN2TZNA,Cell_Phones_and_Accessories,0.7647058823529411,0.7871265862012691
AETXPQBVAVFVGEVJBOGJ2WPIVJAQ,Digital_Music,1.0,-0.0
AETYVC5S7SOJMIM3HICSMEY4N67A,Automotive,0.5,1.0
AETZSY2WAD5IHKPAEIRRQ3AYOHFQ,Digital_Music,1.0,-0.0
AEU26I734MOKVBFQIKMR2AC7XB6A,Digital_Music,1.0,-0.0
AEU3FF2QN5LHF3JELYPUCFFZNP7A,Digital_Music,1.0,-0.0
AEU4U6P7L7IJYC5HW2RFDM2K54NQ,Digital_Music,1.0,-0.0
AEU5VGZYHYK4ND5A7CHD4RBQX5OQ,Cell_Phones_and_Accessories,1.0,-0.0
AEU7QWGISMUTVOOPSZRJGH6MVZ6Q,Digital_Music,1.0,-0.0
AEUAL3EJKUSTNB4YY6STLYGTJALA,Cell_Phones_and_Accessories,0.7659574468085106,0.9828401803140903
AEUAQ6BAUEBP2C754LR3ILYHP54Q,Digital_Music,1.0,-0.0
AEUCONXA2N4QTYH25XZFFVAZFXSQ,Digital_Music,1.0,-0.0
AEUCXHKBAQI3F6PQGDS5QETOJTPQ,Digital_Music,1.0,-0.0
AEUEMBHLPF52WH7FXSYMGAZ2FABQ,Digital_Music,1.0,-0.0
AEUH4DWOJRDMRQC2ISMEG6NVG24A,Digital_Music,1.0,-0.0
AEUH4EH6XHROLT7UZPUYU2YKTYMA,Clothing_Shoes_and_Jewelry,0.7142857142857143,0.863120568566631
AEUHIBDCWBWUHPWU4LEYAH57KWNA,Automotive,1.0,-0.0
AEUIPEVPJEVGFNGDZS25X4S7JBEA,Digital_Music,1.0,-0.0
AEUIU35OMHWETDS3ORA6WZW4LGAQ,Digital_Music,1.0,-0.0
AEUJVUO66NKVOXCLJPMXE5G7BUJQ,Digital_Music,1.0,-0.0
AEULCQHII5CZXLJJTBK7F6PF5ZPQ,Digital_Music,1.0,-0.0
AEUMYP5IWSQCLQRIAUKTWR2LZRSA,Cell_Phones_and_Accessories,1.0,-0.0
AEUMZOI67H3CCFCPSV6PC2R6UHAA,Digital_Music,1.0,-0.0
AEUNVLFLSRGHAXUDD3PD76NINWKQ,Automotive,0.4444444444444444,1.3921472236645345
AEUODTGDMPZUHTBPDYPUUNO6E5VQ,Digital_Music,1.0,-0.0
AEUPVXPOUGHV5RVR2C762ZMGNYKQ,Digital_Music,1.0,-0.0
AEURX7VHDSBJDSNHCQNZ5JV7IFMQ,Digital_Music,1.0,-0.0
AEUS37QBTO5XSXXOJCQQGSQJC3DQ,Digital_Music,1.0,-0.0
AEUSDGHFKZK6IA5NPQP4QGNT4IFQ,Digital_Music,1.0,-0.0
AEUSR3CBHDM4TNQTI23CBTJKSZPA,Digital_Music,1.0,-0.0
AEUSRLMATLQOLKQ42KFQYH2RDPKA,Digital_Music,1.0,-0.0
AEUSTMRNQKLA77F6ME5Q22RGGDAQ,Digital_Music,1.0,-0.0
AEUTFVCWAKVADU4IQKDDJ4S3ESUA,Digital_Music,1.0,-0.0
AEUTQ4IEVVJZTRCDZWFK2AB43M2A,Clothing_Shoes_and_Jewelry,1.0,-0.0
AEUWC4ABR4KED5FQZMSUEFHCWSTQ,Digital_Music,1.0,-0.0
AEUZHPIGXLWEQ7HW5LRYEPD3QYCQ,CDs_and_Vinyl,1.0,-0.0
AEUZZ2Q6GSSWIV2X5GQTOI2XUJXA,Digital_Music,1.0,-0.0
AEV2EMK63UIQPEHE7V3HZXDMGW4Q,Digital_Music,1.0,-0.0
AEV3ET6G66A4KXXAVUBODT3WYGJQ,Digital_Music,1.0,-0.0
AEV4DP5E3FJH6FHDLXUYQTDEQYCQ,Electronics,0.6666666666666666,0.9182958340544896
AEV4RH2G2NALLCELW4AS6XKJQWWQ,Digital_Music,1.0,-0.0
AEV5KODCW6P7ZXF66HHVTFHQ2Q7Q,Automotive,1.0,-0.0
AEV5QK5B6EOXF6DEG7V36PKN2VAQ,Digital_Music,1.0,-0.0
AEV5WMIHDLDER6LUWKR35CUNYC2A,CDs_and_Vinyl,1.0,-0.0
AEV6OD7S35KD5XSLNLRTGMVYCZPQ,Digital_Music,1.0,-0.0
AEV6OL4GLSYMDNUHS4Y4DNVFDRHQ,Cell_Phones_and_Accessories,0.8125,0.6962122601251458
AEV7BC7YTPXOYTUL5PGWWHHRURAQ,Digital_Music,1.0,-0.0
AEVAHTHGA4EH7AUBQ3QSGWOH6JHA,CDs_and_Vinyl,1.0,-0.0
AEVAKY2EMVGE4P6PXYBBAM5E5MUQ,Automotive,0.75,0.8112781244591328
AEVEA4Y4PRMWUBTOKWWDDP64YKJA,Digital_Music,1.0,-0.0
AEVIQZAAXKLCHSXFFZVGIFYRPLOA,Digital_Music,1.0,-0.0
AEVJOCON4D6LS7ECPHMMPPIKWZSA,Digital_Music,1.0,-0.0
AEVKKM4BJF266I6R5DJDNKHMSXZQ,Digital_Music,1.0,-0.0
AEVM64MVDOSEAVNMVLS7YIGL4YVA,Books,1.0,-0.0
AEVMDZ4AKB3DQM2EWRTHJIGNDFWA,Electronics,0.6666666666666666,1.2516291673878228
AEVMPQORMKIMWMBQJRKJJVXI3FIA,CDs_and_Vinyl,1.0,-0.0
AEVNDAFXEWRC47FAVNUTMEZJBD6A,Automotive,1.0,-0.0
AEVNOPF5IML6LU66W2BVPS7RJ6GA,Digital_Music,1.0,-0.0
AEVODCD523UXLDVYZL4C7H3O45DA,Automotive,1.0,-0.0
AEVPOT2DT56DGKUPPPE6XD3QZFFQ,Digital_Music,1.0,-0.0
AEVPPTMG43C6GWSR7I2UGRQN7WFQ,Electronics,0.45,1.8161327621439713
AEVQ3KP55X4XECXWMHN6DHIDBYFQ,CDs_and_Vinyl,0.6792452830188679,1.401909897758418
AEVRLY26GBFJVYM32A56BH22X4KQ,CDs_and_Vinyl,1.0,-0.0
AEVRP23ONGIWRUAPURGPAKC4PL2Q,CDs_and_Vinyl,1.0,-0.0
AEVTBGKOALRS27HUI7KEYUYPFBLQ,Digital_Music,1.0,-0.0
AEVUG7GSYKMQM6J7PVYKMIJQVN3Q,Digital_Music,1.0,-0.0
AEVVJHZUPI4AHZZX7PC4LTCKWSKA,Books,0.5,1.5
AEVWAM3YWN5URJVJIZZ6XPD2MKIA,Clothing_Shoes_and_Jewelry,0.5,1.9609640474436811
AEVYMKPLQ3G25CREYAWC347U5O4Q,Digital_Music,1.0,-0.0
AEVZVWZP3S2J57XSTFN5LPQNOONA,Clothing_Shoes_and_Jewelry,1.0,-0.0
AEW26W6ODPJ77OHPS5LBTFT64LHQ,Digital_Music,1.0,-0.0
AEW2DUEKVQCUL56PV4CXLVRIP33Q,CDs_and_Vinyl,1.0,-0.0
AEW3MTZ3PBLHELRSFI2FX2X3N3EA,Digital_Music,1.0,-0.0
AEW4CIDRC3RO33GW3GKDLONUVNAQ,Digital_Music,1.0,-0.0
AEW55ZDSPC6HOXZ2RK5MCT7OM5WQ,Clothing_Shoes_and_Jewelry,1.0,-0.0
AEW7KGZFQFB6P2YRTN6JGVR3YRLA,Electronics,0.5,1.7609640474436812
AEWFEWBJVI2YN7WAWVXSOYT5MANA,Automotive,0.3333333333333333,1.584962500721156
AEWFI6UHAUISG2JF4EPVZPBMHZYA,Cell_Phones_and_Accessories,1.0,-0.0
AEWICKS3R7L2VXI2PUR6VL64PFSA,Digital_Music,1.0,-0.0
AEWJXW46LKSW22FWTGRYTLNE7TGA,Clothing_Shoes_and_Jewelry,0.8928571428571429,0.5896261811873141
AEWK45NLQWUDXWPF76JNHPMJVZPQ,Automotive,1.0,-0.0
AEWLOQTKYUYRJ24NK4GD5CZTR7WA,Clothing_Shoes_and_Jewelry,0.9285714285714286,0.37123232664087563
AEWM5TEERH5SWKVMVCBGB4G4DOXQ,Automotive,1.0,-0.0
AEWMM6B2T7PMH5WFINUUORAHX2NA,Digital_Music,1.0,-0.0
AEWRRORE6A47AFELFU6LO6YVEYAA,Digital_Music,1.0,-0.0
AEWRZLS7FBAX3BXANLXDKVV33CCA,CDs_and_Vinyl,0.9324324324324325,0.40555893971417056
AEWTKEIDMSOZ7Z3MOOEIXYPYUCCQ,Electronics,0.6,1.3709505944546687
AEWUBEVXD7CKWOQ46K56K7BIQPBQ,Clothing_Shoes_and_Jewelry,1.0,-0.0
AEWUTB77443SWKRTRKCCROPCURCQ,Digital_Music,1.0,-0.0
AEWVHCZZINJR7NIUYCVMO2ZXLLKA,Digital_Music,1.0,-0.0
AEWWDRHCN6DGQNJBGLFAMQIQ5WHQ,Automotive,0.3333333333333333,1.584962500721156
AEWXJDZPE2MTDUQ5PV2D4IEOWZ6A,Digital_Music,1.0,-0.0
AEX2PWSLCKDKELBZ4FMOOWR4PVAA,Automotive,1.0,-0.0
AEX3CW22RUBG2EEUYSBZBMTRJSZQ,Automotive,0.5,1.0
AEX3JEM4XNO3WY27QN2LIV7EKMKA,Digital_Music,1.0,-0.0
AEX4JVEAX7V2XJNX7L6LQCX5SRZQ,Digital_Music,1.0,-0.0
AEX4MMFGEVYPOWPB4B2YFS7PIHEQ,Digital_Music,1.0,-0.0
AEX5AKK7HEVKT4CID4F6TOF2ZZIQ,Automotive,1.0,-0.0
AEX5IK5WUXIGLSWUWSNDYATYVQJA,CDs_and_Vinyl,1.0,-0.0
AEX63ECBRMOKNMAFMIVCEUP4OCBQ,Automotive,0.5,1.0
AEX7XY53RLK4CQ6MIMPU4HHZJETA,Digital_Music,1.0,-0.0
AEXAGBIZ5NEBJO6DNDVBA3ZWUIEA,Cell_Phones_and_Accessories,0.75,0.8112781244591328
AEXBIH7OOSNTF3NPJ262T4HDNXBA,Cell_Phones_and_Accessories,0.5714285714285714,0.9852281360342515
AEXC2RWTZY5DQIVSVFXGUZANKMSQ,Cell_Phones_and_Accessories,0.3333333333333333,1.584962500721156
AEXCNSFJSDS7WTO76BIOQU2GYDJA,Digital_Music,1.0,-0.0
AEXCR46DMHH6ODLFC7WCGIZGMGIQ,Digital_Music,1.0,-0.0
AEXFGERJKJ7YOSSYC2WZUKEKTFQQ,Digital_Music,1.0,-0.0
AEXFSHMGQ2PBLKTHLSQNM2IPJDKA,Digital_Music,1.0,-0.0
AEXKH3LKCCJ7NGS2JJFPR2ZBL6NA,Electronics,0.6666666666666666,1.2516291673878228
AEXL4OGPNMDFOCOE4QNUNECYWTVQ,Digital_Music,1.0,-0.0
AEXLJXLT2BECIHWJSZ5MSXA5KA5A,Digital_Music,1.0,-0.0
AEXLSPCC44BZKWJSATRFAYHOM6RA,Digital_Music,1.0,-0.0
AEXLU5BDFIRVGOD6UO3AOCG3DUXQ,Automotive,0.5,1.0
AEXOWERQXU5OCPLNACNFDF2OOI2A,Digital_Music,1.0,-0.0
AEXP4AULLRFINXRFJ3FXQDFYYOWA,Digital_Music,1.0,-0.0
AEXQTIU2YXKVYBRLFQ5WAGVURVHQ,Digital_Music,1.0,-0.0
AEXSLSUUTYLSYSRCS6Y7XDB6JXRA,Automotive,1.0,-0.0
AEXTSZOMHUDQZ46764RKBNZ2WANA,Cell_Phones_and_Accessories,0.8888888888888888,0.5032583347756457
AEXU3S7NB3EBIOJE7UKO3GAM7YJQ,Books,0.75,0.8112781244591328
AEXU3XJEKY7Y5QJXKLZMPRTDUKJA,Books,1.0,-0.0
AEXUL6NAQAAMP72AP3HDBO6HTV2A,Digital_Music,1.0,-0.0
AEXVJXJE25VDO7ZFJUEAW53S7EXQ,CDs_and_Vinyl,1.0,-0.0
AEXVNABLVTHK6EJVTY55T75OG2BQ,CDs_and_Vinyl,1.0,-0.0
AEXXE5WBAUV6CUOCLOX6TIMV7SWQ,Digital_Music,1.0,-0.0
AEXXPCM7I5YL26QCIPCCLWH37ZTQ,Digital_Music,1.0,-0.0
AEXXSUF5KNRANEPZGM5DXTIALMCA,Digital_Music,1.0,-0.0
AEXYAYKO4JSMM7ALG7YY3P67FXVQ,CDs_and_Vinyl,1.0,-0.0
AEXZPE56DTET42XXA6WBD6CM5QYA,Digital_Music,1.0,-0.0
AEY34JINUYPHCTN23PNXPOIVSYYA,Digital_Music,1.0,-0.0
AEY3HV4GQHTLLILTSS66CH2IHMYA,Digital_Music,1.0,-0.0
AEY4AK73HCLNM5ITQ6O2GOMNTJEQ,CDs_and_Vinyl,1.0,-0.0
AEY5COTUP2BYV73ZRNKJF2V4BPKQ,Automotive,0.8,0.7219280948873623
AEYBVVQQXS7RRXDJMOHMPBHSYOKQ,Digital_Music,1.0,-0.0
AEYC3IF4CTBVTGN4ZCCUJ2E5XDHQ,CDs_and_Vinyl,1.0,-0.0
AEYCJLZHSNAWFO7IKKERBKF2VD5A,Books,1.0,-0.0
AEYE3LSUHQEX6BWG224MKVXX6XZQ,CDs_and_Vinyl,1.0,-0.0
AEYENTSV6LFPRW3LTBBMPYBE7MOA,Digital_Music,1.0,-0.0
AEYEP6B5W5QBNMM4OBQBQJDJ63SA,Clothing_Shoes_and_Jewelry,0.6111111111111112,1.6113834567195195
AEYF3VOKNL6HLCREFCY7NVBT6AGQ,Digital_Music,1.0,-0.0
AEYFGA6BGU6ES546ZKBPE3BTOYXA,Digital_Music,1.0,-0.0
AEYFKTGX5FA2VGTPWTCVCHASEILA,Digital_Music,1.0,-0.0
AEYFU5FQAJYXFREC4KHQ34EGZ3LQ,Clothing_Shoes_and_Jewelry,0.5625,1.3663146570363986
AEYG5QTSA6SYIEQQ3XUQMD24MKDQ,Digital_Music,1.0,-0.0
AEYGPUCRKH7G4VM22FM3VAKSQ23Q,Cell_Phones_and_Accessories,0.6428571428571429,0.9402859586706311
AEYH6Z3S7QBUIKSHO4KYSEG7KW2Q,Digital_Music,1.0,-0.0
AEYHRAG6COXKW264KLLBSWBS46KA,Digital_Music,1.0,-0.0
AEYHSQDKAXT5R4X7VMYN4PBX2GGQ,CDs_and_Vinyl,1.0,-0.0
AEYJRJO4IKZUQ4ODRRTYX4247YTQ,Digital_Music,1.0,-0.0
AEYL33RQMQHQNHXTTQQNYFMZUB3A,Digital_Music,1.0,-0.0
AEYL4ZM2I6F6JZAMXCI6WINOA4WA,Digital_Music,1.0,-0.0
AEYMB2E6ZE25CVWQI6OAPB6YEXQA,Automotive,1.0,-0.0
AEYORY2AVPMCPDV57CE337YU5LXA,Clothing_Shoes_and_Jewelry,0.8636363636363636,0.6998578570269279
AEYPHXPE4VADDYCCOHPQTQQ4EM6A,Automotive,0.5,1.0
AEYPQ5NLVMRSU6GSY5EAMXWPP4QQ,Cell_Phones_and_Accessories,1.0,-0.0
AEYQIINOZ5VGN62ICPB4ZYELPG3Q,Digital_Music,1.0,-0.0
AEYRK6RHCYZHAXVBEH5UNZ3RB5JQ,Digital_Music,1.0,-0.0
AEYS7TG2WOZAB7NLRVGTM5XZIG3Q,Clothing_Shoes_and_Jewelry,0.5714285714285714,1.41379956460568
AEYVXZF5TQB7IGLLS3HJTDWLSKJQ,Books,0.9767441860465116,0.15935006268563445
AEYWRSMAMVW72QURZWK72VSR5YOA,Digital_Music,1.0,-0.0
AEYWSCGUMTGKVHT7K5XYCNGWRNGQ,Digital_Music,1.0,-0.0
AEYX74AR7OK76BHNNFV2LIFZMTAA,Digital_Music,1.0,-0.0
AEYXN35M6FE2CW34QVC64ULRRJVA,Digital_Music,1.0,-0.0
AEYZSTV3DHQEGC3WSCUDBLDSC22Q,Automotive,0.5,1.0
AEZ26WGWJ3EOQ4KWSHG77HJAG4EA,Books,0.7375886524822695,1.1041195563984252
AEZ2QFCLVDLNVB6VTDYNBB4ZNL5A,Digital_Music,1.0,-0.0
AEZ3V2ML2S5NJ63MVVZZSXYQ343A,Digital_Music,1.0,-0.0
AEZ5CUACQP3PLOTXO4TUVLB5LKNQ,Digital_Music,1.0,-0.0
AEZ5SFMDJRYHJUGJN2MGWRMPVOKQ,Books,0.5,1.0
AEZ5XIOVMGBSCLVM5CHARW5OMU7Q,Digital_Music,1.0,-0.0
AEZBUIRYRO7JFUJIFNSMJKJKJELQ,Digital_Music,1.0,-0.0
AEZCSRJ7EQFX2SJFITNKUPBXXK7Q,Digital_Music,1.0,-0.0
AEZEX27LZPWQFTTDLHBSKPPEUDAQ,Cell_Phones_and_Accessories,1.0,-0.0
AEZF5CELBZSSHED4KXU5YM2R2MTA,Digital_Music,1.0,-0.0
AEZFLP5KAJG42V4QRVLQHR5DVSQA,Cell_Phones_and_Accessories,1.0,-0.0
AEZFTFYREPX7QL5CTF7WFTFZHBKQ,CDs_and_Vinyl,0.6666666666666666,0.9182958340544896
AEZGPLOYTSAPR3DHZKKXEFPAXUAA,Cell_Phones_and_Accessories,0.5,1.0
AEZGSGN6BHOOVUDJ57MB53S4HUEA,Books,0.5,1.0
AEZHVVKEZAY6MAP5WA62MAYTMHWQ,Automotive,0.8125,0.8683927290103626
AEZI7NA3EMYGPYD3MS4SWWHWZW4Q,Digital_Music,1.0,-0.0
AEZIW242EBVLBV24LA7FKYVN7YUQ,Digital_Music,1.0,-0.0
AEZJ2TU2SLZEDP2YXEM7UHTLM6EA,Cell_Phones_and_Accessories,1.0,-0.0
AEZJHOQMLIRXKDFFG4RXVHETGNTA,Digital_Music,1.0,-0.0
AEZL73IHSBRHJJGQCNB7XGND45YA,Digital_Music,1.0,-0.0
AEZLBRKZYY5DLFUT63H24QIWAGAQ,Digital_Music,1.0,-0.0
AEZPSUTSRD46AS7M5LLHH4VAXTYQ,Digital_Music,1.0,-0.0
AEZPSXZOZJJ3FLI44VFWMQPEVKIQ,Digital_Music,1.0,-0.0
AEZQZ4AQUPQGFY756EGVKOLSYSSA,Cell_Phones_and_Accessories,0.5,1.5
AEZRDTTMTVKCV7BMDR3L23XHL2MA,Digital_Music,1.0,-0.0
AEZS2SS4IRBQHZXF2CIYNLBCWFRA,Digital_Music,1.0,-0.0
AEZSZS7UV44CAJJR5FNEM4DZCWTQ,Cell_Phones_and_Accessories,0.75,1.061278124459133
AEZTMBIGAP4U5F4RV6IP2PKCAK3A,Digital_Music,1.0,-0.0
AEZUJSZ3B7OAOVCSMZPINNW3QH3A,Cell_Phones_and_Accessories,1.0,-0.0
AEZUVWEZSOU7UOSVRGWGBTVGUDMQ,Automotive,1.0,-0.0
AEZV3WDCDM6V4CJMN222D52REYYA,Cell_Phones_and_Accessories,1.0,-0.0
AEZVUXKR7JINGI3OTHRBMUIEXHNQ,Digital_Music,1.0,-0.0
AEZW66K7OTLPXBNRLWZDTMUE7Z5Q,Digital_Music,1.0,-0.0
AEZW74DBPW64H5IYA22DX7U7YRIQ,Digital_Music,1.0,-0.0
AEZWSCRCKA7TSIPCA3TQKJHD3IOA,Digital_Music,1.0,-0.0
AEZWYIPD2D6ENPX6DHU2YE43W3HA,Digital_Music,1.0,-0.0
AEZZLU5EI7CTR5VR2IOBYDNOUUEQ,Cell_Phones_and_Accessories,1.0,-0.0
AF2222CTSX55SOYTJNGBL6SINXYQ,Digital_Music,1.0,-0.0
AF224BZVIYKHVGJGPKGC3UAVTLQQ,Automotive,1.0,-0.0
AF227ZORVJNXGFF6UFK23IYWE7AA,Books,0.42105263157894735,1.4713544870139295
AF232QQ7UDHGQOVR6LZ3X7ZVQ3ZA,Clothing_Shoes_and_Jewelry,0.7272727272727273,1.0957952550009336
AF24UDV5GTGYDPK3G35ZFFQIUUKA,Electronics,0.625,1.2987949406953985
AF25TIK64YJ22WQVIZYHTNGHVXFQ,Digital_Music,1.0,-0.0
AF25UMM5L3RFKFFJCQWFYH4DWM7A,CDs_and_Vinyl,1.0,-0.0
AF26DD2NW2ZPTOXHDCQTSWOVLFDQ,Automotive,1.0,-0.0
AF2BLE54TEMGZ546U763ZHZRXC4A,Digital_Music,1.0,-0.0
AF2BS5OQPNYMNHSCV2IC44G6U3LA,Digital_Music,1.0,-0.0
AF2BVDDULOEERJOYWTJZS5ORPQSA,CDs_and_Vinyl,1.0,-0.0
AF2ESHQEKVEOLZEA24FOE3NIDXLQ,Digital_Music,1.0,-0.0
AF2FPW2AJZGXQGM6KQDTHTOL7E5Q,Clothing_Shoes_and_Jewelry,0.6666666666666666,0.9182958340544896
AF2FTNKCY6XY67BKBUO4BNJRZ4XQ,Clothing_Shoes_and_Jewelry,0.5294117647058824,1.6589797521242051
AF2G3CTO4O7HQFR2MVG4TF7HZTAA,Automotive,1.0,-0.0
AF2GBJ4UJOOCTEG6LEXGDPG2VUJA,Digital_Music,1.0,-0.0
AF2K6NRRABAJOLWLM4BPSCIKVQJA,Digital_Music,1.0,-0.0
AF2KUNPWY3XXWEEPG66BB4EMZT4A,Digital_Music,1.0,-0.0
AF2LIH5TPYYGODLRYOCZ56D5TDKA,Digital_Music,1.0,-0.0
AF2M7VDNKO376XFGMQZ7OUVSWR2Q,Digital_Music,1.0,-0.0
AF2NCCWGOA6IWAN6745E2SOIKFOQ,Digital_Music,1.0,-0.0
AF2O4GMP7Z6ZV7WZGJM5MGT27GAA,Digital_Music,1.0,-0.0
AF2PS4EFHEZRHLI4FXKA6LYR3WFQ,Digital_Music,1.0,-0.0
AF2T7NQ5S7SVEBHC7VGY23KZGQDA,Electronics,1.0,-0.0
AF2TK6ORPJPQH2TBE4PKEA7DCX2Q,Automotive,0.6666666666666666,0.9182958340544896
AF2TS3KEYKELC73VSUTRGAE44FQQ,Digital_Music,1.0,-0.0
AF2VTDKGOBVINTPJH5IVAJRKDEPQ,Books,1.0,-0.0
AF2WT5HLSFDRZLZXCMBQL4DT2FBQ,Digital_Music,1.0,-0.0
AF2Y4ZTHLJB72VUEMDRQAJDLJI3A,Cell_Phones_and_Accessories,1.0,-0.0
AF2YDVBOVLWP3WP2GEE6AZD7LPUQ,Cell_Phones_and_Accessories,0.75,0.8112781244591328
AF2YVVF5EWP7SJJNCB2H32FMMDGQ,Digital_Music,1.0,-0.0
AF2YXQVXC5KE672X6PWMHE4GXH4Q,Digital_Music,1.0,-0.0
AF2ZMVLJAQX3WLS5HD6646QZI2NQ,Digital_Music,1.0,-0.0
AF32UU33D7ADPI2NFMDV36P2TM4Q,Cell_Phones_and_Accessories,1.0,-0.0
AF33JZMEOPNR5RROTLPJA3VG43CA,Digital_Music,1.0,-0.0
AF35BGUUHLK3335IM3G5GXGXOQRQ,Cell_Phones_and_Accessories,1.0,-0.0
AF364RSCZMTAEVX533SS37L7G4OQ,Digital_Music,1.0,-0.0
AF37HETXCNPLIXJRMMYWVDLI4QBQ,Automotive,0.4,1.5219280948873621
AF3CK4ESKOD65RAC23OSFQNTP5KQ,Cell_Phones_and_Accessories,1.0,-0.0
AF3D3R7EJKCATWRQYAJPKAOGNAXA,CDs_and_Vinyl,1.0,-0.0
AF3EZS3KE4ERLKYHQ3Y324EBQEIQ,Books,1.0,-0.0
AF3FH5H3IEN5GCFHRPJ2BV3BW3SQ,Digital_Music,1.0,-0.0
AF3GHL7OXSMBHL2WASZUJ3SURYSA,CDs_and_Vinyl,1.0,-0.0
AF3GYVKFGZ4R24UB5N42W4PVKY6A,Digital_Music,1.0,-0.0
AF3HNAQK2URNEBAZQCRZGSPBU5FQ,Books,0.8518518518518519,0.8274087988556427
AF3IELI63FDNLEAGV2I6KYJ2LXFA,Cell_Phones_and_Accessories,0.75,0.8112781244591328
AF3IUNTQXWHOFUPEA5GHRTLFUK2Q,Digital_Music,1.0,-0.0
AF3LBRZERHYKJUAXLP4UYNQFOD3Q,CDs_and_Vinyl,1.0,-0.0
AF3LZY7Q2FOIBJUBFW3LEANBVOQA,Cell_Phones_and_Accessories,0.6666666666666666,0.9182958340544896
AF3MCWIU26SI5GDS4Y7BOYRIMCMA,Digital_Music,1.0,-0.0
AF3QKQDBPOQRR3YKMXXVW5CHWFMA,Digital_Music,1.0,-0.0
AF3SS2K7HDO7SLEMONGZ6KEYPL7A,Digital_Music,1.0,-0.0
AF3UFP5D6EA7XVCAAWSF7IS7T3MQ,Digital_Music,1.0,-0.0
AF3XGVFJGJKRVHB3YCCVOJTPKZIQ,Digital_Music,1.0,-0.0
AF3XN2CMS7TNB4PPCD7XRRCWB6YQ,Digital_Music,1.0,-0.0
AF3YB4B5S7TMESAOQL43JYWL4FOA,Digital_Music,1.0,-0.0
AF3YUNGL3RAJWRNOI4UNSPY76VQQ,Books,1.0,-0.0
AF3ZRKX34AGQNZ2MPMFKPQ2X2ZNQ,Digital_Music,1.0,-0.0
AF43PJH7OJ6557NMXAAP5CRLDNGQ,Clothing_Shoes_and_Jewelry,1.0,-0.0
AF46PQQYVBOILGKBR4SKP7VJNOCA,Digital_Music,1.0,-0.0
AF4BD6HDGEAYGFGPYWMXFUPBXVXA,Cell_Phones_and_Accessories,0.6666666666666666,0.9182958340544896
AF4BN5IK6HUEXLPTUULD22TGEFOQ,Digital_Music,1.0,-0.0
AF4BOHAQZZBMDYP7B6IWIKQNHTCA,Automotive,0.5,1.4591479170272446
AF4CEMXNWUBPEGBGXOH3ZZP2T4YA,Digital_Music,1.0,-0.0
AF4CL5VBGKUR5FSP4FMLWT3ZWMSQ,Digital_Music,1.0,-0.0
AF4EKXYDG4OWBDAS7NXUGSG6IY3Q,Digital_Music,1.0,-0.0
AF4FLIUFGWPFLQQEBEIFQHGERKRA,Automotive,1.0,-0.0
AF4G5OBISHGTROXGK76JLBIKHSUQ,Digital_Music,1.0,-0.0
AF4GFATVLGDPUMYVAWU6N3ULQEPA,Automotive,1.0,-0.0
AF4IKJMS4TPSLWTXBJHRJ542XQAA,Books,0.4375,1.7961796919474975
AF4JBSDXHIXSJOPQAL5FK4PJPGTQ,Cell_Phones_and_Accessories,1.0,-0.0
AF4KGFYH26KERCGL7IO2KQKJM2SQ,Clothing_Shoes_and_Jewelry,0.5833333333333334,1.2806721295208872
AF4NIQPIZQ3S3G6KEVQW33DNHZSQ,Automotive,0.6666666666666666,0.9182958340544896
AF4O6U23HTVGGKWAKWXIWF6ZW7CA,Digital_Music,1.0,-0.0
AF4OI5F4QGCITNUT7YUMI344RJDA,Automotive,1.0,-0.0
AF4OMOFLB27YNVHNR5CIHJM77UEA,Electronics,1.0,-0.0
AF4SXU4676UWMQQSX2GKHHFBBT6Q,Automotive,1.0,-0.0
AF4TOFX7CQ2YAG5WM3PCCPKHH3FQ,Digital_Music,1.0,-0.0
AF4VEZGRGAT75ZVAOR4KRNDMZIBQ,Books,0.4,1.9219280948873623
AF4VFAAC7R62GKNCONMXAWNTSSSA,Digital_Music,1.0,-0.0
AF4WLLHTQLRPEZ33OJDYG23MFLKQ,Automotive,0.5789473684210527,0.9819407868640977
AF4WPFKHHNUEKY2I7TJ6GR4YJ3KA,Automotive,0.5,1.0
AF4WXF7NIDXZCB23OODOMCQR2WKA,Digital_Music,1.0,-0.0
AF4XAUOI5XPGWHCPOTORKBIJSRDA,Automotive,0.42857142857142855,1.5306189948485174
AF4XFLPD67HYHE2UGJTWV2IU7BDA,Automotive,1.0,-0.0
AF4XMOHDXFRANNUJW3JMI4MYGEPQ,Cell_Phones_and_Accessories,1.0,-0.0
AF4XPHIAAWI536Y7GHFBFCV7SQ3Q,Digital_Music,1.0,-0.0
AF4Y2O5Z4P7JZPXUQSR62VAP2I3Q,Cell_Phones_and_Accessories,1.0,-0.0
AF4ZJVB5TJEJP4UTBLGGJTUDRGSA,Automotive,1.0,-0.0
AF56CJJC4GXQYWFTX7EIBYWV4KQQ,CDs_and_Vinyl,1.0,-0.0
AF5BBJOFGZN6OU7SFABYJT7YAHBA,Digital_Music,1.0,-0.0
AF5C5KSGB7FPNFY3B2F46AX5BRZQ,Clothing_Shoes_and_Jewelry,0.625,0.954434002924965
AF5DDQZBNB2UEWU6IZF7VELJQJGA,Automotive,0.6,0.9709505944546686
AF5HQITKATBZWSKQ5BXEKW4CK4HA,Digital_Music,1.0,-0.0
AF5JU3VCZM2XNQAN6T7NFJEENENA,Digital_Music,1.0,-0.0
AF5KFHNT3TQJ2GNSE3FCDFQOBICA,Electronics,1.0,-0.0
AF5KHOHRF2PHDZVWJSYAVFUD7C2A,Cell_Phones_and_Accessories,1.0,-0.0
AF5KLMIXJ6ISU7NAPIEP57SE62NA,Automotive,1.0,-0.0
AF5KVQC7THWPXYVICOES6BMHNZSQ,Digital_Music,1.0,-0.0
AF5LBIWMZJFNZ4AIKDAJSL5S6TEQ,Digital_Music,1.0,-0.0
AF5MJENGAL5G6BUFIVMH5LRSZ6EA,Books,0.9230769230769231,0.39124356362925566
AF5ONT5E32WV45KAMQSUT43IPXOQ,Digital_Music,1.0,-0.0
AF5OX5OJ2IFYUMGEETNMMIKITRKA,Digital_Music,1.0,-0.0
AF5PN3FPG5Z66P7Z7UWL56D6CGMA,Cell_Phones_and_Accessories,0.8,0.7219280948873623
AF5PSFCS64I5CGSNI5Z5CJJB4QEA,CDs_and_Vinyl,1.0,-0.0
AF5SRI2Z6Y2F4OBEEPUQ7RMPFIIA,Digital_Music,1.0,-0.0
AF5WQNTBQKV7QBBKRBQ7N5M3TDXQ,Digital_Music,1.0,-0.0
AF5WTPC7OZF45HXB5J2V3L4CLVEA,Automotive,1.0,-0.0
AF5YGFIDUL4PVHGLOLLCE2ZOZSCA,CDs_and_Vinyl,1.0,-0.0
AF5Z2RWMKZOTVIXDTOTYJKVJ7G2A,Books,0.5,1.4056390622295665
AF5Z7T3SAFEAVEQALVC75JIFNTGA,Digital_Music,1.0,-0.0
AF5ZPPZA6HEYRFCBJYWVCTZJOUMA,Digital_Music,1.0,-0.0
AF62AEIOEKVHHD4XH2ID7PXWB7AQ,Digital_Music,1.0,-0.0
AF63IMM5Z4WG32KOGDHDC32EWE3A,CDs_and_Vinyl,1.0,-0.0
AF63JIAC77OVDXQA7KFM5FEZJR5A,Digital_Music,1.0,-0.0
AF63NWLQNHWRWRCTECW5D46FTZTA,Digital_Music,1.0,-0.0
AF63SFHHIMHVF6TDVLBSAEVEUYMQ,Digital_Music,1.0,-0.0
AF654EU2AS2ZMYMT4DM5ZCA2WJ7A,Electronics,0.6666666666666666,0.9182958340544896
AF65L4YYZQHLPDL6VKUEOUKKJ3ZA,Electronics,1.0,-0.0
AF67PYI2JFGZ7SZZOOWPTIWBZW5A,Digital_Music,1.0,-0.0
AF6AJODJRJ4VMXE55IRLXKMUAXSQ,Cell_Phones_and_Accessories,0.5,1.4056390622295665
AF6AK5OVE22L55JHPJZITX5SFAUQ,CDs_and_Vinyl,1.0,-0.0
AF6AP3BHDLCYBCYNIH752RMQUC3A,Cell_Phones_and_Accessories,1.0,-0.0
AF6ATWNWHV5O53ECWO3WXEFTZ6FA,Digital_Music,1.0,-0.0
AF6CIVHLLNSTQDVHUSNDCLT4UXNQ,Automotive,0.3333333333333333,1.584962500721156
AF6COLVCUDL5WZZMOBHMCNCBQMEA,Cell_Phones_and_Accessories,1.0,-0.0
AF6JERHUB6IQWBPOG6XOKIUYI3VQ,Digital_Music,1.0,-0.0
AF6KOXEH5SDNBKOTRIWUZ4FYX3FQ,Digital_Music,1.0,-0.0
AF6KU2PB4NMUREATJUXXGKEAO3QA,Digital_Music,1.0,-0.0
AF6L5ZQD3WBL2P7ZN5VAFMABWMHQ,Digital_Music,1.0,-0.0
AF6LHQ63Q5E7IVNKS2M54VB3YI3Q,Cell_Phones_and_Accessories,0.5,1.0
AF6MMBBZYTZFCV4EFCSC4ULFILWA,Cell_Phones_and_Accessories,0.75,0.8112781244591328
AF6N3BBR32UMXX276IR7CTZTVTQA,CDs_and_Vinyl,1.0,-0.0
AF6QMSNCJH3DDOIPR7PBNXXF3WHQ,Digital_Music,1.0,-0.0
AF6RDBIZWDAI7TZKDHIW6OXYVLTA,Digital_Music,1.0,-0.0
AF6RFA6T3KGL2PMIAEML5F2HINGQ,Digital_Music,1.0,-0.0
AF6RYGFAHCMPVK2KGRZXEBHLTCGQ,Digital_Music,1.0,-0.0
AF6UNOZX7XRKH32473UO44C2AHQQ,Digital_Music,1.0,-0.0
AF6V7WITEVZYZTAICVICHOAVL5NQ,Digital_Music,1.0,-0.0
AF6VEZECVKT4NDPCRMKP626H3KEQ,Digital_Music,1.0,-0.0
AF74IF7IL2FWPDLYS7BSSWQA7LCA,Books,0.5,1.5
AF7DEHKMKM7GNZCHQUMZMREGKM5A,Digital_Music,1.0,-0.0
AF7EM4N67D5P4YJKZZF7XODK6HVA,Digital_Music,1.0,-0.0
AF7EY7M7BAOTHXN3K7K6R5WSVTVQ,Digital_Music,1.0,-0.0
AF7FMSNMIAN6ZABPSPWKXH3B3RVQ,Digital_Music,1.0,-0.0
AF7GJOFZAY2NE5FYJZPQA65FWVMA,Digital_Music,1.0,-0.0
AF7HW6NY5XXOX3DE4WQOTGQYHC6Q,Digital_Music,1.0,-0.0
AF7J5A2ME55LSCRVQWXB3BKE7CHQ,Electronics,0.4074074074074074,1.7144116568924308
AF7JT6CKVCYYXMMVB23LBN2VSQ5A,Cell_Phones_and_Accessories,0.5,1.0
AF7KCL6AOHTWOWXABCK3ZOJGGRPA,Digital_Music,1.0,-0.0
AF7KZKMOVOUFI6GEOLFDIHERFAJA,Cell_Phones_and_Accessories,1.0,-0.0
AF7MRXMT5BZFOEQY7X3F6D4QDEOQ,CDs_and_Vinyl,1.0,-0.0
AF7NMW5KYBO2K53GR2GPMC3DPY5A,Digital_Music,1.0,-0.0
AF7R4AQDDVFXBSEBYRIMI2WPFB4A,Digital_Music,1.0,-0.0
AF7R4ZBXQZACHPAR62HARSTCNFWQ,Digital_Music,1.0,-0.0
AF7RHUB2RXOIRQDSH7SZDLYPZPQQ,Electronics,1.0,-0.0
AF7STGSJYCAHOQAKN3JTC3JC3Y5A,Electronics,0.6521739130434783,1.3012517848198515
AF7VJSFT24TEW2HAAUAMDJDAENTQ,Digital_Music,1.0,-0.0
AF7VOQPCGNOCDZVRDNTQGESZJ62Q,CDs_and_Vinyl,0.8571428571428571,0.5916727785823275
AF7YEJZHL2PP3L7R3HBJZENN7QXQ,Digital_Music,1.0,-0.0
AF7ZINXE6MF5H7AGHIMQIOBTRPOQ,Clothing_Shoes_and_Jewelry,0.6111111111111112,1.3321126843581232
AFA26DYXVLJYTYZ3KET77GE27N2A,Electronics,0.375,1.9056390622295665
AFA2HZAKKWNUGYNOMQT7TTYOKYTA,Digital_Music,1.0,-0.0
AFA2RRMTDTTMIHOUD6WNBH7AH75A,CDs_and_Vinyl,1.0,-0.0
AFA2U2ZWVRYX3ACXTUL7DU3ZUGLQ,Cell_Phones_and_Accessories,0.6666666666666666,0.9182958340544896
AFA6RLSFP5Z2NDOGPYJ3U3Z3SPNQ,Digital_Music,1.0,-0.0
AFAA7WD5EOAHFKGTWFRBP6YCE46A,Automotive,1.0,-0.0
AFAAJ2JQBNPL7JYAP4JWBWPJD5LA,Digital_Music,1.0,-0.0
AFABDHAX4UX5QYXIFBZEQRL6P4VQ,CDs_and_Vinyl,1.0,-0.0
AFABY5MRZ2ODH6AGPR3RYIMUIMNQ,Digital_Music,1.0,-0.0
AFACEDIFMYWY4CHKDKHJ3N5B33XA,Digital_Music,1.0,-0.0
AFAD6IGTLID7GW3T6WVNVBGUNQVA,Cell_Phones_and_Accessories,0.5384615384615384,1.419556298571613
AFAE5TN6ZBXFPCM7ROQKDHZKNZNA,CDs_and_Vinyl,1.0,-0.0
AFAEKCTJEQFGDCQEIFNJP3IORW2Q,Digital_Music,1.0,-0.0
AFAEZ4JGUCWVNTSTH4MSZWXK7HFA,Digital_Music,1.0,-0.0
AFAFOJDV3TNEQMR2H3EYKM4UEMNQ,Cell_Phones_and_Accessories,1.0,-0.0
AFAG52VPTIGYZT5TRHW7FUWXOQ3A,Digital_Music,1.0,-0.0
AFAHVT5FXHSIGNDR7YZK3FOCW3YA,Clothing_Shoes_and_Jewelry,1.0,-0.0
AFAIAU26DKSQCZLMTXQN3BP2QGQA,Digital_Music,1.0,-0.0
AFAIJYOUO3NAWLBDIKTQSC3DASWA,CDs_and_Vinyl,0.48502994011976047,1.6249499406518342
AFAIUGQT3CKQQ5NAVGOMKIN5F2BA,CDs_and_Vinyl,1.0,-0.0
AFAJQ42J7ZEW6SCDDCPMKJ5CPWVA,CDs_and_Vinyl,1.0,-0.0
AFAKDRFJXFX22FDQKP2AXHR3OWEQ,Digital_Music,1.0,-0.0
AFAKVUN4OHGPAGON3THJXPGJ4BKA,CDs_and_Vinyl,1.0,-0.0
AFAKXUI6QSD7SO5JOUKI6EBY2CDQ,Digital_Music,1.0,-0.0
AFAKYTPXRB64ABMSP547V22KF7NQ,Automotive,0.6,1.3709505944546687
AFAMBSYJBEWO3QMJ4X6ODGJ7ZKUA,Digital_Music,1.0,-0.0
AFAMOLAPKR3M2NPTMB362T2Q5RBQ,Automotive,0.625,1.3486207693195222
AFANGZRYDXU6RZFWNMAPBLV2AFUA,Automotive,0.5,1.0
AFANVB6MPHJTCTFOVIEBKLWZ2GVA,Clothing_Shoes_and_Jewelry,0.4,1.6841837197791887
AFANZDVCKZBLGJ5UPC37ASPTM2WA,Digital_Music,1.0,-0.0
AFAP7A6P3TICUUAOBBRXPHUXNCZA,Digital_Music,1.0,-0.0
AFAPY6Q67HMIBQTTW53CM3N47SMQ,Digital_Music,1.0,-0.0
AFAQU455OWWJBFAIRTUGZLXTLWCA,Books,0.6666666666666666,0.9182958340544896
AFAQYJOKMELB4JP3SJ2426HCXEAQ,Cell_Phones_and_Accessories,1.0,-0.0
AFATF3CIWPOPQ647GC3FTRK4VBPQ,Digital_Music,1.0,-0.0
AFAUPE7JAJBEGFXCYHA3HGGSPR5A,Digital_Music,1.0,-0.0
AFAVJAKFW4G3OFIN6KOPI46AAKDQ,Digital_Music,1.0,-0.0
AFAWHRH5SMYTLVJAA4D2ALJHN5HA,Digital_Music,1.0,-0.0
AFAX43IN46NU5GHTTOOON3EQNW2A,Books,0.9148936170212766,0.5475806718438031
AFAXSME5L36JLYDFLIAO7NF4F2UA,Digital_Music,1.0,-0.0
AFAXW2JSMFBWTUIQPYEJQUNLPNOQ,Digital_Music,1.0,-0.0
AFAZJO4FXNPYFIGOUIWIAUQYBWLA,CDs_and_Vinyl,1.0,-0.0
AFB23VOIW47YOEXNDOX7NXT3CQNQ,Digital_Music,1.0,-0.0
AFB2SFHBF4INKNJDHNM6NHSNA2RA,Digital_Music,1.0,-0.0
AFB2W7K4MNWXLZTISBUUINONT6EA,Digital_Music,1.0,-0.0
AFB2YVTRAJW2GCUQMBBNHEPNXCGA,Electronics,0.6,1.3709505944546687
AFB3L4JRAOROSUZ2NQEWT5J252XA,Digital_Music,1.0,-0.0
AFB3S46LJXHSIIXQDZGNX6VO32NA,Books,1.0,-0.0
AFB436FXVBLY6VYXRQJW6F53GRNQ,Cell_Phones_and_Accessories,1.0,-0.0
AFB5QFLDXP2T5V2RFVJJS2OVKDVA,Digital_Music,1.0,-0.0
AFB6GBEYFLU4ARUPS3MESCJPO6JA,Automotive,0.6666666666666666,0.9182958340544896
AFB6LWZEGOS2N533N2BGGYIZ3PDA,Automotive,1.0,-0.0
AFB6OR5RIL4UP5HCNAYDCP24UQ4Q,Cell_Phones_and_Accessories,1.0,-0.0
AFB776E5ZYFKDOMSHU42TBUDJWDA,Digital_Music,1.0,-0.0
AFBA6P7ULPQZNMRW2LHXALFEGEVQ,Automotive,1.0,-0.0
AFBAUNG5JZ4FJZHVTWZSEASNQJRQ,Digital_Music,1.0,-0.0
AFBCTQL4LFFQPPKWM73B4VORICXQ,Digital_Music,1.0,-0.0
AFBFBKRVURIRVCVMHDOR4PFXXCDQ,Digital_Music,1.0,-0.0
AFBGS3BNUGBSMG6WH3QCLTB4W22Q,Digital_Music,1.0,-0.0
AFBI5C4W3COTCIVUHXKU5G7A4CBA,Digital_Music,1.0,-0.0
AFBKDT5DUSYSURQRYZ3DGGSG5MIA,Digital_Music,1.0,-0.0
AFBNUUEP6RLU6BCSATVAKDQM7ISA,Digital_Music,1.0,-0.0
AFBOPU3ZPBEHXZBGXQ6HLR5GOAOQ,CDs_and_Vinyl,1.0,-0.0
AFBPEPLR6T324PCFTF3SDLOD4FWA,Electronics,1.0,-0.0
AFBPXPGKYYS4ELDQKDQLI4GUMI7A,Digital_Music,1.0,-0.0
AFBQWGTHEJKBDS7LO7KSMOLXZ2JQ,Books,0.5,1.0
AFBSRM5W4VXZYBQXA4V3NXRUL32A,Digital_Music,1.0,-0.0
AFBTXCSLSSICK734GIDYSHVZVSFA,Automotive,0.6666666666666666,0.9182958340544896
AFBUVEUIZZMKE2PC7D46LCM6C53Q,Digital_Music,1.0,-0.0
AFBXSJ5I6I4PPWAYEW4A6GP2EX7Q,Digital_Music,1.0,-0.0
AFBYH22SGVKVC7G7MI774527B7TA,Digital_Music,1.0,-0.0
AFBZU2GJP4GCB3NWA6HIL63KDZYA,Digital_Music,1.0,-0.0
AFC3IQ472D7B2SCOKFD5HEJI3CCQ,Digital_Music,1.0,-0.0
AFC3MFI2MO2YBWWOPMVGMT5NSKGQ,Digital_Music,1.0,-0.0
AFC7EE4DVV3XQKMOI74ZA4CP24SQ,Cell_Phones_and_Accessories,1.0,-0.0
AFC7LVTESVNJUEBZUE7PZHQKK7FA,Digital_Music,1.0,-0.0
AFCDFAXUFMPYC5QCYCCBM2FKRQZA,Digital_Music,1.0,-0.0
AFCDFCIQQ626L7CMOLONYI2REBHQ,Digital_Music,1.0,-0.0
AFCF42UEL75CPDL6CLELVNQ4FTTA,Books,0.75,0.8112781244591328
AFCG4PXZWKCP6XTTC4AQU2OCYAYQ,Automotive,1.0,-0.0
AFCHDP2FFJT6DDXPDZBIPXJZVWDA,Digital_Music,1.0,-0.0
AFCHZEWYXBKTILVVSVCS73VVUY4Q,Cell_Phones_and_Accessories,0.5,1.0
AFCK3OITBY3PCAFLDZAA2XNEQJDQ,Digital_Music,1.0,-0.0
AFCLP4J336GVLB2VXGO65NOPYPSQ,Digital_Music,1.0,-0.0
AFCMMPNL4TFUNXI5W2CW262YXSMQ,CDs_and_Vinyl,1.0,-0.0
AFCOEGXRB5XGUYAT7JO37HCDP5IA,Digital_Music,1.0,-0.0
AFCOQRS45VWQGQHZDWS6T5NTUADQ,Digital_Music,1.0,-0.0
AFCQODELZPN3GI4MKTVHEJEGXF7A,Cell_Phones_and_Accessories,1.0,-0.0
AFCQVUEGUPO4B3KQGQ3WFCOOKP6Q,Digital_Music,1.0,-0.0
AFCSIDWSKICZ5UH26NREKPW25X4A,CDs_and_Vinyl,1.0,-0.0
AFCUIZAAO3TSWKVRKXC2ZASHAXDQ,Cell_Phones_and_Accessories,1.0,-0.0
AFCYHUU4NDAQNWRWLFNZYVBZAPFQ,Digital_Music,1.0,-0.0
AFCYPN2FTQWORDT33DWOSNQES7KA,Digital_Music,1.0,-0.0
AFCYUFW3NQ37UQXYVWL3LN4LAKLQ,Cell_Phones_and_Accessories,1.0,-0.0
AFCZZDLVU3IBXQJA3OIG2SMKVBVQ,Digital_Music,1.0,-0.0
AFD2BNRFRZQKGEUXGEHO3TAWEIGA,Digital_Music,1.0,-0.0
AFD2DDV4W6XBFKXH4RMD3ATNWPJQ,Digital_Music,1.0,-0.0
AFD6JJWQ345PY6RD3AEVQT635RYA,Digital_Music,1.0,-0.0
AFD6OGB6AY4YPKN62LCTXGYR7KJA,Cell_Phones_and_Accessories,0.6666666666666666,0.9182958340544896
AFD7AT5OTJ52EA3Q2LO4QFDGO5PA,Automotive,1.0,-0.0
AFDAN27KWZQOMPX5J2NB7MAPOIXA,Automotive,0.6,0.9709505944546686
AFDAUD2XGCFQCXSQVHR5EMMZ27AQ,Digital_Music,1.0,-0.0
AFDBZN7YA4VAVP2HS3B73XKUA4TA,Digital_Music,1.0,-0.0
AFDDZZPYGARHAPE4BBHJWQ2YAAPA,Digital_Music,1.0,-0.0
AFDEDV6F2BJG7SDKLY3LB5C24JVQ,Electronics,1.0,-0.0
AFDEH7TVRJ4GBWE76Z7RBSHQOC4A,Cell_Phones_and_Accessories,0.9230769230769231,0.39124356362925566
AFDERBL3G23J5U6HHQBAZLTREKOA,Clothing_Shoes_and_Jewelry,0.8,0.7219280948873623
AFDERNB6BIR3U2DOR3S2KX7KJJXQ,Cell_Phones_and_Accessories,1.0,-0.0
AFDH2GAWP3RSARBENKZKV2Y7W34Q,Digital_Music,1.0,-0.0
AFDIUCNEDNFPWKTJ63N4VQNZIFHQ,Electronics,0.5714285714285714,1.3787834934861753
AFDK44VZEDMW26DZF2VDWSDNHE6Q,Cell_Phones_and_Accessories,1.0,-0.0
AFDMBP5WKTPK4TUMUXPDDDQOFP2A,Digital_Music,1.0,-0.0
AFDMZ4TRX3HXQQUGWAHJQTIF65BQ,Books,0.39461883408071746,1.8365092513603392
AFDNHQUKH6IZULW3MH575JMEDWHA,CDs_and_Vinyl,1.0,-0.0
AFDNLNTANUGENK62RSTAQALJOWPQ,Digital_Music,1.0,-0.0
AFDPKX3DYZI6FV5GXLI7NVTULR4Q,Automotive,1.0,-0.0
AFDSQSP5V3OKKBRVZDPOQMJSLNKQ,Digital_Music,1.0,-0.0
AFDSTZALRDM64PFS64CMKVIZUN6Q,Automotive,0.8695652173913043,0.5586293734521992
AFDUIMTDQILPKQMOJQ2XM3EGBPPQ,Digital_Music,1.0,-0.0
AFDZ2TKCJCQTGS5IEUTKES43CKKA,Digital_Music,1.0,-0.0
AFDZTUGGQIHCVV2AQ5B2Y22KPVRQ,Clothing_Shoes_and_Jewelry,1.0,-0.0
AFE337D2J37YRU5U6MVTVKNDKWDA,Clothing_Shoes_and_Jewelry,0.4,1.9219280948873623
AFE454TBPJXVP55M6STLR6R5664A,Automotive,0.8,0.7219280948873623
AFE6BPTGLVC7ZE7TCSR3G3T2K6VA,Automotive,1.0,-0.0
AFE7OXQ2GPXOICDFCLDEOW55SKLA,Electronics,1.0,-0.0
AFE7XVAELVHIHWHKM6NFIVLS55YA,Digital_Music,1.0,-0.0
AFEA4J7GALPGC6PJDLQQLTDYFSKA,Automotive,1.0,-0.0
AFEAJQIVVIZCTKQNNHD73H7VQSPQ,Clothing_Shoes_and_Jewelry,0.5,1.0
AFEBIROAXLIDRIA7UKEONIX2T5LQ,Digital_Music,1.0,-0.0
AFECJFZZCGTND6HWT4EENHOVLYGA,Digital_Music,1.0,-0.0
AFECWDHJXGC2NPMMCW6FT55WUY5A,Digital_Music,1.0,-0.0
AFEDZ3V72UXPLF5SSZQAOSMHZQIA,CDs_and_Vinyl,1.0,-0.0
AFEEZNPBQQMYEF3ZNDAAKPD3KEXA,Digital_Music,1.0,-0.0
AFEGHKRUQPHJXO654PI6VT2WDRWQ,Digital_Music,1.0,-0.0
AFEHQFGHHAGB37ILECOPN6ZNOJVQ,Digital_Music,1.0,-0.0
AFEHTC33FA4UXWIO2MKKHFHPBO5A,Digital_Music,1.0,-0.0
AFEHUA43I6DXUYV4U2IW2AVEAH6Q,Digital_Music,1.0,-0.0
AFEI6AGUAQV4FH4TSBSHUHRXBHYQ,Digital_Music,1.0,-0.0
AFEIN7QWSQ6EFW45LKD7ZOCSMLGQ,Clothing_Shoes_and_Jewelry,0.4444444444444444,1.836591668108979
AFEJ2MZWR7O64X2S3ZI2J7BFKTYA,Automotive,0.515625,1.4387038630303666
AFEJKJ56OD6H2XH55DGHJI2526MA,Electronics,0.4666666666666667,1.5058231002082845
AFEKAJBRLIJLH5BTSKQQUA63IOGA,Cell_Phones_and_Accessories,0.6666666666666666,0.9182958340544896
AFEKLROUUZQMAEHTHHGP2ZHFV37Q,Digital_Music,1.0,-0.0
AFEKXB75RG55V2AMHSSXS4D3NUDQ,Digital_Music,1.0,-0.0
AFELPHCVIVREBKR6OVK54QE33TYQ,Digital_Music,1.0,-0.0
AFEMNWPO23WHVPSHB4N4RMMPQXQQ,Digital_Music,1.0,-0.0
AFEMVUNGJXKV5HA463WSDY4I2K7Q,CDs_and_Vinyl,1.0,-0.0
AFEOQSQDQJOR5RIPIQHKJVQHBE7A,Digital_Music,1.0,-0.0
AFEP23NFXJI3T44Q4XC55NT6COAQ,Digital_Music,1.0,-0.0
AFEQWKRQRTRB5DCVMZBEXIVYZRDA,Cell_Phones_and_Accessories,1.0,-0.0
AFERCDY2EFJKT7QUQ75GISNHTFOQ,CDs_and_Vinyl,1.0,-0.0
AFESOGK6RAEMUSOE6P5YFOAB6KMA,Digital_Music,1.0,-0.0
AFETVW7S5M4LVJ7GTWPCKT7S3YBQ,Clothing_Shoes_and_Jewelry,0.5238095238095238,1.6152502650882519
AFEUJGH6HN52IP6H7ZD26KYZGEWQ,Automotive,0.9333333333333333,0.35335933502142136
AFEUSYXIOR2S7XQEZWUA3SOCQZSA,Digital_Music,1.0,-0.0
AFEV5KMXLLJKBSGXCBRZUOZQSRPQ,Cell_Phones_and_Accessories,0.625,0.954434002924965
AFEVG476PAAYPHQQWLNZSMH6U32A,Digital_Music,1.0,-0.0
AFEX6EZ2RDXY23CNVDQ7IOM37KHA,Digital_Music,1.0,-0.0
AFEXLWL4SUBFCZHPNARIJSSRK57A,Digital_Music,1.0,-0.0
AFEYY6TB5DOF2U4WCL7GRMNZREJA,Automotive,1.0,-0.0
AFEZ5USUDVJLGSOB5SVVBUOLVNAQ,Digital_Music,1.0,-0.0
AFEZEXHKWDXTL7WIZMSC4X4NBGQA,Cell_Phones_and_Accessories,1.0,-0.0
AFEZUIQCY3XUUXMUFOKWXLXB3IJQ,Digital_Music,1.0,-0.0
AFF3KDB5H6U7BVDEIDTU2JAEYPXQ,CDs_and_Vinyl,1.0,-0.0
AFF3OMRONF4EAG4MGCTIHNZOZU2Q,Cell_Phones_and_Accessories,1.0,-0.0
AFF4ANFJAIAJS2SKDYJNUFOYV6KA,Digital_Music,1.0,-0.0
AFF4HYG5UDHPRHSG4YIAPV4E343A,Digital_Music,1.0,-0.0
AFF567O3QSOCJ2LLELJLYK525D6Q,Automotive,1.0,-0.0
AFF75EKIFKNWGEWS4U7E5IWZQT2Q,Digital_Music,1.0,-0.0
AFF7ENSBOBGYJQANUB6RZVFDE4NQ,CDs_and_Vinyl,1.0,-0.0
AFF7HZTLTBXKYP2LJODVEMYQ75OQ,Digital_Music,1.0,-0.0
AFFB5XQCMCRBGPZFJLMTHPORDNPA,Digital_Music,1.0,-0.0
AFFCDWM66CJL6RZPDNZ4EYVXGH2A,Digital_Music,1.0,-0.0
AFFCDYHUH2JWTMIYBOQFGEWDL6DA,Digital_Music,1.0,-0.0
AFFDTNKCLTZIQQU5AVNW6KDG2G2Q,Automotive,0.8,0.7219280948873623
AFFFV4Y35FUSSYUMRHYV4P34X2MA,Cell_Phones_and_Accessories,0.6666666666666666,0.9182958340544896
AFFGOQCJHIASA42WX7WBODWIBYRQ,Digital_Music,1.0,-0.0
AFFH5QKBOZANHO4ZZ7OKL7JFXFUA,Automotive,0.75,0.8112781244591328
AFFHBQAMFTXYQIEHNRAKZPBJZGJA,Digital_Music,1.0,-0.0
AFFNSHESNZE54MPCJSH24PQ4KZ4A,Automotive,0.3333333333333333,1.584962500721156
AFFNTMCC75AYZT67CGCNIBJMHREA,Digital_Music,1.0,-0.0
AFFOHQDTKLECGKHIGBJ76UOYQYQA,Digital_Music,1.0,-0.0
AFFP7OMXXDGNZ3LSQKTMHYWRK37A,Digital_Music,1.0,-0.0
AFFPV4IYIVU2BAG4CX7UF77Q75YA,Digital_Music,1.0,-0.0
AFFQBBI6O5VWJCDAGK7ZCV5WYCMA,Digital_Music,1.0,-0.0
AFFQMD7UHEWWCSLYZUVBTTV3EGSA,Digital_Music,1.0,-0.0
AFFR7R7ADZWGXB57TLBOHHSFC53A,Clothing_Shoes_and_Jewelry,0.6666666666666666,0.9182958340544896
AFFTVICF5EABBFHLUVPHFCBDG42A,Digital_Music,1.0,-0.0
AFFUQ74IYR7WHL47W7E5DG4CVHBA,Digital_Music,1.0,-0.0
AFFUYLZDWUQJS2QOUO7YSWUFKTEQ,Digital_Music,1.0,-0.0
AFFV2URUQPFTO44LU5JSIQISYXYA,Digital_Music,1.0,-0.0
AFFVGJL3IEVM3HW7EX3TI6OSQEXQ,Digital_Music,1.0,-0.0
AFFVVXONBPN2SUFPXUJUTIRH3E3Q,Digital_Music,1.0,-0.0
AFFWGDBDBUOKL3RMQIJNFJUAGVSQ,Digital_Music,1.0,-0.0
AFFWKJPKJPS5CQHY3JIVZ7AMHBGA,Books,1.0,-0.0
AFFXM7L6V6JSL7JGPJBC2Z3X2HIA,Digital_Music,1.0,-0.0
AFFY2VLMWDE4Q4CVTN5XJXDX7OWQ,Digital_Music,1.0,-0.0
AFFYYNK24CALIKW3UNL4XX6QWIQA,Digital_Music,1.0,-0.0
AFFZC56PV6LULWV5PQDSFMV3BS2A,Electronics,1.0,-0.0
AFFZDGL6WH5YI2XV32NEMUCVXPYA,Digital_Music,1.0,-0.0
AFFZVSTUS3U2ZD22A2NPZSKOCPGQ,Books,0.39634146341463417,1.9427766151048549
AFG3UPNZF3HTRC5EVLRSU4ULLJZQ,Digital_Music,1.0,-0.0
AFG4JI5VU7OPZKQK6ZJOURYIPPFA,Digital_Music,1.0,-0.0
AFG4UXMDWOFNTYUFKYTO4MLAAEWA,Digital_Music,1.0,-0.0
AFG6BOX7SFWFTWNRMO7LSMDLA6CA,Digital_Music,1.0,-0.0
AFG6YQ3GOY7TVFKQ3SKDVS6Q6RDQ,Automotive,1.0,-0.0
AFGBCKY332YUCUTAHCB56EPUSXRQ,Digital_Music,1.0,-0.0
AFGBVLT5NQKF7ADOMGLKJ2SBQMZQ,Digital_Music,1.0,-0.0
AFGC44UF7B4Q6OEJGD7ROSWIRSEA,Books,0.3333333333333333,1.584962500721156
AFGDGJBHZYIZRLHOEOFTRPNV2H5Q,Digital_Music,1.0,-0.0
AFGEJNQOVHGHQEPJDOK7I7OMIK7A,Digital_Music,1.0,-0.0
AFGEM6BXCYHUILEOA3P2ZYBEF2TA,Clothing_Shoes_and_Jewelry,0.6222222222222222,1.708354823618205
AFGGQCSEGPS7EKWJ4GG2L4LV4TKQ,Cell_Phones_and_Accessories,0.3333333333333333,1.584962500721156
AFGI5ME27MRLT4LGEEO6KVLCKOOQ,Digital_Music,1.0,-0.0
AFGI5XVA5EBVOE2EOS42KHQSULXA,Digital_Music,1.0,-0.0
AFGIT2Y7X5GIN7FIGZPHWVZO3PTQ,Cell_Phones_and_Accessories,1.0,-0.0
AFGJZAE7ZA7QGNDK6JNTHY6XEESA,Cell_Phones_and_Accessories,0.5,1.75
AFGNIWCBLQT2QIXXKIW7Q6VREZRQ,Books,0.35714285714285715,2.0670314951575843
AFGON6WJ2WPTDH4HHUR6AH5L263A,Electronics,1.0,-0.0
AFGP2WDUKQSUSQHKJITVQKYQJKYA,Digital_Music,1.0,-0.0
AFGQNFBBMERT5BUXHNILILZFLVVQ,Digital_Music,1.0,-0.0
AFGRAUIXGHWO224SV5YN3TNEUMJA,CDs_and_Vinyl,1.0,-0.0
AFGS7QZJCPOEUJ5VD52DGH36GKZA,Digital_Music,1.0,-0.0
AFGSBGWCXHHFDH4SUMSAQ5XKWI7A,CDs_and_Vinyl,1.0,-0.0
AFGSSQOL4VGYWYL4CJU6THOL3ZAA,Cell_Phones_and_Accessories,1.0,-0.0
AFGSYNXYSHBBKTCA5NIV7GCZYE6Q,Digital_Music,1.0,-0.0
AFGTULLYCZFHXXHMNX575HBI3DQA,Digital_Music,1.0,-0.0
AFGUPTDFAWOHHL4LZDV27ERDNOYQ,Clothing_Shoes_and_Jewelry,0.6363636363636364,1.4568017817750278
AFGVVDXBYYDPS5WLN3ERL27I3TUQ,CDs_and_Vinyl,1.0,-0.0
AFGWR7GZLOWSTFN2QJBE5NMGVEGQ,CDs_and_Vinyl,0.4375,1.8496017527145812
AFGYWRG5C4M43O72QUA4E3TG5PUA,Digital_Music,1.0,-0.0
AFH2J3MX45WQ4X2HWX7D7ZTFPU5A,Digital_Music,1.0,-0.0
AFH2O73CG4KWBGSVFVKTDGLGERGQ,Cell_Phones_and_Accessories,1.0,-0.0
AFH37SUSDVJI6GWNF2YSSGAPUB7A,Automotive,0.8571428571428571,0.5916727785823275
AFH4CAXNOWUVKNSP6TLRT4CGQ2YA,Digital_Music,1.0,-0.0
AFH4ZOHBO4U6XHYJPX2EATYILE6Q,Digital_Music,1.0,-0.0
AFH5QOWETRD6KS65W5OS4XJZWCMQ,Digital_Music,1.0,-0.0
AFH5WAC7WO4U37JXZ4TGRE2JJAUA,Digital_Music,1.0,-0.0
AFH6CFVOZ3EVUVMGO725UERQOFHA,Digital_Music,1.0,-0.0
AFH6JVL73CZOVTQ2LR3IG27HRNKQ,Cell_Phones_and_Accessories,0.5,1.0
AFH6OSJPK3XE65N46DAFT6WUTPXA,Automotive,0.6666666666666666,0.9182958340544896
AFHBNIEWALW2KMNCCO3SZVSYF5ZQ,Digital_Music,1.0,-0.0
AFHBV7DUA5EHYG7SAQKBSZIKDEEQ,Digital_Music,1.0,-0.0
AFHCOLVOIP7SY4MIJ637FXD63UCQ,CDs_and_Vinyl,0.5,1.0
AFHFEJY646YSQTNQK4Z4VYCNLP4A,Digital_Music,1.0,-0.0
AFHGQ26ZOJJT6SN4K2M2NXCW37WQ,Electronics,0.5833333333333334,1.2806721295208872
AFHHYNMWSZ5DF44YBQKTV5HHA6KQ,Digital_Music,1.0,-0.0
AFHKNQ6MMAVS5DQHKSMQA3UIEUNQ,Digital_Music,1.0,-0.0
AFHL6YRD7V3FAMZJ2L6Y3ITMB7YA,Cell_Phones_and_Accessories,1.0,-0.0
AFHO7OBEBKY4YNEFOKI2GSFCHLNQ,Cell_Phones_and_Accessories,1.0,-0.0
AFHP5ELLKFTYFI6FH2X5XF4WDRDA,Digital_Music,1.0,-0.0
AFHQ44UDZ6AJ5M52BM2KWNGP6VOQ,Cell_Phones_and_Accessories,1.0,-0.0
AFHRPCWEWPAAA2ZVLDTJHDIFR3VA,CDs_and_Vinyl,1.0,-0.0
AFHU44I5ZIPV76KZSEFD5Y437C2Q,Electronics,1.0,-0.0
AFHWDGNMBPRUWUXL7MFZXFVZJYOA,CDs_and_Vinyl,1.0,-0.0
AFHWXNXC6ESEVULAEURH2C35FYEQ,Automotive,1.0,-0.0
AFHXI3DOW6EDSVWJVXOXY3SKRW7Q,Electronics,0.6,1.3709505944546687
AFHXTLFE47LKLAY3SVP7T4Z2JN5Q,CDs_and_Vinyl,1.0,-0.0
AFHYESNZHGG4F5AGDIC6CBLCIESQ,Digital_Music,1.0,-0.0
AFI43MRCEWAHZYBPKTSLDRPG5TIQ,Automotive,0.5,1.0
AFI4DMVU5WFRIPSQA5F7L2M7TSHQ,Digital_Music,1.0,-0.0
AFI4YBDJHXY66T7VRSIXUB3B6I6A,Digital_Music,1.0,-0.0
AFIALQULING7EYR7VFCUVPOC3A5Q,Digital_Music,1.0,-0.0
AFIBRPRMSNV5KOKIHPOCIU3MLJ4Q,Digital_Music,1.0,-0.0
AFICQHAE6YOEIGE5TYZG5TN7OTRQ,Cell_Phones_and_Accessories,0.4444444444444444,1.5304930567574826
AFIDB4NPTG3E7KHCX7BUO4WDE6LQ,Books,0.5,1.0
AFIDDD6WMWMGSFZONTE567C2HOPQ,Digital_Music,1.0,-0.0
AFIDUMRXIZN7F6IMJSI6KLZPIPVQ,Digital_Music,1.0,-0.0
AFIEHMJYIJLSX4NDYPAJJVHYJP2A,Digital_Music,1.0,-0.0
AFIETS7NCBAHVIQBPUDVJ5MG5CAA,Automotive,0.5,1.0
AFIFCPYKA56DJ26GZ6TKSN5KR6BQ,Electronics,0.6666666666666666,0.9182958340544896
AFIHRVEGROVTQTQOEIZIKILJDEOA,Digital_Music,1.0,-0.0
AFIJLAW3HIOMRUFSWNH54IJ3XQAA,Digital_Music,1.0,-0.0
AFIJZ3OSCYP2VX22UNQBJI5UHO6A,Digital_Music,1.0,-0.0
AFILSTIIOQ5MJHRT4F7YIGIHQLEQ,Digital_Music,1.0,-0.0
AFIM5RAUX2YR3UFV6LBGEXGGDXTA,CDs_and_Vinyl,1.0,-0.0
AFIMQYEOZY3LTUMQAH3DKVS6LZIA,CDs_and_Vinyl,1.0,-0.0
AFIO2BZVHQ63IEXQ7XA52UX7VWMQ,Digital_Music,1.0,-0.0
AFIOW5YO3N7AS2EULD2KVBVIVYAA,Digital_Music,1.0,-0.0
AFIQTNATAZ6T4FK6ADJQHPO2GUOQ,Automotive,0.3333333333333333,1.584962500721156
AFIR7BM5VQWYSJLZ36SQI7H3WMXQ,Digital_Music,1.0,-0.0
AFISLSUP4LCJZ376KJ4LNO5IFMLA,Digital_Music,1.0,-0.0
AFIWYBPRAGQIAJOBA4QGIKL2BZAQ,Clothing_Shoes_and_Jewelry,0.4444444444444444,1.6250502419933919
AFIYR4TWQXGHJYDATBQARIK2AR5A,Digital_Music,1.0,-0.0
AFIZUCNBOIIEJBQIPTD7BXCQFKTQ,Cell_Phones_and_Accessories,1.0,-0.0
AFJ2UCAN43BZZ7L5Z6X6I4BZ5V5Q,Digital_Music,1.0,-0.0
AFJ4VDAUVZJ2GLTPJHGFIL6DVITQ,Digital_Music,1.0,-0.0
AFJ66GJGJ5FS2C2I77YVR7JMSAGQ,Automotive,0.6666666666666666,0.9182958340544896
AFJ7CNYUSTYVZIPQFKAYH5VFCV7Q,Digital_Music,1.0,-0.0
AFJAPNBWGKWDPQJS5K6A7IOAEMFA,Electronics,1.0,-0.0
AFJBKPK5W56XWSNPQU2WW66ISWYQ,Electronics,0.5386533665835411,1.6027175180188282
AFJBVD32IH6ZX5BNLILRZIPUJZZA,Digital_Music,1.0,-0.0
AFJC4MCHM32ALDX3FPAY5PQXITGA,Automotive,1.0,-0.0
AFJCFG4ITTGCZQZOSWDJM3L27IIA,Digital_Music,1.0,-0.0
AFJCWJGLRX7DBTO7WY44U7B24KVA,Digital_Music,1.0,-0.0
AFJFY6RIJZTL25N3MY6F2I24JC6A,Books,1.0,-0.0
AFJGUSPU2TVTQ5NQMQCGL52IWO6A,Digital_Music,1.0,-0.0
AFJHM4DEMY7IU6ZCUBCETLREE43Q,Electronics,0.3888888888888889,1.9523612813926658
AFJI6VGICAIRUGGAPB57NHZJG3RQ,Cell_Phones_and_Accessories,1.0,-0.0
AFJKNSBQBOUTRWUW3M6S7SKFOY4A,Digital_Music,1.0,-0.0
AFJMUM67V35KW632G5CIHZEDT2GA,Digital_Music,1.0,-0.0
AFJOCZGYW6QFTYEYBZXCFZNWONKQ,Automotive,0.5,1.7295739585136223
AFJODL64ZRKBO2TD3LZOSPTKOB4Q,Digital_Music,1.0,-0.0
AFJOJHHSNWXSLAI3BGFCCAZWOKKA,Digital_Music,1.0,-0.0
AFJP74KDEKRSPJN5JINL452T6WNA,Cell_Phones_and_Accessories,1.0,-0.0
AFJQKK7TUBI3N3Z45R6AFIVS4Z5A,Digital_Music,1.0,-0.0
AFJRIATLX72VV27RDYLM2EPFLHWQ,Digital_Music,1.0,-0.0
AFJSECCFXJ35ABMZUJEF2KZOZR6A,Digital_Music,1.0,-0.0
AFJTRBXMURLHS5EGNXLUHDHIZRFQ,Clothing_Shoes_and_Jewelry,0.5294117647058824,1.7033848993102918
AFJTXYGTP7UQGE7SNKSQNAFX23MQ,Cell_Phones_and_Accessories,0.6,0.9709505944546686
AFJVWLG3X5N75S4JP6YD3L3X5IKA,Digital_Music,1.0,-0.0
AFJW22MEZIRKULPSUALY7PEIDIRQ,Cell_Phones_and_Accessories,1.0,-0.0
AFJYBVEQ7H33H37I7L62K3VVIIXQ,Digital_Music,1.0,-0.0
AFK2I7EJSSICSL2XMIHIL5YIHGVA,Digital_Music,1.0,-0.0
AFK2IP4LQN3ZKZC55FVWKZ7WX72Q,Digital_Music,1.0,-0.0
AFK2KFTFJV5KHPKTQINXEZVGBQQQ,Digital_Music,1.0,-0.0
AFK3MUXLBQNB46UZ4BQVPYDQ2MCQ,Digital_Music,1.0,-0.0
AFK5JCY35EJOQRD7WXWLKIHSLMWA,Digital_Music,1.0,-0.0
AFK6R43UKGWON2XYKND3E4UXSLUQ,Cell_Phones_and_Accessories,1.0,-0.0
AFK7OYHDESSAWUPMYPOBUC7L4E3Q,Digital_Music,1.0,-0.0
AFKAC3ZHOIK5BAQPW4W2V2P7DLAA,Digital_Music,1.0,-0.0
AFKACPZLPON4JTXLI3H7UCWAU3FA,CDs_and_Vinyl,1.0,-0.0
AFKCOIOFQPRWL3I4A5OQDDKECVOA,Automotive,1.0,-0.0
AFKFBJ3ZLGYAUQYGW7YCIAUFZGOA,Digital_Music,1.0,-0.0
AFKFX7TCULLSYTJHVCNFIIQAB7CQ,Cell_Phones_and_Accessories,1.0,-0.0
AFKGKGBBVS5KU6QMFGY2LCS2XZIA,Automotive,1.0,-0.0
AFKGU4S26DZ5B2OTAS72FBAYNVHA,Digital_Music,1.0,-0.0
AFKH3ZUWQBG7XTXBA6MJLPHU7WXA,Digital_Music,1.0,-0.0
AFKHUTFTFFBJCYIOLYCGZDPNMNNQ,Books,1.0,-0.0
AFKJQMCY3HIYNHN3FEMLQXPGIPWA,CDs_and_Vinyl,0.9375,0.3372900666170139
AFKKLSEAK6P26VECMU7HGZPEQNOA,Automotive,0.7857142857142857,0.74959525725948
AFKLAXFAU7AEOYJ4LCGUJIC2RJZQ,Books,1.0,-0.0
AFKMEDRJ64OVJLMGIEFOZKVVDJPQ,Digital_Music,1.0,-0.0
AFKNGFP66KO7454MGQPRRD7HD2SA,Digital_Music,1.0,-0.0
AFKNVFEXRGUGJAGMENCOWLVDYVCQ,Clothing_Shoes_and_Jewelry,1.0,-0.0
AFKQ7HTHC5LYV6PPR7ZXD7QBIZXQ,Electronics,0.625,1.5016144718101816
AFKSXUF543QDK3LZ44ZGHQ2XUJ7Q,Digital_Music,1.0,-0.0
AFKSYG2XHOCLCVDDKEZMWQTFFG7A,Clothing_Shoes_and_Jewelry,0.75,1.061278124459133
AFKYGPKF7DTI6U2QAV5CTVYYT6XA,Automotive,1.0,-0.0
AFKZDUEVDYUJV2PYLIMFKWIW2CZQ,Cell_Phones_and_Accessories,1.0,-0.0
AFKZENTNBQ7A7V7UXW5JJI6UGRYQ,Books,0.5909090909090909,1.602131444182858
AFKZQNNOLA7TXYJ7ORZZ22XFZSJA,Digital_Music,1.0,-0.0
AFL2OFFLVAF23YDY25XSIBOQH44Q,Digital_Music,1.0,-0.0
AFL5LOO2ILNOXKAYVFCF7M2VCDMQ,Automotive,1.0,-0.0
AFL67NQVASAIXDH2VPHA3LCYJTSA,Digital_Music,1.0,-0.0
AFLBQSNPHQKFHIDRZYBHICXD2X6A,Digital_Music,1.0,-0.0
AFLDJFIGCSOZNOO7TAJFMWBOTNIA,Digital_Music,1.0,-0.0
AFLDXCV6NW772XIGKJEDSTUT3QOQ,Digital_Music,1.0,-0.0
AFLELKD65ZTBC4TE7PDTT2IDVL4A,Digital_Music,1.0,-0.0
AFLELRUNMWJAK5WW65YGMTIVTENA,Clothing_Shoes_and_Jewelry,1.0,-0.0
AFLEUJNQJQOYOYDUJ2PSZ4O2TUJA,Automotive,1.0,-0.0
AFLEZ6HNBXY34AFQJRTI7T7AGGWA,Digital_Music,1.0,-0.0
AFLGWVMNAKFSOPJNKKLYHP2F2IMQ,Books,0.3333333333333333,1.584962500721156
AFLJOQRAVS6KBZUWV3TIJUULOA5A,Digital_Music,1.0,-0.0
AFLJU7PMUR5CBDAKSYSNQQGM5KBA,Cell_Phones_and_Accessories,1.0,-0.0
AFLKLHWWA6JE5LBMJ7E7XMRVN7UA,Books,1.0,-0.0
AFLKS523NY36AY6WTAAKFAHYT7BA,Digital_Music,1.0,-0.0
AFLMN2SD7GZDKACXL3GI3NCYCBFQ,Digital_Music,1.0,-0.0
AFLPIQCVZCBUJF3BZGYH75VWV2SA,Digital_Music,1.0,-0.0
AFLRC4EB3O4FNS4VCICJ4S22TQNQ,Automotive,1.0,-0.0
AFLSPFE4NYR7IVOP72E4X7ZV2ETQ,Digital_Music,1.0,-0.0
AFLSY5KKZPWTEINHNYKMTKMRVPVQ,Cell_Phones_and_Accessories,0.625,0.954434002924965
AFLUOMMI4GS453Q6DCIJFEPZ6W3A,Digital_Music,1.0,-0.0
AFLUUTBWEBDKUKMG5BH3YM5OM7OQ,Digital_Music,1.0,-0.0
AFLVEMK5QV73AU4A6BO3X5EFSE5A,Digital_Music,1.0,-0.0
AFLWQYLJQ5OX3YJEC4ESRKTGTJVA,Digital_Music,1.0,-0.0
AFLX66DKF6R3H6OEOC3TIVAYXZIQ,Cell_Phones_and_Accessories,0.7763157894736842,0.9172196670841308
AFLY4NJ2L3ZH7BSRAY754QUTR2YA,Digital_Music,1.0,-0.0
AFLYWY6Y4X3N3DPWU6XK7HROAKQQ,Digital_Music,1.0,-0.0
AFLZMJ3DM4UQY4PC5L4XVOAXBCSA,Automotive,1.0,-0.0
AFM2DSFXQRROQL75DRQ6J32PMRRQ,Digital_Music,1.0,-0.0
AFM3NVIT5GV4JZECXTOKGQWQGAWA,Digital_Music,1.0,-0.0
AFM4HNRPPSTSWQNJDH3ZNAPU2TBA,Digital_Music,1.0,-0.0
AFM5NV37IAPIP2AZXEZTKP3BJWKQ,Cell_Phones_and_Accessories,0.6666666666666666,0.9182958340544896
AFM6RTI7O3HNJME57GMWCTPQQNUQ,Cell_Phones_and_Accessories,0.6666666666666666,0.9182958340544896
AFM7HUKTSQAG4AW3WX7WVVHACQSQ,Automotive,1.0,-0.0
AFMHO73ZLBHUMB36EHB4GUFLM3SA,CDs_and_Vinyl,1.0,-0.0
AFMM5RQLG7N45RORJJF3TBJL3QKA,CDs_and_Vinyl,0.6666666666666666,0.9182958340544896
AFMOHJOF54QARPV5DJNPJDN3F4AQ,Clothing_Shoes_and_Jewelry,0.8461538461538461,0.7732283485249176
AFMOJCLGXTSSJ3HAFCQIDDMEG6VQ,Cell_Phones_and_Accessories,1.0,-0.0
AFMON5DX7C33UTGOEIFTW4X2FM7A,Digital_Music,1.0,-0.0
AFMPZQS3JTSLVLTHXH5Z6OOK7NNQ,Digital_Music,1.0,-0.0
AFMQX2KRQIMIDVPLR6GYVLONPXAQ,Digital_Music,1.0,-0.0
AFMSOGF4XRTZLM33IXTULXOUYXMQ,Digital_Music,1.0,-0.0
AFMSUJKT5HL5L6EGU32OKXCMB5LQ,Electronics,1.0,-0.0
AFMUAGW4SBJNFDO7BQPMGD2WMCPA,Digital_Music,1.0,-0.0
AFMUIT2N2L4JX7DK3RJKEG6YWGMA,Digital_Music,1.0,-0.0
AFMUZMDL3UITNNJIVD56OMZXWCMQ,Digital_Music,1.0,-0.0
AFMVC4BYDFNQDNNGJJOIZQTEA3SA,Digital_Music,1.0,-0.0
AFMVHT5HDBLRNEWMQXA4KUXODOVA,CDs_and_Vinyl,1.0,-0.0
AFMWCGYATA6WOAIT6HHAQEHEWTTQ,Digital_Music,1.0,-0.0
AFMYNMB2GBYEFN6OAIHXF6AVYJFQ,Clothing_Shoes_and_Jewelry,1.0,-0.0
AFN2SSNCKX5ESXL7CGMKZCTJTGRQ,Digital_Music,1.0,-0.0
AFN4CBF7K45NM7AC4OKGZ2Z2E56Q,Clothing_Shoes_and_Jewelry,1.0,-0.0
AFN4JFDMHCUG5CIT5S7O3IN5L6TQ,Digital_Music,1.0,-0.0
AFN4NDDAQTXAQDUUV4KWMQR5QMVQ,Digital_Music,1.0,-0.0
AFN5NVRERAXUCPMBW7BO4RRQZLQA,CDs_and_Vinyl,1.0,-0.0
AFN5RPNT5Y6CSKFQGEU6IN56C7DA,Digital_Music,1.0,-0.0
AFN66VCFBCTISJBEJ4IKYQEKXVVA,Digital_Music,1.0,-0.0
AFN6MLEDRC3QNPCFCPSCCQGQNO7A,Automotive,1.0,-0.0
AFNBVEQTD74ZIAWOM6LH7TSTN2VA,Cell_Phones_and_Accessories,1.0,-0.0
AFND6LRTPYBYHVIQOLD6TI7B4K5A,Digital_Music,1.0,-0.0
AFNEQKDVYISDAX242ZJZU5LFSRYQ,Cell_Phones_and_Accessories,1.0,-0.0
AFNEVDXPMUUXW3EIGVGCZKQRNBEQ,Digital_Music,1.0,-0.0
AFNF2WEK5GCRYDRTOWBYTXTXBQPQ,Digital_Music,1.0,-0.0
AFNFYPHHOYYU357WZSSJDY4SXOSA,Digital_Music,1.0,-0.0
AFNH7W5ENRFRZX3Z2KP6OI67YEPQ,Digital_Music,1.0,-0.0
AFNITO7E5IXQO6HPU7CF3TDBGAQA,Digital_Music,1.0,-0.0
AFNMEWWTIZR25B3MIGSPBONLACRA,Electronics,0.6,1.3709505944546687
AFNNIR2WSMXQ4F5CZCT4YM34OVEA,Digital_Music,1.0,-0.0
AFNNJUFE43JIO2PZ3M3W67BFWJDA,Digital_Music,1.0,-0.0
AFNOE72IGHPY5XTBEHKOIL4E6XVA,CDs_and_Vinyl,0.6,0.9709505944546686
AFNQQL6PA67ODXLQTKF4L3YM2TAA,Books,0.5714285714285714,0.9852281360342515
AFNR3D5OZTV3AKQYJQRTKFVEEKZA,Electronics,0.5,1.4056390622295665
AFNT6ZJCYQN3WDIKUSWHJDXNND2Q,Clothing_Shoes_and_Jewelry,0.7894736842105263,1.058277043226334
AFNUVPE7WLZAAGM534ZKYBAAUCZA,Digital_Music,1.0,-0.0
AFNVVQHL2GOXIHE6NWWC3ZI3SUZA,Digital_Music,1.0,-0.0
AFNXF4NDLCMPMAM57VBU3AMD7PHQ,Automotive,1.0,-0.0
AFNYBJ7EWEBYOTQ5DAZIX3SPVJ7A,Digital_Music,1.0,-0.0
AFNYI3KPK32K54NCBH5MMPQT2QHQ,Digital_Music,1.0,-0.0
AFNYRQUQ6O4DJKKWM4YT2OKRFNYQ,Digital_Music,1.0,-0.0
AFNZ22ECUMV7ANKZHFAIGVFGDI3Q,Digital_Music,1.0,-0.0
AFNZ2BKU73XESGZ62ZQ6NIPPAJDQ,Cell_Phones_and_Accessories,1.0,-0.0
AFNZHLVWANRWLF3N24KCMPOTYG2A,Cell_Phones_and_Accessories,0.6363636363636364,0.9456603046006401
AFO2VP5GWU5PF44UFVG5HTOHYLHA,Digital_Music,1.0,-0.0
AFO3G62P2JXCNMWZTAIB56KPG56A,Books,0.5416666666666666,1.4505820084462417
AFO4Y3O3ONZKMT3LNYW7RKFRL6KQ,Electronics,1.0,-0.0
AFO5YJW3MGIYDHA3HHHAUS5ZAHPQ,Electronics,1.0,-0.0
AFO6QN6ICKWUFQV3UEWK5EECIQTQ,Cell_Phones_and_Accessories,0.5,1.4854752972273344
AFO7RWACXRPNINN7C7HG5CCGVMCQ,Digital_Music,1.0,-0.0
AFO7TPKQ2N45X75UKWC5RV7TKAUA,Digital_Music,1.0,-0.0
AFOASAW4HQGTIGDN6LSM4EDEN3XQ,Cell_Phones_and_Accessories,0.6666666666666666,0.9182958340544896
AFOAVWO4MITHAYNENA6SLWOJZ55Q,Digital_Music,1.0,-0.0
AFOBMEIH5TBHE2TTBKXW63B7QNUQ,Digital_Music,1.0,-0.0
AFODRXNLEQI45IJTZOSHP2H2AMMQ,Digital_Music,1.0,-0.0
AFOELOYLQUGV6UDAZU2YLAOVZ4JA,Automotive,1.0,-0.0
AFOEUN2ZGL4ZAY43DYHRF6SENVWA,Cell_Phones_and_Accessories,1.0,-0.0
AFOG3AZFQLN7UKMC62P6TDAJ3VNQ,Books,0.8,0.7219280948873623
AFOGL6WXVDZBOLCJYF4AGP46543A,Digital_Music,1.0,-0.0
AFOGWJCZMC626A5IBK32HEHZB4VA,Automotive,0.3333333333333333,1.584962500721156
AFOI4UM6OQFR5NC2PCKAIMSLTIBQ,Digital_Music,1.0,-0.0
AFOIFH6R3T5HN3NIXH7YGUDJ2DFA,Digital_Music,1.0,-0.0
AFOLQMVXM7ZRYERQ3JAD7JYNKKIA,Digital_Music,1.0,-0.0
AFOMMZPFMNVCAC6VYYGQPJSRZFTQ,CDs_and_Vinyl,1.0,-0.0
AFOMPD3GFTVVGBHFI6ZWRYB3OSFQ,Digital_Music,1.0,-0.0
AFONEWN6ZE6PEAO6W45A3A2KK5TQ,Cell_Phones_and_Accessories,0.3,1.895461844238322
AFOOKIA3GO6ZQJDEVZMUZT2BYMNQ,Digital_Music,1.0,-0.0
AFOROICAXE6G6N4NU4Y3G2XOXWEQ,Digital_Music,1.0,-0.0
AFOU3KAJIZ7YQCXJ3CJOYJ3J7GSQ,CDs_and_Vinyl,0.75,1.0463496141267905
AFOUV6VK5HAJYBOOU6HLGZQ2JDJA,Digital_Music,1.0,-0.0
AFOVZVBWKGGOGIABXBSIWGOO5IGA,Digital_Music,1.0,-0.0
AFOXGPLG5WFK3D3ALTCXFQNPWZPQ,Clothing_Shoes_and_Jewelry,0.6666666666666666,0.9182958340544896
AFOZZCGRU6QG4XA2LY2ZCPKYVOGQ,Cell_Phones_and_Accessories,1.0,-0.0
AFP2WI7HGB6WFZTRRJ3G4YU4YKCA,Digital_Music,1.0,-0.0
AFP3TEDZF7GCO5BPPZSI7YDPVIVQ,Digital_Music,1.0,-0.0
AFP4PCVJ723ZNLOS4IPWVLLC3T2Q,CDs_and_Vinyl,1.0,-0.0
AFP4QIHNSLCZRQOJBVHI26MTIK2Q,Cell_Phones_and_Accessories,1.0,-0.0
AFP4XVTNWUOJYDJBW3SVFDH6ZMWA,Digital_Music,1.0,-0.0
AFP5QZ4TOGDGN7IAWCGYEKCNH2RQ,Cell_Phones_and_Accessories,1.0,-0.0
AFP635WXWWJDGQW4KCPOSJBN64OQ,Digital_Music,1.0,-0.0
AFP6NQEUPGXF7UEQUXIFNMI23QPA,Digital_Music,1.0,-0.0
AFP746DEQQ5CXUJJHCI2GUSX4VCA,Digital_Music,1.0,-0.0
AFPBTK4XMHY7YEPVLM7LWU4WL4WQ,Electronics,1.0,-0.0
AFPBVAEV3FCQOHKJJGAKQLZLTCZQ,Cell_Phones_and_Accessories,0.4,2.1055872616982603
AFPCVPIO7CQ4O4L3MOB45MOTUBQA,Digital_Music,1.0,-0.0
AFPCYJ6AE7PEMBUKRSVQ2E6RLAAQ,Digital_Music,1.0,-0.0
AFPE4CB5IUL3KSG6V7457Z4MXVNQ,Digital_Music,1.0,-0.0
AFPEDLJK47FSAQF5BN5XFHGL3JSA,Digital_Music,1.0,-0.0
AFPFKTPZFYVN2F73WQELAIM43FIQ,Cell_Phones_and_Accessories,0.8333333333333334,0.6500224216483541
AFPHB3EWV5G6DRPMZGJAHWOJSSTQ,Electronics,0.6666666666666666,0.9182958340544896
AFPHKIJFGIU4G4POXRFCEF5RJJHA,Books,0.3611111111111111,1.9988287753077438
AFPIRNSJ6DI4QWTFO4SCB3RRPCLA,CDs_and_Vinyl,1.0,-0.0
AFPIWRC7U5TIT7ZTT67WUPX37HTQ,Automotive,0.5,1.0
AFPJ6ESAD7JHEKX2UAR2ZGFAAK3A,Digital_Music,1.0,-0.0
AFPJCGADRTQ4QFU26KTSIKDAXPSA,Cell_Phones_and_Accessories,1.0,-0.0
AFPL5NUU3K3YPT2QXAL2MDDQCL5Q,Digital_Music,1.0,-0.0
AFPMM6GCKHSMTND4AUHR7D6WZBJQ,Digital_Music,1.0,-0.0
AFPN22U3CZFXYZXJ6JQJ5MWB3KKQ,Digital_Music,1.0,-0.0
AFPNB5ZH3BCJBHGUZOOEAJLY44YQ,Digital_Music,1.0,-0.0
AFPNFXLGPX26UPTSXTVANX2TOAYQ,Digital_Music,1.0,-0.0
AFPOVAXL53UGE4KRXFP67W5OINBA,Digital_Music,1.0,-0.0
AFPRITKDXFXEHWGCVZ76C7SOUTMQ,Digital_Music,1.0,-0.0
AFPRXPADBCX62WKODFJFJ2A5RLKA,Digital_Music,1.0,-0.0
AFPTBX44SVSUWJX6A72C32SJJKOQ,Cell_Phones_and_Accessories,1.0,-0.0
AFPTM2BBYFZ6EYXS73Z32HWBZKDQ,CDs_and_Vinyl,0.625,1.2987949406953985
AFPW6F37BEJYXBOK6JPXQNCTWAAA,Digital_Music,1.0,-0.0
AFPWBSOHU5ZRH5WZX5N63HBD3CVQ,Cell_Phones_and_Accessories,0.5,1.5
AFPXW4XSAWC6PJLRPU6TS5L56SWQ,Digital_Music,1.0,-0.0
AFQ45AI7SSTOBIIJV5HWIH4QJLXA,Books,0.6,0.9709505944546686
AFQ6XXFJ5SLTOCP763DJ3YDPATAQ,Digital_Music,1.0,-0.0
AFQ7WYW4KSH4VI5OVXCP2GV6PBRA,Cell_Phones_and_Accessories,0.8333333333333334,0.6500224216483541
AFQB56FVNI4K6LGR56BUONFAMEAA,Digital_Music,1.0,-0.0
AFQBAAAFLJAE4BLS7RBOBGKLYI5A,Digital_Music,1.0,-0.0
AFQBJ2RR4STUWJ5WKVC2XJGER2AA,Digital_Music,1.0,-0.0
AFQD2HCDJQN7WFG22WDNVUE5THRQ,Automotive,1.0,-0.0
AFQDMJM34DLIV4SD2SKVOOI2O2XQ,Books,1.0,-0.0
AFQDX4KZ5DHWGB2US6IBC7VMBK3Q,Books,1.0,-0.0
AFQEEB5BLBR2F27EZVGKBIKYTI5A,Digital_Music,1.0,-0.0
AFQFQ5HIJW7UOFDBJG7FKL2QJDYQ,Automotive,0.8,0.7219280948873623
AFQGQHFY3WYNV56UTODSIGFPKFLA,Cell_Phones_and_Accessories,1.0,-0.0
AFQGVYRETSWAXYNUD3VZX3BOKTPQ,Digital_Music,1.0,-0.0
AFQIVYHWA34H6K3JDVAOYOXH534Q,Digital_Music,1.0,-0.0
AFQLNQNQYFWQZPJQZS6V3NZU4QBQ,Clothing_Shoes_and_Jewelry,0.42857142857142855,1.5566567074628228
AFQMLIX2OHJTWZTA57WTOSCP7QVQ,Digital_Music,1.0,-0.0
AFQMW57GEUJGFS6RKLFFPDRNAQFA,Digital_Music,1.0,-0.0
AFQN4IUBJFROO45SVZPGMLP255OQ,Digital_Music,1.0,-0.0
AFQOWS53WHEFRW2W6AWOQ2MOEMZQ,Digital_Music,1.0,-0.0
AFQPFVN3UYYBXWHZDX4QH3YPA6FA,Digital_Music,1.0,-0.0
AFQQQ5LGNSQUEBGDCYBAZZE5T3DA,Automotive,0.6153846153846154,0.9612366047228759
AFQRHZWGBWP7YYJFRDBPAL7WA36A,Digital_Music,1.0,-0.0
AFQRTCWQB3YBSWSLN6VK574R266Q,Cell_Phones_and_Accessories,0.6666666666666666,0.9182958340544896
AFQTFQ47OA2VE7DO3DKZQR4EK57Q,Books,1.0,-0.0
AFQTGNTKIKCYSDA4VJQM5ULT7DDA,Digital_Music,1.0,-0.0
AFQUQBVD32BYOVYEOTGE4XEVGAHQ,Digital_Music,1.0,-0.0
AFQV3KHSFDO375DPX5RGOLY2L4CQ,Cell_Phones_and_Accessories,1.0,-0.0
AFQVUPQAGOUMZUDTTHVQRVGFEZFQ,Digital_Music,1.0,-0.0
AFQVVOJUM3PRG4UD2WU5MJ3JAMHQ,Digital_Music,1.0,-0.0
AFQW7QX2DREMFPK5WSMQKG27UOQA,CDs_and_Vinyl,1.0,-0.0
AFQWP6G73QDAZJDGYQZGSMRWJU4Q,Cell_Phones_and_Accessories,1.0,-0.0
AFQYALWXI54HIEQF3R774L7F4V2A,Electronics,1.0,-0.0
AFQYT7EAPIHCFFCHKNSOSFJH76KQ,Books,0.6976744186046512,1.2504036094469906
AFQYXWEOPSBCMIPRFS6UZCWLJ3CQ,Cell_Phones_and_Accessories,0.75,0.8112781244591328
AFQZDTGOFXWVYVK3GKDWUKGDMBLQ,Digital_Music,1.0,-0.0
AFR2UI2WWR6J2JZM24FBR336Z4MQ,Digital_Music,1.0,-0.0
AFR3UUB6F6CZEGL6TEFMWO6DO42A,Digital_Music,1.0,-0.0
AFR3UV6CBLKVE2PDOUXTAKRFD5UQ,Digital_Music,1.0,-0.0
AFR45QOWJ6GIBYF3MP6W72RZNJPQ,Digital_Music,1.0,-0.0
AFR4MDCNV267F7DBBR22SJG5FZYA,CDs_and_Vinyl,1.0,-0.0
AFR4OP5K2FXY2NNCIORWKVQZCDLQ,Digital_Music,1.0,-0.0
AFR6Z7GDY2L4NCKQNCLJNQNUKIYQ,Digital_Music,1.0,-0.0
AFRBUI2CROLJWEWOR3F7F6ZYEAPA,Digital_Music,1.0,-0.0
AFREIHMGTS5WYJ7Y4LMNJNVVRUIQ,Automotive,0.5,1.0
AFRFE674WE2SM55QEESOCAWZDGFA,Digital_Music,1.0,-0.0
AFRFJRLOBITTFGMAM6ODSGLIJJEA,Digital_Music,1.0,-0.0
AFRITMS76CZAZJKIRDQ7FC5MMXZA,Digital_Music,1.0,-0.0
AFRIUHBUT3I62AG63WOJ6GO7MK7Q,Digital_Music,1.0,-0.0
AFRMQTSZ4M7KOPCHGYXKLRPKFYIA,CDs_and_Vinyl,0.5,1.5
AFRPH4LO4KG4ZSTH3Y6VPDFJYE7Q,Digital_Music,1.0,-0.0
AFRQODQXI2ELG5TWTT5SSFR4WBRQ,Electronics,0.5,1.5
AFRRY33UKK3KLUJXWVA3OXLAJMEA,Digital_Music,1.0,-0.0
AFRSJBVHF66WZ4L354MAELPAYKGQ,Digital_Music,1.0,-0.0
AFRTHV24JEJE7DISYXI4BC5YB3MQ,Books,0.5,1.0
AFRUKJALGRWHYX62JSXKKTGXE5JA,Digital_Music,1.0,-0.0
AFRVV3L6CJUHLLKWA3PIG7JCYJQQ,Automotive,0.3333333333333333,1.9182958340544893
AFRWRFROLSWDUPFVWCWLMARPVGJA,Digital_Music,1.0,-0.0
AFRYBB7TDBHOLAVGFZM6D7DDG46Q,Digital_Music,1.0,-0.0
AFRZ3YEUSNVS6THSGMGSWWCMPJ5A,Cell_Phones_and_Accessories,1.0,-0.0
AFRZ447WPUXE2XSWVHDJUD3ZWXIQ,Digital_Music,1.0,-0.0
AFRZT4CA3LWX5ITFOWONN2KPKCFA,CDs_and_Vinyl,1.0,-0.0
AFS2U7T5GP5RNPREZ3WAC3RRWCTQ,Digital_Music,1.0,-0.0
AFSATLEARRYBX5ZD2LLNU4TGY4EQ,Automotive,0.5,1.0
AFSCQMP2EPYLGJN7OBTMEXCBE2OQ,Clothing_Shoes_and_Jewelry,0.8103448275862069,0.9835471936921897
AFSDTNTR5DVFLBWC4Q4Y5SNG4TFQ,Automotive,0.7857142857142857,0.74959525725948
AFSFAFYKIIDU2A7ZBNSXTKTVIJTA,Digital_Music,1.0,-0.0
AFSFXIYYZ5MNFJHEX3QHKWPK264A,CDs_and_Vinyl,1.0,-0.0
AFSG7TRHSOHNXHAWKTKGPTRPHKVA,Digital_Music,1.0,-0.0
AFSGQCEINAGMWU3MAZZKWU2UGGKQ,Electronics,1.0,-0.0
AFSH2ADUKP7QBX2P6BCWUKZYE5NQ,CDs_and_Vinyl,1.0,-0.0
AFSHBL3LUTLGO3UJONM6LVEJLEQQ,Digital_Music,1.0,-0.0
AFSHD27Z7NWMCD4LUS4USMNFUHLA,Digital_Music,1.0,-0.0
AFSIRXNII2NO5ADYAYU5VGJ4DVSA,Automotive,0.5,1.0
AFSJGCYOYHJGG2VBYGB7WLKHQ37A,Cell_Phones_and_Accessories,1.0,-0.0
AFSJRGJT55NS24HBKME3IGNZ4PGA,Automotive,0.8181818181818182,0.6840384356390417
AFSKPY37N3C43SOI5IEXEK5JSIYA,Clothing_Shoes_and_Jewelry,0.5622775800711743,1.625767254349073
AFSLJXRMFXVP3IR4ZIXQERRZO3XA,CDs_and_Vinyl,1.0,-0.0
AFSM7ESAI3BK56XMWJRVCZRYCS3Q,Cell_Phones_and_Accessories,0.5,1.0
AFSMHCVY3AM5OWPJTPEDBXIRTR4Q,Digital_Music,1.0,-0.0
AFSNGBROR4NUCU6UQCJBB4VEJOPA,Clothing_Shoes_and_Jewelry,0.7575757575757576,1.2610216270393146
AFSQODWB3COZA3NW445UC3QG6KHQ,Digital_Music,1.0,-0.0
AFSU2WP64PLAYHJKRHORUICXFFCA,Digital_Music,1.0,-0.0
AFSV637IF56HT53U2RJ4DV6RSVHA,Automotive,0.6666666666666666,0.9182958340544896
AFSWT22BABKEAANIPCAO2DUDVAUQ,Digital_Music,1.0,-0.0
AFSWWYWKSZBJVKWZNNWVAZOG7IJQ,CDs_and_Vinyl,1.0,-0.0
AFT33VUS3ZFGIAHGRXAZWBA7DD4A,CDs_and_Vinyl,0.8888888888888888,0.5032583347756457
AFT55RTC3WI2OGPDK6ZZLQOVJFZA,Digital_Music,1.0,-0.0
AFT55VEODOLZZ5KXVSUFZIWV6CBQ,Clothing_Shoes_and_Jewelry,1.0,-0.0
AFTC6ZR5IKNRDG5JCPVNVMU3XV2Q,Electronics,0.5294117647058824,1.6589797521242053
AFTDSPCG32FV2VPWLEYPDQARTSQA,Automotive,0.5,1.0
AFTFDIQUEOTOEPOX7RDKIAWLC3RQ,Cell_Phones_and_Accessories,1.0,-0.0
AFTG36MRC5CXEBIRIRSMZNUKBJFQ,CDs_and_Vinyl,1.0,-0.0
AFTG7W3AJ5DM2CCQWJLOJWL4ETKQ,Digital_Music,1.0,-0.0
AFTIM4OKTMFNKK4BRL4GNDHMPFSA,Automotive,1.0,-0.0
AFTJJTMT7S2GWKVSRAKO3IY4TUUQ,Digital_Music,1.0,-0.0
AFTLB43X76QKXWYYG4J6KKKGD7QQ,Cell_Phones_and_Accessories,1.0,-0.0
AFTLTH2ZDYNCDL2VPKZBTF75RKTA,Digital_Music,1.0,-0.0
AFTLUVGQWKW6XSQ5TB6UER5Q263A,Cell_Phones_and_Accessories,0.6666666666666666,0.9182958340544896
AFTMEJZVNY32NOSXQU3LB6HZD7IQ,Automotive,1.0,-0.0
AFTNPJYJYTKF27LQKDPVTBHENBKA,Digital_Music,1.0,-0.0
AFTO753L3RBCKK5O6VZTSAYOOYAA,Digital_Music,1.0,-0.0
AFTP6HWPRLWRFVVRP65WD7OPCHXQ,Digital_Music,1.0,-0.0
AFTPWW67O3POISX7RO75HMRHQL3Q,CDs_and_Vinyl,0.6666666666666666,0.9182958340544896
AFTQMFNQNWDTYDQDF3IC4W7TLVOQ,Cell_Phones_and_Accessories,1.0,-0.0
AFTRZS3Z3OLZYHXBRQPLOKFV4RGQ,Digital_Music,1.0,-0.0
AFTTX2A3ZJPLFLMBZL3IUBUGAI6A,Digital_Music,1.0,-0.0
AFTUR267URQRM65ZFY322SGQ7KJA,Electronics,1.0,-0.0
AFTVZ4JFSEWQFGPJJ7VUG2LCSAHA,Digital_Music,1.0,-0.0
AFTX5XGVRRUV7H7LJ6MP5LVDX5PQ,CDs_and_Vinyl,0.5,1.0
AFTXQF7EBQSGHI7URCWUHW5LEHTQ,Automotive,1.0,-0.0
AFTZ4DDX3WPX4XQ4WUHU5RDEUFVA,Automotive,1.0,-0.0
AFU5KXXFSVIZLVR4C2CYU3HMK2OQ,Automotive,1.0,-0.0
AFU77WPOVDJWJ5TT55AV7GUOQ2AQ,Electronics,0.6,1.3709505944546687
AFU7EVDOO4TIPZUAKOHFPFTG7OFA,Digital_Music,1.0,-0.0
AFUB7CHTXRPD447QVQCHBZVN2IPQ,Books,0.43478260869565216,1.7518834359763853
AFUBQWBW7BUAEFDDGBHFIUDGWK3Q,Digital_Music,1.0,-0.0
AFUCTUJ63B6QQMGFJLJARMIMGPIA,Digital_Music,1.0,-0.0
AFUDWIMEA2LWNVEGMVVEOXFDBZTA,Electronics,0.4166666666666667,1.5545851693377997
AFUEIH3ZQSMUFHD5QYA3FM7IWZEQ,Digital_Music,1.0,-0.0
AFUEQBZGK777OQIPKCIGQKK53MDA,Digital_Music,1.0,-0.0
AFUEY4VM2YWM3AL3ODNGIHEKD3UA,Digital_Music,1.0,-0.0
AFUHTRC3ZAQDQCFTV6PS3NEGJHGA,Digital_Music,1.0,-0.0
AFUI76XKYNCVGJGRW36E7RJH5XYQ,Digital_Music,1.0,-0.0
AFUJKVQEP47ETYUNHAEFW6VJPTBA,Digital_Music,1.0,-0.0
AFUL3FLW6IDSNCAJQPCOPMBCIIPA,Cell_Phones_and_Accessories,1.0,-0.0
AFULFJKOH3O25XBT54XAP4WSGG3A,Digital_Music,1.0,-0.0
AFULICIEPKGIYC2SRV5YN7ZAORIQ,Digital_Music,1.0,-0.0
AFUMP7GO4PZ3S6DLUBFPX6OK544A,Electronics,0.8333333333333334,0.6500224216483541
AFUOEWBD5Q4WDQWKZ4I2PACGG7RQ,CDs_and_Vinyl,1.0,-0.0
AFUOJVLKDMSETEHFWQV3Y5QKU64Q,Digital_Music,1.0,-0.0
AFUOL3UH6FR22IH7VGEIWWKK7KVA,Automotive,1.0,-0.0
AFUOYIZBU3MTBOLYKOJE5Z35MBDA,Clothing_Shoes_and_Jewelry,0.5384615384615384,1.573402452417767
AFUSHNNLRNRO7Z45ICYGVQ5JU6EA,Digital_Music,1.0,-0.0
AFUSWNVA72MMWHGYWJ652SYX2JJQ,CDs_and_Vinyl,1.0,-0.0
AFUU6XU234MPQHFZZQF2LSHWPZDQ,Cell_Phones_and_Accessories,1.0,-0.0
AFUVLAB3XMV7KOPMH52DWJNRRJBQ,Digital_Music,1.0,-0.0
AFUY5OAE7UHKPSUAWSIV4Y5CDDBQ,Electronics,1.0,-0.0
AFUYKPKI3DZ5FHBQRUWFDYKUOBOA,Clothing_Shoes_and_Jewelry,0.5714285714285714,0.9852281360342515
AFUZ3HSONK4B6QP62HWG3IQSA3IQ,Books,0.25,2.0
AFUZ5E7QAHSVTLIY253GFAYZPN2Q,Cell_Phones_and_Accessories,0.5,1.5
AFUZAL2CCOB7LVGRTZL3NMY2WDBA,Digital_Music,1.0,-0.0
AFUZG4S57VOZIENQ5LJHBPEO5T2Q,Digital_Music,1.0,-0.0
AFV22L7AEKI2LW6HMLRLUKNYVBGQ,Cell_Phones_and_Accessories,0.5909090909090909,1.102652051070839
AFV2BXTNV6XJ4BSUQ3SO7KU2DV3A,Electronics,0.75,0.8112781244591328
AFV2WGGI3QDG4ATVHYAJ5AVWORXQ,CDs_and_Vinyl,1.0,-0.0
AFV34NH3TBU4SQPR7GTJEAFYGKJA,Digital_Music,1.0,-0.0
AFV5F6WO2JX664SF6KC2YNW7S74A,Digital_Music,1.0,-0.0
AFV6ITAVNGPWXSUOSQGHIAL6XRCA,Digital_Music,1.0,-0.0
AFVBLZOM7T7MR4IDBZSYYA3USZ6A,CDs_and_Vinyl,1.0,-0.0
AFVBRJC6HLAWP2YL25JO26PE6VWA,Digital_Music,1.0,-0.0
AFVDCABSBLUD46YMYSHPXVHAGC3Q,Digital_Music,1.0,-0.0
AFVDINNYZ3KAC3SKCYYFAB6EI3RQ,Digital_Music,1.0,-0.0
AFVFFSHYMKHMQKKYQIHE2IDLPA2A,Digital_Music,1.0,-0.0
AFVFLOD4M7Y3LOVDOYOC4IL34XQQ,CDs_and_Vinyl,1.0,-0.0
AFVFZ7B6ZKQ5ZMGI3UTAXDW2NLRA,Digital_Music,1.0,-0.0
AFVGL7HOHKHSR5N3EUAVLYSBZCTQ,Clothing_Shoes_and_Jewelry,0.6875,1.1994602933016414
AFVHGFX2RLJ66WW3BRY25OLNK2PQ,Digital_Music,1.0,-0.0
AFVHJ6WOYXAFXPKYKG3JBSX23D5A,Electronics,1.0,-0.0
AFVLDYB5UOMWSAAJ4TUTQAZN32XQ,Digital_Music,1.0,-0.0
AFVLSLVYPFC5ZQT5KKSJRNFFKQYQ,Digital_Music,1.0,-0.0
AFVLUOHDJL6SDQ725KU7LYBGK46Q,Digital_Music,1.0,-0.0
AFVNEEPDEIH5SPUN5BWC6NKL3WNQ,Clothing_Shoes_and_Jewelry,0.7857142857142857,0.9463729359854419
AFVOEH5QKPSJEK4VMWS4GUWCZ6SQ,Digital_Music,1.0,-0.0
AFVOXZV56LIZ2XJG4L3XRF2ITYUA,Cell_Phones_and_Accessories,1.0,-0.0
AFVP66AZENGK2SKTLADNPJGIYPTQ,Cell_Phones_and_Accessories,0.5555555555555556,1.4355205042826666
AFVQTQM23HW36W655KNBHZKAUPLQ,Digital_Music,1.0,-0.0
AFVRQVUCVADWFFB7U4J5ILVOEGOQ,Digital_Music,1.0,-0.0
AFVTVAR5V6XKWMVHARHZXRCOSHIQ,Books,0.5,1.5
AFVVAWYOXQK63S7ZDK5EZGNM4LSA,CDs_and_Vinyl,1.0,-0.0
AFVVXZ2UVRM2KT73SLGNVZYUM2PA,Cell_Phones_and_Accessories,1.0,-0.0
AFVWRJSFTXSLWZUPRKKTVPY5JQRA,Automotive,1.0,-0.0
AFVX7R6QEFN757VJJAHIJIZAEIXQ,Digital_Music,1.0,-0.0
AFVYSMFSLQ72KM36STL6FXLDMQVA,Digital_Music,1.0,-0.0
AFVYUP667HX5PIHBJW7WBVVFHZVQ,Digital_Music,1.0,-0.0
AFVZ732L42ANKKSNKE4UNPI2GTQQ,Digital_Music,1.0,-0.0
AFW2PDT3AMT4X3PYQG7FJZH5FXFA,Books,0.6677367576243981,1.0647715898545345
AFW4FXFFDVKGQMSGIA74HUKKFNZQ,Automotive,1.0,-0.0
AFW4PPP2GYKKZW2JXAGWC4ZBOIGQ,Digital_Music,1.0,-0.0
AFW4XOXE6A2J4FLDS7ONEJZEUAHA,Digital_Music,1.0,-0.0
AFW55Y3JTHHHZXTKOFWINTSJIZIA,Digital_Music,1.0,-0.0
AFW5WQNZAMTNKQITLSP2EBDVSKWQ,Digital_Music,1.0,-0.0
AFW67E4KVDFRUYNPRI5ANTQWEQFA,Digital_Music,1.0,-0.0
AFWABVKN2DNOHA3H6DMIN3WJYXLA,Digital_Music,1.0,-0.0
AFWAXSLBIVNLLSKAKEXZWH6ZRFIQ,CDs_and_Vinyl,1.0,-0.0
AFWB27GHB5LSZCAZEULWVTE2YO3A,Digital_Music,1.0,-0.0
AFWCNCO44IOXKK6HAXXPZWQQHAHQ,Digital_Music,1.0,-0.0
AFWEEHWSXZG4LPIMBA3XYJE7R2VQ,Digital_Music,1.0,-0.0
AFWFFYN33BTY6NWWDTPEWQQBYDUQ,Cell_Phones_and_Accessories,0.75,0.8112781244591328
AFWHJ6O3PV4JC7PVOJH6CPULO2KQ,Books,0.3333333333333333,2.077865082165957
AFWK5HW3FB4HNVYJUHU5ZW7NPCYA,Automotive,0.25,2.0
AFWKMTS6HGPLGCF7XA7PCPM76ITQ,CDs_and_Vinyl,1.0,-0.0
AFWRGOGF4AI2IHRX7KZ2IYL63RXA,CDs_and_Vinyl,1.0,-0.0
AFWRW32IAVMIN5I4GFUSDRLBZZGA,Cell_Phones_and_Accessories,0.9,0.4689955935892812
AFWSWV6JG6RC5V6XEL4EXW4KKQBQ,Digital_Music,1.0,-0.0
AFWTME2ROGUQI5J5FB3DWCLKZNBA,Clothing_Shoes_and_Jewelry,0.7142857142857143,1.2916919971380596
AFWTT7HY7QEAGHNGQKUNPAKGKCQA,Books,1.0,-0.0
AFWVN52MRBWOTIK7UGXBWGOY4HBA,Cell_Phones_and_Accessories,0.5128205128205128,0.999525689293649
AFWXGZWG4TOCWAGDQSUUKONXVVCQ,Digital_Music,1.0,-0.0
AFX2DJTS22HUXFZCOAK6OTHEDTYQ,Digital_Music,1.0,-0.0
AFX4ROM4BGEA6KAV6JKX2CDVPP3A,Books,1.0,-0.0
AFX54TU2SL5JJ53SZ72G6PEMSOOA,Digital_Music,1.0,-0.0
AFX5CAKRRP3RSR27ON65ZRI4SXMQ,Digital_Music,1.0,-0.0
AFX5GCBHJZRWAIDMOJQPLQYQIT4A,Cell_Phones_and_Accessories,0.6666666666666666,0.9182958340544896
AFX7DU23Z43UGPBH2TCSCQFU2SZQ,Digital_Music,1.0,-0.0
AFXALFIRQPYVRT5RP3WTD2Q4WW6A,Digital_Music,1.0,-0.0
AFXAX77UJGWZG2JU2Z52CQQH7YAA,Digital_Music,1.0,-0.0
AFXDYTFXJLX4YG3UD7W23W7Z5Y4A,Clothing_Shoes_and_Jewelry,0.5789473684210527,1.7843151288554941
AFXDZW5H5LXQAZU7TM57Q25V5LQA,CDs_and_Vinyl,1.0,-0.0
AFXF2A2PAFC2ZP6NG6VQOELRHHAQ,Clothing_Shoes_and_Jewelry,0.6666666666666666,0.9182958340544896
AFXF3EGQTQDXMRLDWFU7UBFQZB7Q,Automotive,0.8421052631578947,0.6292492238560345
AFXFEXKD2XNGFLVJ2MMAXNYJSDAQ,Automotive,0.5,1.0
AFXHSWTPVNVZMQE7BZUEZF4OZHMA,Digital_Music,1.0,-0.0
AFXIUBD7MXOW6DBKXW7L5UKBM4IQ,Books,1.0,-0.0
AFXKMVUEARVTNAAHYLF4ABKOILFA,Electronics,1.0,-0.0
AFXMK2IQCHI3APYUVZ4HRDXIJJJA,Digital_Music,1.0,-0.0
AFXNV267KBJBGT2MFSCHYAFQ374A,Digital_Music,1.0,-0.0
AFXOCOWM2PQ754R7QUC3EMGIOADQ,Books,0.6666666666666666,0.9182958340544896
AFXOUPWEYPJDJRWMANPPBIVECPLA,Digital_Music,1.0,-0.0
AFXQDJLOL5GVFJRHGTU2LNMZHEMA,Electronics,0.6666666666666666,0.9182958340544896
AFXR7W6KTYBKQO4KH2NYV3UOEH5A,Digital_Music,1.0,-0.0
AFXRCMU3XL62EBWBP7X52ZO5E2KA,Cell_Phones_and_Accessories,0.8333333333333334,0.6500224216483541
AFXSSG44WLADRXCGOAQPBIW6L4QQ,Digital_Music,1.0,-0.0
AFXSTX2BS3VYZDUVT7XMYDOARDXA,Electronics,0.5,1.5
AFXT6QE65FLBETAO3VNEDARUI2DA,CDs_and_Vinyl,1.0,-0.0
AFXUNKJFY5ERNDCRPH5J22372ZMA,Cell_Phones_and_Accessories,0.45454545454545453,1.4949188482339508
AFXUP4WWKENB7LAW7SXIWSEYMH2A,Automotive,0.9230769230769231,0.39124356362925566
AFXVYJDUZ3HLSA5C3EDTJCWDNSIA,Digital_Music,1.0,-0.0
AFXXUSAEIK5VJPDSPSE3W6CMQHZQ,Digital_Music,1.0,-0.0
AFY3BPXSRDQ2R32A42JJY7HZMJGQ,Digital_Music,1.0,-0.0
AFY3UMP3NES7ZTYNG55CSYFKE4IA,CDs_and_Vinyl,1.0,-0.0
AFY4R7XMEMOPPE4XIOJ7AGRQTVSA,Digital_Music,1.0,-0.0
AFY6NMFTXXN7AL3NSMJ3GM42Y4CQ,Digital_Music,1.0,-0.0
AFYCVOWPEIUNDIODFVICC7ITNASQ,Cell_Phones_and_Accessories,1.0,-0.0
AFYE7WI2MA22IZZO6SXNM3AQRAGQ,Cell_Phones_and_Accessories,1.0,-0.0
AFYEGLQ6U4TTCG36W443KAWFNBJA,Automotive,1.0,-0.0
AFYEQGWZLEEM3VICX4K7GEITCNDQ,Digital_Music,1.0,-0.0
AFYI3QUQRIF2V6K5SQ5TFEWI7EGA,Automotive,1.0,-0.0
AFYKPHVGG43S3P4YMVSICBMSA5QA,Digital_Music,1.0,-0.0
AFYMNMPJ7TCETT3PK55JBS57I6DQ,Cell_Phones_and_Accessories,1.0,-0.0
AFYNCUNHKHRPPUOQSQEDJLSIL74Q,Digital_Music,1.0,-0.0
AFYOZ6GIVSYHLH4OCRCFDESNIATQ,Digital_Music,1.0,-0.0
AFYPRMPB3XQUHB7ZDJ2NVZRVRQVQ,Digital_Music,1.0,-0.0
AFYR3MTNDZASRHNYX3SOIEPUSFNQ,Digital_Music,1.0,-0.0
AFYSLPBHHOX43I7UNIIXIE7VD4SQ,Digital_Music,1.0,-0.0
AFYSWCXEGLPB2Y3RL323HFLGMT4A,Cell_Phones_and_Accessories,1.0,-0.0
AFYUE4KEBHOHSVH6QG7DGLE2YRXQ,Digital_Music,1.0,-0.0
AFYVDYPYTX3YUFXKX3WJLAEJOQXQ,Automotive,0.9285714285714286,0.37123232664087563
AFYXWRH5SULLY46JOJBBC3P6RWBQ,CDs_and_Vinyl,1.0,-0.0
AFYYMPUD6YQE23IA4MRYA4ZR3MMQ,Digital_Music,1.0,-0.0
AFYZ6GKRPEFTKYEHUOSTDR4CBJJQ,Digital_Music,1.0,-0.0
AFYZV2HD2I4TADEMI5QAQ5AGFFGA,Digital_Music,1.0,-0.0
AFZ2WFNVLG46EXHEF5AEG4LNR5JQ,Cell_Phones_and_Accessories,1.0,-0.0
AFZ4C2QTQZ6QXPSTWCAISSXRUJ6Q,Automotive,0.5,1.0
AFZ4G2LPX27EYRV4BD4TP3W4ZXXQ,Digital_Music,1.0,-0.0
AFZ4GAOLMHTZZLHY5ZAZDC4VRTSQ,CDs_and_Vinyl,1.0,-0.0
AFZ4H2HBXTMHVCZEBTNJP7W6R5LA,Automotive,0.875,0.5435644431995964
AFZ5LNTQPR45C4MPRYIEFVKGI4WQ,Digital_Music,1.0,-0.0
AFZAVVJSYQL5OUDHGT5MFO5KJWWQ,Digital_Music,1.0,-0.0
AFZB3WNDA3IKBDZIW3YH4KANAI5A,Digital_Music,1.0,-0.0
AFZC3UVPS3YDTAVOSOMU2A5SANMA,Digital_Music,1.0,-0.0
AFZCWIOD6EICPVQSSFO7YX6N6YWQ,Digital_Music,1.0,-0.0
AFZEWKQYA4ZH6UUJC27BXONQM6DA,Digital_Music,1.0,-0.0
AFZHB636MCCJNJHINABLEUCMQVTQ,Digital_Music,1.0,-0.0
AFZHE5NHEVDX7KVTV2NSY3FA4XWA,Digital_Music,1.0,-0.0
AFZHGG66WZRBIJTYPCHDSHY5GIWA,Clothing_Shoes_and_Jewelry,0.6666666666666666,0.9182958340544896
AFZHPATMBXNNBDADBUAFAT4ETAEA,Digital_Music,1.0,-0.0
AFZHVLKU2IFGM26MNHEHZV24MVLA,Digital_Music,1.0,-0.0
AFZI4HCFSGEXTEZAG2VICNAQTZBQ,Digital_Music,1.0,-0.0
AFZK2BA7HVTZTYYVBQ6YYL5XPWLA,Electronics,0.42857142857142855,1.5566567074628228
AFZNUOLBP4VX46FPIMS6R7TPFPHA,Digital_Music,1.0,-0.0
AFZPBQFGXJE7YVGVOCQ3INMCI6JA,Clothing_Shoes_and_Jewelry,1.0,-0.0
AFZPMWS2IY6WSK7O7F5JMOLM4NRA,Digital_Music,1.0,-0.0
AFZQ4QEIYOYSZK6ZOQW66XOQ3GIA,Digital_Music,1.0,-0.0
AFZR3DMRF5KW3WM6LVZ6SGSBGQXQ,Automotive,0.3333333333333333,1.584962500721156
AFZRBHATWMMOZ75SQMQGZNOD7CRA,Digital_Music,1.0,-0.0
AFZRGBUVYJMAM2UVML42IFJX3VQA,Digital_Music,1.0,-0.0
AFZSAYNMKDTQVOXQW2TCIGBR7RHQ,Digital_Music,1.0,-0.0
AFZSK2IFCP3KOE7IRNVSE3C3NKVA,Digital_Music,1.0,-0.0
AFZSZZURRC4XKKBIBHSIQFLXCOFQ,Automotive,1.0,-0.0
AFZTOO5BBNV4F3Y7QJACBRLXAJEA,Digital_Music,1.0,-0.0
AFZTYHXKI3CKU3S7OO4CADH4OEBQ,Digital_Music,1.0,-0.0
AFZUK3MTBIBEDQOPAK3OATUOUKLA,Clothing_Shoes_and_Jewelry,0.6203787195671776,1.664388008360139
AG25ZASYXSIF666IYOAOXJTTX2WQ,Digital_Music,1.0,-0.0
AG2BJOE43JDTA64QMYS6WLUS37WA,Books,0.5,1.0
AG2C5BVJIQA5DQUAONBZBINZSYEQ,Digital_Music,1.0,-0.0
AG2FJHNU5Y4HIDFK22Y6EJDFZ4WQ,Digital_Music,1.0,-0.0
AG2IOTNA76CJWFX5IURRVMJWVVBQ,Digital_Music,1.0,-0.0
AG2JBD4NI56SYO4DFA3HJIOUWZHA,Cell_Phones_and_Accessories,0.6666666666666666,0.9182958340544896
AG2L7H23R5LLKDKLBEF2Q3L2MVDA,Clothing_Shoes_and_Jewelry,0.8333333333333334,0.8166890883150209
AG2LKLOEC5D7YP6VJNWU3IIIHERA,Digital_Music,1.0,-0.0
AG2MBUI55GM2K4JSJFBTC26FXDMA,Cell_Phones_and_Accessories,0.6,0.9709505944546686
AG2MOYLWZ7VV33MY66YL3IJ7HI4Q,Automotive,1.0,-0.0
AG2NK3JFSVD5GLZUL63LKXGORPUA,Digital_Music,1.0,-0.0
AG2NOIYXWRLBHPHJBL2S4D7T5VIA,Cell_Phones_and_Accessories,0.5,1.0
AG2R7Q3QDT7QMPR27PFV36V6BR7A,Digital_Music,1.0,-0.0
AG2UEDPK43QC5AU6HZTCBANPW2FQ,Electronics,0.4909090909090909,1.4609613439460671
AG2ZGWAGJOGZN22KZ6CHW62URNOQ,Digital_Music,1.0,-0.0
AG32BO2VHFQML455DFYN55LRTG4Q,Electronics,1.0,-0.0
AG34ZX3BZMU2AB63EMR3327DJNWQ,Digital_Music,1.0,-0.0
AG35BKPUEUMX7LV5YLOQ5YCQ3GOA,Electronics,0.3953488372093023,2.1840573340696965
AG37FXF32G5JGPGN37V6WAOQKUBQ,Digital_Music,1.0,-0.0
AG3BG6PCNVQKVYNWHT7IJHEKUQAA,Electronics,1.0,-0.0
AG3CK5SCLW7IHASZSW5I52W6VQDA,Cell_Phones_and_Accessories,0.6666666666666666,0.9182958340544896
AG3D23KNXZKTXGW2BNP6IXS6YDQQ,Cell_Phones_and_Accessories,1.0,-0.0
AG3FZ7ST6C2R77BP2O4JMYRQ52MA,Digital_Music,1.0,-0.0
AG3HMLZJHOGT7PJQX3KGGHHC3AEQ,Automotive,1.0,-0.0
AG3IIIN4QARMCMYS5TGLZUZ4HRUQ,Cell_Phones_and_Accessories,0.6,0.9709505944546686
AG3J2ECL3DW3UPGGPX2TUF7SF5AA,Digital_Music,1.0,-0.0
AG3JJOGV4VW4LV4OR6UB6N7NPLEQ,Digital_Music,1.0,-0.0
AG3LKHMZRLJNHARYZDQLZ7XDKYEQ,Automotive,1.0,-0.0
AG3OMNZUNUF3QAFTI4FVLTXTFXZQ,Digital_Music,1.0,-0.0
AG3OMX2OKPGW6HEMNPEVIP7CB4HA,Digital_Music,1.0,-0.0
AG3PLBKYS3Z2IJHOBNCEOM4SXAYQ,Cell_Phones_and_Accessories,0.4,1.9219280948873623
AG3S4FROO422V5KP7DJCBXVUQLJQ,CDs_and_Vinyl,0.9317773788150808,0.3592555397303434
AG3SP44WMKMFLUZI36G3P3HBCVWA,Digital_Music,1.0,-0.0
AG3V3SP3WZANUQR6GAAKMCWCP72Q,Digital_Music,1.0,-0.0
AG3VSNBVZL5UXFTFFAQMIREN26AA,Digital_Music,1.0,-0.0
AG3VXRJ5OUQDF3UAEOEIIZ6Z5Z3A,Cell_Phones_and_Accessories,0.5714285714285714,0.9852281360342515
AG3WYLGVKWBLBYL5UEQOKD2KVDFA,Digital_Music,1.0,-0.0
AG3XU5GJ7ATYTRQ3664DTIOF2BRA,Books,0.42857142857142855,1.5566567074628228
AG3XVMSR63FRTMHFIACPDO7OYZDA,Digital_Music,1.0,-0.0
AG3XXUDFM7GM2H65FLDBSC4ENYBQ,CDs_and_Vinyl,1.0,-0.0
AG3ZLSFL6WEHCXA2SETWSPPDGTVQ,Automotive,1.0,-0.0
AG435XOKDSHTIJNM72GXXGZ2T7JA,Digital_Music,1.0,-0.0
AG4363JLAHPMXXRDWLELC7CS4KVA,Digital_Music,1.0,-0.0
AG44DQLCEHRU62BFWBHDAIIHS4XQ,Clothing_Shoes_and_Jewelry,0.8,0.9219280948873623
AG44FSSBEFC4BCDOIYRLVYVK6PZQ,Digital_Music,1.0,-0.0
AG46WWUBBVHZDPXJ5ZRDIKGHQLUQ,Books,0.5,1.0
AG47HU3MDS5O52R7Z5SRZO5LWX4Q,Digital_Music,1.0,-0.0
AG4AY3ZUV6CCSV3GPLIB4ASGKCYA,Books,0.5,1.0
AG4BBARVNO6VTOC654NFRHDCER4A,Digital_Music,1.0,-0.0
AG4CMACPLR2DPFISKIUJ7EG6OMYA,Digital_Music,1.0,-0.0
AG4CMTXPGODUYDK466SGORLF4MOQ,Digital_Music,1.0,-0.0
AG4COLOHCLHWUUYWCZ77TPJLE3EQ,Cell_Phones_and_Accessories,0.9333333333333333,0.35335933502142136
AG4CZLNP6BBFS3EHZD523FWY5WEQ,Digital_Music,1.0,-0.0
AG4EATR4WL4QOALBK2QV3T5CJVSA,Digital_Music,1.0,-0.0
AG4EMCK4UVIBJKL7DR7ZHTF7CO2Q,Automotive,1.0,-0.0
AG4FRNPMHSM4HS2IBC2H5B7IUQDQ,Digital_Music,1.0,-0.0
AG4GRM4E4LZBSQNUBEQ2LSNNJV5Q,Digital_Music,1.0,-0.0
AG4GVZM7SUDK4REL56U7DK4GQWKA,Digital_Music,1.0,-0.0
AG4IBL6TDT3RZJRIJMOFL2TGXJGQ,Automotive,1.0,-0.0
AG4JCTFIA6PZNLS6QDQAHSMZMF3A,Cell_Phones_and_Accessories,1.0,-0.0
AG4LLC6OSJUW7MTIZE4G332S5MYA,Digital_Music,1.0,-0.0
AG4MIJDYTNWORGOKC2K22CPHFODA,Cell_Phones_and_Accessories,0.5,1.0
AG4N4JABA6W7WTXO46RJTBAZ573Q,Automotive,1.0,-0.0
AG4NGLW57WS4PMTDFVYYICYXMLMA,Digital_Music,1.0,-0.0
AG4NTS4JQDDFHSGS4233TNBMXNNQ,Digital_Music,1.0,-0.0
AG4PYEKPTTEMMWBRIXTC2UAVWQPA,Digital_Music,1.0,-0.0
AG4RDNEXBUS7SKHLYCZHG2Z4FZ5Q,Electronics,0.46153846153846156,1.6143308351592656
AG4RU5SMNCJ6TBCVN4M6IKY6X3PQ,Digital_Music,1.0,-0.0
AG4S3VMKGHGEKQIRVNC5LGOFHRIA,Digital_Music,1.0,-0.0
AG4S5RCVIUSITJI2KCBI6W2VFGMA,Digital_Music,1.0,-0.0
AG4T2QLCIUPQHPZDQTGQOIQOQX7Q,Automotive,0.6666666666666666,0.9182958340544896
AG4TV5GQSCCDIQU7NCU5WSHVEAWQ,Books,0.75,0.8112781244591328
AG4UY5TXNQGJEGFB3Z3U457NFKEA,Digital_Music,1.0,-0.0
AG4VTWACVROUOA2KBR5WMK74Q4GQ,Digital_Music,1.0,-0.0
AG4Y5I6ZSKGBY43KKNIHVOMBNW2A,Digital_Music,1.0,-0.0
AG4Y6GHCUH6T352ABJ6EUNEPGJIA,Digital_Music,1.0,-0.0
AG535JFIAGQV4CY7TREDVYPDNGKA,Cell_Phones_and_Accessories,0.6666666666666666,0.9182958340544896
AG54HW54DL4HYJARBLCRETL7L4YQ,Digital_Music,1.0,-0.0
AG55FRTLHYWH7LACKFHHRATAHPLA,Digital_Music,1.0,-0.0
AG56IAC5WMZYNSRHULIBSMRVFGHQ,Digital_Music,1.0,-0.0
AG57CQ6P4QWYMWUV6MTAOETUKHTA,Cell_Phones_and_Accessories,1.0,-0.0
AG57WKP4UAON47LATKVUWCTW4DDA,Digital_Music,1.0,-0.0
AG5DTPDJ6XF4EU2LLSFHPJO4UZEA,Digital_Music,1.0,-0.0
AG5ESK2B2EL7CKQC3QC74UQVKNYQ,Books,0.3333333333333333,1.584962500721156
AG5ESKHGJ42U6Z7D7I6FJ3OZ56BA,Digital_Music,1.0,-0.0
AG5FGD5Z74CTCIWMMCSR2AQ7CM7Q,Digital_Music,1.0,-0.0
AG5FGEYGAMLVI7NOKMXL7ORUZNDQ,Books,1.0,-0.0
AG5HINCRUM4HZ5AG6GNREUGDTNXA,Clothing_Shoes_and_Jewelry,0.8333333333333334,0.6500224216483541
AG5HOQN6X5G5IN5F2XPRAFOEYGFA,Digital_Music,1.0,-0.0
AG5IX5MH4TBKUEHMIQ4ZMNSFEFLA,Digital_Music,1.0,-0.0
AG5KDDU7RCGXHBA6BPPXXW3IP6UA,Electronics,0.5714285714285714,0.9852281360342515
AG5MZAXLQHADZ3UYXZQGVNFEJZ4Q,Digital_Music,1.0,-0.0
AG5PZHKBEOMIYZCNUL7S6FOJATYQ,Digital_Music,1.0,-0.0
AG5QC2TGPZRTGSNFVFSLXDHG2ORQ,Digital_Music,1.0,-0.0
AG5RBZZWD2F6I33DISMD2JHJSV5A,Digital_Music,1.0,-0.0
AG5RCAVKSAKDXA4RRARBMUKSSYPA,Digital_Music,1.0,-0.0
AG5RLYHH277YN5CG5UIMLHMG4XWQ,Automotive,0.3333333333333333,1.584962500721156
AG5SPXKXC3M32V7FSF4IAZRCW7VQ,Digital_Music,1.0,-0.0
AG5SV4UPCDKZAVM2SOW6CSWR4EKA,Digital_Music,1.0,-0.0
AG5T663F5V7WASRHQSWDX6ISGWUA,Digital_Music,1.0,-0.0
AG5T7BAPUYBT6LE5FSBDGUE6ZCXQ,Digital_Music,1.0,-0.0
AG5XGWBUVIQWZBR2CSPLHNBGINLA,Digital_Music,1.0,-0.0
AG5XOMIEGWTQKCHPGS77VKDDYUOA,Digital_Music,1.0,-0.0
AG5Y7PRM4OD7TC23Q6S7KMNL2XNQ,Clothing_Shoes_and_Jewelry,0.7333333333333333,1.2496527261266068
AG5YNREZVJP6XATLCKEM4NTGLICA,Automotive,0.5,1.0
AG5YY4OVNFDHJV23F7PFXV3FHAJA,Cell_Phones_and_Accessories,0.6666666666666666,0.9182958340544896
AG62SYAV42JMDOJV3DO7NSI4TTBQ,Digital_Music,1.0,-0.0
AG63IU6BFAGO3FYPMUOAULVTHGMA,Digital_Music,1.0,-0.0
AG66YLW2OK4E25SLM3VCBHKRBURQ,Cell_Phones_and_Accessories,1.0,-0.0
AG67LXCTBMBBOY4H7CEXR73UGROQ,Digital_Music,1.0,-0.0
AG6BAEKWLCWH2TW3KKLVK773YF6A,Clothing_Shoes_and_Jewelry,0.5,1.75
AG6CEWBCJCCJ3FQPCTZ3QXYVSLJQ,Books,0.5,1.0
AG6DIQWOKFZFS3LM65IG5NU4UZYA,Automotive,0.3333333333333333,1.584962500721156
AG6GQ2NTR2JCVELBW7RMZGFBUO3A,Digital_Music,1.0,-0.0
AG6HFVGPY3YC67EHKLKXOXICZVYQ,Digital_Music,1.0,-0.0
AG6JCB3T4PRY6AYIVKFOV6MPJB7Q,Digital_Music,1.0,-0.0
AG6JYOZ2MM5ZJZR2EM3NF3TW6CAA,Digital_Music,1.0,-0.0
AG6K6COJV7WZIHE6RIRZN4BSRNGQ,Digital_Music,1.0,-0.0
AG6K7GPCDHQNKMVDMTYKKWSOAVVQ,CDs_and_Vinyl,1.0,-0.0
AG6KA2HYMCNL5RDXP2SSOWYSGHOQ,Digital_Music,1.0,-0.0
AG6LPVVIUPRU4MNIX3NLED2U5J6A,Digital_Music,1.0,-0.0
AG6MQNEZY4U7U5DREL6MOE3KVG5Q,Cell_Phones_and_Accessories,1.0,-0.0
AG6MR5HTNWERSCG7YH2QVY52I66Q,Digital_Music,1.0,-0.0
AG6MS57RFS4F2MZ5XJUINK7J4YCQ,CDs_and_Vinyl,0.5,1.0
AG6MTCSSINCEVTNVZO2SOUUSDR5Q,Cell_Phones_and_Accessories,0.3333333333333333,1.8910611120726526
AG6NAC74NJXO4ELJFVJDKISVQAEA,Cell_Phones_and_Accessories,0.6666666666666666,0.9182958340544896
AG6NLVX4D3V2BWYIXB7SWLU5OAIQ,Digital_Music,1.0,-0.0
AG6PIMULBMZMJXCQLQOTDTRIWG5Q,Digital_Music,1.0,-0.0
AG6RPXIP3FYKEIUL25BJCN5JFDZA,Digital_Music,1.0,-0.0
AG6SCI5AUYGTWBHLCCJHDPDTODXQ,Digital_Music,1.0,-0.0
AG6SNHIVEFMJIXCLZWKTGEOV5ZBQ,CDs_and_Vinyl,0.6363636363636364,1.4911148500551854
AG6TI455ZBVZPUE5UM4Z5USXNUMQ,Digital_Music,1.0,-0.0
AG6VIQTSTVZM6O6W3A3RHWNEUMIQ,Digital_Music,1.0,-0.0
AG6WSAG3LWJZORZR27RPJUYA2NZQ,Digital_Music,1.0,-0.0
AG6XGVJWFFNW5QTUTTPUAC4OBPZQ,Digital_Music,1.0,-0.0
AG6XRL7KEXPU2VWUVFYCIXJMFW2A,Digital_Music,1.0,-0.0
AG6Z6UPUHAIKZZCT7KQ4S6IFFVPA,Digital_Music,1.0,-0.0
AG6ZXPQSSFI5DH2SKHOMSNMWITAQ,Digital_Music,1.0,-0.0
AG732MXNWFLTLT6CJ27MD3WNIASQ,Digital_Music,1.0,-0.0
AG73KP2HS4CKZFD2L3PFULRHSVNQ,Digital_Music,1.0,-0.0
AG74HNQCWELUSMAKMXX4TFMAMYOQ,Digital_Music,1.0,-0.0
AG76RJNRLQUCHEVV4D75QND46LPA,Digital_Music,1.0,-0.0
AG775DSEE4NCWI6NA3A4TALVSRHQ,Cell_Phones_and_Accessories,1.0,-0.0
AG7BLXGCWCXHXMN574SP7PKUYSBQ,Digital_Music,1.0,-0.0
AG7CXUKMCJ6YHFMCWKARXHXVPMOA,Digital_Music,1.0,-0.0
AG7DH74UOAJIB2NWCI7VGSVF3KCQ,Digital_Music,1.0,-0.0
AG7FS5EQU2WOSBFNQGDY3VP25LVA,Electronics,0.6470588235294118,1.4516607643577668
AG7FVWM5QM2Y5ATJQVZM4GCSAA6A,Digital_Music,1.0,-0.0
AG7GV2GFOT74SEFBKJ7YXIJ2F3LQ,Digital_Music,1.0,-0.0
AG7J5OHI7UPCU4IJPBW7HNUPLUIQ,Electronics,0.6666666666666666,0.9182958340544896
AG7J7ECHU4TI4E4TZ53ZCBIKL7YA,Digital_Music,1.0,-0.0
AG7JH2A6PFUAANQZ4EASUGDC7XHA,Cell_Phones_and_Accessories,1.0,-0.0
AG7JSIKUQPSL5AAPRDRKDNWM4U2A,Cell_Phones_and_Accessories,0.8823529411764706,0.5225593745369408
AG7LADSHPBHTRV3OQR4265ES6GIA,Digital_Music,1.0,-0.0
AG7LRUVAZG4AMMG3JSS2L7PNVCLA,Digital_Music,1.0,-0.0
AG7MEBFQTVWCUJMKDKKE3W4KTT3A,Digital_Music,1.0,-0.0
AG7MKASYD5IEHFSJQACOWGHK656Q,CDs_and_Vinyl,1.0,-0.0
AG7OMLZYEZYOV72P4NBV2EVJG6ZA,Digital_Music,1.0,-0.0
AG7OYMPAYRH5BDPAUAVS5YWIVBGQ,Digital_Music,1.0,-0.0
AG7P37OYETQ43CMXLZKCMYQXHZOA,Digital_Music,1.0,-0.0
AG7QDTQYHFOIXFWSVUUBZOEIW2NA,Books,1.0,-0.0
AG7SWTY2OY6RDZETALLMH2ZR5VYA,Digital_Music,1.0,-0.0
AG7TKHLDUM5NKS5IW3XWS6RWHILQ,Automotive,0.8571428571428571,0.5916727785823275
AG7VNLW34SGZ7JNJSL6XT3U3VFEQ,Digital_Music,1.0,-0.0
AG7WKI6NUQBA2OLKG5QQP4TXXODA,Digital_Music,1.0,-0.0
AG7WKTZINOFIXMZJYIPKIB7PV7NQ,Electronics,0.5517241379310345,1.6559920846056582
AG7X2YKMH6EETSAKSVZ3QRWITD5Q,Digital_Music,1.0,-0.0
AG7ZARYS7FRD6IELOUEOFC7HGPMQ,CDs_and_Vinyl,1.0,-0.0
AG7ZXSSKZPKMPGGHKXNE7PZI344Q,Digital_Music,1.0,-0.0
AGA3PQKDGXZQB7D3XXO74OO3GM7A,Cell_Phones_and_Accessories,0.9090909090909091,0.4394969869215134
AGA3VBG56LW5VBDMWXE23N4PG2IA,Clothing_Shoes_and_Jewelry,0.6666666666666666,1.404678473063571
AGA5NVURIH4FYZ2Y5OEE5SF3IXGQ,CDs_and_Vinyl,0.6666666666666666,0.9182958340544896
AGA77XVPYPRDNC3AJAIC557RGSLA,Electronics,0.75,0.8112781244591328
AGA7G25NGVP4CKBHYCOWI7OPXFIQ,Digital_Music,1.0,-0.0
AGAANUTK7OBMDHQUKSFZZARKCJ7Q,Cell_Phones_and_Accessories,1.0,-0.0
AGAE6KDFMIALPBHFHEJKT4KJKEIA,Digital_Music,1.0,-0.0
AGAFWZBZFPXKTQLIQUYVDVJK2FZQ,Electronics,0.4,1.8464393446710154
AGAGHNKEUJHHPRDGNZWSAJH7EGJA,Digital_Music,1.0,-0.0
AGAHANLSS7DG4ZHNPP5S56W4SKHA,Cell_Phones_and_Accessories,0.875,0.5435644431995964
AGAHV5WINQWBIQYQWD3O7THAJDPA,Digital_Music,1.0,-0.0
AGAI6BVT4RMJ6ZRWGRAPBJ3RUJ6Q,Digital_Music,1.0,-0.0
AGAJIGBX3UA7OEFS3XA42FR5SGWA,Clothing_Shoes_and_Jewelry,0.7777777777777778,0.9864267287308424
AGAKNRAW23NJ36YPFRNCUX4WS3YA,Digital_Music,1.0,-0.0
AGAM2CCKV52HI4YZU7ASZTSXA7YQ,Automotive,0.7142857142857143,0.863120568566631
AGAMJIJZG46DZUGZ5L2PSLGVP3LQ,Automotive,0.5,1.0
AGAMMFYEWRRZ6DWMODRNER7FLHBA,Digital_Music,1.0,-0.0
AGAO6UNI7SXDU4VQLCZVI4WEVLVA,Digital_Music,1.0,-0.0
AGAQA25V3AR7HU6RKJ72C5PUT5UQ,Digital_Music,1.0,-0.0
AGAQU5F3APPRBAFIZMQSBU2QIJWA,Digital_Music,1.0,-0.0
AGAV7VPO2ZPOD4QYXSYFTENHHX2A,Digital_Music,1.0,-0.0
AGAVKNCPQC4E4KVNDMKCNG74DLAA,Digital_Music,1.0,-0.0
AGAWRQSMW2RINWN35JDTPYMKL2QA,Digital_Music,1.0,-0.0
AGAWTF3V56XUCWIZZ7FPS6LL7FFQ,Digital_Music,1.0,-0.0
AGAYAFWWJLDWOHMIRXILF65ZVETQ,Digital_Music,1.0,-0.0
AGB2OD4PZ7AMECYHMRMTUMYJSQGQ,Electronics,1.0,-0.0
AGB377UZDJ6IV6NMXLJ4GESBTZVQ,Digital_Music,1.0,-0.0
AGB6TDH6NV66DR6GPPAAOGJBP2VA,Digital_Music,1.0,-0.0
AGB6W4XCPTDTIUP3GGEUC42OBPQA,Digital_Music,1.0,-0.0
AGB6ZEKVRQ32H2I7V3KNJNRCOTMA,Digital_Music,1.0,-0.0
AGBADUNW3ZWJDSFCOIORYXGNUWLA,Digital_Music,1.0,-0.0
AGBALMWEDCZRIX2QENGWDZET3EFQ,Cell_Phones_and_Accessories,0.4,1.5219280948873621
AGBAWYOBOBB5REBQO2VC5ZMPZDZQ,Digital_Music,1.0,-0.0
AGBAZXC4DWPPAWOBIL4O72OG2DHA,Books,1.0,-0.0
AGBBEKOCKHTCQ673LZBRD464EZ5A,Books,0.3333333333333333,1.584962500721156
AGBC6QL4KQQPGU3B5TN6BPZNVT6Q,CDs_and_Vinyl,1.0,-0.0
AGBCR4VWZNF2T62P2AUJ72XVNOXA,Digital_Music,1.0,-0.0
AGBD56HIPNBFHYUZQE4HCHEY4YJA,Digital_Music,1.0,-0.0
AGBD5EOISKZJYPXVAEOLJQ3JQDAQ,Cell_Phones_and_Accessories,1.0,-0.0
AGBE42CMMBVZMNV4IWVAZ7TRCCNQ,Digital_Music,1.0,-0.0
AGBEKEEAIDO6SIFJNSD46IGTF3IQ,Automotive,1.0,-0.0
AGBEMITBTFVH5AU4LCTLJCFUQNSA,Digital_Music,1.0,-0.0
AGBFYI2DDIKXC5Y4FARTYDTQBMFQ,Clothing_Shoes_and_Jewelry,0.8157894736842105,0.7981943390667416
AGBGLR7EK6ULC2OXPXCCWEAE7Y7A,Digital_Music,1.0,-0.0
AGBH3WI2WKLQX3CMET5EBONWYCPA,Automotive,0.8064516129032258,0.7088356733321961
AGBJABSJLN7H7AALE7VKHYDGC76Q,Clothing_Shoes_and_Jewelry,0.625,1.5016144718101818
AGBO5SEPWTF5NLYD33PFPGGVRUJQ,Books,0.5714285714285714,1.5216406363433181
AGBOAGO2YKGMEMRHPFBK6K2Q6RFA,Automotive,1.0,-0.0
AGBODH3OWST6Z3EEQKAGR5T64XZQ,Cell_Phones_and_Accessories,0.6666666666666666,0.9182958340544896
AGBOGNMAG3UCA6B4Z6VT62DVNOIA,Cell_Phones_and_Accessories,0.5454545454545454,0.9940302114769565
AGBOYAEBYUG7XQIUWD472ASYPV3A,Digital_Music,1.0,-0.0
AGBPS7QDYY5IH4NO5KBESHI7KVQA,Digital_Music,1.0,-0.0
AGBSMECRMOHN27JOJXPM7QZBDTIA,Digital_Music,1.0,-0.0
AGBTKC7B33AV4GBCAUN42BH466PQ,CDs_and_Vinyl,1.0,-0.0
AGBUJDDLRJIUJFTKPABJT6CJTHRQ,Clothing_Shoes_and_Jewelry,0.4444444444444444,1.7527152789797047
AGBV72RM4MSS5GC2I4LQR33HPMEA,Digital_Music,1.0,-0.0
AGBWZSPAIQMKAYQNMIUXJFRNRDXA,CDs_and_Vinyl,0.7777777777777778,0.7642045065086203
AGBYLU533D4JXYWDELNXLBBQOLSQ,Digital_Music,1.0,-0.0
AGBZTGGZ7CGQHLNOZDVJNHRYDFPA,Digital_Music,1.0,-0.0
AGBZYPQKIUZGWHXOZZFAMVEQZ5JQ,Cell_Phones_and_Accessories,1.0,-0.0
AGC3Q6IXOVLTTDMS4Q55FPYUF6FQ,Clothing_Shoes_and_Jewelry,0.7,1.1567796494470395
AGC4QWMCERWYFRIRFEUYDW4SNFNQ,Digital_Music,1.0,-0.0
AGC6RAOTWSUWXFPFJ2SQUB4CDRVA,Digital_Music,1.0,-0.0
AGC7ZUHGXOPXDPEB76W55USPGUMA,Digital_Music,1.0,-0.0
AGC7ZZBIWDFPRACV5XE2DUNZLY7A,Digital_Music,1.0,-0.0
AGCCFLGNMV6ABDOO4O6SUJW65ICA,Books,0.75,0.8112781244591328
AGCHWDKXBTWJR5HF7AHWGXXLFNYQ,Automotive,1.0,-0.0
AGCI7FAH4GL5FI65HYLKWTMFZ2CQ,Electronics,0.3333333333333333,1.9054172440320793
AGCIVNDDRX3PXIUINEG4NCRGWCRA,Clothing_Shoes_and_Jewelry,0.5,1.75
AGCKEZUL53B5NEKKW6VQZVU5BSJA,Cell_Phones_and_Accessories,1.0,-0.0
AGCLVDA44LS5HWGQ3QELSDXDYICA,Cell_Phones_and_Accessories,1.0,-0.0
AGCM2OTPTYYEXBQ3TTBH7C23U27Q,Digital_Music,1.0,-0.0
AGCN4M35EAWFYEQTCXUIHDLO2PFQ,Digital_Music,1.0,-0.0
AGCO5AU5AVDFJKKVVX2TAYMDDP3Q,Digital_Music,1.0,-0.0
AGCOR53ZRYMLDCOU4M2LRD3OJPVQ,Digital_Music,1.0,-0.0
AGCPAPUHXYA3EEIL2KGSQTGO5HRA,Clothing_Shoes_and_Jewelry,0.6666666666666666,1.4182958340544896
AGCPNKEGN6XZDD52B3YLWYUSJ3VA,Digital_Music,1.0,-0.0
AGCQR2QLP3XWU64TBYFJCAZWQQKQ,Digital_Music,1.0,-0.0
AGCRBF2VXDVYUBUAUMIRLKUNOI3Q,Digital_Music,1.0,-0.0
AGCRKF4ILD6L7Q7OVHSYSIU2RHOQ,Digital_Music,1.0,-0.0
AGCS6HSZBL6OPU4V4LD5H6GMBC4Q,Clothing_Shoes_and_Jewelry,0.9,0.4689955935892812
AGCS6U5CA46LTCMTBRGSOPCFP7OQ,Cell_Phones_and_Accessories,1.0,-0.0
AGCTNUP4YCT4SVXVIBUOSDVWV2JA,Digital_Music,1.0,-0.0
AGCVSWL73WABJDSPMZA6MKGUT6YA,Digital_Music,1.0,-0.0
AGCX2OFBYHXWZDKJ6U36BID77O4Q,Digital_Music,1.0,-0.0
AGCZ3PPMQG5QWLCKO7OXQRNM6OCQ,Digital_Music,1.0,-0.0
AGD4DWA3GWX76A6MSPM7OVGCQ2AQ,Cell_Phones_and_Accessories,1.0,-0.0
AGD53FZJLNU4UOJE43EZTFFDJYTA,Automotive,0.3333333333333333,1.8910611120726526
AGD7BM57ZN7YCPFAGOOIZUAZJWKA,Digital_Music,1.0,-0.0
AGD7R6EVPDKNZEIYEU3QHFIQ6IUA,Automotive,0.75,0.8112781244591328
AGDASUJ2PWW3NEEJODTJP5DNDDDA,Cell_Phones_and_Accessories,1.0,-0.0
AGDCD2ZNYMDZAVQKQ3RZ56LJTRVQ,Books,0.5555555555555556,1.407561707906242
AGDCKDGD7L4EGIO5JMXLJCGXH4RQ,Digital_Music,1.0,-0.0
AGDDPM64XFF5WPK63RDLQ7RBHNVA,Automotive,1.0,-0.0
AGDE67QCY44IIOF5BDVXDLPWF7BA,CDs_and_Vinyl,1.0,-0.0
AGDHXFCOVPYLY26TQKIFU6FHQHWQ,Cell_Phones_and_Accessories,1.0,-0.0
AGDLD6R6Z6WB5KNG6Z2L6LNRMLZQ,Cell_Phones_and_Accessories,1.0,-0.0
AGDLSGM4WNQP5RESL2RNGYI26JYQ,Digital_Music,1.0,-0.0
AGDLWS5NQLIJOXPG3EMD6LWEIJXQ,Digital_Music,1.0,-0.0
AGDNPXZHZBXDJ7ELU54GBGOYHP6Q,Digital_Music,1.0,-0.0
AGDNYYDWS7ARCCUK5J7YPFZCDWKA,Digital_Music,1.0,-0.0
AGDO3NCWKRLQ2SSZPAOTZSQ6BEEQ,Digital_Music,1.0,-0.0
AGDQO4VIXXMHZMFRFHAHO2PNCYRQ,Digital_Music,1.0,-0.0
AGDRYKMGWAGXITLB4OLIX3AZFQCQ,Automotive,1.0,-0.0
AGDSMHOJ3CZSQ7W3I3NQL5LAYAFA,CDs_and_Vinyl,1.0,-0.0
AGDSNBZVYAETVTRLIK23BEYH3WUQ,Digital_Music,1.0,-0.0
AGDTAK2RJA6MCSUE3PXI6VTR5FCQ,Digital_Music,1.0,-0.0
AGDTHJ7R5N2HOHYK4AACLB53BULA,Electronics,0.75,1.040852082972755
AGDTLRCK7PKGPJHYMJFOC57KCDKA,Digital_Music,1.0,-0.0
AGDU7RAA3TBYLZ67IWC3UMC2CLFQ,CDs_and_Vinyl,1.0,-0.0
AGDUEOFEXTNMWRWOE3E7XJFBDWPQ,Cell_Phones_and_Accessories,0.6666666666666666,1.2516291673878228
AGDUXF4E7K4X5WBBCKNPG6AD2UCA,Automotive,1.0,-0.0
AGDVYFMNSE2GX2YMGDQUGG7ZAJHA,Digital_Music,1.0,-0.0
AGDYBBRC2NXCXZL7PVEZTU42ZD2A,Digital_Music,1.0,-0.0
AGDYG3SIUU6GZJLYNSOBEIRJVJFA,Digital_Music,1.0,-0.0
AGDYVM7M7BVVZYCTHUYSLSUKBEGQ,Automotive,1.0,-0.0
AGE234CQ2UMNZDB5ID34LCXSTWOA,Digital_Music,1.0,-0.0
AGE2H5TX5W3RGHTV32K4T4UQ7DSA,Digital_Music,1.0,-0.0
AGE325VS4HOTE3WXYCTXYCW4LTNQ,Automotive,0.5,1.0
AGE46QM42JCCX5JTZZZ7VA2R7LUA,CDs_and_Vinyl,1.0,-0.0
AGE4I2TEPV4755LBURJBJNGPSS3Q,Digital_Music,1.0,-0.0
AGE4TXFUPKOYJB4KWMVCYM645D6Q,Digital_Music,1.0,-0.0
AGE62643KEU7MHKTLICGBVTJT45A,Clothing_Shoes_and_Jewelry,1.0,-0.0
AGE6VO6FAPDJOCXN4S7D4KV6E5AQ,Digital_Music,1.0,-0.0
AGEBPS4VGK3QLW2QICW7PHEFOBJA,Digital_Music,1.0,-0.0
AGECAT7BVD7D74HJCURBAZ7GEUIQ,Digital_Music,1.0,-0.0
AGEFGQNUBPAGS4JYBD664PSZKDNQ,Automotive,0.5,1.0
AGEFLX2M37K7NSODGTH4XTOFNCVA,CDs_and_Vinyl,0.75,0.8112781244591328
AGEIL3UMHB37SCI24FNDUGSQMERA,Digital_Music,1.0,-0.0
AGEIZLGCJPT2XWV7ISYN6NXDTA6Q,Digital_Music,1.0,-0.0
AGELVSC7FROZX63343JHL7MHJ6PA,Digital_Music,1.0,-0.0
AGEORTCITOA7IS7QJ4CMTX4ALGCQ,Digital_Music,1.0,-0.0
AGEP2CC2QIJU5IHQZXCC7BE5JSDQ,Electronics,0.46153846153846156,1.9258641224711837
AGER56PV7SSBSDO4OX24AHL4QOMA,Automotive,0.6666666666666666,0.9182958340544896
AGER7R5Q22DIDJBAW3TURAHPN6DQ,CDs_and_Vinyl,1.0,-0.0
AGESD5PX335TWCG24JEH5HGU3U3Q,Digital_Music,1.0,-0.0
AGESLQWKNQSQ5FIJVR7Z5WX4UWLQ,Electronics,1.0,-0.0
AGETS26EIQG2SHMMP4TXSTLW4TKQ,Digital_Music,1.0,-0.0
AGEWZZZN3NFAKRSBZMO3ZG67H32Q,Digital_Music,1.0,-0.0
AGF3LLXUN4OIVPFTCVCNVLRGPJUA,Books,1.0,-0.0
AGF42GID7QWDCNFTJRCTMKAITJJA,Clothing_Shoes_and_Jewelry,0.7228915662650602,1.3000747199772276
AGF4LWQD2ZPMSA2KOOFLP5IGDOEQ,Cell_Phones_and_Accessories,1.0,-0.0
AGF5RVFM6B7LTHYFA2BZBRWO33OA,Automotive,0.5,1.0
AGF6GWDAWG7UW3R5O2G5O5JZC4BQ,CDs_and_Vinyl,1.0,-0.0
AGFAB5SHMZQOEBKY6FYYP4QROYTA,Digital_Music,1.0,-0.0
AGFALR55HVNYM4KFZYF66QRS5TPQ,Automotive,1.0,-0.0
AGFBOGXXNXNW3BK5EVZKWF7746NA,Digital_Music,1.0,-0.0
AGFEPRCURHO2HL5DXVA3ZKG7335Q,Digital_Music,1.0,-0.0
AGFETIUFABYTBKH3H237OWO2FLBA,Clothing_Shoes_and_Jewelry,0.5333333333333333,1.3995812306460644
AGFG6XMC2CJ4OLE6ZDLYASLVZ7CQ,Digital_Music,1.0,-0.0
AGFHXULBCMATHKDAIGDQIYXNQNYQ,Cell_Phones_and_Accessories,1.0,-0.0
AGFIF5JJCH3ELJKQGZ25ZIRQOIMA,Digital_Music,1.0,-0.0
AGFJAPF5SAJG4AGK3LXKAG7IT3PQ,Books,0.9285714285714286,0.37123232664087563
AGFKWX5UV6XADCUDKYILHVF2GIQA,Automotive,1.0,-0.0
AGFMQUWYRKQZBV5MVB2FAPVDFVAQ,Digital_Music,1.0,-0.0
AGFNKUPLGHJ7X5IRLMJBDIMCLMKA,Clothing_Shoes_and_Jewelry,0.75,0.8112781244591328
AGFP6OEYQRZU3IERNUHL6DPZNAIQ,Digital_Music,1.0,-0.0
AGFRYR26NF57JVP32JITLDXXOIIA,Digital_Music,1.0,-0.0
AGFTJTENALICRNLERZIM3RTRRDDA,Digital_Music,1.0,-0.0
AGFUJ3EGB7VTLV3ZMKEZVRJHPA5Q,Clothing_Shoes_and_Jewelry,0.9310344827586207,0.4310167689753772
AGFV6IBYOVGKEG4JDONTGWESDFWQ,Digital_Music,1.0,-0.0
AGFWIDDE6JBJ5UPX7EZTSZELRCPQ,Books,0.7142857142857143,1.1358159979737639
AGFWZ4OETH6KXKY47UN36SOVQEYA,Cell_Phones_and_Accessories,1.0,-0.0
AGFXURLTENFEBATHTRXXFL2SPQEQ,Automotive,0.5,1.0
AGFYQKHHDAB2577M24LUAF5POSYQ,Digital_Music,1.0,-0.0
AGFZN7GMJJSJBF2EQHCAUY6ZIM6A,Digital_Music,1.0,-0.0
AGG2NB2RZZ42ZAKKZBEMTU35D53Q,CDs_and_Vinyl,1.0,-0.0
AGG2WW2S4MAFYCV5SEOVBQD2XVAQ,Cell_Phones_and_Accessories,1.0,-0.0
AGG3LLILZEGKCA4SAS4Q7X2Y7ISQ,Electronics,0.6666666666666666,0.9182958340544896
AGG4G7NWIO2N2S4X2FVW5UUNJT5A,Cell_Phones_and_Accessories,1.0,-0.0
AGG5OL7437GO5YJ57IRXD4WVCZGQ,Digital_Music,1.0,-0.0
AGG6ECFDYW6UNOXCGYW7ZQD2USRA,Digital_Music,1.0,-0.0
AGGBKPZNJKNB2SI3YFWE3XHMK6TA,Digital_Music,1.0,-0.0
AGGCOGRPBF6EW575FNSPKLJXYQAA,CDs_and_Vinyl,1.0,-0.0
AGGFJ7VY3HU3HA7XFTYYOXXD4ZGQ,Automotive,1.0,-0.0
AGGHHNTNWUXUG2LEOP4KGUMULISQ,Cell_Phones_and_Accessories,0.9,0.4689955935892812
AGGJ6SHNO3HLK5JODWEITQQJETKQ,CDs_and_Vinyl,0.8333333333333334,0.6500224216483541
AGGLI3SQU72HO6NRDK7SS4EBZ5VQ,Automotive,1.0,-0.0
AGGLOHDR6L7GZMIFCGXPPHS23OTQ,Cell_Phones_and_Accessories,1.0,-0.0
AGGMDRXIZJHBVVQFKU2LJ3LGICTA,Automotive,1.0,-0.0
AGGO2DPSHP7SUUAUJWK55AZURN3Q,Books,1.0,-0.0
AGGOUUE2QZ23ABB7XE5SCBCGT63Q,Automotive,1.0,-0.0
AGGP3SVBKBFYSOQEBZMCZFCJKTCA,Cell_Phones_and_Accessories,1.0,-0.0
AGGP54JBY3L6POIYWMCNKY44DONQ,Digital_Music,1.0,-0.0
AGGPFZDUFMEICMMF73QJCIO7CGLQ,Digital_Music,1.0,-0.0
AGGPKWSQNXS3HGAPZFPMYFPQ7XNQ,CDs_and_Vinyl,0.6,1.3709505944546687
AGGQPFQZKQMDR2L2IZ2ADW6TEXDA,Digital_Music,1.0,-0.0
AGGSC25YPG7PSE7YIICAAZQBMW6Q,Cell_Phones_and_Accessories,1.0,-0.0
AGGTIOAQBT2XEBVS3H2WNVAWV3NQ,Digital_Music,1.0,-0.0
AGGTLDBYSQQOQ6IRE5EQH6HSK56Q,Digital_Music,1.0,-0.0
AGGY5KI7FMMWWYP2B3X7SC7IHE2Q,Digital_Music,1.0,-0.0
AGGYFCTTSSKTCS4QSGAS2Q2CGFIA,Cell_Phones_and_Accessories,0.75,0.8112781244591328
AGGYRRVH7J3ASMACCA2UWDCY77JQ,CDs_and_Vinyl,1.0,-0.0
AGGZ357AO26RQZVRLGU4D4N52DZQ,Clothing_Shoes_and_Jewelry,0.8333333333333334,0.8166890883150209
AGGZAFJX4MPXGAZUE33IAHAVIYKA,Electronics,0.6153846153846154,1.4885252948977485
AGGZSCOST2XKUBATFRUVXGL2X7SQ,Digital_Music,1.0,-0.0
AGH4VVX2CH2UHG5FE6NBZOPVIDUA,Cell_Phones_and_Accessories,1.0,-0.0
AGH666ZKW75GNIT4LZCBILO7AQBA,Digital_Music,1.0,-0.0
AGH6VRI7RAU7SOLNXFVN5VWRW6QQ,Automotive,1.0,-0.0
AGH724HLH66QPZMI2ET4QQBA4PAQ,Digital_Music,1.0,-0.0
AGH7DSGETOCUZENUWDBJRFXOHEYA,Digital_Music,1.0,-0.0
AGH7IQ2Y3DY4I6FXD5KWXIYAN57A,CDs_and_Vinyl,0.9166666666666666,0.41381685030363374
AGH7Z3HCNZNJR6G3X3ZXQDV2EGCQ,Digital_Music,1.0,-0.0
AGHBB2ES5D5DNZC5RUW3WNCOWPOQ,Electronics,1.0,-0.0
AGHBRJ2WBPTZMU6R2ZZNPPE2T7RQ,Cell_Phones_and_Accessories,0.75,0.8112781244591328
AGHD4VWC75OAVZCUZACJGYVEZINA,Digital_Music,1.0,-0.0
AGHFRQFS3YXAXG5BBTU4ZFCHSHUA,Digital_Music,1.0,-0.0
AGHG6IRFDMBNK7RVW2ZFEJ6K27PQ,Digital_Music,1.0,-0.0
AGHIUN3V7KF7HV5XEIHXGXZNLO4Q,Digital_Music,1.0,-0.0
AGHJ3VOLFH57MW235I6KTHTQ2TSQ,Digital_Music,1.0,-0.0
AGHJ5PPBTLFLO77WEF4KEANJBRQQ,Digital_Music,1.0,-0.0
AGHL76CO24LBO7VPVFCWQCECAOJQ,Electronics,1.0,-0.0
AGHLDN5HYLZDD23IQQU2FRGBCEEA,Cell_Phones_and_Accessories,1.0,-0.0
AGHMLD6PADUUKHJ7LF437PFNDL7Q,Electronics,0.42105263157894735,1.8924071185928768
AGHNA7A2TUF2EYS2ZYNP4SPTKY5A,Digital_Music,1.0,-0.0
AGHRQ6BLKUBDEUZH3NT3DXJWOOWA,Automotive,1.0,-0.0
AGHRYSZV6QNKV7QEXWFLIQUJ232A,CDs_and_Vinyl,0.375,1.561278124459133
AGHT25BYEABW36US2SQLT7DJYSGA,Digital_Music,1.0,-0.0
AGHV75FDJRMJMTXU5CHJGCA7N67Q,Digital_Music,1.0,-0.0
AGHWZRZY7UYGZAYBZ2JADLTCSKKQ,CDs_and_Vinyl,0.625,1.2987949406953985
AGHXCSGANT6RAPEJPIQZV4EYI2UA,Digital_Music,1.0,-0.0
AGHYD7QDXZ4GKZG42W6TWXVTVQQQ,Digital_Music,1.0,-0.0
AGHZV23KQUP5S32LBAEAGO3QMQ3A,Digital_Music,1.0,-0.0
AGI3VWFRRXY5MAZALSP2KBQYZMXQ,Books,0.5,2.0
AGI5WCODFNNY5MKGED2667RA4ZAA,Books,0.5,1.0
AGIAAM4LSGEGLP4IMKCFZ6OQQXSA,Cell_Phones_and_Accessories,0.75,0.8112781244591328
AGIADC5U3GJJHMWYZA3K57RK4NOA,Digital_Music,1.0,-0.0
AGIE6PF7DAMR3SG4MR7XKSR4OCAQ,Digital_Music,1.0,-0.0
AGIEGCFNZT6H3TBNHIRFRX2SBAHQ,Digital_Music,1.0,-0.0
AGIENJ3CKSAF3S2Z66IIDDGXNJQA,Digital_Music,1.0,-0.0
AGIF4RXMGYGGOETIN7H7SHI2HTGA,Books,1.0,-0.0
AGIFPBRP2WHQ6C3H5CV45KUB7GWQ,CDs_and_Vinyl,1.0,-0.0
AGIGXUUY2YSLLUWMZNQAKSKJ7VNQ,Digital_Music,1.0,-0.0
AGII7CWVYIB2BEVHKBAEFZTNSRDA,Digital_Music,1.0,-0.0
AGIJLFDWVKG57TYZTHBLW2DRXYEQ,Automotive,0.5,1.4591479170272448
AGIKIE7SX36YMIE4SFEOQFV62GTQ,Digital_Music,1.0,-0.0
AGILOBEJLNCWCUNVM4YXRSDX5WCQ,Digital_Music,1.0,-0.0
AGILTDUNVM2ZLQZ24AHKPA4I5I6A,Automotive,0.3333333333333333,1.9182958340544893
AGIMKDMO3LUDHHGG4ZHXPPZ5OYMA,Cell_Phones_and_Accessories,0.6666666666666666,0.9182958340544896
AGINCUWXX4NVVWN55T55DYNIHOHA,Digital_Music,1.0,-0.0
AGIQ6IYKJPETC2AZ7ZDBUT5PMZEA,Digital_Music,1.0,-0.0
AGIRDGXXNVS3ZGT2G7OZZAJY4MMQ,Digital_Music,1.0,-0.0
AGITLL3SHUQJMUVC4LWUSND7G7DQ,Digital_Music,1.0,-0.0
AGITTRPCLDZRSCBZKO67R7XJTWBA,Digital_Music,1.0,-0.0
AGIUQK6WEAZ3N3ZK7Y3J4Q3ROK2Q,Digital_Music,1.0,-0.0
AGIV5OAXNWAOSZVBLC7EHADCMZGA,Digital_Music,1.0,-0.0
AGIVCFIF6OOD25YVU5WFCRT46RIQ,Digital_Music,1.0,-0.0
AGIW7MUCULNVHSYUFWUSKIDHAICA,Digital_Music,1.0,-0.0
AGIXTIMXPEXIUXG7Q663I7GMLOTA,Digital_Music,1.0,-0.0
AGIY6JMOIDKWRKAQBEP3VFWGWDSA,Digital_Music,1.0,-0.0
AGIYSA62BZULHNSJTMPAT5IC3MLQ,CDs_and_Vinyl,1.0,-0.0
AGIYUTCLWHHOWH2CJPCYXDD256NA,Digital_Music,1.0,-0.0
AGIZ2XQK3K7PZYV5Z4K7NK66756Q,Cell_Phones_and_Accessories,1.0,-0.0
AGIZBZE2A5RHHMTOFNBJM2L22QPA,Digital_Music,1.0,-0.0
AGJ2JO45F52FXDSPOGK3PKXU5OKA,Books,1.0,-0.0
AGJ2KJ6DA7ULLYUI3G5DQKR3UV2Q,Digital_Music,1.0,-0.0
AGJ2OMRPTIXYFD5FJDQD2ZM7BNOA,Digital_Music,1.0,-0.0
AGJ3XWQI46FTJ77PQHHVT5D56FTA,Digital_Music,1.0,-0.0
AGJ53XJHNSULUP53Q7K6LSA2ETXQ,Digital_Music,1.0,-0.0
AGJ6KAVJYUYFYVCOTJCCCTU7VCVA,CDs_and_Vinyl,1.0,-0.0
AGJ6YDXA2JKJE5UQWQZWB3MWNKOQ,Digital_Music,1.0,-0.0
AGJBOGH3OSFCC5DROTIA4DY2GDRA,Digital_Music,1.0,-0.0
AGJC2XNWKBP4W7ACO7EC4OZI6P2A,Digital_Music,1.0,-0.0
AGJCKQTMSQCD5YRZ4KQ2GZNT4LMQ,Digital_Music,1.0,-0.0
AGJCQJMMUWTSCMZWQ2BMYCBOKBVQ,Automotive,1.0,-0.0
AGJDGUWUGHG5NLH7MR7FLBTMIWEQ,Digital_Music,1.0,-0.0
AGJE5H2HHMZUTTCN2YGZBLKS3QGA,Digital_Music,1.0,-0.0
AGJFEHVC4XBS44CGHQTP4JQM5FUQ,Digital_Music,1.0,-0.0
AGJG435R2EJLXGQ2SCU5G2WDBSIA,Digital_Music,1.0,-0.0
AGJGJJ5JHJGIDHMW7EQ3CBSRRZ4Q,Digital_Music,1.0,-0.0
AGJGO3CDKAJQUESHDTGB46WPKHCA,Digital_Music,1.0,-0.0
AGJHOFW33RUPBXXDO25V6GGGFHTA,Digital_Music,1.0,-0.0
AGJHXACJPEJUDTONGTC7RGTMBMJQ,Digital_Music,1.0,-0.0
AGJJZYM3TLWHJNQDSIEQEC6POHVQ,Automotive,1.0,-0.0
AGJKAJIM6NKJ73KRSGEEMLFZ5GLA,Digital_Music,1.0,-0.0
AGJKHQP5FNQVKH5IUIBWWLHELUOQ,Digital_Music,1.0,-0.0
AGJMFQINXUUTEHELLCZWZ7FOUWKA,Digital_Music,1.0,-0.0
AGJMW3TUCFXJCBHGHLQUX3KAPVFQ,Digital_Music,1.0,-0.0
AGJNVOT2M5ABHV6TDAPHZ44GKYHQ,Digital_Music,1.0,-0.0
AGJNW4NJKGIKH5YFFKZ5Z6FPCIAQ,Digital_Music,1.0,-0.0
AGJO2OS2ZIRSD24IAOOXTAV57HTQ,CDs_and_Vinyl,1.0,-0.0
AGJOKZFVJ665TS2NJFP46AJQJL3Q,CDs_and_Vinyl,0.4166666666666667,1.8250112108241772
AGJSTXSEWFVQWVQINO6QKMNBUUNA,CDs_and_Vinyl,0.3125,1.954434002924965
AGJT4SLVYY2VOORU7XZCK2YIRYAQ,Electronics,0.75,0.8112781244591328
AGJUT4Z42GSGX2YGIYH574YNTESQ,Cell_Phones_and_Accessories,1.0,-0.0
AGJVDVEZKTGTBT4CSQIGTVRHGFMQ,Digital_Music,1.0,-0.0
AGJVJZIJR3GKCY4CJD56MKIKP6FA,Digital_Music,1.0,-0.0
AGJW4QRNRZCR7P726R5E32TDGRGQ,Digital_Music,1.0,-0.0
AGJXHIPXCK4WKVEZ442E55WLA4NA,Automotive,0.8,0.7219280948873623
AGJXL67RNFKX2XVYLHM2EG4UOTCQ,CDs_and_Vinyl,0.9285714285714286,0.37123232664087563
AGJXTLEOLLTIX5AAGFPBZ7CNNVOQ,Electronics,0.625,0.954434002924965
AGJY4LG74YJEJBVWIPIMIZ464ELA,Books,0.676923076923077,1.141234870782259
AGK3F6BXYCB6AN2OKEVQ4XJPKFLQ,Digital_Music,1.0,-0.0
AGK3NYKU3CARH7ECUIKNPLUMO4OQ,Automotive,0.8333333333333334,0.6500224216483541
AGK4YQYSSY3FU3SNX3EQJONELJJA,Digital_Music,1.0,-0.0
AGK5CKDQ2FQPMW7355MCA2MIZUPA,Digital_Music,1.0,-0.0
AGK6RA227KTKYYYKVKUIFURZQCHA,Digital_Music,1.0,-0.0
AGKAFOV5L7PJNCIKBCJM42BJ5K4A,Electronics,0.6,0.9709505944546686
AGKAL4ZH6TKRJX5ABK66AKNU4CEQ,Digital_Music,1.0,-0.0
AGKASBHYZPGTEPO6LWZPVJWB2BVA,Clothing_Shoes_and_Jewelry,0.6,1.3234669541469457
AGKBIUKC4XGWNRIIH33OQIVVE3DA,Books,0.5,1.0
AGKC2AJZES36RVSLBSYOHNQQWHLQ,Digital_Music,1.0,-0.0
AGKDNSUWEKAGQ7GMAI6JCOSUKP6Q,Digital_Music,1.0,-0.0
AGKDVEFZ3KQQ6P65LZBRKBSVNUEA,Digital_Music,1.0,-0.0
AGKFRCDY4WBW4RH6GFYFJ3T3XBSA,Books,0.5185185185185185,1.6228840266950797
AGKH2QE47CJHTV3HDCP7U6SGQHZQ,Digital_Music,1.0,-0.0
AGKHDQO3Q74QAOVEQEIZ3BMSDEBA,Digital_Music,1.0,-0.0
AGKHLEW2SOWHNMFQIJGBECAF7INQ,Clothing_Shoes_and_Jewelry,0.4782608695652174,1.6668127273868607
AGKKAXZPXFYIBA3N53YNJYU2AT3Q,Electronics,0.6,1.469973094021975
AGKKCD6TYVYVC2EOWPV6W3DPXOWA,Automotive,1.0,-0.0
AGKKOTJIXO26HCUZLFH7DWDXEHIA,Digital_Music,1.0,-0.0
AGKL6HULUU4BORINRMSKERMGN6YQ,Digital_Music,1.0,-0.0
AGKLKPFCNFYZCWKGTIPRVSUVH4TQ,Digital_Music,1.0,-0.0
AGKMQ4MPN2246RS6RYYOUZXZ5BYA,Digital_Music,1.0,-0.0
AGKMYLSUFPBJOVGVOTAWJAA6LB3A,Automotive,1.0,-0.0
AGKNLO6XEIGAUGDRSVDGBTTMMI2A,Cell_Phones_and_Accessories,1.0,-0.0
AGKO5OGFXXCN354PFOSNIXFTYOXA,Digital_Music,1.0,-0.0
AGKOCI42H5IOUPNTMSL2TNMPT4DQ,Digital_Music,1.0,-0.0
AGKQIAGUYCZUZUOZRJSWFBRQ4QUQ,Digital_Music,1.0,-0.0
AGKRR3EPZBPRC4VYVWYPXVURJEJA,Cell_Phones_and_Accessories,0.5714285714285714,0.9852281360342515
AGKSMQPOOZ5SFO3DBIYLPHFFEQOA,Digital_Music,1.0,-0.0
AGKSSNLDIG5HY5FXYVE6UVXKVDYQ,CDs_and_Vinyl,1.0,-0.0
AGKTKZCIVBDXOAROEYTJTFCEF2ZQ,Digital_Music,1.0,-0.0
AGKTNVC27SRGFBCPK2ZUAYAMXBMA,Cell_Phones_and_Accessories,1.0,-0.0
AGKTPA4K3NKKVKX3RHSW7ZBLZEXA,Digital_Music,1.0,-0.0
AGKVNYQO6TEMOBIJJXZ3GFUS7YRA,Automotive,1.0,-0.0
AGKWHKOHLJ67RWNS3UD6EESLUJWQ,Digital_Music,1.0,-0.0
AGKWXMFORZWA7EEQSP3IIIKRB5SA,Automotive,0.8571428571428571,0.5916727785823275
AGKXRBHCLNZEYQW3TNBHM6KABJ2A,Digital_Music,1.0,-0.0
AGKZ5NMTU4O434FWV6DTY6VPE5ZQ,Digital_Music,1.0,-0.0
AGKZQXDUBIFLGOOE4G2AXVE3VGPA,CDs_and_Vinyl,1.0,-0.0
AGL3ZIRVGBCALLXKL3KH33D47Y5Q,Automotive,0.5,1.0
AGL4ONTBDK25CMT2FVCZAUGLWNHQ,CDs_and_Vinyl,1.0,-0.0
AGLART27AD2W23TI6DJIQK4VL77Q,Digital_Music,1.0,-0.0
AGLC26NTLVHQAAEKAXBUMJPW5APQ,Cell_Phones_and_Accessories,0.7142857142857143,0.863120568566631
AGLFNVDGHG5FUL66DCV6K6S5WI3A,Digital_Music,1.0,-0.0
AGLG7HGHPBKQ7KW6SGNOI3QER36Q,Digital_Music,1.0,-0.0
AGLHRXHXPXK6M7LUU4NZXE3GQFMA,Automotive,0.6,0.9709505944546686
AGLI3S64VJKPRU4YJJYJCG7NUCFQ,Digital_Music,1.0,-0.0
AGLNBZ6ZWHJRPPBR3WMCB7O4IWHA,Digital_Music,1.0,-0.0
AGLO362476HXCO25AQPZBVUBOTFA,CDs_and_Vinyl,1.0,-0.0
AGLPOJMBASVR7R6MRV5A7U566HYA,Digital_Music,1.0,-0.0
AGLQDDJTHRGIY4KWEXLA3YBD47PQ,Books,0.3333333333333333,1.584962500721156
AGLQQCIS5V6EGUCS5SSNHWZHQM6Q,Cell_Phones_and_Accessories,0.48,1.3209242772281589
AGLSLOX2P37AHI3226NKGC6EACCA,Digital_Music,1.0,-0.0
AGLSPX46WV5MRTNJ7ZTVYSHABZJQ,Digital_Music,1.0,-0.0
AGLTD5D27LFEX6DOPBCPPPIQ4LWA,Automotive,1.0,-0.0
AGLW7BUU3JTLK2TBWJ4EFHUYSKXA,Automotive,1.0,-0.0
AGLXR57CUE7T523XBH5ADVTRXJFQ,Cell_Phones_and_Accessories,1.0,-0.0
AGLYXJWOKX3CTL3XV25BZN5CFUGA,Digital_Music,1.0,-0.0
AGLZ77IVBJNR3CLB7LELXTWYLREA,Digital_Music,1.0,-0.0
AGLZXJAG6OG3A2XVUTIP7P7E2O5A,Digital_Music,1.0,-0.0
AGM3X56CJGAJDIT7DQTJMSBVG2UQ,Digital_Music,1.0,-0.0
AGM3YP753ITBWIEJ7ESAZVLMD7AQ,Cell_Phones_and_Accessories,1.0,-0.0
AGM4LKIWCYW2O2Q36JQMC6EIVPSQ,Cell_Phones_and_Accessories,1.0,-0.0
AGM7CFO4KCD5WGEOAY5LXGNLXBNA,Automotive,1.0,-0.0
AGM7LYL3KI2CWJ7GY5ECYNPGLRCA,Digital_Music,1.0,-0.0
AGMAAAXJUHX6OPJWI56TFZD3D3MQ,Automotive,0.3333333333333333,1.584962500721156
AGMADXJ2IX5EL2WOEAMK3YPPWO7A,CDs_and_Vinyl,1.0,-0.0
AGMAH35EZUFTDCSEW4PQQY7EUMAQ,Digital_Music,1.0,-0.0
AGMAPS3YMZRN2XQ57PTNLPDCKLBQ,Digital_Music,1.0,-0.0
AGMBLP4JLQK6M3UZQY655VZP73XA,Clothing_Shoes_and_Jewelry,0.5555555555555556,1.3516441151533924
AGMCOSKKD4CZJLQMIPYTC2L7CX6A,Digital_Music,1.0,-0.0
AGMD2RHNLNVBRKSNK732CM3T27FA,Digital_Music,1.0,-0.0
AGMDLK6RM7S3KMSZSCSTRIXXRTJQ,CDs_and_Vinyl,1.0,-0.0
AGMF7G6Y5WX4WXHQUZXSBWZHEJIQ,Cell_Phones_and_Accessories,1.0,-0.0
AGMGATAWNY43GHVJH7QIICP4ZQQA,Automotive,0.5,1.0
AGMGNTI5Y7GXQCGZYA2PJQRWI3SA,Automotive,0.44776119402985076,1.4080568512494867
AGMIR55WOIO2FXQ3CECMFR2FHKXQ,Digital_Music,1.0,-0.0
AGMJ25LFDEQJRF3OACBXGONJJ44Q,Digital_Music,1.0,-0.0
AGMJ3EMDVL6OWBJF7CA5RGJLXN5A,Electronics,0.5,1.5
AGMJFVYKSZAU5AR3IBQMNCJUBSWA,Digital_Music,1.0,-0.0
AGMJNLHASJA3QAPS23T7LW4VBGLA,Digital_Music,1.0,-0.0
AGMKOM3374MIOS47KXTIFEGAFKOQ,Clothing_Shoes_and_Jewelry,0.7777777777777778,0.9864267287308424
AGMKYHHJC5F2TB23XAI6B3XIELAA,Digital_Music,1.0,-0.0
AGMMAQVN5LH5CYR5VLPGAYRLFBJA,Digital_Music,1.0,-0.0
AGMPLWXJFPA4HCHRGK6GWJ2PIV2A,Digital_Music,1.0,-0.0
AGMR4JSMZNB6U2GMRY7ZPDQFBBOQ,Electronics,0.8,0.7219280948873623
AGMRS5FXDLGWAHH6NBSY7XVISE4A,Digital_Music,1.0,-0.0
AGMRTU7EIH2JBCDAUKLODARJXHHA,Cell_Phones_and_Accessories,0.6,0.9709505944546686
AGMRVMOQ4QIQZ7LUGKIRMNRUGJLQ,Automotive,1.0,-0.0
AGMUU2ZAK7Z4L6HLCQ3YAKDBAJJQ,Electronics,0.5909090909090909,1.5289659680720937
AGMVLAZ2MTEAIVIZZPI32YRJQVFA,Digital_Music,1.0,-0.0
AGMXMZWCPYOPWYT3AGRU25Y7QLOQ,Cell_Phones_and_Accessories,0.6666666666666666,0.9182958340544896
AGMXROOBB544BZ5FZ27NBIRN7COQ,Digital_Music,1.0,-0.0
AGMY5ILV6BKWZ22ADOMCTFNSSH5Q,Digital_Music,1.0,-0.0
AGMYVL7XCG2SSQFV4U2H4IARHBLQ,Digital_Music,1.0,-0.0
AGMYZVLX4ECVWHPBLYAV2GU36YFA,Digital_Music,1.0,-0.0
AGMZO7NPGHYPLCOCLMQEDGKNCHVA,Cell_Phones_and_Accessories,0.5531914893617021,1.305688830977123
AGN4NFX7IOZUSK4MALJ7SQHCUKXQ,Digital_Music,1.0,-0.0
AGN5WTQGOP3RZLACLWBZNGFK2UMA,Digital_Music,1.0,-0.0
AGN7BAT25MJJSRPRJLCAP5ZVYALA,Automotive,1.0,-0.0
AGNBI6M3GB4JJEA24YN5TTQMDQMA,Digital_Music,1.0,-0.0
AGNEMQIK7HFXBLCBRZMBFWV2TOVA,Digital_Music,1.0,-0.0
AGNFVXK3OGIKFCQUASZC7OMH2RZA,Cell_Phones_and_Accessories,1.0,-0.0
AGNI7RHCQM3VIC2PQLFVUZ2XCBGA,Digital_Music,1.0,-0.0
AGNLHE4I2AO2V23VQ5Q2BIBDFM2A,Clothing_Shoes_and_Jewelry,0.5,1.0
AGNMJ2LCYQ57BIMVHW75C6MCJPWQ,Digital_Music,1.0,-0.0
AGNOZO5LJUUO2HMMH7T43LXP4HJQ,Cell_Phones_and_Accessories,0.75,0.8112781244591328
AGNQVHZDKTKGX6OYVTEWV53YIQSQ,CDs_and_Vinyl,1.0,-0.0
AGNUR74M4F4QK5BACK4IOZW47E2Q,Digital_Music,1.0,-0.0
AGNUU3OZ4L7UGAXA72NJIDDFJYDQ,Cell_Phones_and_Accessories,1.0,-0.0
AGNVHS4AY4B7UMI67FO3WLRTELPQ,Digital_Music,1.0,-0.0
AGNWCODLFTQSLLD4DUTROW5UEKBQ,Digital_Music,1.0,-0.0
AGNY7DYN2AEOV7UM5TR75LRM5SGQ,Digital_Music,1.0,-0.0
AGNYBNJTU624N33KWBRWHTLIVXRQ,Electronics,0.6666666666666666,0.9182958340544896
AGNYVH3XWJJETCAWURHBFLQPNHPA,Digital_Music,1.0,-0.0
AGNZBST6NX5G67HPZE7KUTN2DE6Q,Digital_Music,1.0,-0.0
AGNZODFXG6WNNJUAKR3MI42SDG5A,Digital_Music,1.0,-0.0
AGO3ASQ7A7MJOKSPQQ7NQOKZHNLA,Automotive,1.0,-0.0
AGO3H7RLCHVCCYG44FAHDBYPUA4Q,Automotive,0.9090909090909091,0.4394969869215134
AGO3N3SYF2NFSQGRSEDVQGNHBIDA,Cell_Phones_and_Accessories,1.0,-0.0
AGO3WKZC33MCSLR2BLPTQ37BQC4A,Digital_Music,1.0,-0.0
AGOARSYUNQFUDQOYQ34OZVAIJIVQ,Digital_Music,1.0,-0.0
AGOBGYVNSICHBXHD6IMPYFTGCBWQ,Cell_Phones_and_Accessories,1.0,-0.0
AGOEOPHEQDQYEQEJFI53KFUDLZVA,Digital_Music,1.0,-0.0
AGOGYRY7ZP2CRQQARCEHFZJQJRPA,CDs_and_Vinyl,1.0,-0.0
AGOIAAYVSIJTHJWCMNXCG7CUF3YQ,Digital_Music,1.0,-0.0
AGOIGPPIPBEVDV3RAQV6KTRVMY4Q,Digital_Music,1.0,-0.0
AGOJ2WRTHOHG74QBQUSM7LCTOVKA,Digital_Music,1.0,-0.0
AGOJCRXEVP2RYIFRXBOSWCISVZZA,Digital_Music,1.0,-0.0
AGOL7B2AP3JDLUIWDQU2F6HXQQJA,Digital_Music,1.0,-0.0
AGOMGWFQQGFNSIQNGXIL2USM3EOA,Digital_Music,1.0,-0.0
AGON3GV6Q37EUUSTQUWEAZ35D5JA,Digital_Music,1.0,-0.0
AGONBH7MBHL533S4LB6DFBOKODLA,Digital_Music,1.0,-0.0
AGONQ3R67VNNSMTBCACXIZTIDO2A,Digital_Music,1.0,-0.0
AGOOMXAKSPZJBJWAOBDMDRBWL4IQ,Digital_Music,1.0,-0.0
AGOP4L5MJWIFVHANVTS6MAKNZUQA,Digital_Music,1.0,-0.0
AGOQVJABLBHXIU4ETWVLKZ6Q6P5Q,Automotive,1.0,-0.0
AGOR46NARFZQ35TJA7GVUWC7WX5Q,Digital_Music,1.0,-0.0
AGORX72T6YR43UQNAFHOOMJWHTBQ,Digital_Music,1.0,-0.0
AGOTIZH7DO5TBSSAKDOMYQKDMDSA,Digital_Music,1.0,-0.0
AGOTZY5BC6M5777IA7NZ4ZSHLUMA,Automotive,0.6666666666666666,0.9182958340544896
AGOU6VS6GPDH3OVV2UZJWQXP6TLA,Digital_Music,1.0,-0.0
AGOVHPSATUMD3YDRA4ESONVROHEQ,Digital_Music,1.0,-0.0
AGOVW6NFUETMVWLUT4YFJGTSBH3Q,Cell_Phones_and_Accessories,0.5,1.0
AGOWAMOCXA7S6BG2FUW45CP76VLA,Digital_Music,1.0,-0.0
AGOWLE4WQ7LR2TACF3WY3ZU7PQEA,Digital_Music,1.0,-0.0
AGOWLR52GJKEQ6ARUX5V6TJP7QLA,Books,0.3333333333333333,1.9182958340544893
AGOWSJ4ZAWXI37BO7ZQ4ACUFXWEA,Digital_Music,1.0,-0.0
AGOYHRFI2AELLOQOTDDEI6YF3EWQ,Digital_Music,1.0,-0.0
AGOZEV2KNVZXISNG4LF6GDDDKCQA,Digital_Music,1.0,-0.0
AGOZKQQ2BA7Y3HYT3BH3ZVZPI7RA,CDs_and_Vinyl,1.0,-0.0
AGP37V5AZ3TUZO3YKBPPOSFNSR7Q,Digital_Music,1.0,-0.0
AGP5DJYOCZK7JNM23N3O4TBTCPEA,Digital_Music,1.0,-0.0
AGP5RJCHPRDZ35TIERPXHVSIDOYQ,Digital_Music,1.0,-0.0
AGP6DTVY2ZZL35NFZTHRB66FBQZA,Digital_Music,1.0,-0.0
AGP77N3JWBG4QCXQV3IFI3FS6AEA,Cell_Phones_and_Accessories,0.6666666666666666,0.9182958340544896
AGP7K5DJ6MEYEJBGM45PAX43STAA,CDs_and_Vinyl,1.0,-0.0
AGPBYMEVZKTYSCLNSN4YDADOIIKQ,Books,0.4,1.5219280948873621
AGPCAJL4CPKKT4HHQXDHMSENYLOQ,Digital_Music,1.0,-0.0
AGPCPPOPETGPH4DIWBJ7VNYTXCMQ,Digital_Music,1.0,-0.0
AGPDXNN2RD5RUDXRU4RCYJANYIPQ,Digital_Music,1.0,-0.0
AGPFDHDKKUAYY256F7O7HVYZQUIA,Electronics,1.0,-0.0
AGPFRZFBH4N6GIZTAVMORDDQ6CPQ,Digital_Music,1.0,-0.0
AGPH7544I2VKY6BNZUB6TJCGIUNA,Digital_Music,1.0,-0.0
AGPHO64AEPAVURFUJ2DCM7ZUUNAA,Cell_Phones_and_Accessories,0.6363636363636364,1.2406705316766884
AGPKEFAZEOPEF2FCSPWZGLKTU7AQ,Digital_Music,1.0,-0.0
AGPLJUO3D2KABJY4D2TMYQGE5M5A,Digital_Music,1.0,-0.0
AGPND3LBV3Y442ZIYGO5OZKKLUOA,Cell_Phones_and_Accessories,1.0,-0.0
AGPNK4LAUX7FV5LKFYB4NCZN32PQ,Cell_Phones_and_Accessories,0.5,1.0
AGPNYBV3JEPE74UKPDHDRTZYUYFQ,Cell_Phones_and_Accessories,0.3333333333333333,1.8256051990169437
AGPOZ62Q3ULTH7RLBK4BIJ75T2KQ,Books,0.9,0.4689955935892812
AGPQ7WZJ46LXVEP6HD6W7PHPQCPQ,Automotive,1.0,-0.0
AGPR2UDFIJJCBA3EKFEEAJBWKROQ,Clothing_Shoes_and_Jewelry,0.5555555555555556,1.6395862451836642
AGPRJ7DWS4UA6NBFXUN7TRUFQYEQ,Digital_Music,1.0,-0.0
AGPSKOE7DHQUESZXLR2UFKZU5FAQ,Clothing_Shoes_and_Jewelry,0.6666666666666666,0.9182958340544896
AGPTIMGZKZBARDXGPEQ4DAGRSVGQ,Books,0.6666666666666666,0.9182958340544896
AGPTT6T3WCBKB5HJKZ5R6NTEKIHA,Digital_Music,1.0,-0.0
AGPVEFS6575CL3PTN5LRWHA4FSWQ,Digital_Music,1.0,-0.0
AGPWOG4H6DEHOVNEXCNDN4VK5U4A,Digital_Music,1.0,-0.0
AGPXNVE7IY3QVMN7YKKUQT3BPHUQ,Books,0.5,1.0
AGPZQCZ2CJHNAJT4XENZDN2UQVSA,Clothing_Shoes_and_Jewelry,1.0,-0.0
AGQ2BWZLHY4WKCNHD3WDWAFF45CQ,Books,1.0,-0.0
AGQ4FW7A3CNUJSP5KYNUVCEBZA2A,Cell_Phones_and_Accessories,1.0,-0.0
AGQ5PTYKBS73AT6ONAVTWZPWLTBA,Digital_Music,1.0,-0.0
AGQ7UXSCBTVVUAAYGCA76PVF2QWQ,Cell_Phones_and_Accessories,1.0,-0.0
AGQANGDZQGK2IOWOXHOCTPBPQRKA,CDs_and_Vinyl,0.5,1.0
AGQARYVRSOGTB5K3UBQJRXAWCIEA,Digital_Music,1.0,-0.0
AGQCFT47KDI77JKRSOMAK34MJPAQ,CDs_and_Vinyl,1.0,-0.0
AGQDWXQV7GNQ5UHVKQ2QQ3NIUKBA,Digital_Music,1.0,-0.0
AGQEEZHWS36H2GPOVYNY4X6MSYLA,Digital_Music,1.0,-0.0
AGQEISHKPZXUPELV4AQC4JOQ3STA,Digital_Music,1.0,-0.0
AGQFGXUGFSZHNRQGP7J24RVSLZSA,CDs_and_Vinyl,0.6363636363636364,1.2406705316766884
AGQKAYTTEBN6OTSAAPXJ5DVTMM3Q,CDs_and_Vinyl,0.4,1.5219280948873621
AGQKBA5POXDOUO4U43YF2LNEZPLA,Automotive,0.3333333333333333,1.584962500721156
AGQKJ5PJCGQYO3XS64SROLUTFGXQ,Digital_Music,1.0,-0.0
AGQLSHZSTYZUX6267GBDCOJI7HLA,Digital_Music,1.0,-0.0
AGQPAYVT3UXTUMSX5NTDVXMUIIVQ,Digital_Music,1.0,-0.0
AGQPEWUXHEIPQVSYFZ6W2AZWAWFA,Digital_Music,1.0,-0.0
AGQRRV3PURFW32M33CFUGR4RZDNQ,Digital_Music,1.0,-0.0
AGQSSZPF5DTU56OIYEZVVKTMKJIQ,Automotive,0.3333333333333333,1.584962500721156
AGQUP5NFCYMHZ52HV7FRGZTZ7BGA,Automotive,1.0,-0.0
AGQW2VVGIE5EVX6QUHDBHJCAH6PQ,Clothing_Shoes_and_Jewelry,1.0,-0.0
AGQWFA53NMJ5GSM5EKE4LSPMPH6A,Digital_Music,1.0,-0.0
AGQWMWS4K55RPK22I2LEHUQZ3MKQ,Digital_Music,1.0,-0.0
AGQWSKEHMHOXQEAOLPVQJ2CNZIAA,CDs_and_Vinyl,0.5,1.0
AGQXWQL42ONKPE4ADQF565EJSV2Q,Automotive,0.7916666666666666,0.7382848661434506
AGQXXVYUA3B37ZKHA4IEPZXXJNCQ,Digital_Music,1.0,-0.0
AGQY2FSHOYN3GEIEXNLG3ZYCN3UQ,Digital_Music,1.0,-0.0
AGQZ62NG56NGPMSA5SLSJILAEWBQ,Digital_Music,1.0,-0.0
AGQZEESWUCNMSGI5LQCICT5QMU2Q,Books,1.0,-0.0
AGR2M4VTI4F75WSBMEAINORY2IFA,Automotive,1.0,-0.0
AGR32EOEBXDKEXQ5ITLY53TKLDOQ,Digital_Music,1.0,-0.0
AGR3HPV7EKXP4S367QO3EIGTNG3Q,Automotive,1.0,-0.0
AGR4JFAC5RJTAL3U5IDQJVZQJAGQ,Digital_Music,1.0,-0.0
AGR4K7YADDKMEQT764O7AR2BA7WA,Digital_Music,1.0,-0.0
AGR7FIKIZCHIZRR4LD5BR6ROV2TQ,Electronics,0.5,1.4591479170272448
AGR7FPL3GINITMBFV4X6RDSJJYJQ,Digital_Music,1.0,-0.0
AGRANNVVR24DZ7IDN3YUTVINLX2A,Digital_Music,1.0,-0.0
AGRBMBADEZGF2BFMDMCB3CXNHZEA,Digital_Music,1.0,-0.0
AGRC3JDXRCSSQ6TOMEB66Y5ORIYA,Digital_Music,1.0,-0.0
AGRCMTNBBLDAQWAQ4UCZJAR52IMQ,CDs_and_Vinyl,1.0,-0.0
AGRESDHSWKRHTNABSWNBZLGVSGEQ,Digital_Music,1.0,-0.0
AGRFIMYCGTTMMWGAXA3WJKABIZFQ,Cell_Phones_and_Accessories,1.0,-0.0
AGRHJCTHMA6WKACERW3D6CWGMEGA,Digital_Music,1.0,-0.0
AGRJ5QGACCBXPT4U63FLOUMIAJZQ,Digital_Music,1.0,-0.0
AGRJENQSN7IELT7QVISWUQ4U6UGA,Digital_Music,1.0,-0.0
AGRJJTLCJBH3S2QRWU42OJNMD25A,Cell_Phones_and_Accessories,0.6666666666666666,0.9182958340544896
AGRKCZLSFFECGP54U2T2CBYB3RLA,Clothing_Shoes_and_Jewelry,1.0,-0.0
AGRKORVXCVNDGPEAF5W7NG74FP2A,Digital_Music,1.0,-0.0
AGRKTMF2N365CHSX3HZDFII2EXDA,Books,0.6666666666666666,0.9182958340544896
AGRKXBW5ND5BRREJLMLX3GRPUTAQ,Digital_Music,1.0,-0.0
AGRLJDWT6YCZ4SDXSZT7TZEC3MKA,Digital_Music,1.0,-0.0
AGROEPHOJYIEK32TWNBMILSH5FPQ,Digital_Music,1.0,-0.0
AGROPS2VIN3R7UUTWO2F662NSNMQ,Automotive,0.625,1.2987949406953985
AGRQV4NXI76YDR247XG4QDXFO3JQ,Digital_Music,1.0,-0.0
AGRRENMRRSE36UPX6ICQBKT5NOLA,Digital_Music,1.0,-0.0
AGRS2IMWXSUFWS3DZWITXXUDLZCQ,Digital_Music,1.0,-0.0
AGRSSPECMD74WOD35UYRIJIFVUPQ,Digital_Music,1.0,-0.0
AGRSW6MPQOGFHVMYGV3X5LVHEQUQ,Digital_Music,1.0,-0.0
AGRUKTHXESHTPHHK4GQYQNRFZP3A,Books,0.6521739130434783,1.4751648282981122
AGRVYK4MSC2AUDQJHT4NSRX7Y6SQ,Digital_Music,1.0,-0.0
AGRXAONJSICJOJTFYWJBHTNF6EDA,Digital_Music,1.0,-0.0
AGRXRS7Y7ALTQP4VVJEWEDWUKVFA,CDs_and_Vinyl,1.0,-0.0
AGRZN4NJZMYGFRBBJZVVH4V62G5Q,Digital_Music,1.0,-0.0
AGS2VC3GYD2G3OHHVOITYNMVTHUA,Digital_Music,1.0,-0.0
AGS3RTM7ELSR6WMKYNZWSUPBBEGA,Digital_Music,1.0,-0.0
AGS47C3SO62X375JL7RWNBKCFXXA,CDs_and_Vinyl,0.8461538461538461,0.6193821946787638
AGS4BZHM7C75W52ZGTFNP4P47T3Q,Automotive,0.5,1.0
AGS4NGH3MXCK4YYBILRZDJEKI4OA,Digital_Music,1.0,-0.0
AGS4RIAZGIL3OZVYGRIMLIXXFK7A,Digital_Music,1.0,-0.0
AGS5QOB3WT6YOOW7INDT77LPVG2A,Automotive,1.0,-0.0
AGS665VSZWLC26WMXYQLKIQEOCIQ,Digital_Music,1.0,-0.0
AGSAE67FONXAUAZB4GNNKLOHVYPQ,Digital_Music,1.0,-0.0
AGSDX3SIVTOZVKQYI6JDMYSYNKJA,Cell_Phones_and_Accessories,0.5,1.4591479170272446
AGSEFEIS5QUQOW2CZOA7XZNQCZTQ,Digital_Music,1.0,-0.0
AGSG3AQPXZW3GMBFZVCT7JL7JAZQ,Digital_Music,1.0,-0.0
AGSGQ6Z2XBJPLC5C2EOZDPCDXKDQ,Automotive,0.5,1.0
AGSIN7A4MS4DIGF2WHC3BVXORPSA,Cell_Phones_and_Accessories,1.0,-0.0
AGSIZBBCW7UXNRTS3NYL54ALD2MA,Digital_Music,1.0,-0.0
AGSJMCWJRNAU3QSXRCVBFG3QSD2A,Digital_Music,1.0,-0.0
AGSJPU73GOSNLTSDPGMIGYWTQDZA,Digital_Music,1.0,-0.0
AGSK2ZJI7BJWAP7L2XHT43LNJBEA,Digital_Music,1.0,-0.0
AGSMNIT5YGSO35M2YRIE2OZIOSUQ,Clothing_Shoes_and_Jewelry,0.7777777777777778,0.9444885341662053
AGSO7IQTAL2PTNOK6CAUOP67XMEA,Digital_Music,1.0,-0.0
AGSODDONBJBIP3H4PQT46N5DIX4A,Digital_Music,1.0,-0.0
AGSP6LSQK32SQEJO3YVVNACPWMSQ,Digital_Music,1.0,-0.0
AGSQ6UFQQSDUCSHAEPJ5L2VZWQHA,Cell_Phones_and_Accessories,1.0,-0.0
AGSQVK4UUU72VERV2ML7JOKRRI2A,Automotive,1.0,-0.0
AGSRRWF5ANWUPHCC7HVAUAA67SSA,Digital_Music,1.0,-0.0
AGSV4K43Q6TIIHGN6BB2Q5A2I5PA,CDs_and_Vinyl,1.0,-0.0
AGSVZNZBTSGQBKZDZTQYEZHGDPCQ,Books,0.75,0.8112781244591328
AGSXHQK3PDRCXWLM5OUVHPJJ7X6A,Digital_Music,1.0,-0.0
AGSXX4BI6HRYWQGYH3TBS6UIGXHA,Digital_Music,1.0,-0.0
AGSY3OFX2P2BCELBW2QCLPMQGAWQ,Digital_Music,1.0,-0.0
AGSYP37K3WKNWP3RWSAHTYEBVISQ,Digital_Music,1.0,-0.0
AGT2QEYDUYHZ3SM2EXJSW4K2PGYQ,Digital_Music,1.0,-0.0
AGT3IMHFYIO7V4RQAIOCBMRNKDJA,CDs_and_Vinyl,1.0,-0.0
AGT46HVOHTI5CMCZ4TGFKYNVNW2A,Digital_Music,1.0,-0.0
AGT4MFN27CCIP2BFJXVKNKFHVQDA,Cell_Phones_and_Accessories,1.0,-0.0
AGT7VETYIJPKXAJP2E5PLMIQAXXA,Books,0.5,1.0
AGTA2L53YA56UEPBA2BFXBCM5F6A,Digital_Music,1.0,-0.0
AGTAPCL2ETGPB4GKIBFZZUHPTCZQ,Digital_Music,1.0,-0.0
AGTAUJFBVNKEOPBB6FCHTBSMRKHA,CDs_and_Vinyl,1.0,-0.0
AGTEF5GLNELCNW4KWIWMN2BMBYLA,Digital_Music,1.0,-0.0
AGTESV4VOVCXYBBNBKFDF2XWVXDA,Digital_Music,1.0,-0.0
AGTEZBCXZQ2ILZXKAKUMRINON2AA,Digital_Music,1.0,-0.0
AGTFULIOVJK6RHUYWETEGSE5ITCQ,Cell_Phones_and_Accessories,1.0,-0.0
AGTGRPUDTYB3TPSK7ZDOSZYJ4B4Q,Digital_Music,1.0,-0.0
AGTHQ6ANUEV7VOOVAEFWVMFIILUA,Electronics,0.5217391304347826,1.6851179336594353
AGTILLNJMBXIL3WADOUT5D7JL5JA,Digital_Music,1.0,-0.0
AGTITI6OKWPN2AVELIAJALJFX6NA,Books,0.5357142857142857,1.6553962296100682
AGTJAM6NFSYTR5KB6DQNHZ3ZIFFQ,Automotive,0.6296296296296297,1.321326418825343
AGTJFW75JCNHR67UHCEEY3XTCQDQ,Digital_Music,1.0,-0.0
AGTK6PB3DIN2CH5DTOZTY37C74YQ,Digital_Music,1.0,-0.0
AGTKCQCGCIFLZRFBHYDAW2Q556FQ,Digital_Music,1.0,-0.0
AGTKVXQFOE5DZURWIPGAPHKHLRVA,Digital_Music,1.0,-0.0
AGTLZO4SBYP4UGYVM65EKRFPNRAQ,Digital_Music,1.0,-0.0
AGTMX7DFJLYO4AUMQHKRZUXJUPMQ,Digital_Music,1.0,-0.0
AGTMZCWIWBH43TCW7UKG2YV2EKKA,Digital_Music,1.0,-0.0
AGTP4V3GFJ3YGVKDYXDK3SJ5IAYA,Clothing_Shoes_and_Jewelry,0.4,1.889246428509158
AGTP7GWXSGP6J64WABPD5JSGSVSA,Digital_Music,1.0,-0.0
AGTR4A6CYH6AGEIYCAPYPQZERZLQ,Cell_Phones_and_Accessories,1.0,-0.0
AGTSIX73WHCG34ACPNGESUPTFV3Q,Digital_Music,1.0,-0.0
AGTSSHKA4HTPDZJOYOVWQ3E6TXCQ,Cell_Phones_and_Accessories,0.6666666666666666,0.9182958340544896
AGTTE3T4URI4FV5HDIJREAVRBQ6Q,Cell_Phones_and_Accessories,1.0,-0.0
AGTTKVGELZSYCBFLWM5ANOAMVGGA,Digital_Music,1.0,-0.0
AGTTU5RVVW6AP353QAU7IUWRMGAA,Digital_Music,1.0,-0.0
AGTUOJDEQXZDIZVCIGK66OZTHQZQ,Clothing_Shoes_and_Jewelry,1.0,-0.0
AGTUTPMCIHOEEMHF6UJ7MND2VF2A,Automotive,1.0,-0.0
AGTWSUM5ZMMQSS2XPC3UCU6OKYBA,Cell_Phones_and_Accessories,0.6,0.9709505944546686
AGTXCV4I4U63O43O3KIZAN76U2UQ,Cell_Phones_and_Accessories,0.75,0.8112781244591328
AGU2D4UZSVG4K5OWXRN4KACBHNBA,Digital_Music,1.0,-0.0
AGU35F2Y2RSPSDNNHPE7OH5JRWMQ,Cell_Phones_and_Accessories,1.0,-0.0
AGU3OPSRPA3FMA2KHVNQWRF2AOSA,Digital_Music,1.0,-0.0
AGU4LV3HM2ZE6ZVAB3I7MJZ6QAKQ,Digital_Music,1.0,-0.0
AGU5MU2XMEHAHMDXVYW3YZ7DEUXA,Digital_Music,1.0,-0.0
AGU72IKMVPNJTI3N35TMXXGGX7BA,Digital_Music,1.0,-0.0
AGU7O3UW7U2UMZGSZMKNZ6K6VHUA,Books,0.3333333333333333,1.9591479170272448
AGUAZ5DU5K3G5GYNVPSA3FKVVYXA,CDs_and_Vinyl,1.0,-0.0
AGUBVALCZEWORXHAH3OMRQ3JKI4A,Cell_Phones_and_Accessories,0.6,0.9709505944546686
AGUCASPOMC43UGO44EIHJW3SHACA,Digital_Music,1.0,-0.0
AGUDVYQBOGVJ6EE7DK56SJHYIRBA,Cell_Phones_and_Accessories,1.0,-0.0
AGUFDVO4TYIFQHQUMDXFHSHH43BA,Automotive,1.0,-0.0
AGUII72LZDGUGT74KQTSCO3JNP5Q,Digital_Music,1.0,-0.0
AGUIZMFZHUFBUIX4UO3CA3JWRUFA,Cell_Phones_and_Accessories,1.0,-0.0
AGUJA7GM3CHZGZTQORVA4V7TO6HQ,Electronics,1.0,-0.0
AGUM5IYMRR6NJBQ45FEI32TQMD3Q,Digital_Music,1.0,-0.0
AGUMKAETPKF5G37FKT6CXLBRPOAA,Clothing_Shoes_and_Jewelry,0.5714285714285714,1.2638091738835462
AGUNN5632O4AITGTUZQO77YKW5EQ,CDs_and_Vinyl,1.0,-0.0
AGUO64P7C4QQ3NVBLJAHCGLLUCQA,Automotive,0.7422680412371134,0.8233045447828533
AGUP2SMMKWBDCOAOSZEULRGMAZZA,Digital_Music,1.0,-0.0
AGUPCJOOM5ASVXLIVN7PENJPTDPQ,Digital_Music,1.0,-0.0
AGUPJUIQILLTN73KEVAI7PCSGNLA,Automotive,0.5,1.0
AGUPV7OLIQLBYHU23MU4YLJ3RCCA,Digital_Music,1.0,-0.0
AGUQFBJGLRCTSY42ZQJDKNF7ZQRQ,CDs_and_Vinyl,0.4864864864864865,1.8164102985660944
AGUQWZPJVSU6FY7UD6GSSLVHUI5A,Digital_Music,1.0,-0.0
AGURRMC56GEZMSKAFBKAJI4BVP3A,Digital_Music,1.0,-0.0
AGURY2EBCHKHIPIGZRXHHJEIMTMA,Digital_Music,1.0,-0.0
AGUSFHNYMZY6KL5YRU5FBXVSITXQ,Digital_Music,1.0,-0.0
AGUT4PQSIW77BHDY5JHF5RCAHHOA,Automotive,1.0,-0.0
AGUTETM5WZDRPZJ2XYLKKFESNYJA,Digital_Music,1.0,-0.0
AGUV4Y7N5GESLHGGSPWB26ZWDYLQ,Digital_Music,1.0,-0.0
AGUVP7ETMXXQXCPXZWIZQJYUM7GA,CDs_and_Vinyl,1.0,-0.0
AGUVWI4XDTFOVM3B4MNTCYJ3GAVQ,Cell_Phones_and_Accessories,1.0,-0.0
AGUWDJXPNE4CB2AFX4YK76XZUHGQ,Digital_Music,1.0,-0.0
AGUWL2R2JFLC3K65HLD6AHJV3KBA,CDs_and_Vinyl,0.5454545454545454,1.4353713907745331
AGV2C4KYP77OQFD764SX5PRKOHZA,Automotive,0.5,1.0
AGV2W5TFSVS5RUVCL3GLNPA354LA,Cell_Phones_and_Accessories,0.6666666666666666,0.9182958340544896
AGV3JEME5YIGXADUTXWKVZS6Z7JA,Cell_Phones_and_Accessories,0.6,0.9709505944546686
AGV4WWE4CB7LRPPV6PG7RCEFBT3A,Cell_Phones_and_Accessories,0.4444444444444444,1.3921472236645345
AGV5IAI7ELBBT327V7EUBECMW6MQ,Cell_Phones_and_Accessories,0.6764705882352942,0.9081783472997051
AGV66SEIUUS6ZTYBGDK5U7GN7CUQ,Digital_Music,1.0,-0.0
AGV7PGVB5GKH4AS5PPO7KUHIV32Q,Digital_Music,1.0,-0.0
AGVAAODGT4THPVI2H3HS7LOGFGSA,Cell_Phones_and_Accessories,1.0,-0.0
AGVB4KKQLWGJMYT7VRNWHQ3ZJXBQ,Digital_Music,1.0,-0.0
AGVBJTKAH4YF7EWMRB64Y2GJMRIA,Digital_Music,1.0,-0.0
AGVEYTISKLZ4ETNFKLNVSX76BSKA,Digital_Music,1.0,-0.0
AGVFBOZNHUPLBZIGSFDXDUQUXXOA,Electronics,0.75,0.8112781244591328
AGVFSYZDAPDQGKIE6REPZD2TJQHQ,Digital_Music,1.0,-0.0
AGVJ5R7FMFCNQ6P462DFVJYQWTAQ,Digital_Music,1.0,-0.0
AGVLLL3Z55OFM5JTJJWFJFQXPUGQ,Cell_Phones_and_Accessories,0.5,1.7924812503605778
AGVN63Y4ZAL23AZZF3F76O5OG3LA,CDs_and_Vinyl,1.0,-0.0
AGVOLYJSGAPFQTGD3VI4UK6KYZ6Q,Digital_Music,1.0,-0.0
AGVPCZYZLHED3TG4BNAC3PJLZOMA,Digital_Music,1.0,-0.0
AGVQJFWTGNXNOKM6BOGYN7RB3OPA,CDs_and_Vinyl,1.0,-0.0
AGVR7FBU3FB6EUMARQXE52OTBTIQ,Electronics,0.6,1.3709505944546687
AGVRBNDGB6OZW4PCOLS3XVU6VJHA,Digital_Music,1.0,-0.0
AGVTTSGBWYNT4BBOY2URZ2OAJGWA,Digital_Music,1.0,-0.0
AGVVUU3QRQBHNASSGI5YQLPYOI2Q,Automotive,0.3333333333333333,1.7661506484543552
AGVWGLLS7SG3ZQTICDD7K6EAPRMQ,Books,0.2,2.321928094887362
AGW32O72S6APOAM3XMSPU5ZILSMA,Digital_Music,1.0,-0.0
AGW3EZTECWQK6HP4M5ODTUHXCPDA,Digital_Music,1.0,-0.0
AGW7DNVEEOZ55KAPREK54O7DYLKA,CDs_and_Vinyl,0.5,1.0
AGW7TKBKOZSCLUAKOC7I7YALE2TA,Digital_Music,1.0,-0.0
AGW7XKZ6P2PIADO2CXQJFP2GGH7A,Digital_Music,1.0,-0.0
AGWAH3TF23FY2JK4SBXIDHT2VC6Q,Digital_Music,1.0,-0.0
AGWDYYVVWM3DC3CASUZKXK67G6IA,Digital_Music,1.0,-0.0
AGWGG4V6N3SUUPAFPGATQNEUJQ5Q,Digital_Music,1.0,-0.0
AGWGMDSRIXUSGG3AVYX65RVPWCLQ,Books,0.9416666666666667,0.3878084020472433
AGWGOMUGDA2RT47E5TGM4SM7Z2DA,Digital_Music,1.0,-0.0
AGWI452C24HVTPJSA7KWM3HNOUBQ,Digital_Music,1.0,-0.0
AGWIQXPIU2YMPLU76Z525M2SODCA,Digital_Music,1.0,-0.0
AGWIR7A3ZM66QSAL3TJ22GSHU55A,Digital_Music,1.0,-0.0
AGWIY7R73JEOW4S7NC3K2FG335NQ,Automotive,1.0,-0.0
AGWJ2MHDJSHU6GBGGHQU3BBNCZLQ,Electronics,0.6666666666666666,0.9182958340544896
AGWJ7DDJ3VM4NK5BV6IXG6PGUQOQ,Digital_Music,1.0,-0.0
AGWJLGWTPWBAKOTORI4X27TPIXYQ,Digital_Music,1.0,-0.0
AGWL3SAUWG5YLVWHHSG57DKTGGDA,Automotive,0.5,1.5
AGWL5CBYUUQDUKDKW6I7H5HABGDQ,Digital_Music,1.0,-0.0
AGWMXUNLBBX7IGNFTYR2MV2LLLJQ,Books,1.0,-0.0
AGWPN6VFNXRK6WUIYKN26LANIKRQ,Digital_Music,1.0,-0.0
AGWSEISP3NKF47Q2CG45DBOYURYA,Automotive,0.625,0.954434002924965
AGWTITAICUAGJUSDWMKQJECKYVSQ,Digital_Music,1.0,-0.0
AGWTJ3SUYOWR74EHYGGDFNWNDLIQ,Electronics,1.0,-0.0
AGWTWN3DZWJM7O4AHUOYMJEMAH3A,Automotive,1.0,-0.0
AGWVVLSUJLLLX5WH27MBWHBOYDGA,Digital_Music,1.0,-0.0
AGWVX2ZYWUI6S4KYVEIVXCAWVO4Q,Electronics,0.75,0.8112781244591328
AGWWTJ2WJXCTXGD3TFDWUUBYOAXQ,CDs_and_Vinyl,0.925,0.38431154412649704
AGWX2VRM6GYPGQM3XNL2NEYY7JAQ,Cell_Phones_and_Accessories,0.5217391304347826,0.9986359641585718
AGWXP7COJW7C2IJ5ZCOLET6FB3DQ,Digital_Music,1.0,-0.0
AGWYHOMRFV6GEDYW57SXYBFGI5KQ,CDs_and_Vinyl,0.8666666666666667,0.5665095065529053
AGWYLKIQ27OHS4ULQEAZ2EIXNQXQ,Digital_Music,1.0,-0.0
AGWYMHQPH26D56XUZ54FGTKH5IZQ,Digital_Music,1.0,-0.0
AGX22TATEBZUHXGF44CYSEZAZZTA,Digital_Music,1.0,-0.0
AGX26GKPUFEHTDBTE7PDC45FOM2A,Digital_Music,1.0,-0.0
AGX2NNH2M3RNS5SODCZMONPR2PAA,Digital_Music,1.0,-0.0
AGX3AWV4OCYWLPLPTY4H75SQAKGA,Automotive,1.0,-0.0
AGX4Q77WTLDCTTEK4672R25EX5EQ,Digital_Music,1.0,-0.0
AGX4QGDAQZQRII5YUAUAASPRUW3Q,Digital_Music,1.0,-0.0
AGX4YCV64M5R5ATFMNW4RDJNGJZQ,Digital_Music,1.0,-0.0
AGX547GEFL46LSQR3IDMX6TE5OJQ,Clothing_Shoes_and_Jewelry,0.75,0.8112781244591328
AGXANWGCXOFLCJDQEEJ5AVDFOWUQ,Digital_Music,1.0,-0.0
AGXBKSPHDEMRUMMO5OOSQRWKMIUA,Digital_Music,1.0,-0.0
AGXC4FH7GTG6KRIQPKTABJBEQHXQ,Digital_Music,1.0,-0.0
AGXCHND2PQ4BCHN2WLQQAGRGJV6Q,Digital_Music,1.0,-0.0
AGXCWIHCKNYQVJRWALTI353V3DTQ,Digital_Music,1.0,-0.0
AGXCXUE5GUHYO3HOIBK6YBOKTNCA,Digital_Music,1.0,-0.0
AGXEMWK7VR7MZ2CTUCMP3PXN36LQ,CDs_and_Vinyl,1.0,-0.0
AGXFB2KKVUFFURDZDWAZJAV35OHQ,Cell_Phones_and_Accessories,0.4444444444444444,1.5304930567574826
AGXFEGMNVCSTSYYA5UWXDV7AFSXA,Clothing_Shoes_and_Jewelry,0.8214285714285714,0.9199711639672576
AGXFIFO4VWNHPAX3VJPRQ2QJSCSQ,Digital_Music,1.0,-0.0
AGXFNIG3IY6FIR7FNQGQBXTOSDHQ,Digital_Music,1.0,-0.0
AGXIVMV6SGCJK3PD522DMRDI7JUQ,Digital_Music,1.0,-0.0
AGXJDEF5RT6WIUPKW4BKVZX3NAKQ,Digital_Music,1.0,-0.0
AGXPI72I5AC3HGO3L37BGW6IO4JA,Digital_Music,1.0,-0.0
AGXRCFQ6CDA7ZSATOJHLJRZFPEYQ,Cell_Phones_and_Accessories,1.0,-0.0
AGXSDQD5FK3QJRPW5NQ2ALKAXOWQ,Digital_Music,1.0,-0.0
AGXT3RNOFJODHMPMDB3TXBAU42YQ,Digital_Music,1.0,-0.0
AGXTQH7VZXHTMV32PC2AISSIRDPQ,Digital_Music,1.0,-0.0
AGXUP3GM6ZAXIF7J3YRZQGQOZ4YQ,Electronics,1.0,-0.0
AGXUSUEWCTXOEVO2UVKFCYZT5GNA,Digital_Music,1.0,-0.0
AGXVBIUFLFGMVLATYXHJYL4A5Q7Q,Clothing_Shoes_and_Jewelry,0.35294117647058826,2.1162996057016965
AGXVNSXY4CSZ43CDSZSD665YXMMA,Digital_Music,1.0,-0.0
AGXWFMT3JAU4VZT765NPGGL5V4ZA,Digital_Music,1.0,-0.0
AGXX7ZWLBXK6WF4SCAF3AG4MWJMQ,Digital_Music,1.0,-0.0
AGXXHB5J54QBT6LU3WQOL7MDN7KA,Digital_Music,1.0,-0.0
AGY3SUFW22SSPOJVQM5WQI3ZGGFQ,Digital_Music,1.0,-0.0
AGYAGV4P7GDMEGQN3L4TGX4FGQQQ,Automotive,0.3333333333333333,1.584962500721156
AGYARUOU42LQRJD3XH5ELDJ77NKQ,Digital_Music,1.0,-0.0
AGYBOBPV47L6FRILNSZ7S6XFLPFA,Cell_Phones_and_Accessories,0.5,1.612197222702993
AGYDARCUZUAX7ENAUJIUDUGDOJAA,Digital_Music,1.0,-0.0
AGYDZXXV32IH5YIDK5XSEC5UFIEQ,Clothing_Shoes_and_Jewelry,0.6956521739130435,1.0666152167384504
AGYEAZK4OEYF2MSSTGJ5WNJDVZKA,Electronics,0.5185185185185185,1.4762856555827248
AGYG4DVZ3CXRAMGOR54HGLGHYUGA,Digital_Music,1.0,-0.0
AGYHODXSOVZGHRYHNALJKVFN6HCA,Cell_Phones_and_Accessories,0.7272727272727273,0.8453509366224364
AGYJP62BSNVPJCL7YZHSZP4QYMRA,Digital_Music,1.0,-0.0
AGYKSH5FCQ6CZOZKXOCDOJ23VIOQ,Digital_Music,1.0,-0.0
AGYLFDG7WVXI4Z5E5C5JBZIOQDUA,Digital_Music,1.0,-0.0
AGYPMYXECLNQ2I5WWFQ52COBAFHA,Automotive,0.5,1.0
AGYQ7Z42HRPMMX3GNRNGYOJP2KSA,Digital_Music,1.0,-0.0
AGYTEAXMUXEFHXUSVVTKONKBFTVQ,Electronics,0.75,1.061278124459133
AGYU3KLQWZIUYKAXV7YARVZGUI2Q,CDs_and_Vinyl,1.0,-0.0
AGYU7P3LUCMV4OZZAKC6D6NWSQHA,Automotive,0.6666666666666666,1.224394445405986
AGYWDTDUSHHZEHTF456VJTOVOKYA,Books,0.7142857142857143,1.1488348542809166
AGYWLS3CZGZ6Y2IHR5AQYUU3EYXA,Digital_Music,1.0,-0.0
AGYY4GYHK7BB25XHU5BLWTQDW2BQ,Digital_Music,1.0,-0.0
AGYYBT7T6JANP4756OS5UDKLX7UQ,Digital_Music,1.0,-0.0
AGYZB6ENUOE64CG2C6QLX47V4RTA,Automotive,1.0,-0.0
AGZ2KJZISWXCR2ZDCBFBSYGRAPHA,Digital_Music,1.0,-0.0
AGZ43OSSBC7C7TXC6OJ7T5ESXFYA,Digital_Music,1.0,-0.0
AGZ5BQZVJ3C4LG3REK7X2WUYPOHA,Digital_Music,1.0,-0.0
AGZ7SOPOBQCAWQA27UM6XMCIVUJA,Digital_Music,1.0,-0.0
AGZAXDFAB7AYQBNZWS3F75EGFDCA,Digital_Music,1.0,-0.0
AGZB6HMWLNYGKAEHZTGK3NU46PEA,Digital_Music,1.0,-0.0
AGZBKPRU67CETEDMDPPQWNBS3MDQ,Cell_Phones_and_Accessories,0.5,1.0
AGZDEKBYZ6MFSLB5W5LKFIJE5JNA,Digital_Music,1.0,-0.0
AGZE3IYHOEGKUTJZSQCSFSQ4IFFQ,Automotive,0.5,1.0
AGZES655DC2ZQZG4OKSOUHQMIVEA,Digital_Music,1.0,-0.0
AGZFKS2YWMNIDET6P3HH3BJPXGWA,Digital_Music,1.0,-0.0
AGZFRAVHZY6FKJ7JUMJ6Y5R7HMHA,CDs_and_Vinyl,0.9090909090909091,0.4394969869215134
AGZGA2B5XSMI45L7T3TJM6SZZ4LQ,Digital_Music,1.0,-0.0
AGZHUIQEFS4VR23E7SKABSLIVEEA,Cell_Phones_and_Accessories,0.3333333333333333,1.584962500721156
AGZITV7VCIL4HKIHXNYYWUIJ3MMA,Digital_Music,1.0,-0.0
AGZLXGG5W3LYRHURJTLL4KPDTXDA,Digital_Music,1.0,-0.0
AGZN2MRRAPSJOFQVARCSYWLSXBEQ,Digital_Music,1.0,-0.0
AGZOSBAECC362LI7AEQ6P2ND3OBA,Digital_Music,1.0,-0.0
AGZOWOPR5THWINOUGM3KTSY34STQ,CDs_and_Vinyl,1.0,-0.0
AGZOZUFSUL643HJMMKFMLADI7OKQ,Digital_Music,1.0,-0.0
AGZPO5P6KNQ22P4WHOOZOZUGSJ7A,Digital_Music,1.0,-0.0
AGZQ7O3IZFE7VKAEWECFZCBRZOPA,CDs_and_Vinyl,1.0,-0.0
AGZQVE7TNAIFEUPM4ITALZGWPNSQ,Digital_Music,1.0,-0.0
AGZRXGKEE2XHTNLSZONQR75FG7BA,Digital_Music,1.0,-0.0
AGZSHUCC6LSMQE5CQP5MQUFTFCPQ,Digital_Music,1.0,-0.0
AGZT7ZU75PHSV22C2QMPHLJNFK5A,Cell_Phones_and_Accessories,0.8,0.7219280948873623
AGZVVKFA4QTXBRLFYRCTDWIPYWIQ,Automotive,0.7777777777777778,0.7642045065086203
AGZYNKTWTUPP4ZLJ77LH7TFL6Y5A,Digital_Music,1.0,-0.0
AGZYX75NRN524ZBY2VNWIYVVIOIA,Digital_Music,1.0,-0.0
AGZZ35KI6RBFZYHG4TZPOAIACVMA,Automotive,0.8888888888888888,0.5032583347756457
AGZZ7IE2V6GMFGVNPJPFDBGS2X3Q,Digital_Music,1.0,-0.0
AH23K7IAT3VTGWZJQFPHVIT4HLSQ,Automotive,0.44,1.825451399311646
AH25FFNH7SC26PTT4WGJKBY4XYRA,Cell_Phones_and_Accessories,0.6923076923076923,1.1401156785146092
AH2AJKHK4EQVS3KYZ6JUKFXK2PPQ,Digital_Music,1.0,-0.0
AH2B7RFJ3JIFZX5A52WKNH2MVTYA,Books,1.0,-0.0
AH2CJIKJPIIRDG264ZWX2UUQN5SQ,Electronics,0.4444444444444444,1.5304930567574826
AH2D3MIPMJ2ZNWQBO4RZOSRWD5GA,Cell_Phones_and_Accessories,1.0,-0.0
AH2E34BUG4OSIJENFERR4FIYI76A,Digital_Music,1.0,-0.0
AH2FFAK6UYBB2DMREP2U75N5PRQQ,Digital_Music,1.0,-0.0
AH2IJBHRQBNBXRUEQKTBMBXYYJTA,Digital_Music,1.0,-0.0
AH2IW7MZIXM53IRDZ2XYU7ALGFIQ,Automotive,0.75,0.8112781244591328
AH2JZ2XBZ4WYWY2GBU33YXFT2LWQ,Digital_Music,1.0,-0.0
AH2KSYKRALNLIUPR2RW7AMBTGTLQ,Automotive,1.0,-0.0
AH2LEELEG5S4XLK44WCJPIRDEDUA,Cell_Phones_and_Accessories,0.8333333333333334,0.6500224216483541
AH2MMHTSPZAOTQMORMZG2RPGZESA,Digital_Music,1.0,-0.0
AH2N6BAT6DVATRODM6EKJNWWN7YQ,Digital_Music,1.0,-0.0
AH2NL42TJRHTU6OOXMEZRLCU6JLA,Digital_Music,1.0,-0.0
AH2NNUODDGF2ML5UMQI23VT6WH2Q,Digital_Music,1.0,-0.0
AH2OYZNLIGO3HQDJOYVORGLODGCQ,Digital_Music,1.0,-0.0
AH2P4QUUKIFZGS6ABSFEAF3TRZTA,Digital_Music,1.0,-0.0
AH2RTUHR6HFPDYZUTNZIG2BILG2Q,Digital_Music,1.0,-0.0
AH2SK57JTJATVPUL34OIS44AQARA,CDs_and_Vinyl,1.0,-0.0
AH2SR3SVIMB6E2CH3AH57H5VJLXA,Digital_Music,1.0,-0.0
AH2TEPB4TV3XJ6P6RAYIJDNIPHKA,Digital_Music,1.0,-0.0
AH2TXWXPKPO42QC2FW4UGNOSES3A,Digital_Music,1.0,-0.0
AH2U5PEO5K7PAMZQKFWSX3R23ZIA,Cell_Phones_and_Accessories,0.7142857142857143,0.863120568566631
AH2UPXRCHEBBCDGHYEULULXBK7HA,Cell_Phones_and_Accessories,0.8,0.7219280948873623
AH2WTEH276AS6UDBMUB6FLTVOFLQ,Electronics,1.0,-0.0
AH2XDJDFD76NG6SMSM5NSS6EJ6TA,Digital_Music,1.0,-0.0
AH2ZC5ZF77R2NMXAPLJ2O6U2O36Q,Digital_Music,1.0,-0.0
AH2ZTRKXBZOCI5VSC6ZGSH6NHBDQ,Digital_Music,1.0,-0.0
AH334TV27YASQE5WB7XJXM7DDI4A,Digital_Music,1.0,-0.0
AH33IRCXWMV2PDQPNVBP6GEHSFBA,Digital_Music,1.0,-0.0
AH34LHESDUTCTLUUAL7KUCUXCPOQ,Digital_Music,1.0,-0.0
AH35BDKRIDHVX4M6AIK6UGJGFXFA,Books,1.0,-0.0
AH36C2YF45UIU7MKNJLFMM3BDVEA,CDs_and_Vinyl,1.0,-0.0
AH3A6NGDPWGSXQLGCUKL3JUWZM3A,Digital_Music,1.0,-0.0
AH3ACQ7TBS7IT4SRSWEYLLJ3ND3Q,Clothing_Shoes_and_Jewelry,0.6,1.3709505944546687
AH3AE47ITB2YXDKZSQJUGADS6SIQ,Digital_Music,1.0,-0.0
AH3E34SIJGD5GYEKPRXLFFZN3NTQ,Automotive,1.0,-0.0
AH3FAPGJUJBJFVZRQJPT3XEOI37Q,Digital_Music,1.0,-0.0
AH3HGJJWTN4OO2W2L62TZ4TSVDIA,CDs_and_Vinyl,1.0,-0.0
AH3JA6PPI32KGJPMYYAGXT7FLIXQ,Automotive,1.0,-0.0
AH3KBLJXHMU3DWNID7RNZT32KSZA,Automotive,0.75,0.8112781244591328
AH3OG6QD6EDJGZRVCFKV4B66VWNQ,Clothing_Shoes_and_Jewelry,0.5267175572519084,1.8214589781867203
AH3P6JTB7K26CSMOMOL7OIIH5CRA,Books,1.0,-0.0
AH3UC5PMFYF5LKKFBONAMU4QHIFQ,Digital_Music,1.0,-0.0
AH3UYU6Q2ZG3S4LWNGEL3DGADK2A,Digital_Music,1.0,-0.0
AH3VLI2334OWSIFBC2GDOYEWVSRQ,Cell_Phones_and_Accessories,1.0,-0.0
AH3XDEVX5WC72IRRTVTSW6ZZ3MKQ,Digital_Music,1.0,-0.0
AH3YRKP6KFFAEENTFXSQQ6QBIKXQ,CDs_and_Vinyl,1.0,-0.0
AH3ZTBSYDPFXERSKY2W3Q5V7HWFQ,Digital_Music,1.0,-0.0
AH43PWBEUFJWDYQPIC36EJOQYZ7A,Digital_Music,1.0,-0.0
AH446WQU4LXWTENT55OJSK4BY2VA,Cell_Phones_and_Accessories,1.0,-0.0
AH45HFUNRO3OVUEXKRYBTWG3Q5CQ,Electronics,1.0,-0.0
AH46X4UHBAV2KZ3UV77D4VG66TPA,Digital_Music,1.0,-0.0
AH47C4CYZSOEQD2ZSB3A3FVILP3Q,Digital_Music,1.0,-0.0
AH47SG6GYDB43WZAOL6SC2W6MSFQ,Digital_Music,1.0,-0.0
AH4BXKBECWRRUZCZNKI6723HHC2A,Digital_Music,1.0,-0.0
AH4CGRSYSW5CWLRGQYRZKNJBUPAA,Electronics,0.5555555555555556,1.2326602568158205
AH4CMK2M37HJMT5GS46BACZUOV6A,Digital_Music,1.0,-0.0
AH4D3IM3SAPLKNESBLMKHUUES4XA,Digital_Music,1.0,-0.0
AH4EKC7KUYINI5U7MBLZQQY7LFCQ,Digital_Music,1.0,-0.0
AH4FS5WFXP6G4REX7BSQFRLRLNZQ,Books,1.0,-0.0
AH4FT75HQYRS36JB6KL2JJNWSP2Q,CDs_and_Vinyl,1.0,-0.0
AH4FYADJKK33UO5DFGXUMFX744BQ,Electronics,1.0,-0.0
AH4GMMYJ7KVFKRMHKXCCRYG7JC6Q,Digital_Music,1.0,-0.0
AH4HHXQCNMQJVDZ2IOM5HAJFJTBA,Automotive,0.5,1.0
AH4HSNAI7FMEFQNMP57SOTGGZASQ,Digital_Music,1.0,-0.0
AH4I4FH62IYYT66F5N6CIJG75ARQ,Digital_Music,1.0,-0.0
AH4I54TPB7L2VNPDZC2ZKJPARVEA,Digital_Music,1.0,-0.0
AH4J4SCNHHXHG4CL7E6RIQGCH42A,Automotive,1.0,-0.0
AH4JL6XLW5CMB34QAG7SXAFCWHUA,Cell_Phones_and_Accessories,1.0,-0.0
AH4JLQFF2GKTZMKPUG62VIPWELEA,Clothing_Shoes_and_Jewelry,0.8571428571428571,0.5916727785823275
AH4K5W3WGI5UT6MMNJ66GCV643OA,Digital_Music,1.0,-0.0
AH4KAKXUUFJIWCE2Q6UP3YP3PAQQ,Digital_Music,1.0,-0.0
AH4LP6FUAH3IY6N66XGW5U6NP4NA,Cell_Phones_and_Accessories,1.0,-0.0
AH4MB6HER73XDOV6I4ICPNT24YQQ,Clothing_Shoes_and_Jewelry,0.7272727272727273,1.2776134368191154
AH4NCXMQJAFB54BLGMM2Y2Y24KXA,Digital_Music,1.0,-0.0
AH4O5W3EM4CKQGHMBVTSPCJRYF7Q,Electronics,0.4,1.8448894517332408
AH4PMXWWUVG7JCEH2VK7VBVE4IUQ,CDs_and_Vinyl,1.0,-0.0
AH4PSBGO5XWI5D3CNE6CI7YG3F5A,Digital_Music,1.0,-0.0
AH4PSWEGLHZW2K7VB73T4QZ76DHA,Digital_Music,1.0,-0.0
AH4TMJAEGJYYOLB5BY3SPHHNDJAA,Cell_Phones_and_Accessories,1.0,-0.0
AH4U4335HKPJBG6MS5IP6NK7TADA,Digital_Music,1.0,-0.0
AH4VGTN3VWRIESJMI4VGQHSQ4KRA,Clothing_Shoes_and_Jewelry,0.625,1.5487949406953985
AH4X2YNDJ27FFDEMS4HPRMYV752A,Digital_Music,1.0,-0.0
AH4Y7WM3MLKQ4GCG6OQSVD3C2GDA,CDs_and_Vinyl,1.0,-0.0
AH4YEHVN2JDOS7Q655D6FXXXW24Q,Digital_Music,1.0,-0.0
AH4YFLUWAZGPVK3OLL6XFG347D2Q,Digital_Music,1.0,-0.0
AH4Z47YBJ7FV42RHZBLKLGHH35CA,Digital_Music,1.0,-0.0
AH52INCVGKJIYWBZMW5X5NBSE3EQ,CDs_and_Vinyl,0.6,0.9709505944546686
AH536W3OE7UD4WKIOOY6OMTXV2RQ,Digital_Music,1.0,-0.0
AH54HZDZ7RYX5BACMUJ6NKKJSVUQ,Digital_Music,1.0,-0.0
AH54RKVFOJMRKOIOCPJCECNMYDIA,Digital_Music,1.0,-0.0
AH57CHOVB47S7HVWPFA2O37PZPVQ,Digital_Music,1.0,-0.0
AH57O4SAOZLW7FEVFBTC3V3JAQZA,Digital_Music,1.0,-0.0
AH57R2ABJWI527BPU6AFO7L4VPJQ,Digital_Music,1.0,-0.0
AH5AW5PRJIYE4CFJOEHAMKTQGVYQ,Automotive,1.0,-0.0
AH5B55NREQZIWV2CBBIS4VGOQ72Q,Digital_Music,1.0,-0.0
AH5BXLIPVCNNER45GNHX6QGLUYRQ,Digital_Music,1.0,-0.0
AH5BZKHA23YTMJKUQWXNQNLBJSMQ,Digital_Music,1.0,-0.0
AH5GZ5O673LE353SOPVGTNAIEQNQ,Digital_Music,1.0,-0.0
AH5HEN2Z5KLTDYEJLTP7LXYFUPPA,Digital_Music,1.0,-0.0
AH5JTPU3DLWQG55U2LQLH2CDMM2Q,Cell_Phones_and_Accessories,1.0,-0.0
AH5KA4H3HEBROHEZTG2MLMZZUORQ,Cell_Phones_and_Accessories,0.6666666666666666,0.9182958340544896
AH5KNRSD6RKBCN4F7WT6TPIYEUGA,Digital_Music,1.0,-0.0
AH5L6CXK2R7JWG3SOFXOYLT7PDVQ,Digital_Music,1.0,-0.0
AH5L7ILVA6HYLZOUZIQAWNHVVK3A,Clothing_Shoes_and_Jewelry,0.9166666666666666,0.41381685030363374
AH5MCM6NQYRBFY5IPF6WGQL5QTYQ,Digital_Music,1.0,-0.0
AH5OGXFCGV3OEA7H4NIZBQXGCOCA,Electronics,1.0,-0.0
AH5QXM4FFDVMF7N564YAIYUWLW5Q,Digital_Music,1.0,-0.0
AH5R3FHGQZ7VFOQVCWSUKCIQIY6A,Books,0.5,1.0
AH5RHHMJUBBX3GYIXV5DOHIKXSAQ,Digital_Music,1.0,-0.0
AH5RKO5JF332LQMJY2PQXMNHGXYQ,Digital_Music,1.0,-0.0
AH5RLY4VTK7XCRCKK5IVJNTL2J5A,CDs_and_Vinyl,1.0,-0.0
AH5UH4UNXWYWUSROBEO4ISKUBQ3Q,Digital_Music,1.0,-0.0
AH5Z53QCWLNKZZZXXZ5Z5A4HA4HA,Digital_Music,1.0,-0.0
AH5ZBPCVWAAGJCOPLXMFXD7PGIJQ,Books,1.0,-0.0
AH64T2MRMNF76UENPWCIMMCYTSZA,Cell_Phones_and_Accessories,1.0,-0.0
AH64UIO3AH2MFSVZ2OUHHB2UVTSQ,Digital_Music,1.0,-0.0
AH66FSBWTQC75KM2DSTCHNKVQTGQ,CDs_and_Vinyl,0.9310344827586207,0.362051251733998
AH66ZLP5R2D62NUEKGEUCZEICXHA,Digital_Music,1.0,-0.0
AH67BI7JTOFR35HMZYFVOEHM4CPQ,Cell_Phones_and_Accessories,0.36363636363636365,1.823067982273661
AH6BXEDXT2FGO7EYMDPTQG7HO7VA,Digital_Music,1.0,-0.0
AH6C36C5NO6YPJ4S7S7OCVB2FZQA,Digital_Music,1.0,-0.0
AH6CATODIVPVUOJEWHRSRCSKAOHA,Books,0.5121951219512195,1.4038208355768282
AH6CZQHGPZ5KJWS43S5WKLM6FPLQ,Digital_Music,1.0,-0.0
AH6D22EYUB4BRUQLMRDI4ADHBA3Q,CDs_and_Vinyl,1.0,-0.0
AH6DTVCBQNHSNYEV42AQ5O2AUTNQ,Digital_Music,1.0,-0.0
AH6J4HVM2MN3CLRADMVQ6QKSAR4A,Digital_Music,1.0,-0.0
AH6KRJWCDYDJ2AI5ZPYOJDFUPP6A,Electronics,1.0,-0.0
AH6NLFSXCVUW2RRJFLVGVMGNBMWA,Digital_Music,1.0,-0.0
AH6OTMPCD63WHCVIVJ66RJAIXR2Q,Automotive,1.0,-0.0
AH6PDU5N7P7TLLVFHCY64IFV7HIQ,Clothing_Shoes_and_Jewelry,0.6666666666666666,0.9182958340544896
AH6PLOGWYIVIWLJTY756BHNFD4YA,Electronics,0.38095238095238093,1.760835283310187
AH6SCJR5VCXGJTNKL7A27JGANMTQ,Automotive,1.0,-0.0
AH6VWIWXI5PHPWSAD6OITE46SANQ,Books,1.0,-0.0
AH6WWJMN4OXMR4FDTQZTEZFUZ6PQ,Digital_Music,1.0,-0.0
AH6X55ZNDYTAYPY6YE7RHM4U5EZQ,Digital_Music,1.0,-0.0
AH6ZNRRCEEWR6P34CNLQ2LRLUU3Q,Clothing_Shoes_and_Jewelry,0.6363636363636364,0.9456603046006401
AH72UL73KOWO6TYA5WJFLCDFSJPQ,Digital_Music,1.0,-0.0
AH72UZNJL6SQJWKOLAIR5P2W3I2A,Digital_Music,1.0,-0.0
AH74YZQJEUF55CYLLS5FIGGEXKLQ,Digital_Music,1.0,-0.0
AH76IQOCFNQJNEPMP2XUVMQWGYMA,Digital_Music,1.0,-0.0
AH76VKO4URX67RHM56TE3U2KG3NA,Digital_Music,1.0,-0.0
AH7BIQXCIWZ6T4ZXRNO4MM754ORA,Digital_Music,1.0,-0.0
AH7DCJTN4CQJ6M7KJPCSX4FHM67A,Digital_Music,1.0,-0.0
AH7DSQKRNRX45EP42R364AWLJ3TQ,Cell_Phones_and_Accessories,0.3333333333333333,1.584962500721156
AH7FRM3KDCGWQA63HWLYCENDSRKQ,CDs_and_Vinyl,1.0,-0.0
AH7GUZGWAL2HBDSSQ3VP3WCS56FA,Digital_Music,1.0,-0.0
AH7HVGL3WQN6HCJEH2G756H3EGIA,Digital_Music,1.0,-0.0
AH7JE7MZA5J6FRCVSYWAPKPNDH2Q,Cell_Phones_and_Accessories,1.0,-0.0
AH7JN7M4NCIHSDTB7XJZ7RY5SOTA,Digital_Music,1.0,-0.0
AH7JREEFQLI6NGLWZB4WAPFQP5XA,Cell_Phones_and_Accessories,1.0,-0.0
AH7KKC5MZSTA5JLCOIH6D6OXFXRQ,Digital_Music,1.0,-0.0
AH7LZVUB3QTRURUNM4MWWIDOY35Q,Digital_Music,1.0,-0.0
AH7MF4YWSQ2KF5HWJU4X6KBELWJA,CDs_and_Vinyl,0.9375,0.3372900666170139
AH7N3ADEE6DTTFSRATXSKKQRWIMA,Automotive,0.5,1.0
AH7P2ZJ7NDT2NNVS7ZEGNEPT2J2Q,CDs_and_Vinyl,1.0,-0.0
AH7QBCAEAR623PMKDCBP4ZF2B3NQ,Cell_Phones_and_Accessories,1.0,-0.0
AH7QCGMVJNEMPUSBNBKPGKXDIIGA,Digital_Music,1.0,-0.0
AH7UKE3JVRDLDME7ZEDCPVF7QS5Q,Digital_Music,1.0,-0.0
AH7WTN7TCK5JXMZ6G224FKEG65UQ,Books,0.8181818181818182,0.6840384356390417
AH7XQFTZQ46HFA2LO4ELY6NGRBCQ,CDs_and_Vinyl,1.0,-0.0
AH7Y2ZY5QULUUVCEO5QLXGW5BIJA,Cell_Phones_and_Accessories,0.75,0.8112781244591328
AH7ZEJIEQQI3UYTXXXDKWGN4YY6Q,Digital_Music,1.0,-0.0
AHA2WDWVW362PAUYTFWENSLFBIQQ,Digital_Music,1.0,-0.0
AHA37JAG3YQHAN3ISJJ2WPU6Q2HQ,Cell_Phones_and_Accessories,1.0,-0.0
AHA3TUSHLZYFHBVVFBQFTWJJK4AA,Digital_Music,1.0,-0.0
AHA64YFRYIQVKQHF4JSDDCABSKXQ,Digital_Music,1.0,-0.0
AHA7ZNGZII4O5AHGEOICYEK2C2WA,Digital_Music,1.0,-0.0
AHAAVBGPLWBB3DOF6WXTNPZ2MOVA,Digital_Music,1.0,-0.0
AHABXUTVL6XUIXXJ3X4AKNFHNB7A,Digital_Music,1.0,-0.0
AHACLF2COQQE2V33ZFXQ7THZOJ2Q,Automotive,0.5945945945945946,1.4438648099831617
AHAEM7RA57X2FCMAOMK4CF466DQQ,Digital_Music,1.0,-0.0
AHAETVXVOZMNLTX3B6DTG2QR6ZRQ,Digital_Music,1.0,-0.0
AHAEV2H2NQI7BO4BZDIQ5TILGT5Q,Digital_Music,1.0,-0.0
AHAFC4USPHAY43SHC5R5ARG4RCFA,Cell_Phones_and_Accessories,0.5,1.5
AHAHB742KXGJEDS43NKCDU6BVQHA,Digital_Music,1.0,-0.0
AHAHEGCIHHGZGZMJM24IEAUUIMIA,Cell_Phones_and_Accessories,0.5,1.0
AHAHGC3AY2K76ZPAHCTGCFQ76YIA,Digital_Music,1.0,-0.0
AHAI5HUHQGZ4HO5MMNFEX4MVIM3A,Digital_Music,1.0,-0.0
AHAJ2VTSM5LONALC7LW7G54NLSOA,Digital_Music,1.0,-0.0
AHAK64IK5EQO5GNQ2PKAKZJQA4XA,Automotive,1.0,-0.0
AHAMGOTUGK4FYD2NGZHG6SX42VXQ,CDs_and_Vinyl,1.0,-0.0
AHAPCGHBMF73N7VH4B3T4XBO7UHQ,Digital_Music,1.0,-0.0
AHAQE7NKHYLQ6ICQUGXSUMWOJHOA,Digital_Music,1.0,-0.0
AHAR2ITQ3O2FJJDLIORAQ226KZHQ,Digital_Music,1.0,-0.0
AHATA6X6MYTC3VNBFJ3WIYVK257A,Electronics,0.4411764705882353,1.8471258832892479
AHATCIEF4MYPVVQNQC6BRLTFRIYA,CDs_and_Vinyl,1.0,-0.0
AHAWL3U7UKXOVLS5EGO7ZWROEHZA,CDs_and_Vinyl,1.0,-0.0
AHAXAFCZATBRJKQOILWNS6222UEA,Automotive,1.0,-0.0
AHAXKWKAW5LSE5NEQHOTCVKZEC5A,Digital_Music,1.0,-0.0
AHAZCIAV2THZY4U3FIYADQAT2JJA,Digital_Music,1.0,-0.0
AHB2NCHZLSHHWB6MKE7A277N4TOQ,Digital_Music,1.0,-0.0
AHB5CGLYN3Y6NIPHNQLYFJT2W2PQ,CDs_and_Vinyl,0.625,1.3980537752224427
AHB7AOKW4QERAWDSXOURS4FZINUQ,Digital_Music,1.0,-0.0
AHBDW3ACDVDLPYTWH45CKLU7ROFA,Digital_Music,1.0,-0.0
AHBE5YPZBUHJ2OH7DO67ORX2C3OQ,Digital_Music,1.0,-0.0
AHBFFS54YL6MCGMMEKXBYB4LIZSA,Books,1.0,-0.0
AHBFX2PN5ZANXOX226VZTMX73K3Q,Digital_Music,1.0,-0.0
AHBGAX5HBGZORPCNUC7JTXL4IW7A,Digital_Music,1.0,-0.0
AHBHMMUTJ5W3SZUHVKUP35ZYKUHA,Clothing_Shoes_and_Jewelry,0.8709677419354839,0.659459211658581
AHBHR6ZGI4N55BOH54AL4Y4CFH7A,Automotive,1.0,-0.0
AHBI5SLZDP3Q3LZPETJLCHQFGLUA,Books,0.7777777777777778,0.9864267287308424
AHBIGTZCJOWAGUEGZPJ4A7YGBDYQ,Cell_Phones_and_Accessories,1.0,-0.0
AHBK64LKDCGTRFZEI2VIQA7QT2QQ,Digital_Music,1.0,-0.0
AHBNOPRQZEGQ4RT6FAWS4E4KZKZQ,Cell_Phones_and_Accessories,1.0,-0.0
AHBOHSZXLPCC34WRLQTBXULBNH3Q,Digital_Music,1.0,-0.0
AHBOHYL5D6GMIEKBQIH73KKHPTHQ,CDs_and_Vinyl,1.0,-0.0
AHBPASCTICMEIRD7WBBDPO5X7YMA,Digital_Music,1.0,-0.0
AHBPNB4OFDSGKU7UM5IATLVSPGJQ,Clothing_Shoes_and_Jewelry,0.5,1.0
AHBQXUIOU7CV6YRNQMKG6LJVTRHQ,Digital_Music,1.0,-0.0
AHBSL5FBY72KB63INTSP3SNGMFBQ,Automotive,0.8514285714285714,0.606253727715012
AHBSZHFWGXFTKXR4CU23NU3UHFWA,Digital_Music,1.0,-0.0
AHBTAGRWBE6QY66M6G6PRSYL7TIQ,Automotive,1.0,-0.0
AHBTHXKKLBGXXNAXWPLLU4NECWCA,CDs_and_Vinyl,1.0,-0.0
AHBTMFDWLT4AQHPZBMHFXMGFWOVA,Electronics,0.5,1.5
AHBUZA43Z6A27QY372AUL5D5OYPQ,Digital_Music,1.0,-0.0
AHBVOATDD3RGQQ73JAMC2EBADKUQ,Digital_Music,1.0,-0.0
AHBWF2BW7BDFK4SAKBQLVN7PPEUQ,Electronics,1.0,-0.0
AHBX4IJYBYLNDA4N5MDF6HFOE5TA,Digital_Music,1.0,-0.0
AHBY3OQDEBBXOWLZT6SZ5TLSERJA,Digital_Music,1.0,-0.0
AHBZRDFYB2FWUAO63DCSF2VSTJ2Q,Cell_Phones_and_Accessories,0.5853658536585366,0.9788698505067783
AHC2ZPX7EDDQPTJSLDXWLGCQPGLA,Digital_Music,1.0,-0.0
AHC3V4GQF2DRXAMEEJ6S2RRIF2BQ,Digital_Music,1.0,-0.0
AHC47FXJ6VIKKY4SFGWQ44YSZP7Q,Cell_Phones_and_Accessories,1.0,-0.0
AHC4YDJ5WS3MDCNSKMJTOZRKZWPA,CDs_and_Vinyl,0.42857142857142855,1.5566567074628228
AHC5IMHOSWX536YGLYJUI2LDHJPA,Books,0.5,1.4591479170272446
AHC5L6ZXZXLJGTYK2FVORKUCZTAA,Cell_Phones_and_Accessories,0.8,0.7219280948873623
AHCACWS3ZET5VOCEQSU73CHTBOMQ,CDs_and_Vinyl,1.0,-0.0
AHCAXVBOOT6J4GU6M2CETQIXF7KA,Electronics,1.0,-0.0
AHCCVB4GY7SG7JCAZH7GE2BR7KGA,Digital_Music,1.0,-0.0
AHCDZ4OXU7U4AWYCAK2674R3NYVQ,Automotive,0.3333333333333333,1.584962500721156
AHCEBEXXWM2CZO2NGPQT45BTOYMQ,Digital_Music,1.0,-0.0
AHCFUQ5RHHD6IKT3WGVPON6R3OTQ,Digital_Music,1.0,-0.0
AHCFVTFHBNWWLUQB4ZZCD3H7J77A,Digital_Music,1.0,-0.0
AHCG4HEZ2HRZPVTYXJPNUHBBVQFA,Digital_Music,1.0,-0.0
AHCG4JUQSSTI6SPIYAUQJOT4FYBQ,CDs_and_Vinyl,1.0,-0.0
AHCJSI7OXRPQ66URXSBFN633ERFQ,Digital_Music,1.0,-0.0
AHCKACFQHPP4VYO6KQSDONCSSYXQ,Electronics,0.5,1.4315602842833155
AHCKTKPOVN5D72LKKWCDKETMIJQA,Digital_Music,1.0,-0.0
AHCKY3X6TF5HJQTOQHGUWSB2JUGQ,Cell_Phones_and_Accessories,0.6666666666666666,0.9182958340544896
AHCL2NHTJVVIITYBXWXDFWW42RNA,Digital_Music,1.0,-0.0
AHCLQZA4RNWVMD5KVNGKY572JCMQ,Digital_Music,1.0,-0.0
AHCLVJWUA4O6BWTQTEAR4YI72SKQ,Digital_Music,1.0,-0.0
AHCMCE5ZOEHEAEMOX2STYRXCREFA,Digital_Music,1.0,-0.0
AHCMR3IQDEYFJXPDLIODZXXVNJTA,Digital_Music,1.0,-0.0
AHCMVKKF56LYDCDRWFNRQ3V2ZR5Q,Digital_Music,1.0,-0.0
AHCONVE7YVM6TEYO2BAJAIAA4YJQ,Digital_Music,1.0,-0.0
AHCOOS4PEYHYLNIZ4NOXDKIGOLCA,Digital_Music,1.0,-0.0
AHCOPM2SKJ64SUIEHISCSJQM3T4A,Digital_Music,1.0,-0.0
AHCPBEFQV7JO3HHVH2EVO5ZATMBQ,Digital_Music,1.0,-0.0
AHCPHQE3JUM5TTR3Y4JEG6XB7YKQ,CDs_and_Vinyl,1.0,-0.0
AHCPZDDPHJE3G7M6ST5WGRPLXHOA,Electronics,0.48,1.5917056888227985
AHCQENT2I3XVM7WVIP5HYDVYTDGQ,Digital_Music,1.0,-0.0
AHCV2CNCOCG6WECDROOUYPDZIFEQ,Clothing_Shoes_and_Jewelry,1.0,-0.0
AHCWFGEJ6V3UR54B6W6ELGRKNUXA,Automotive,0.5,1.0
AHCWHNTFHR4T2SG7JXIJOT5PA6NA,Cell_Phones_and_Accessories,0.5714285714285714,1.6644977792004614
AHCWVFXOTHPISKVXQMXKTAHWUNJA,Digital_Music,1.0,-0.0
AHCX5B44PQONYEL6H6UCQ7TUPLDQ,Digital_Music,1.0,-0.0
AHCXD2LKPZPAWUXZ32ZZNE3NYYZQ,Digital_Music,1.0,-0.0
AHCXDVOX4IOEOFH7SWBWE4DXCA5Q,Digital_Music,1.0,-0.0
AHCXO3ILYB76YYFDXB6K65TWGYAA,Digital_Music,1.0,-0.0
AHCXORATWB3GJZS2HPMTPAIEHP2A,Automotive,0.9702970297029703,0.19290007457898412
AHCXQS3ZHZEK7U5IJMR4R7ZEBO7A,Digital_Music,1.0,-0.0
AHCXVDS5SWUAQCGUWGT2D6KTH37Q,CDs_and_Vinyl,1.0,-0.0
AHCZKF7BGNDSCAL2QFSH7FHEIMHA,Digital_Music,1.0,-0.0
AHCZKT34YZL3CVXYVH2CNKQDCYBA,Cell_Phones_and_Accessories,0.5714285714285714,0.9852281360342515
AHCZN4CSCTWTUCXUIG73WYTKAYDQ,Digital_Music,1.0,-0.0
AHD2V3JUPKTG7ROOPGTUNJLDZWRQ,Digital_Music,1.0,-0.0
AHD4SYZMLZHP5BJ4YEITSBWPK5MA,Digital_Music,1.0,-0.0
AHD4YEOMWFY47HIM63OVZ7KCL2JA,Digital_Music,1.0,-0.0
AHD5DLIFV3IRT76VAXMCO5EBIBSQ,CDs_and_Vinyl,1.0,-0.0
AHD5DXKPN6RBJFDJTOQWQKKTDHJQ,Cell_Phones_and_Accessories,0.5,1.5
AHD63A5CM6WNHRO3QICC5CW46IKA,Cell_Phones_and_Accessories,1.0,-0.0
AHD772JFF3N6N4OWQNFIYZUSRDKA,Digital_Music,1.0,-0.0
AHD7EWDQMNA5VOMDQEDHMNXB4MRQ,Digital_Music,1.0,-0.0
AHDAT2RRDJYOD7A3GKAA6NZIC6VQ,Digital_Music,1.0,-0.0
AHDCJCKC5ECOHFMIOJOUG6NRHO6A,Automotive,1.0,-0.0
AHDCTGXCOQONSBGYDV2NDDGGYGHQ,Digital_Music,1.0,-0.0
AHDF7J4POYZFSKSU2V2MAOJ6BV6Q,CDs_and_Vinyl,0.9166666666666666,0.41381685030363374
AHDG4GWPNZV4WXMMEEHYKUPYB67Q,Automotive,1.0,-0.0
AHDHL6T4YFIUZ3NDQEQ44DPL4KUA,Digital_Music,1.0,-0.0
AHDHYC55QPEOKEBVQ2JBMP4TQVYQ,Digital_Music,1.0,-0.0
AHDIZUBULWAHDOZMG7FJODOMB5IQ,Digital_Music,1.0,-0.0
AHDK7DARANJKIA7JLQUVOHGHQV3Q,Digital_Music,1.0,-0.0
AHDMCP2GIHNOUJ3CR3TSTYWG7QFA,Digital_Music,1.0,-0.0
AHDMNQCZQZAOSITJRKU75J34TEEQ,Digital_Music,1.0,-0.0
AHDNYURIEGVNNTLAI4XTVL77MCSA,Digital_Music,1.0,-0.0
AHDR3NP6DSYP542YNO5HDI7KSUJA,Digital_Music,1.0,-0.0
AHDR7KO7FLNO7MQUS27D3P72KUMQ,Automotive,0.6666666666666666,0.9182958340544896
AHDTLLCX6TUWIATBJELRTK2KKJPA,Digital_Music,1.0,-0.0
AHDTTBI6YLMFEQ4IPKBZBO42CXOA,Digital_Music,1.0,-0.0
AHDWCKXSINGBFFOECNCDMBJXNT7A,Digital_Music,1.0,-0.0
AHDWWJYXAP32YSSRTHT7QVL2EVVQ,Digital_Music,1.0,-0.0
AHDZ3PFHIGTE7EOQBUMVRBFRMWJQ,Clothing_Shoes_and_Jewelry,0.5714285714285714,1.664497779200461
AHDZRM7MKMTZU4EO76BUWIANJAWA,Digital_Music,1.0,-0.0
AHE2H77LQCUDXIXFI46LFDCVKJNQ,CDs_and_Vinyl,0.6666666666666666,0.9182958340544896
AHE2K6WF62TK2N2HGG7Q6GLFYGGA,Cell_Phones_and_Accessories,1.0,-0.0
AHE2OKZ2C6YM5M3YXFYNANJEFMVA,Digital_Music,1.0,-0.0
AHE4UY7O6D5J3ASEH2E66NJ3JAPQ,CDs_and_Vinyl,1.0,-0.0
AHE5BLPXG7UHZYTPQ3GAHKZ7L44Q,Digital_Music,1.0,-0.0
AHE5R4ANS77PUJWBZ7J3OIV6GGSA,Digital_Music,1.0,-0.0
AHE6A2KMCMQSOHCMNE7JQHSAHTRQ,Digital_Music,1.0,-0.0
AHEAZJ75XG4TMDLFWDK567HHCU2A,Digital_Music,1.0,-0.0
AHECWYK63MH2VFO4EAJATI37O2XQ,Digital_Music,1.0,-0.0
AHEDNX6O6ROABU44WTGKLNZZD7VQ,Electronics,0.46153846153846156,1.8339272176418302
AHEGPASZZG6ZQGVTDJKUAHVDVSUA,Cell_Phones_and_Accessories,1.0,-0.0
AHEI5DRJMW2UV463URYIINVUW3CQ,Digital_Music,1.0,-0.0
AHEJ5LC7BSEADCIZQQQPZPVWOLCA,Automotive,1.0,-0.0
AHELX7UOIDURULSSVA52BNVTMT7A,Digital_Music,1.0,-0.0
AHEMNG4G3HTLA2YBFPBBSUC5GRLA,Digital_Music,1.0,-0.0
AHENSGR43GHPRMP7GXP6Y3LR5R5A,Electronics,1.0,-0.0
AHEOBXBPM3YX2JREPJXX7N2C24UA,Digital_Music,1.0,-0.0
AHEORE52AGZSVN3DSLYNRMLIDWTQ,Digital_Music,1.0,-0.0
AHEQRHKGEACLR3RSXRQ7TUIXZGSQ,Clothing_Shoes_and_Jewelry,0.6,0.9709505944546686
AHERMQFOBNZD2TL4XQBOAG4ANXUA,Digital_Music,1.0,-0.0
AHERYFLIDASGZDPR3VMP2IAGIWMA,Digital_Music,1.0,-0.0
AHESEVBKET4S4GMESHM4WDDI2GVQ,Cell_Phones_and_Accessories,1.0,-0.0
AHETBQGXXC7TMZ2MIFVPOKZJGXMA,Digital_Music,1.0,-0.0
AHEWI2CRJXHPIYZWP6RYZ2FDCJZA,Digital_Music,1.0,-0.0
AHEWYFQXL4M2D5WLNGCYARXMVS2Q,Digital_Music,1.0,-0.0
AHEXPPYJYGQM6XUDMAVLGDUUL6ZQ,Digital_Music,1.0,-0.0
AHEXQPGWXVYWQCVIOMCGTUABWKWA,Digital_Music,1.0,-0.0
AHEXYBTBZX4UQB7R46QRACLUEGJQ,Cell_Phones_and_Accessories,1.0,-0.0
AHEYMNN5MR4HMXCEIGLEPLNJLNPA,Books,0.5,1.0
AHEZIVRGCNRMZSGHJHORIETQJSOA,Clothing_Shoes_and_Jewelry,1.0,-0.0
AHEZLJU3IXCVBVDWTBXTKRREADCQ,Digital_Music,1.0,-0.0
AHEZM6PZQS5FDVLW3RRJVQSULDFQ,Digital_Music,1.0,-0.0
AHEZPCQDJ6RC5HUVM7CGXZWGQHQQ,Digital_Music,1.0,-0.0
AHF23TTAPE3MPI45R2YET4OGHFTA,Digital_Music,1.0,-0.0
AHF2OTODCQC4BETX7CHZMOHUBODQ,Automotive,0.7777777777777778,0.9444885341662053
AHF5OLUZ6VKGFAJ7J5CIPI57O7GQ,Automotive,1.0,-0.0
AHF5UCD2OTD6A35HM4Q4CBQMF47A,Books,1.0,-0.0
AHF5ZWLZI6NQY3F36GGCPOW5IV5A,Digital_Music,1.0,-0.0
AHF76MPDIG6HQHAMO5VTHMPQUSTQ,Digital_Music,1.0,-0.0
AHFAJWA2MDSLJ747IQEF3PHELF4A,Automotive,0.5714285714285714,1.3787834934861753
AHFDNUUE3JO4OSHIIYB54U6MCV5Q,Digital_Music,1.0,-0.0
AHFG6DBOC5H5PRWGFY43YE2GKN4Q,Digital_Music,1.0,-0.0
AHFHEG7YEVEIXRWFISCBW237AJ2Q,Digital_Music,1.0,-0.0
AHFJN6JDNJXMWRQLQE57MSSYNMPA,Cell_Phones_and_Accessories,1.0,-0.0
AHFJOOXHFV7YUIQPVPQ7K25GPFNQ,Digital_Music,1.0,-0.0
AHFKB3FI5FLJASFNZ5RNKU6SUVCA,Digital_Music,1.0,-0.0
AHFLLZLXIWRHZIX2JCSUVNTFWUCQ,Digital_Music,1.0,-0.0
AHFLQE2JRKV4XJDSLX3LSEPMHF7Q,Clothing_Shoes_and_Jewelry,1.0,-0.0
AHFMYJJRTDFK46AVWU4UAFU2K6MQ,Books,1.0,-0.0
AHFPRA2FBIEOARQ6MVSQUHHKSJJA,Digital_Music,1.0,-0.0
AHFQM7EFBT2DQLAY6EYIEWJCAXTA,Digital_Music,1.0,-0.0
AHFR2P34DFCGTJYFLV4PLYFVF6IA,Books,0.2857142857142857,1.9502120649147465
AHFS6FQCQWKVH35AH6X5OYCJHRFA,Digital_Music,1.0,-0.0
AHFSUITNWGBNJOOVWFDDWMK4B72A,Automotive,0.6666666666666666,0.9182958340544896
AHFURURV4H35BXUUTXYMJYA36CTQ,Clothing_Shoes_and_Jewelry,0.5909090909090909,1.7127602793363759
AHFVMT6EHIYXHWTCAY5A2OBVF3HQ,Automotive,1.0,-0.0
AHFXER2TFR35K5EJC3RGRVPXIY5Q,Digital_Music,1.0,-0.0
AHFY2QSS6PK5MHSYZFI6TXUYNPLQ,Cell_Phones_and_Accessories,0.5,1.0
AHFYQYDCMZ7AE7OBCHCRSAMAHQDA,Digital_Music,1.0,-0.0
AHFZ4IDT7GNXZ5DGFYCDH372V5YQ,Electronics,1.0,-0.0
AHFZ5U4EOB7NQLHQ3RLCNRNOTOOA,Digital_Music,1.0,-0.0
AHFZFJJ7RWRX6RCUSCFFXX3QK73Q,Cell_Phones_and_Accessories,1.0,-0.0
AHFZLS7XC23434VUET3E4AVMEG3A,Digital_Music,1.0,-0.0
AHFZUNQFXSVVT6Z6BYKE5CLBX3KQ,Clothing_Shoes_and_Jewelry,0.7207207207207207,1.2002924700356943
AHG32V5Z74FFKFLACRPEDM2FU5FA,Digital_Music,1.0,-0.0
AHG3VPRIK7KNOJWVYGCFPT72CJIA,Digital_Music,1.0,-0.0
AHG3Z4XA2TONTEW35RW55WJYFUWA,Electronics,0.8297872340425532,0.8792627450805205
AHG4GBND2MX3LYZUYFKZUAFZUNCA,Digital_Music,1.0,-0.0
AHG54SRWF6PQXUW2E56WLSRMYVYQ,Automotive,0.5,1.0
AHGAOIZVODNHYMNCBV4DECZH42UQ,Electronics,0.43209876543209874,2.192968902360145
AHGCACA7P5EXJA2JPVEGKRWAC4AQ,Digital_Music,1.0,-0.0
AHGDWJAWQF3RHC5XWPY5Z55TTWIQ,Digital_Music,1.0,-0.0
AHGFYFT7I77M255JEL7XQW4KFU6A,Digital_Music,1.0,-0.0
AHGL5IFUVGPK7GCXROL2QKGOJYLQ,Electronics,0.6666666666666666,0.9182958340544896
AHGOKDHR4J5EP4E5KYHZYDZM2CRA,Digital_Music,1.0,-0.0
AHGONLBPMXIJRW3JUB6HO4UVPP6Q,Digital_Music,1.0,-0.0
AHGQ7AVM46MCLVPVUYZB4QAT2KJQ,Digital_Music,1.0,-0.0
AHGQCTSFJOB5KKW36IJPQATZOZWA,Digital_Music,1.0,-0.0
AHGQUQWK77Z3AJCQ6BAK2OETTCCQ,Digital_Music,1.0,-0.0
AHGSTQFACX43PT7KOWBHYIBKFIMA,Digital_Music,1.0,-0.0
AHGTHCERTEZUXNBLJ5SWHK2CDLXA,Clothing_Shoes_and_Jewelry,0.9285714285714286,0.37123232664087563
AHGW4FDYTQOVZF4W2NZGYDOGWNDQ,Digital_Music,1.0,-0.0
AHGW66AAYSLECZ72ROLIDILZW4XA,Automotive,1.0,-0.0
AHGXJJX6ARMNBKS7DJ3BQY4B7NSQ,Digital_Music,1.0,-0.0
AHGXPVAKAXN6WGGQFOCWXE4AAIEA,Cell_Phones_and_Accessories,0.4444444444444444,1.3921472236645345
AHGY2SJ2W22YN6N6BMXZ3DHWTDIQ,Digital_Music,1.0,-0.0
AHGYEB5L6IBPKVAGBKGEVUYF6IQQ,Digital_Music,1.0,-0.0
AHGYS4PUIMJLYMMLQPFQSK5DZFBQ,Digital_Music,1.0,-0.0
AHGYYB43Y7CIIJHJOG3FW7GTDIQA,Digital_Music,1.0,-0.0
AHGZURRCBNA3F2POO2N5E3D33SUQ,Books,0.8333333333333334,0.6500224216483541
AHH4EDVBK4H6ZWPSCSNQHX3BRKZA,Electronics,0.6666666666666666,0.9182958340544896
AHH75KMG3SJWIXJTWYM2NCWEM5ZQ,Digital_Music,1.0,-0.0
AHHANFB6QSX4M4UV2XZ26UEODY2A,Digital_Music,1.0,-0.0
AHHBOVMYZ42TQRP27XZXF336WOQA,Automotive,0.5,1.0
AHHBXLYVZCDODBPA2NTPSACJD6CA,Clothing_Shoes_and_Jewelry,0.45454545454545453,1.6767370300521327
AHHBZX2VXTYVCQN2KC2UQGLUSR6Q,Digital_Music,1.0,-0.0
AHHERIGT6AP5VIONTNKZBBNXNBUQ,Digital_Music,1.0,-0.0
AHHFR4MDXVTQEJOQMFZJTJUOGWGQ,Digital_Music,1.0,-0.0
AHHFW36BP4VMQWC6V2NTKIXFAA2A,Automotive,0.35294117647058826,1.5798634010685344
AHHH2KN35BPYAIWTZTNXNWXIQ2VA,Digital_Music,1.0,-0.0
AHHI5AVBTJAXV2SRJOOME2JIR2VA,Digital_Music,1.0,-0.0
AHHJHKHJXPD3LDIZMZR3OM4KCLTA,Digital_Music,1.0,-0.0
AHHKNZRXSHRMSGS4WZU4G2XUFF6A,Electronics,0.5714285714285714,1.664497779200461
AHHKXZVCS55EEPBEIUGKYURBPQFA,Digital_Music,1.0,-0.0
AHHMS3JJ3ZBFBNA4732S37ODD6HQ,Digital_Music,1.0,-0.0
AHHNIGZ3FI5HOQJVVR5UUPNPA67A,Digital_Music,1.0,-0.0
AHHPKZ3F4WPTUYZQYYAGB6UQNT4A,Digital_Music,1.0,-0.0
AHHQFOTZX263BSZWDMCNJ6I3UJFA,Digital_Music,1.0,-0.0
AHHRSOC5H67LUBCD6635IHDWOKUA,Books,0.5,1.0
AHHSVX4TCVG62S2LPXBH5K6Z4EMQ,Digital_Music,1.0,-0.0
AHHZZEGA6MXIVYR5VX3DXFZXJX5A,Digital_Music,1.0,-0.0
AHI2VJV5ZA6TQYBQ6V223JS4UT6Q,Books,0.75,0.8112781244591328
AHI3B7VVKAJT3TUWF3LWAB5CAYAQ,Digital_Music,1.0,-0.0
AHI3JGUFPMIJLPYTHBMTFAOZ4XFA,Clothing_Shoes_and_Jewelry,1.0,-0.0
AHI632FGV3J64TLWKNVAJ5WFCFMA,Digital_Music,1.0,-0.0
AHI6KSEBLTLT2BWU4VXQ5UIO6XXQ,Automotive,0.5555555555555556,1.4355205042826666
AHI7KZRH4QGI67YB3LJQDGU77ABA,Digital_Music,1.0,-0.0
AHI7SBHYECQUIS63BKXBHY325VVQ,Cell_Phones_and_Accessories,1.0,-0.0
AHIAZHE7MZDDPKVLL2UUEZMU44ZA,Digital_Music,1.0,-0.0
AHICMFSXNGRPMKUMYGQ5BENM5NPQ,Digital_Music,1.0,-0.0
AHIDLXPSUCF73EUM3MZ2FS5IQE2Q,Digital_Music,1.0,-0.0
AHIFWJCLH3DZ5S6XBY7XKEKIFNMQ,CDs_and_Vinyl,1.0,-0.0
AHIGYE5HYWO6I3FCWCFWV47ZA4ZA,Digital_Music,1.0,-0.0
AHIHAWKDJ5CU6H7KGIWOLZ2ZSFBA,Digital_Music,1.0,-0.0
AHIIIXITFYOOEPURI5DOA5DPDJ4Q,Cell_Phones_and_Accessories,1.0,-0.0
AHIINB4N7CDLONZJG5DMBCGVSJOA,Digital_Music,1.0,-0.0
AHIJSMJHAD4MF4HMNDIUB3QJUSXQ,Cell_Phones_and_Accessories,1.0,-0.0
AHIJYAUMDY36ORJ22PQPULOW5GPA,Digital_Music,1.0,-0.0
AHIKFBG7C6T4VFVWDFKIXPDV57QQ,Automotive,0.5,1.0
AHIKLNT645Q4BDERBVBMXW66BMPQ,Electronics,1.0,-0.0
AHIKPF2IMZPQYFIP5PRG6P6HFXXA,Digital_Music,1.0,-0.0
AHIKSP2ZASXWVAKXRJ7ZWUZFO3MA,Digital_Music,1.0,-0.0
AHIL63TZRABKLCVM22CGMMKZDRXQ,Electronics,0.6666666666666666,0.9182958340544896
AHINUHJATGR6EYPXJEY6TVOD3KUQ,Digital_Music,1.0,-0.0
AHIP7ZFRI55JRNAHI6FQRKW72JWA,Books,0.6,1.3709505944546687
AHIPBTOT2RCSOLJVMU454CT4KUBQ,CDs_and_Vinyl,1.0,-0.0
AHISGZ2YCQX5NEW4MREY5IJIYSCQ,Digital_Music,1.0,-0.0
AHISZUYKY5Y4HV7YBPPVL7WR4VBA,Digital_Music,1.0,-0.0
AHITBJSS7KYUBVZPX7M2WJCOIVKQ,Clothing_Shoes_and_Jewelry,0.5714285714285714,1.5895031441008491
AHITZR3J7RDQZINCF3UFOJNH4CTA,Cell_Phones_and_Accessories,0.7272727272727273,0.8453509366224364
AHIUY42LYABHMLM4QZB5K522SOAA,Digital_Music,1.0,-0.0
AHIV5E4QZIRUS6OGUKXYJHKXBHKQ,Digital_Music,1.0,-0.0
AHIWMQOEAZHHYEVXMQDLZ3KIJR5Q,Digital_Music,1.0,-0.0
AHIWQPWLNR6J4UFVXFYK7DAXGRAA,Digital_Music,1.0,-0.0
AHIX3DW2JH7FBTNJBLDOJW7F3JJQ,Digital_Music,1.0,-0.0
AHIX5IBCI5DA27NEME6RU2VGQZJA,Digital_Music,1.0,-0.0
AHIXHVS6KVFHUFZNJXAZKMJME73Q,CDs_and_Vinyl,1.0,-0.0
AHIY6B74GDWBKUNVWCROPLFDMVVQ,Digital_Music,1.0,-0.0
AHIZZGKL76ODWQM26AEH6TPJHHFQ,Automotive,1.0,-0.0
AHJ2AQXUZAQNK6ZNOPLPYXZI2P2A,Electronics,0.5,1.4591479170272448
AHJ3S3V3XBCJZFF7EE4RALKBJPPQ,Digital_Music,1.0,-0.0
AHJ4I7SQKUOFHNUO2IFZSGM3D7MA,Digital_Music,1.0,-0.0
AHJ55OX4D23DRIMOJFJ7B2VL734A,Digital_Music,1.0,-0.0
AHJ667WYZSREOOY7SHJGZZMK7FBQ,Digital_Music,1.0,-0.0
AHJCFK363BYVHQRCAQHOV5EOLL6Q,Digital_Music,1.0,-0.0
AHJGGNSEYFQJBHVHJ2FL2K63UN3A,Digital_Music,1.0,-0.0
AHJIEUECGTMA3ATM2IKS7U4AY7EA,Cell_Phones_and_Accessories,1.0,-0.0
AHJIG2OSUZ2B5J3J3XJNXBAZOTJA,Digital_Music,1.0,-0.0
AHJLEDHREQABWVXKPKQSVP7G3PSQ,Digital_Music,1.0,-0.0
AHJLJJPOYSF57Y3LSRFJJUA7UB4A,Automotive,0.4444444444444444,1.3921472236645345
AHJLO5VWFBKI3RWBCLC6OMXJQIXQ,CDs_and_Vinyl,0.5,1.0
AHJLWOMDSVKS43YZ4T4KFDN3K3WA,Digital_Music,1.0,-0.0
AHJOK2L33SEMVG6BU7A7RMIXAHJA,Digital_Music,1.0,-0.0
AHJPXPTM7EZMVIHG3XR73IWXNL5A,Digital_Music,1.0,-0.0
AHJQPUQLSQZE6LMIUMY7WNRXCQQQ,Books,0.5353982300884956,1.7818629935041526
AHJRT37B2SEFQPUMUGQ3Y5V2T6UA,Digital_Music,1.0,-0.0
AHJVPUQUW5UCB2RZ2RNGBKJZ7VRA,Digital_Music,1.0,-0.0
AHJWHH2LP6RKLEKKWUNA636K3VFQ,Digital_Music,1.0,-0.0
AHJXGFDGV6XSQJTKKJCT6IVMZDBA,Digital_Music,1.0,-0.0
AHJXGOS6BPOBWIIFVSUMPKS4CLUQ,Digital_Music,1.0,-0.0
AHK3RGAQEMCEDMAOQOEG7RLVQCKA,Digital_Music,1.0,-0.0
AHK4XCGBZXL6PMIZP5RLWV3RCKCQ,Digital_Music,1.0,-0.0
AHK7CM34N4GYVKHIQOAJMX2VLOIA,Digital_Music,1.0,-0.0
AHKAKKDTONWPQT3ALM7OXATPALJA,Digital_Music,1.0,-0.0
AHKAPILJMQ2OABX3SURPSW6P5ZEA,Digital_Music,1.0,-0.0
AHKCM6JME3JF3MNM5QSTAZEGHKVA,Digital_Music,1.0,-0.0
AHKEN2TXDAX7B4E5T43PAM5UV33A,Cell_Phones_and_Accessories,1.0,-0.0
AHKEZWZRN6DKIDCNBZPUSQXOACIA,Automotive,0.5,1.0
AHKHEQ2T2ZC3ZM25H3UNMGCXQA6Q,Digital_Music,1.0,-0.0
AHKHGQ4AJCDVN2OWQJNLKUZUCKDQ,CDs_and_Vinyl,1.0,-0.0
AHKHM6O6MSZMQOZXBDUJ2MC2J26Q,Digital_Music,1.0,-0.0
AHKIMFUXMLOUN7SBXHEDD2K2AN7Q,Books,0.375,1.811278124459133
AHKJ6WIIAYPVKX5SMETII52FJNKA,Digital_Music,1.0,-0.0
AHKJOOAD6EZWMTAVRS2SIWPJSNNA,Digital_Music,1.0,-0.0
AHKJX7LBIJ566BB25DZHADOBF5BA,Digital_Music,1.0,-0.0
AHKKQZZQGGCD6OJBM2YCC2JLEBDA,Digital_Music,1.0,-0.0
AHKMIUDLDZIIKHFA2OFHZU3OYBSQ,Digital_Music,1.0,-0.0
AHKMODQX6CK23H2UIZ43KP5QZR6A,Digital_Music,1.0,-0.0
AHKNC7ODVHOGTBQLHUYWL4SXZFQQ,Digital_Music,1.0,-0.0
AHKOBGGZVGMAYTLMQTHUZ4KTFODQ,Digital_Music,1.0,-0.0
AHKOW4PZYZI5WXL5NC4HSNTPAIAA,Digital_Music,1.0,-0.0
AHKPBOMJ7XAGASIUOYBASRKEB5FQ,Digital_Music,1.0,-0.0
AHKQB3JEN3FAH4IHE4U4FUA3XZJA,Digital_Music,1.0,-0.0
AHKQKE46BOZQDE6TIKGSOUS3NEYQ,Digital_Music,1.0,-0.0
AHKQL6PGHDMRL2GNIE2RPRNK7MIQ,Automotive,1.0,-0.0
AHKQL6RSNLVT72O5TROEJH5NWYZQ,Digital_Music,1.0,-0.0
AHKQWKWAG6Y74AB2AMRKSAUVPCPQ,Digital_Music,1.0,-0.0
AHKR255GVFASZHIJFRBUSMZDDEWQ,Digital_Music,1.0,-0.0
AHKRHX3654A52EFWIHZAROQSXNFA,Electronics,0.6666666666666666,0.9182958340544896
AHKRW3X4AMX4J3QICWGTYO4LC4QA,Digital_Music,1.0,-0.0
AHKU7OEDQK522PVRJNNLRWHMGUOA,Digital_Music,1.0,-0.0
AHKUEYPT5TY5GILOM7P76RZZW2EQ,Digital_Music,1.0,-0.0
AHKUHEIUY7WUAMGKHAXC45LCRHZA,Cell_Phones_and_Accessories,0.8,0.7219280948873623
AHKULNJ7UQDGZ6Q2GLJHZTEEDW4Q,Digital_Music,1.0,-0.0
AHKV5AZHO5E4FARBV7B35SXGODBA,Digital_Music,1.0,-0.0
AHKWW7UAKEI3TIJYRHQEOXPV5JHQ,Automotive,1.0,-0.0
AHKZ6FLSDFO7YUXHTRHM5BYTKJOA,Digital_Music,1.0,-0.0
AHL2GFGCGPVOF72UKIUR4TIU4UIQ,Clothing_Shoes_and_Jewelry,0.9444444444444444,0.3095434291503252
AHL4ROMSXJIYURYRTDIWYIRHNCOQ,Digital_Music,1.0,-0.0
AHL524XXUKPPFR6IOLLYYL5NVMBA,Digital_Music,1.0,-0.0
AHL5ZHN64UHJOGQLPINJ3BN4VBPA,Cell_Phones_and_Accessories,1.0,-0.0
AHL654JV4AF5GHNGPICNEHIWEZ4A,Automotive,1.0,-0.0
AHL6B3BWHT5TCU6JJUQPOETIAEJQ,Digital_Music,1.0,-0.0
AHL6MYQQDDXM7MU2NUGVWFSSYSYQ,Digital_Music,1.0,-0.0
AHL7DQNUCWTCILEACAZMSBVB42WQ,Digital_Music,1.0,-0.0
AHL7KQODIWX7MDJ7RQBYQBURAAIA,Digital_Music,1.0,-0.0
AHLAC4T55CKFSUEY2YRPHEFV5A2Q,Digital_Music,1.0,-0.0
AHLAEA5LYPVGXHFK2C2XDMIL4AFQ,Digital_Music,1.0,-0.0
AHLBMUBKQVDHTSNUIFN64BU7NJSA,Digital_Music,1.0,-0.0
AHLC5H2CEWSAOXOA53VIIROLPZKA,Electronics,0.625,0.954434002924965
AHLFWCI4VUUJZWREBOWIA4ZHLSDA,Cell_Phones_and_Accessories,1.0,-0.0
AHLG6HSOKZ3FKKDYUGOHHQCQNIUQ,Digital_Music,1.0,-0.0
AHLGIUJHGJPI46RRP67M6KUHCHNA,Digital_Music,1.0,-0.0
AHLGXBC6ZIPHEEFL3VVCIDKGBV7Q,Digital_Music,1.0,-0.0
AHLH6GP2CDY4CZFKZYLUUFACC4QA,Digital_Music,1.0,-0.0
AHLNKQOS5STNQG5VSBMA5CQMBQJQ,Digital_Music,1.0,-0.0
AHLNMKVMOMO7SMAI3TRC3RCMUAMQ,Digital_Music,1.0,-0.0
AHLNPXXPOACV2R5T3725CCTLBFCA,Digital_Music,1.0,-0.0
AHLOPBURTWE7G36ALEPHCRWGKAMQ,Digital_Music,1.0,-0.0
AHLQJVWRY6DXKJNTAP4UFXK5WLAQ,Cell_Phones_and_Accessories,0.5,1.5
AHLRBFU22NED3KP5FI36DWSCJQIQ,Digital_Music,1.0,-0.0
AHLRW7X4WVLZJDS6BM6J3YP3NNSA,CDs_and_Vinyl,1.0,-0.0
AHLSTYOQCGKMKGPSODJW7Y7SAWMA,CDs_and_Vinyl,1.0,-0.0
AHLVYTD6QPNAYBIIDTR7H3GWAYZQ,Digital_Music,1.0,-0.0
AHM23WOKYPBB3PRQ67UASUHTJOIQ,Digital_Music,1.0,-0.0
AHM2C3X2SOLVW6A5EQNNXNGLZ5GA,Digital_Music,1.0,-0.0
AHM2XKCUWJ4GZQNGDGNEVEN7FJYQ,Digital_Music,1.0,-0.0
AHM5AX7XEZ4RR276KJCS7VLFDZNQ,Digital_Music,1.0,-0.0
AHM6SRQPZMNFYOR66BUCJPIYOUIQ,Digital_Music,1.0,-0.0
AHMA2JETA7LYPW6NNYLLHUMRRPSQ,CDs_and_Vinyl,1.0,-0.0
AHMCKN74VJC5CV6IAC5IGPPHIOEQ,Digital_Music,1.0,-0.0
AHMDRJHAXGFBR2ZRWIFBSUD7PHCA,Cell_Phones_and_Accessories,0.8571428571428571,0.5916727785823275
AHMEMDJ4JWT7OBE35SURUWGHMGVA,Digital_Music,1.0,-0.0
AHMJXNHLOLR6B2CHVQUTCCPWIVNQ,Digital_Music,1.0,-0.0
AHMMJGYA4FRFYIB325KOIKRFN7OQ,Cell_Phones_and_Accessories,1.0,-0.0
AHMNJSXO6ZB3C7AFPSL5HGLUH6LQ,Cell_Phones_and_Accessories,1.0,-0.0
AHMO6GV56HC3LYCVNNAPFNWF4HFQ,Automotive,1.0,-0.0
AHMP47DAWWBKPNXNYUC7HRPZKRYQ,Digital_Music,1.0,-0.0
AHMPAVDSNW5IBZ64IDU7CV7C2QFQ,Cell_Phones_and_Accessories,1.0,-0.0
AHMPPMXQ2JILQAJNCZMWRXTXHKHQ,Electronics,0.6666666666666666,0.9182958340544896
AHMQIHEGCYUSYQSGTLUMQUXJR22A,Cell_Phones_and_Accessories,1.0,-0.0
AHMSW2JZ5QM4EN5G62EL7IRSM6NA,Digital_Music,1.0,-0.0
AHMTJ6V4VM7VBRHEGYXWPWVFPBIA,Automotive,1.0,-0.0
AHMUE2JFY2JOLVO3X4TMOU6QI3GA,Cell_Phones_and_Accessories,0.6666666666666666,0.9182958340544896
AHMWCAGVFWRIQGRRLRL5KB7KVZPA,Digital_Music,1.0,-0.0
AHMXJVDR6ABGM7LPGEM665DHF3XA,Digital_Music,1.0,-0.0
AHMYFQKGC63ASONWKPQSYEE3U2IQ,Digital_Music,1.0,-0.0
AHN4W5UPINW54AZAYFQS4XZTWYDQ,Automotive,0.5588235294117647,1.3895165834832217
AHN535MBJTI4BGLTUORFR3TLABLA,CDs_and_Vinyl,1.0,-0.0
AHN5UNTOQUK2HK26VSI3BYTHO4HQ,Cell_Phones_and_Accessories,0.5,1.0
AHNA2T6S3LRE5NPKVWQ3VAYAN6OA,Digital_Music,1.0,-0.0
AHNAOQRKXEQI7U7FBGHAWLZGHECQ,Electronics,0.375,1.9056390622295665
AHNC624MDCTOOUYQO2GCVQN62J6A,Digital_Music,1.0,-0.0
AHNCI7SNDGUEME66ETFAAAJGR6RA,CDs_and_Vinyl,1.0,-0.0
AHNCL7NLOKEPI7UADY4TIXN3UTFA,Clothing_Shoes_and_Jewelry,0.6666666666666666,0.9182958340544896
AHNGFLCHE75OQH4PZFLNJTTKUBSQ,Cell_Phones_and_Accessories,0.6666666666666666,0.9182958340544896
AHNI7LY6NHWHIORTEVNZNBEK6KTQ,Electronics,0.6,1.3709505944546687
AHNJACUG6SFB2DYJ3V7LNPTUCZHA,Digital_Music,1.0,-0.0
AHNJPE2OCPVUOVD2GSTCLP2L4ELA,Digital_Music,1.0,-0.0
AHNJWDEEEUK5R3EFVDPOYZ7MIZ2Q,Automotive,0.5,1.0
AHNLARH6XR2FFGAR55JXWUYBUNAQ,Automotive,0.45454545454545453,1.8233535068331626
AHNO7I2TIE2UZAP3FFB2OYWO7EHQ,CDs_and_Vinyl,1.0,-0.0
AHNTBBOCVJSXTQ7SBFAO2KS3BUXA,Automotive,0.5,1.0
AHNTNORB4V4WEELIYXTSKV56Y4AA,Cell_Phones_and_Accessories,0.5833333333333334,0.9798687566511528
AHNY7NZJAHZLQ7LZ72RRCCJRSORQ,Cell_Phones_and_Accessories,1.0,-0.0
AHNYN3M6B25BFYNJQXJYIAN7A3SQ,CDs_and_Vinyl,1.0,-0.0
AHNZO5Y5M7KTPJKJFCVWGBXXSJLQ,Digital_Music,1.0,-0.0
AHO6GNOJYGFCOEDIVYE7BNLSFXBA,Cell_Phones_and_Accessories,0.9,0.4689955935892812
AHO6NKSLKTMVGTODSOXMIHE5NHMA,CDs_and_Vinyl,1.0,-0.0
AHO7BGD4GJ2DQFL5DHPGPKQMOMFQ,Digital_Music,1.0,-0.0
AHO7EANWAF5DADLCTPXOJXJB6KEA,Digital_Music,1.0,-0.0
AHOA2G5R6QLHZLSDC6OUDVHA6QSQ,Digital_Music,1.0,-0.0
AHOA5TXDNJS5M46HBO7W7KNS4A4Q,Books,0.3333333333333333,1.584962500721156
AHOBSJFKJLNJHIGHK2YKKQUEF7HQ,Books,0.5,1.0
AHODIBBJYTI5UOYOQAUHKTW43HCA,Cell_Phones_and_Accessories,1.0,-0.0
AHOEABHRAFWXIT4JZ5MKJ3FMASGA,Cell_Phones_and_Accessories,0.8620689655172413,0.5787946246321198
AHOEHEQKKWTDZ3Z4LNEM27ZVTQ6A,Digital_Music,1.0,-0.0
AHOEIYJJHZ7ITX75BOFQYNXVVJQQ,Clothing_Shoes_and_Jewelry,0.5,1.4854752972273344
AHOFPBOHW5GOWIGYIFHXIFDP7ANQ,Electronics,0.75,0.8112781244591328
AHOGNB63HKQ3TRGTLWVS7WAZX3VA,Cell_Phones_and_Accessories,1.0,-0.0
AHOHZTCL3LM46MJ22CF5IXBFHKEA,Digital_Music,1.0,-0.0
AHOLWSYOTSZVBSX6PKJNF5LKARUQ,Digital_Music,1.0,-0.0
AHOM32O53OIB4D2F5UV3HYJVRSWQ,Digital_Music,1.0,-0.0
AHON56Y6WVRIVFXZVPC4DKYIWOFA,Automotive,1.0,-0.0
AHON62ZTIJDYLKV6JZNHBTBQXPRQ,Digital_Music,1.0,-0.0
AHOO2SFW7M5UUXCSUUXCJTI2RU5A,Digital_Music,1.0,-0.0
AHOQCTRWIKMFF3GIW2WKBG4AJK5Q,Books,1.0,-0.0
AHOQLRQWLOGGZE2WTEBZ6GJS7WHQ,Digital_Music,1.0,-0.0
AHORTSSMI6ZZFUFWMPT4UFR2ISUQ,Electronics,0.5,1.360964047443681
AHOS25WDF4GOAFWZKM7IWR65ISJQ,Electronics,0.5,1.4056390622295665
AHOSFHKHEGDAA53TE5RBW3K24RUA,Automotive,0.5714285714285714,0.9852281360342515
AHOSO5AB2V3TPUIYV5QMPKOYCC6Q,Digital_Music,1.0,-0.0
AHOT2ODB3FZ72IU5KMHHFPB6SNNA,Books,1.0,-0.0
AHOTTCH2V6EADWONZ3GAVU5KUP3A,Clothing_Shoes_and_Jewelry,0.6,1.3709505944546687
AHOU6PXJJIFATDQB4FDMXR3AJ4VA,Digital_Music,1.0,-0.0
AHOUSIB6RBPP2QOAGC576XXTVK3Q,Automotive,1.0,-0.0
AHOWY3AZUEHTJP5DMK26T5F3T7NQ,Digital_Music,1.0,-0.0
AHOY6RP5IP57UAV75SOAXQO7KR3A,Digital_Music,1.0,-0.0
AHOYPV27QTG6MUSKZ7ROFBAEH55A,Digital_Music,1.0,-0.0
AHP2BTIKX2Z7SKTUEQKJ65B3XQHQ,Digital_Music,1.0,-0.0
AHP2KP53ADVEVBG75JDYKVBHM35Q,Cell_Phones_and_Accessories,0.75,0.8112781244591328
AHP2RH5SXS2KHPT4KFH2OHLKWDIA,Digital_Music,1.0,-0.0
AHP33HWZXHK3LO2EOA5YJKF4KDIQ,Clothing_Shoes_and_Jewelry,1.0,-0.0
AHP4TFRHPU6KG6OX27HGSNDPGGUA,Digital_Music,1.0,-0.0
AHP564BL22HULHU6HZQ3HXQ3XOTA,Digital_Music,1.0,-0.0
AHP6U4VQFISNY5KK24O3QLDJJOUA,Automotive,0.5,1.0
AHP72JXZGI7BXLCNOMT4G23YW6HQ,Automotive,0.75,0.8112781244591328
AHP7JZGBY57C6SQPZUNDIC6RYR4Q,Electronics,1.0,-0.0
AHPBIP5JNVD4ZDTULYEAAX2PBDGQ,Automotive,0.53125,1.2627317300909384
AHPBKJ37I6UU7I7BARPE2GLT3BTQ,Digital_Music,1.0,-0.0
AHPC3AQJPUUYEP5DXZ66PJGGY7SQ,Automotive,1.0,-0.0
AHPDYUI3FSKDHR7CDLL5JUD6HCLA,Digital_Music,1.0,-0.0
AHPF5C2IRGXPX7HWPEJ2MGSF6XIA,Digital_Music,1.0,-0.0
AHPFHP43AXWRYZZ4HPNCW7I7J3ZQ,Cell_Phones_and_Accessories,0.6428571428571429,1.107784384952517
AHPFTU3P6FCD57ELJNKKDHASQWJA,Digital_Music,1.0,-0.0
AHPJYIG2QLF3EC45JN4VFXA4XDQA,Digital_Music,1.0,-0.0
AHPKGA4LC3SWKKR624XXTHVIMREA,Digital_Music,1.0,-0.0
AHPKZL7FJIDA3CLNQ6OMKY46RA7Q,Electronics,0.6,1.3709505944546687
AHPM4MW3I3WPQNHYB7SCBE2EDJAA,Digital_Music,1.0,-0.0
AHPMFUMEWIB3XPWYR2ASSCFW6UKQ,Digital_Music,1.0,-0.0
AHPMVES5LY5N3ZKP5K6DKADNZWCA,Cell_Phones_and_Accessories,0.5,1.0
AHPPVOKN2GL7CHSFWWG3HCMMGECQ,Digital_Music,1.0,-0.0
AHPQ4CPYDRMHILUHA4WJOQ7ANKQQ,Automotive,0.8823529411764706,0.5225593745369408
AHPRWGBEWXGO4AQUO52WWD23RZAA,Electronics,1.0,-0.0
AHPUCPL5F3PBJDSOS2IJJVZU3FHQ,Digital_Music,1.0,-0.0
AHPUDDBBBV2WPNPBJXFXK3NJP7DQ,Books,0.5,1.4591479170272448
AHPUOQFCP4RDXGWERKYVI2DZUVZA,Digital_Music,1.0,-0.0
AHPUT3ITXCHQJO7OMF74LEMYHIVA,Clothing_Shoes_and_Jewelry,0.6470588235294118,1.4516607643577668
AHPUTMVGLRALZT5UGHVPIARZFD2A,Digital_Music,1.0,-0.0
AHPVUPZYSW73GDFKTJQWM4HL3DRQ,CDs_and_Vinyl,0.5,1.0
AHPXOTCN73CFLTMSGZVEQI5S7TNA,Digital_Music,1.0,-0.0
AHPYUHTXCDBU46G7HXPI3Q7JO47A,Digital_Music,1.0,-0.0
AHPZ23SD4LA5VRHKGP6UKQKEQ2JQ,Automotive,0.9333333333333333,0.420026001688088
AHQ5LUB5SXGXMH3AQEYW67LDSL2A,Electronics,0.8,0.7219280948873623
AHQ5TKLEWDABNB2PLZLZ7BCDPSYA,Digital_Music,1.0,-0.0
AHQBSNNGSKSP42GJTD7WVW3CEQQA,Digital_Music,1.0,-0.0
AHQE5UGNEVWAJN6X7JN6RNQTIPWQ,Electronics,0.5,1.968130013765764
AHQFGROZVW3ZWQFYDPUM7PCPKKRA,Digital_Music,1.0,-0.0
AHQGNBOUXFMLZHGBOEERF75JFPIA,Books,0.42857142857142855,1.8423709931771084
AHQH6U6OYTJEGN7LQ34I5QYCN7UA,Digital_Music,1.0,-0.0
AHQI3RKQ6PS2KZPM7DSMSKFT5NOQ,Digital_Music,1.0,-0.0
AHQIE7JJMBMSSV5AGAHLSM35F7KQ,Digital_Music,1.0,-0.0
AHQIICMVAZCKR3PWCYQNOOWKBJPQ,Digital_Music,1.0,-0.0
AHQIJ7JMNCO2EXSIKHXWRRSVMUXA,Digital_Music,1.0,-0.0
AHQLQ4DI2IULQGTHMQT7OQ5CLN7A,Digital_Music,1.0,-0.0
AHQNKS767UDUDH6QYJNUD47C7WVQ,Digital_Music,1.0,-0.0
AHQNSRKV7FLPORZT76ZJKEQV74OQ,Digital_Music,1.0,-0.0
AHQO5KRE5MAQGOC7FMVSG2FXPDHQ,Digital_Music,1.0,-0.0
AHQOGQVFZEXDBIWMNNWHQAYB7TBQ,Digital_Music,1.0,-0.0
AHQP4DJQZNAM34W2U6VGDO5BVRJQ,CDs_and_Vinyl,1.0,-0.0
AHQQ62COZ3ANN33IRXZ6Z4KF664A,Clothing_Shoes_and_Jewelry,0.7142857142857143,1.234204837336745
AHQRHZFXY5OMIIUX6OA34PBA2YBA,Digital_Music,1.0,-0.0
AHQRUAIW7INCVZX2K5YLB67FMHYQ,Digital_Music,1.0,-0.0
AHQSEHPJ6OXZTTTRL3IBGQ4G6TCQ,Digital_Music,1.0,-0.0
AHQTJFNBXNEG3YRP5MSGN7AQSRIA,Digital_Music,1.0,-0.0
AHQV36LR2CZ2JIXQ472WAC3TCHKQ,Electronics,0.47058823529411764,1.4836591643979626
AHQW66DMLWVAY3KSMWFELOUAMD3A,Automotive,0.4,1.5219280948873621
AHQWQ26F2MMN745Z3B42MATL3AAQ,Digital_Music,1.0,-0.0
AHQXP5DFJ7SDDXGUI6ASF6OFJURA,Digital_Music,1.0,-0.0
AHR2RQH423P4MBXAKMA7DNTR5SJA,Digital_Music,1.0,-0.0
AHR3Y2HUSRVU2WHNCOJ4LSYODY6A,Digital_Music,1.0,-0.0
AHR3YG52HDU3QDNRP2Y2G6YOOKWQ,Digital_Music,1.0,-0.0
AHR4PPPYOBIDES5Y7PMPVAXH7HPQ,Digital_Music,1.0,-0.0
AHR747CKPTQQCMVJO3OS5YTUSA7Q,Electronics,0.7727272727272727,0.9938972639364227
AHRA7HRO55UQ4CK3OPZEM43BX3MA,Digital_Music,1.0,-0.0
AHRAWYJUESY2TPISEE73WXDJOA5Q,Digital_Music,1.0,-0.0
AHRC4HTC7RD3XD4XXFAZQDSBUPOQ,Cell_Phones_and_Accessories,1.0,-0.0
AHRE7QO2OZU23T73OAGC5LUISMBA,Electronics,0.75,0.8112781244591328
AHREDOSUZTS7N2VWGAJSV6QE2HGQ,Digital_Music,1.0,-0.0
AHREOUUQQYYLUDNGVQZKJD2DKTRQ,Digital_Music,1.0,-0.0
AHREXOGQPZDA6354MHH4ETSF3MCQ,Clothing_Shoes_and_Jewelry,0.7659574468085106,0.9450861907222319
AHRJ4MQDR4A66RZQ2LZIWGJQPDJQ,Electronics,0.5833333333333334,1.6140054628542202
AHRJTQYC7J4SSMIEVP35PLQOKUSA,Automotive,1.0,-0.0
AHRK65TPD7YLL6NRMINTDHVH7HNQ,Digital_Music,1.0,-0.0
AHRKVKH6BNODDG4QNP5JVCCJ6FHA,Digital_Music,1.0,-0.0
AHRN57XYC774XGEOMBQGAOBBOL6Q,Digital_Music,1.0,-0.0
AHRNMZK7YJBULIHCI42QJM7REABA,Digital_Music,1.0,-0.0
AHROLU2WO2VLXZQGU2VIWBUDE2KA,Cell_Phones_and_Accessories,0.8,0.7219280948873623
AHRQPBQJJ2PJET5WBJIKNLAFHHSA,Automotive,0.5714285714285714,1.3787834934861753
AHRRQLUWWJ2VIEFKG3MMATIL6HGA,Digital_Music,1.0,-0.0
AHRRWD26DSMDKJNWGW67TIZ2WEMQ,Digital_Music,1.0,-0.0
AHRS6K5X7E7RKGEAU6S5TLPW2OXA,Digital_Music,1.0,-0.0
AHRUYFFBLYWCAPN636OF7ESELCVQ,Digital_Music,1.0,-0.0
AHRWSWKJHAUDV67MMUD3ZOT2NV7Q,Digital_Music,1.0,-0.0
AHRWXKSDBIAHNUCHQM62MDVXQTGQ,Digital_Music,1.0,-0.0
AHRXAQIUXEYOX4RZY4FTPB5QZORA,Digital_Music,1.0,-0.0
AHRY6RC5I37JOTY2CRKYVARAQ27A,Digital_Music,1.0,-0.0
AHS6ZWKXWAWCOAQW7IYU7PSCOTYQ,Digital_Music,1.0,-0.0
AHS774I5MUP7XDZM5DWOY4XOIKPA,Digital_Music,1.0,-0.0
AHS7BGK4AGICKGM7MC3LFN7MHFPA,Books,1.0,-0.0
AHS7SVRZESXQHLP3WW5WPYBCEK7A,Digital_Music,1.0,-0.0
AHSAUHUTLVNKJ72GUIPGI5XZH6ZA,Automotive,0.7560975609756098,1.043362612202059
AHSDSJIJUZVBJXQJIKFJVCAOPGYA,Books,0.8888888888888888,0.5032583347756457
AHSFG7CIC4KP5ZLQBDFSNBPNK6SA,Cell_Phones_and_Accessories,1.0,-0.0
AHSJUMYFSGTPA7AHGXC72Z7A3Q7A,Digital_Music,1.0,-0.0
AHSLAQOLEXQBMXVHJ7Y2QF3W36CA,Books,0.75,0.8112781244591328
AHSLHNWYIQJCU3RIB3YVTTHMMYGQ,Digital_Music,1.0,-0.0
AHSMOBNDANZP5HE2EUQPFK7ICULQ,Digital_Music,1.0,-0.0
AHSNFKU4EEJU47KC46XTINT5T4GQ,Cell_Phones_and_Accessories,1.0,-0.0
AHSO3Q2PDF4HUAVJSAVY7CJKECVA,Cell_Phones_and_Accessories,1.0,-0.0
AHSPLDNW5OOUK2PLH7GXLACFBZNQ,Clothing_Shoes_and_Jewelry,0.7,1.319035274338866
AHSPM5QU3OMM23SLIARJZNFCDKRQ,Cell_Phones_and_Accessories,1.0,-0.0
AHSQUK36SXSSYDJIRVSUC4LHEAVQ,Digital_Music,1.0,-0.0
AHSQXJ6D37QPQ4R5W6YKQ3CJ6P4A,Digital_Music,1.0,-0.0
AHSRLS4TYALPWYNKMX32TCDUWYPQ,Digital_Music,1.0,-0.0
AHST2XJVAQZNF77CNOBD3PQUQCPQ,Digital_Music,1.0,-0.0
AHSV67ZNUCEJTCZDEZ3MKKKEB5IQ,Books,0.8888888888888888,0.5032583347756457
AHSVA6LUUYWICODBJ5HYYD4R6UCQ,Digital_Music,1.0,-0.0
AHSVFGT45NDDAFX5SHDIQCCWZF6Q,Digital_Music,1.0,-0.0
AHSVXOBFFXPP2NPOMOF7OIA5AXXA,Digital_Music,1.0,-0.0
AHSWBB6FZBEA7W7PMSO4L5SC7ERQ,CDs_and_Vinyl,1.0,-0.0
AHSXXZHYMXDRVKC643TJZYQ7XGYA,Clothing_Shoes_and_Jewelry,0.6153846153846154,1.5465935642949382
AHSZGM4ZIB44IJIZAXDDNPF3GMFA,Cell_Phones_and_Accessories,1.0,-0.0
AHSZMTDCXEJRB42FXWH4HLPPPJOQ,Digital_Music,1.0,-0.0
AHT24MMCKVNZ7RGZ46LFEWBUPOFA,Automotive,0.35,1.7762976257251988
AHT2NP62KHFFALXILR7ZIQ2VFM7A,Electronics,0.75,0.8112781244591328
AHT3NNPRGAN65K6ESCJNKI7TPWPA,Electronics,0.5555555555555556,1.3516441151533924
AHT4BYG5DOGZ2QV3MYWV5PYC5Z3A,Digital_Music,1.0,-0.0
AHT4SQDDNRQFLPGHAULPNTKJA6OQ,Digital_Music,1.0,-0.0
AHTBBASAHXHHOXKLSSZG2IPUDDFA,Digital_Music,1.0,-0.0
AHTBPU7ASQDCHJ7ZTWH3HOMBHZ5Q,Automotive,1.0,-0.0
AHTCJK6Q37Q2W33CSKNPKZGTII3Q,Digital_Music,1.0,-0.0
AHTDWYY75GI6PZZGZ7MMT7RZVAFA,CDs_and_Vinyl,1.0,-0.0
AHTFLHCD7UJXK7UNNM2FLNB5PWEA,CDs_and_Vinyl,1.0,-0.0
AHTFXVHMYQB7DXSFSBVWFAHJJXQA,Digital_Music,1.0,-0.0
AHTH3QIBTJ76TOZ4LVVUW2OTSEXQ,Cell_Phones_and_Accessories,0.6666666666666666,0.9182958340544896
AHTH75HJJ5QPIP3ZDF2XNIBE3CWA,Clothing_Shoes_and_Jewelry,1.0,-0.0
AHTKN5PA26VHUFIEC2AZAYA5O5DA,Automotive,0.4,1.5219280948873621
AHTLWVDXSMG5YMVMEIWWOU6XBZMA,Digital_Music,1.0,-0.0
AHTLZM3KXP2OWF4SYAKISHIBHKNQ,Digital_Music,1.0,-0.0
AHTODOWYXIF7UC2KCYMZJUSTVG5Q,Cell_Phones_and_Accessories,0.7777777777777778,0.7642045065086203
AHTOJQKB56M5W4PW4XBN35WQT36A,Digital_Music,1.0,-0.0
AHTPISLRJDT2DX7NZCICCQHBMPGA,Digital_Music,1.0,-0.0
AHTQXC4G55PA5IOKCLBPY46J5M7Q,Digital_Music,1.0,-0.0
AHTTPP5KN4Q3KKI7YTXBKBJGTKJA,Digital_Music,1.0,-0.0
AHTTU2FL6FCNBBAESCJHOHHSSW7A,Clothing_Shoes_and_Jewelry,0.5,1.0
AHTU4O4QDYDGUXW5ZO7OOYCTSXRA,CDs_and_Vinyl,0.9285714285714286,0.37123232664087563
AHTWISCZKNLEBVTIFZP6EZRY2ISA,Digital_Music,1.0,-0.0
AHU2PE2WIJCBES3AKNLJNPZEH52A,Cell_Phones_and_Accessories,1.0,-0.0
AHU2Y2ZFQKI3V3ARFDKZA6ER4NUQ,CDs_and_Vinyl,0.5555555555555556,0.9910760598382222
AHU35J4HQ5QFWXAU4U7I4RZKCH4A,Cell_Phones_and_Accessories,1.0,-0.0
AHU3XZZH2PVAH3WH2LXMIB5JQSLA,Books,0.4,1.5219280948873621
AHU4AATNLHRFIVORJPZP4UU5J6CQ,Digital_Music,1.0,-0.0
AHU4B72BKINX7IEAF7ALAWRV5YMQ,CDs_and_Vinyl,1.0,-0.0
AHU5CQIGTPW3L7CSVCMW66XSSPDA,Digital_Music,1.0,-0.0
AHU63DJFTJKHHGHUYHVN2SFI2MSQ,Cell_Phones_and_Accessories,1.0,-0.0
AHU7GJQJED3AM4KJONXMNSKA77EA,Digital_Music,1.0,-0.0
AHU7PK5YWYMKZPXBNSEZULXNTQ7A,CDs_and_Vinyl,1.0,-0.0
AHUA5544H3YZPZFRGLWZUF232GGA,Digital_Music,1.0,-0.0
AHUB4LKR24W7P77S3TEUBOUW5SWQ,Digital_Music,1.0,-0.0
AHUGN4YTPAAQ24FNWGWCONPAWN4A,Digital_Music,1.0,-0.0
AHUGWEVE55JJDSTXWBQZDYDM2R7Q,Digital_Music,1.0,-0.0
AHUI3T2JPCSDI7HDKDVKWUWNDLYA,Digital_Music,1.0,-0.0
AHUIALQKBRNIMHD5Q75HUGWRWTAQ,Digital_Music,1.0,-0.0
AHUIAPMKFKZBAY4EBMKHRLIMMGZA,Digital_Music,1.0,-0.0
AHUJHAGQY5ELB3CCRB3SXOREMXRA,Digital_Music,1.0,-0.0
AHUJQAHKGKC4VIGEMDQ4CVKSMLGA,Digital_Music,1.0,-0.0
AHULBGUFZV4G7OCQGXDW2PRC5DVQ,Digital_Music,1.0,-0.0
AHUOQCSFAOSE3EH2IC55EFQU3LWQ,Digital_Music,1.0,-0.0
AHUPSSURLQ34LP2NWLZHML566WIA,Books,1.0,-0.0
AHUPTBY3F3UN2S5H7K5JLP6MAV5Q,Cell_Phones_and_Accessories,0.8235294117647058,0.6722948170756379
AHUQ6ITINLH4DIKRH5UHYVI7LH6Q,Digital_Music,1.0,-0.0
AHURTXMTMOJS53XYSCI5WU2V7DZQ,Digital_Music,1.0,-0.0
AHUSHZFGJYMZ6YP2SQO5TYFVBEIQ,Digital_Music,1.0,-0.0
AHUUQNQ4STDFK4YKEQUNWRRSW7PA,Digital_Music,1.0,-0.0
AHUVQ4UNB2JGV6MY4ZT75SZLPUBQ,Clothing_Shoes_and_Jewelry,0.5,1.75
AHUVYK76GXA5XUGX63D6HSFV5OYQ,Digital_Music,1.0,-0.0
AHUWWVZ447VKWMUP7GSYJIDTKDEA,Digital_Music,1.0,-0.0
AHUX7LYUKBTCPVVALKMMPH6JYCGQ,Automotive,0.75,0.8112781244591328
AHUYNN727VWY5ARFWDUKLWP36NSQ,Clothing_Shoes_and_Jewelry,0.5,1.0
AHUZNBF5YKIQB7DWRVD7UKJ7ZMUQ,Books,0.7777777777777778,0.9864267287308424
AHUZTCICIHL6NBXDZCKVJTGHNCHQ,Digital_Music,1.0,-0.0
AHUZWTG7TORSTA4OECWLEYXHVC3Q,Books,0.6666666666666666,0.9182958340544896
AHV2CP4GCS7MBOTJB3MPNJZIA3MQ,Digital_Music,1.0,-0.0
AHV3KIKOBTJDLEWINYCPPEHIH7UQ,Digital_Music,1.0,-0.0
AHV3V3SLT35QHQX3NQOFUDBNV2RQ,CDs_and_Vinyl,1.0,-0.0
AHV6QCNBJNSGLATP56JAWJ3C4G2A,Books,0.45121951219512196,1.6948473286818935
AHV6WYWX6JIJW2MKRNGFIB54K7AA,Books,0.625,1.2987949406953985
AHV7RJLGGLLWDHTKAUCSWFDKPZAA,Digital_Music,1.0,-0.0
AHVA35ZHKZELPUIMFOST3DZ2F2FQ,Digital_Music,1.0,-0.0
AHVAUXDI42RSCQ3IDT65HRF4Q6JA,Digital_Music,1.0,-0.0
AHVC23XPR4J63SSNSIRNG4H6AEWQ,Clothing_Shoes_and_Jewelry,0.7142857142857143,0.863120568566631
AHVDW3N5PNOIH3HZMXIWSCFJB3PA,Digital_Music,1.0,-0.0
AHVHZI5OFQ6DMTAYXS6LDPMVXCMA,Digital_Music,1.0,-0.0
AHVL3NK2ELY5UFEPB7EYXU53ZGAA,Digital_Music,1.0,-0.0
AHVOK65L3F75OXOCN43YLHK43CRA,Automotive,0.6363636363636364,1.2406705316766884
AHVOLBWSTIHEM6VGNYMEQGVWR2YA,Cell_Phones_and_Accessories,0.7619047619047619,0.7918583525674836
AHVOQ4CBGSXUQKOR2A3BPCV53YMA,CDs_and_Vinyl,1.0,-0.0
AHVOY4RBF5CZF47IOQILPRCXWAAQ,Digital_Music,1.0,-0.0
AHVPSZCUQH3UMQCGQSDZ7BZVUHNQ,Books,0.5,1.0
AHVPXEPKBQM7S3ZQCT4RH2XQ7CGA,Digital_Music,1.0,-0.0
AHVTLG3HBHHROYEIS2XKOAMRUDVQ,Automotive,0.8947368421052632,0.4854607607459134
AHVTNUKVJIMSP6MZK6YO3Q5KX3CA,Digital_Music,1.0,-0.0
AHVUC6G7ADVWS4JBMECIOW7UGPUA,Digital_Music,1.0,-0.0
AHVUDEN6Q6EV2MQ6IF2RSFWJVU5A,Cell_Phones_and_Accessories,1.0,-0.0
AHVUEL57EXWBZHZWGD7IDGW5J7XA,Cell_Phones_and_Accessories,1.0,-0.0
AHVWKBFOVXQV6653O4XGCKOB6YVA,Automotive,0.6666666666666666,0.9182958340544896
AHVWQG7IKAFZGIF7DUGCKCEOZCXA,CDs_and_Vinyl,1.0,-0.0
AHVYZJVOXDVQP2V5MLHXMLXMXL4A,Cell_Phones_and_Accessories,1.0,-0.0
AHW23LKLGTLDQX3JI6E4ILZLZZOA,Digital_Music,1.0,-0.0
AHW2LR2YXNMBEQJ5I5OB56N6OLJQ,Digital_Music,1.0,-0.0
AHW2TASGYIZN2MI2HLI2QVBPHGNA,Electronics,0.5,1.5
AHW3GDHLPAFSHCFAEEZHPDSA73DA,Digital_Music,1.0,-0.0
AHW3SPBY5DM5KYWUJHODT2VYJHRA,CDs_and_Vinyl,0.6666666666666666,0.9182958340544896
AHW7W34BLHHC4AYM4TPMLA2SWMMA,Books,0.5,1.4591479170272448
AHWAIBCVNSK4HAJFE5DNRP636L2A,Automotive,0.6666666666666666,0.9182958340544896
AHWDJFPHLJ2HNSPWOUHJSQ34K5MQ,Digital_Music,1.0,-0.0
AHWEIAIMSGEIL5UIZTF6BYKDL7MQ,Digital_Music,1.0,-0.0
AHWEM7E2PYGW6QCATOWYGZZJ7QPA,Digital_Music,1.0,-0.0
AHWFC2576577CTY7W5ORFPJVKUPQ,Digital_Music,1.0,-0.0
AHWFIH4YSVWTNGAA42NO6SPMPX2A,Digital_Music,1.0,-0.0
AHWFJZKOUI2EMNQSPHDDDSMOOF4A,Cell_Phones_and_Accessories,1.0,-0.0
AHWLXRREFXOKKLDA2NM6D7CKATVQ,Digital_Music,1.0,-0.0
AHWMD2O2ERFGBQME4X5HRPFYJR2Q,Cell_Phones_and_Accessories,1.0,-0.0
AHWOB66HVZJLLPO2PMBOBLGNJVVQ,Books,0.9,0.4689955935892812
AHWPSOLHRW7LFHHORCE4CCY4KEMA,Digital_Music,1.0,-0.0
AHWQI5RDKU3AHHGKAKNLB6BMQSFQ,Digital_Music,1.0,-0.0
AHWRKUZUZNWALPR3HG6H3QBFEBDA,Clothing_Shoes_and_Jewelry,1.0,-0.0
AHWRLLSQNS7AJUUZKBJKJP7AIQVA,Digital_Music,1.0,-0.0
AHWROXJQ3K74CELJ76MQC3CDTNSQ,Electronics,0.8,0.7219280948873623
AHWRVFFCLI5KZSNGJPIVOH2HHJXA,Digital_Music,1.0,-0.0
AHWTEKYJRJRJHHOX3SMZ4MB6MQ6A,Digital_Music,1.0,-0.0
AHWVQ26EA553ID4SJS6R5SHYJFUQ,Digital_Music,1.0,-0.0
AHWWLSPCJMALVHDDVSUGICL6RUCA,Automotive,0.75,0.8112781244591328
AHWWO43M7Q7KMMBGDOR5JMJK636A,Digital_Music,1.0,-0.0
AHWYP4TAAA4GEWQEL5LLN3KRGPDA,Digital_Music,1.0,-0.0
AHWYSJIMUEIUBSBWKASEA5WOSCGA,Digital_Music,1.0,-0.0
AHWZ6P4V5KKGMHNW5MDBI34FSWVA,Cell_Phones_and_Accessories,0.6,0.9709505944546686
AHWZGKHOHK7YVTXCTCCY7VCI54FQ,Cell_Phones_and_Accessories,1.0,-0.0
AHWZLEZ32TUVMHLGAT2RHWSWJ6SA,Digital_Music,1.0,-0.0
AHX2QUMEPQ7VVDSVIZZRKDU56Z3A,Digital_Music,1.0,-0.0
AHX4KAMYA2RV2IOYNWGUEUTX66XQ,Digital_Music,1.0,-0.0
AHX4XWVVQUKT3FCNWCVASDF4Q56Q,Clothing_Shoes_and_Jewelry,0.796875,1.143695821173856
AHX5GNQNMMX5IC33WR7YDTIZOY2A,Digital_Music,1.0,-0.0
AHX5YBZ65H3QVUQ6VV3KKVYO3ELA,Digital_Music,1.0,-0.0
AHX63Q5CQ4ZSOTWXIP5V365VRAVA,Digital_Music,1.0,-0.0
AHX6Z454FV2LTSIDW4X5CPNYH3ZA,Automotive,0.75,0.8112781244591328
AHX7R7SD55CUTIXKV7CKMZ5GBK3Q,Cell_Phones_and_Accessories,1.0,-0.0
AHXBG7SNVYNFMOXYX322UZ22GDPQ,Books,0.6666666666666666,0.9182958340544896
AHXBL3QDWZGJYH7A5CMPFNUPMF7Q,Clothing_Shoes_and_Jewelry,0.5151515151515151,1.7860314430383468
AHXCCZAX2PMNY45NADPTH7N7CXIQ,Digital_Music,1.0,-0.0
AHXCER2EZHWXLJYGCHABD53JJIFQ,Digital_Music,1.0,-0.0
AHXDSXLPSN2VHF5I4PRHJBRJHTCQ,Digital_Music,1.0,-0.0
AHXE3QNVEO4M7VVMVAA4YRZ5VSCQ,Digital_Music,1.0,-0.0
AHXEHJ6UR2YEXGNQ7S2K7RYYRZGQ,Digital_Music,1.0,-0.0
AHXFH3TZ4B7PPQCUQQSX5X3PYCZQ,Digital_Music,1.0,-0.0
AHXIIJLNUANLM545CLMOBKHAQ36A,Digital_Music,1.0,-0.0
AHXIKNHH6R3ODR7KVTW4TVEBSUIA,Digital_Music,1.0,-0.0
AHXJXQD5HN7CUYGNBZFFQIX23XNA,Electronics,1.0,-0.0
AHXKM2EVB7UCQ5L2YZ3ELUCEO3GQ,CDs_and_Vinyl,0.6153846153846154,1.3346791410515946
AHXLIW3NWV3EOWJ5VOZRQTCK4MLQ,Digital_Music,1.0,-0.0
AHXLZ6LI6HJ7YRIAV5DETEQZDWZQ,Digital_Music,1.0,-0.0
AHXNV4L6V654W3LP6EHELIQCOSHQ,Digital_Music,1.0,-0.0
AHXOCH6XQ6UTTDLEJGD67YR4XFMQ,Digital_Music,1.0,-0.0
AHXPK4NH3Y65T3HF2RDAIULQ673Q,Digital_Music,1.0,-0.0
AHXPRMGLANXKQAXTOFD2DGUDWXUA,Digital_Music,1.0,-0.0
AHXQW44E24ZU24SO4UUZFPTAMISA,Digital_Music,1.0,-0.0
AHXS6AGWK4SBZ3QKANQISILIMK6Q,Cell_Phones_and_Accessories,1.0,-0.0
AHXSBZT52TCPZUBVCBRICTHWUCBA,Clothing_Shoes_and_Jewelry,0.6666666666666666,0.9182958340544896
AHXSNO2ZJ7ZOTJ3Q4BVOEBT7P6FQ,Books,1.0,-0.0
AHXTTELUUFQL2JISQXM74IBS42DA,Digital_Music,1.0,-0.0
AHXUFSC7TEVSYGCPJIZTL6J2DW4Q,Cell_Phones_and_Accessories,1.0,-0.0
AHXXTKKWYN62AQVPYF6QVMH4MRGA,CDs_and_Vinyl,1.0,-0.0
AHXXX43IQZGOULMTSJVR65WSQUPQ,Digital_Music,1.0,-0.0
AHXZCNMFZW4FLUWCXSHVUKPWYUDQ,Cell_Phones_and_Accessories,1.0,-0.0
AHY3G773FNHUXWJT2R4O7ZA4WPRA,Digital_Music,1.0,-0.0
AHY3WCPLNB7T2SKB4NE6OBRHJ6TQ,Digital_Music,1.0,-0.0
AHY4FDU5L5ZCEEZ672AVXN7LOKNQ,Digital_Music,1.0,-0.0
AHY4UW5YYIW7QQZRRHVW2VG2PPWQ,Digital_Music,1.0,-0.0
AHY4ZHJIC2OUVESYV3P4IPOCKXBQ,Digital_Music,1.0,-0.0
AHY55PORR7VYL72JBUYNSO6KCA5A,Books,0.625,0.954434002924965
AHY6B5R363SMDDYBHFLGXRQVPA6Q,Clothing_Shoes_and_Jewelry,1.0,-0.0
AHY76MIW3WI4C7EN6HMDFPV6B2KA,Digital_Music,1.0,-0.0
AHY7ZJB523OPTIKXRI63PS2V6FSQ,Clothing_Shoes_and_Jewelry,0.6296296296296297,1.6809377501048497
AHYARJU3M2CYM3W5SZYL33KOFVHA,Cell_Phones_and_Accessories,1.0,-0.0
AHYB7CLB5GMVKNCWQ3SLGMVB4TPA,Digital_Music,1.0,-0.0
AHYB7U5MR2OG5BJPAVS5K5AZQCSA,CDs_and_Vinyl,0.42857142857142855,2.1280852788913944
AHYBOC3JAHBR4YH6VT42IQ6ZB3FA,Automotive,1.0,-0.0
AHYCBCQJUMTM2VISOJNR4FDDBOCA,Digital_Music,1.0,-0.0
AHYDLAYCM6W7T5UUIBO63FV3SAFQ,Electronics,0.42857142857142855,1.8073759536999705
AHYDXATTJZHTIOX5CMNMGXPZU6ZQ,Digital_Music,1.0,-0.0
AHYEA4JYQ6G2PVYXDUN7S5RPXJFQ,Automotive,0.75,1.061278124459133
AHYEW6ZXLQBJ6YU5NZRR4UTRK6IQ,Digital_Music,1.0,-0.0
AHYFIO5UVVMIOONLI65XLW6323FA,Digital_Music,1.0,-0.0
AHYFLXIL7CMIVNU42WE3EL43OWZA,Digital_Music,1.0,-0.0
AHYFWPEQEO72LEEMM6E3WDYX4BZA,CDs_and_Vinyl,1.0,-0.0
AHYG6B3CNXSKERI5LGNVXIOA6WVA,Digital_Music,1.0,-0.0
AHYGBZX3XJDZUC7A7VNQATLM3UGQ,Digital_Music,1.0,-0.0
AHYHCMWW5G2HHSQDLMDDJRGU43QQ,Cell_Phones_and_Accessories,1.0,-0.0
AHYIIOGHQYQNXYSSAOUSP4WYYBUA,Clothing_Shoes_and_Jewelry,1.0,-0.0
AHYIWMXORQUTUAC3JI5AJENZA62Q,CDs_and_Vinyl,1.0,-0.0
AHYJCQYCHHT5FH6RGLT4PWUR6PZA,Digital_Music,1.0,-0.0
AHYJRGNZYYHL5KZDIKKKIJN3EZOA,Cell_Phones_and_Accessories,1.0,-0.0
AHYJYBWRYIMCDHWIRRPD24UFXF4Q,Digital_Music,1.0,-0.0
AHYKFYB4M26KSRJY6DSZMV6UFYOA,Electronics,0.625,0.954434002924965
AHYKPFKP6ZRMAS3SHDFMSN2LBKOQ,Digital_Music,1.0,-0.0
AHYLIR2L6II4KU2CNGXPFHIQTTPA,CDs_and_Vinyl,1.0,-0.0
AHYOLM6ON6SWZUSPCYROBCRPAGZA,CDs_and_Vinyl,1.0,-0.0
AHYOYF2TAQ2H4DCKTBAL6XECEMMQ,CDs_and_Vinyl,0.6,0.9709505944546686
AHYPJP7HKAXKK2QZG3MRPVNHUQGQ,Automotive,0.8571428571428571,0.5916727785823275
AHYQOXD6YJZHSMBVYX2ZIHW5OHLA,Digital_Music,1.0,-0.0
AHYSZEKDCSU2GLGROWC3AVU3WHJA,Digital_Music,1.0,-0.0
AHYUAH5T2DR32HISPCB23PIEP62Q,Digital_Music,1.0,-0.0
AHYWYS3ZCNA62VY2WPFMHZXYBU6Q,Cell_Phones_and_Accessories,0.6,0.9709505944546686
AHZ4WODDQMLDMFH2X4QHJAMRJCTA,Electronics,0.45454545454545453,1.4949188482339508
AHZ4XGTRIR5BTZJGMZCKLYLSN5VA,Automotive,1.0,-0.0
AHZ547XWV2I5OBJ5FO2ZQ7JWR6QA,Digital_Music,1.0,-0.0
AHZ6IT22QHREUXVNOHG2MAEKWUKQ,Digital_Music,1.0,-0.0
AHZ6XMOLEWA67S3TX7IWEXXGWSOA,Clothing_Shoes_and_Jewelry,0.38961038961038963,2.3554739541983887
AHZ6YRGY5KOE3WDHXGVLXKZPHHOQ,Digital_Music,1.0,-0.0
AHZ7SDYIUZ576JWWMA5LVSPHLVDA,Automotive,1.0,-0.0
AHZAMCQPDRULSR64PRS76ZOWLAPA,Digital_Music,1.0,-0.0
AHZDAYL6YKMYMGOWAG25WROOSAGQ,Digital_Music,1.0,-0.0
AHZDXWXJTBINQSQKYWFUNCQQZ7EA,Digital_Music,1.0,-0.0
AHZHDI7ZAFGHWLQY4P3THSAINYXQ,Digital_Music,1.0,-0.0
AHZIJGKEWRTAEOZ673G5B3SNXEGQ,Electronics,1.0,-0.0
AHZJJH2PN4L55RFYSHBDYR7DP73A,Digital_Music,1.0,-0.0
AHZLGKTUMZUKHOLR244MUEMGKXAA,Cell_Phones_and_Accessories,0.5714285714285714,1.3787834934861753
AHZLHIUGLP67LYFOQP55SDLKDHAQ,Automotive,1.0,-0.0
AHZMNUKXD3ZM75XBXPV6FQI3YEGQ,Automotive,1.0,-0.0
AHZN2GUPPIS6U7D6GFHFJGCXB4CQ,Digital_Music,1.0,-0.0
AHZNGEEOG3GBV3Y7P4WQC5W43AFA,Digital_Music,1.0,-0.0
AHZOJQDTMJ6WIHY2RV7PB6K5TG7Q,Cell_Phones_and_Accessories,0.7272727272727273,1.0957952550009336
AHZSLYF6GAH4JAO442VFPN3ALPIQ,Automotive,1.0,-0.0
AHZSUGCJIUILJFV6I7OAEQNAKCBA,Digital_Music,1.0,-0.0
AHZTJJSVGM7EMEGZTDSQ2NKJC2JA,Digital_Music,1.0,-0.0
AHZVE7M4XFMIODLNCBHUWJ5VPSFQ,Digital_Music,1.0,-0.0
AHZWDQGQLQLCZRUF4YYYLESXSPZA,Cell_Phones_and_Accessories,0.5714285714285714,0.9852281360342515
AHZXGT7AUEGU37GNUNW7ZU3ZS6KQ,Digital_Music,1.0,-0.0
AHZXN2OZBRTGQU4UVYDWDR2JU5CA,Digital_Music,1.0,-0.0
AHZYBJVSPJO4NMRWIQ4TI4Y42CJA,Automotive,0.5625,0.9886994082884974
AHZZJQYNVZUJNPNQ737ITGEQUB4A,Digital_Music,1.0,-0.0
AHZZPUYPNZQ7QXK55HGGE3Z7TTEA,Digital_Music,1.0,-0.0
