user_id,nb_interactions,nb_products,recency_days
AE225Z2VRWT6GPTOMA4H4O3H2KVQ,1,1,1840
AE23YCERVBZ7ABKTESKSSXYTLYRA,1,1,4840
AE246WPAV4HBLUOOOKTECTYQ7ZPA,2,2,1
AE25NQAZI3725GZIL5FS52ZIKWKQ,9,9,1219
AE26ICWKMFJEHDH5VDX4W42H2NMA,3,3,596
AE2B7P75BH4A7L56Y365IQPYZ6YA,1,1,2535
AE2C3MK7LXEZJVB2UXM45QCI2TBQ,1,1,677
AE2DWV6OPSOUHDZEZQBC2MRYAOXA,12,12,436
AE2JT2433VWURU2CEQB4HKLZNDRQ,1,1,69
AE2KCUCNBBR6ZMIUJQCM7KMQMJ5Q,1,1,4473
AE2KTZVOMXO3XBRSERKGSBX4Q4IA,2,2,579
AE2L2VTHKTXIDTE5R7JUU4WW3AZQ,1,1,122
AE2MDGRKSWOV63U2JGW3MOMIEBSA,2,2,2373
AE2MIK6YBTBRNZZGI5O5Z6VCMEPA,1,1,2128
AE2ODZ4VYQ5FNNCONSHSNZM7PHSQ,1,1,6268
AE2ONKWFI53HMNABSEGANB4KVVAQ,1,1,3131
AE2SLLQC24HDEHVUWKWDT2G7B23A,4,4,261
AE2TA5GQH4JI5RQ4W5H5PQOVYBGA,94,94,55
AE2TP5ZT3QD6FSMAWNOJVU2P5ZIA,1,1,2271
AE2UV6XH56H44OZBF3FY3IBS37TA,1,1,3618
AE2VNRCUVMWDDI3VCA7VB6FNNO4A,2,2,1820
AE2WCB3PAHPKVXBFCCK6RDQ76XKQ,1,1,3673
AE2YFNTYYMTKCY6M2CQ3A75GHRGA,1,1,2282
AE33XC2AXNEN6S3OVTPHVX7RRVIQ,1,1,2167
AE34NEUMAQ27PPO63WLRTRDUKWFQ,1,1,1855
AE34VA3WMMQ66SY7HAFPRZNZUEBA,4,4,656
AE35DGEQAVUE6ADUZZMQWLZIESIA,1,1,3721
AE35DHGBMKOUASVTTHQCYTHVHKKA,13,13,2497
AE36CH2CNKXKUUZSSDUBSFN5ARWQ,1,1,746
AE3A3DKHZOBCZS6352E5VP2WE2CA,1,1,1884
AE3ADG6WP7UYB54J3CRQ22BLQE3A,6,6,193
AE3C62JLCUWE273CJ3MNBXLJAJ6Q,4,4,248
AE3C6ZSDIWLXHZ4MW6LNITGHZWLQ,5,5,731
AE3DNVXK3KQ52BTHWDTKCJOZ2WPQ,1,1,733
AE3KRBQITID7SAJ2W5H5E7RD35DA,1,1,2249
AE3LOM7QWQC2PDQJ3KDBWSTIAEXA,5,5,262
AE3PCPB24YTHGIIIWZOWBZ6VZIVA,2,2,613
AE3Q6AEWP7Y7CH4N6IWEP4YBNP2A,18,18,78
AE3S23WS6PMZEJAFOOS4YA67YHOA,1,1,1314
AE3TVIQU3RAYXVKHWBBVU44GVESA,1,1,7557
AE3U73QGVDLZUA2DSACCVDCYAY6Q,17,17,14
AE3U7D7TFKOJB4YHU223VIJZCZ5Q,2,2,1842
AE3UAOMGVAWIMC7642H7FBAI46EA,1,1,1132
AE3VGST2ATPP7OTR3YGP43EMVT7Q,1,1,1462
AE3VSUJHP2KB42ZW6RYEL2ZL2Z4Q,1,1,2184
AE3WI6JPR64423XDLLWJIFDTQBJA,1,1,1787
AE3WJ3IDKDL3AVWIVWVIIFOQKBEQ,1,1,1987
AE3Y6N4OAXVU7AX3PZZ6M5LKEKKQ,1,1,589
AE3YAVL3JIQDT4GSV23DI6MJ7TRQ,4,4,625
AE3ZEVN65B3MWKIBLFRBGMJDGJCA,7,7,258
AE3ZH3YVW3CVJSVJHXDKEOCQH55A,1,1,1927
AE427MY65PZ6FNZ2IY6HCTIIQZEQ,5,5,801
AE42GH4BGD3R3BJFMZWONYKTPPAA,1,1,187
AE42OJDQ4FOVEW4XS2ZWBDWFSOKA,1,1,2957
AE45QAEYVTPSHPANWBX4KRUF6MXQ,1,1,3235
AE45YMBT22253F3XWEESXGHVS42A,1,1,2176
AE475YIHKFR4FFV3ECYZS43DRZCA,1,1,6209
AE4DDAEAGC7FBWR6FUOUZI4WOZLQ,1,1,2201
AE4EY2RB3FDDFWK5AEBP2WP3AGMA,1,1,2502
AE4HXIKWVZTAX53MFK77Z2TBZWVA,1,1,3670
AE4JEBI6AAXVC6CKQCOSPLAVUCQQ,1,1,929
AE4JY2AMAZ76UC5XAOVYLUC6E7YQ,1,1,3185
AE4KVNO5P6N6SP6CQTZTIDHEAWFQ,11,11,11
AE4L2LH55JNFCLHFXFC7YOEQSBIA,24,24,10
AE4LSM4GFD66A4EIWZ2J5OSWQNGQ,1,1,1519
AE4NUPKI764YXEKLO3RFELE6NKOA,1,1,3191
AE4Q3FPKMKMRHPNWBCHW5XNVB6AA,1,1,3206
AE4QJPWRRCQO3K2KCGZWRYDFV4KA,3,3,1483
AE4TAG762WBWX53E6DNM7XSVBDWQ,1,1,3136
AE4VDUS22PQQM5D6W7WVWYWRYCEQ,1,1,1812
AE4WMJOOYYWIJAOTOSPZEI27LSJA,1,1,3295
AE52U34CK7FHXFZXLBV5T7EPLKPQ,1,1,4578
AE53BPYA42RVO7EG7MIR7AMUSZBQ,1,1,2229
AE53SGI7K7H4CEGNVNSO3CXSDNUQ,2,2,2607
AE542ITELIXSMJJNDW2UQJSQLZNA,1,1,2310
AE54PZQCH4FATQNTHJBWND5GTPMQ,1,1,3334
AE55IRK2BWNVKDHN3INKG7I2JNEA,1,1,1953
AE56IRAS2UYOMTI5XOSCRGXF3A2A,1,1,2112
AE56U36OKSLHOJXLTYN6K5FVDSOQ,8,8,2791
AE57MRF2R2ALCC6H5WQLFKT7KSSA,24,24,131
AE5AEF6MZZ4Q6QVYQI66U2KNP6IQ,1,1,5648
AE5BARZD36USKQBRWADEGTHGPSVQ,1,1,1404
AE5CE7OYTR6GVPFPLDKU4WH2U3QA,1,1,3274
AE5DIA2HDWBPNGBO2FXN2PF4NQJA,21,21,109
AE5DK6FQTEOBBFONY64EW3ZFTYVQ,1,1,2618
AE5EFPZILS6MKIZZBS536VEFQO4A,5,5,1303
AE5GHFQZ6IXM4QNYTLTYJO24KQZQ,1,1,2141
AE5II4T3UESJURZWUG4L7X5LMMWA,2,2,800
AE5KMBYQASBZID6LHGS76DVDFYPA,4,4,50
AE5LPFNQAV3XHJNHD2ICKIN257XQ,1,1,3089
AE5N6XYINB7U5E735LESJZJMCAMQ,1,1,342
AE5NGNFR5BFZV4VEOUVLKIYPGDFA,3,3,158
AE5NMN6ZORL2AN3DXJN7RH234DEA,1,1,1290
AE5NOSEXKQHWMPATOYD3FM2ZJ5BQ,1,1,465
AE5PCZCRUBNDXNLAT7SJKKBRPQIQ,3,3,627
AE5QBPPZ53NJC2BDX7UZPKJEL5CQ,1,1,2728
AE5QCAY6EVMM5KGT4GNSMBUIAIEQ,3,3,499
AE5R25NB3AXXTVV6R4GBQAZXQFFQ,1,1,2854
AE5RPKDYYDXVZ7VNUHU76MFP2XFA,2,2,670
AE5TS6P6VOVNO5YYHRKEFAGHEMKA,1,1,380
AE5UW4XLVL5AXSJP24MTH4LKK4DA,1,1,3605
AE5VC672ROYF2LMFXC5GZQ63D25A,1,1,2475
AE5VPKX64CVOPH6X75C7EQXAIGLA,1,1,3176
AE62OB3JYQR2U6F34BAIJPQ5SWOQ,1,1,559
AE62UN4Q5JNY6V3J6BOXSW4XC3KA,1,1,3514
AE63IY2VV2QNP4BLIEEOP7YMQVCQ,2,2,2552
AE63QWJX2YH2MYOW5UE7WO3DEGTA,4,4,524
AE63SKK47DLG5EONUFB3GH4UUJRA,5,5,82
AE64BPHBPF6A3OHCTHFDKJABRRMA,1,1,1223
AE64TJC4RYNSJEH2O5BOXUYQ2OJQ,1,1,2434
AE65J3QI4AE6R6VMJDM2GELREEUA,1,1,1342
AE66SREAZUBIZQLO6N337HZ6LKRA,1,1,2663
AE676FZ5UX5SR45OR7H5IQLLPLIQ,1,1,1697
AE6AL5KN3ZXJZD62ZVOOFMNOZ4PA,4,4,457
AE6BON6K5BLJC7CW5FNBII2PFQCQ,1,1,86
AE6BQHYSTFGJAGWNJHT2QIWLQVOA,2,2,553
AE6BS6CP27GCC4E24ODYORMVXRXA,1,1,352
AE6D7ZSUYY43IOUORRDOY5EGKZSQ,1,1,736
AE6DFDMIJAVW57EVMRJH2M2X6ACA,1,1,503
AE6EPWEAGVOKWS42HYLLT2CZWTGQ,1,1,2411
AE6ETV4O3RQHZKKWDOG5UMEAWQKA,1,1,1129
AE6FCNSLO27JTUJYWXMN7NTUBRWQ,1,1,6629
AE6FCSWU5QD2YEOQTS6ZS6WP24MA,1,1,3078
AE6FJD2A2MHZF3KKAHCECTSJDWWA,1,1,2591
AE6FQEKWD2XKUATYU2TWZE6HPO7Q,1,1,1170
AE6G3FGNUAICEI7CN24HLLVKGLVA,1,1,2526
AE6HTDHTIHQX37MKNM4RLKC4QPAA,1,1,1290
AE6JGOLFSLXLAQX73X36J2I3RVNQ,4,4,2681
AE6LANOUP4X6HAV2THT7JMXEZ5AA,2,2,870
AE6LJNAD5XA3OPVLECDOS46HGBZQ,1,1,1969
AE6LXZB4CFCQIEZMHKLEWHCUAWEA,1,1,3440
AE6M4A6VUJMAC6DSDEFVSCNTRXVQ,1,1,4724
AE6MQB5IFXKYCRQ3JUSCB4CJGAHQ,1,1,2678
AE6MYJPNUBVETY6GBEFCBTVGBMTA,1,1,197
AE6P2YJ6FKX332MD56GPJFSHXNJQ,7,7,302
AE6R7KWG62VQK4KW25T2X2IRCKBA,1,1,3631
AE6SFGOYFVW5332HQFP5TSJPOZYA,20,20,239
AE6SKOXFZQTERQA2STK7PQGOJHOQ,1,1,1182
AE6SR3MLGOVKNCT34BBN3PDC34OA,1,1,305
AE6T5HPHZOJKN2BGUA3ZAVDKDOWQ,3,3,731
AE6U2ZCGCBRDU3TT3PVH44ITRLOA,1,1,2267
AE6UBT75DVICTSPGLW5SKCLWCQKA,1,1,5583
AE6VDHCPPW2D3R7IYILBAE5C32RA,1,1,923
AE6VOJKW3SN7SOLUTLAFUVZVSZVQ,1,1,140
AE6XLURQ2JFED7NWXHCGH4GQ6OBQ,10,10,2913
AE6YLEEPJ47WLVVHEJ4CSBONBVBA,4,4,793
AE6Z44KMO6NKWNHG5K4VKOGESRNA,4,4,1113
AE6ZACCQOGZIDDWM4TZPAEKUJRHA,1,1,2736
AE72A3F2N3PVD4CJM527Z4N6CN2A,4,4,14
AE73SQJO4UU5DT7JN6KY2LDG4MUQ,1,1,1722
AE74DYR3QUGVPZJ3P7RFWBGIX7XQ,32,32,52
AE75B5FZXGAK52RQY5XKLQTTK4HA,8,8,1383
AE76ZZSO47UTKCCUYBOGXKFB4R4A,2,2,2837
AE77VJ56TAIJ7X45CVYTUL6U7YKQ,1,1,2638
AE7BV6IMNPZ3F266H7PXMH3BZQNQ,545,545,25
AE7DXPRK4AXPP7WM3KFZQGLU6XNQ,1,1,4375
AE7I4XETWQMHZM7DW7QOZE4HCHKQ,2,2,1624
AE7IRGN5QWIIIPASDW4WG5LD7HNA,1,1,1923
AE7KBICSNXLU4UH24NY5SQ6RCPKQ,1,1,3200
AE7KKMDQFVFXWFU2Y2IWVTVLR7PA,1,1,1830
AE7LHVMYVJ37S2AVVQ4VQ3AQDNOA,1,1,2334
AE7NJNAHEAH2RHHWAAQ3UBSOT3IQ,1,1,2825
AE7PS5YGIOGEVUGCTWRNJFDSKZUA,1,1,3360
AE7RGRZE7GNOHIOPKEWBCW2RNBLA,1,1,2277
AE7RZT7S3LOTSS2RZSNZJ6CZ32UQ,1,1,2124
AE7SM7AAXKP5TUKS4SR5KQ4U3FLQ,1,1,135
AE7TEQNM7S2TTC7LTFZXCKMH5AAQ,8,8,2611
AE7TI6OY6NOCS74NRNKBS7V2RC2A,1,1,1462
AE7U5GXFMYFLQ7SRIULJYIQBFY6Q,1,1,1912
AE7UMLDVE2HU5TNHW4NG7U3DCTSQ,1,1,1799
AE7UWJJ7SYUMWXTVMWRCCAXNCV6Q,1,1,2541
AE7UXMR4DETCYCS42MLXPM4WYCFQ,1,1,2819
AE7W2UJVZSRJWTOBH4XLV6S5TYKA,1,1,6472
AE7XECVDXRFBVTC4GBDYQ32Y53XQ,1,1,669
AE7Y5RLYIKHOZB5NKKOEKYG2SPSQ,33,33,22
AE7ZDNPHYHOI7Q55LZSO6J3JAGYA,1,1,2489
AE7ZR5DNB5MPPJ3KNECRHSDEDPUQ,5,5,1064
AEA2AYPIP3RN2YZWRNFKKD6OGGBA,34,34,147
AEA2HUVJRPQIXXW7G67BDM6QKTQQ,1,1,2064
AEA2J63YMST3MYAXYVRE6RNKZPQA,1,1,3429
AEA4MGHSNHUY7VP2O7DMPT4QOONA,2,2,3046
AEA5CXVRQULWM6XGFQT2LJZ67D5A,3,3,2561
AEAAKJTQZFBCEF3SY6DP43GRASHA,2,2,83
AEAANRBX3MEOKWDZHJR57D4IKGJQ,1,1,3336
AEAF5IPJIWVMWHJK5NL3GVIATL4A,1,1,2357
AEAFMXFN5Y3QI6WQ6K5NBUCJALEA,3,3,92
AEAGCIMGDOZO4UE4KHV2Y4KGGIKA,2,2,2863
AEAJJTYNMR64RK4DY4YUWQKRHJVQ,1,1,2926
AEAKA6XDHEBKYWF5MI74RC77N4ZQ,1,1,3704
AEAKL4XCE2VWMJB3ONTWZMQZCV6Q,1,1,3062
AEAL7CCMGMGLZ7R4NHQ47R7RI2AA,1,1,3243
AEAPVXLCCZWRESQGTCYMMC7KCU2A,1,1,1523
AEAQZNKKZXYG6HRG2TTXEZUN3G6Q,1,1,452
AEASVRO6MDPXZIOTWH3SVNMYROOA,1,1,2277
AEAU4B3HGL46SP3ARQZZ3B7PDA4Q,10,10,591
AEAUZK2OLWXD75AWJOCCGGCL3H2A,7,7,961
AEAVLSCYOUN57UZXZ5WEWPIAG35Q,1,1,3920
AEAY77QOBMM2D3P5A7JBKW52OVMA,1,1,2191
AEAYAZZGR4AMIXCWZK2MZW437XRA,2,2,2845
AEAYCPAO7M75VC7U2FA2U6NQBZDA,14,14,409
AEAZOEPTNIR4ITRBHODX7UCKOWUQ,1,1,2994
AEB2HFFRD4CUYOW4OMUYH2JFX2GQ,1,1,564
AEB3R5XKQSVEXWOIMF2JC5BQE2HA,4,4,2280
AEB7QWAL6J4YHBCBKR5KYQ42IRFQ,3,3,572
AEBEBRMSAX44H4SVVGZK3NMATP3A,2,2,568
AEBEJ6DXXVSLCXD6NJ4XPVWRYDNA,3,3,62
AEBEMKCZEMUFCPGTHMPVILJ7Z5VA,3,3,65
AEBEVCYY3HASVJ2Z5Q2Q36TENT2A,56,56,10
AEBFBBNXOJIBL5SNXHXRSINM6IPA,1,1,194
AEBGDMORWULPCKAQGGLY254MN7OA,2,2,3166
AEBHD4YLKOL6LOF7ZAP7RHYKQAPQ,3,3,229
AEBIQICUNDRDP6YCUGOCC7GTIEPQ,2,2,2871
AEBISU5SIQN5HOFNMY4OQL6C4QJQ,1,1,3082
AEBJ4SUV5OQENDB2EPXUQKXEU6JA,2,2,2136
AEBL2OJWAOEG5JTZDT64ADPLSLBQ,7,7,2245
AEBLCHCESVOG4V4FFTT2F3QC2ZLQ,3,3,122
AEBNSOBHLXB4KZOBVYIOORKF7BZQ,1,1,3610
AEBNTHYV4OUJD3W7CHID55QAIOSQ,1,1,1722
AEBOX3VURJY6CTZCLHPYCTVADRNQ,1,1,2947
AEBPDUY4HIPRXZ4YH55XOB7M6Y2A,1,1,1937
AEBQ5WZ3O3H5UZQFB3WAOQ4KBYMA,1,1,697
AEBQTMAMKQWHOLTR4CYXKKZWXSMA,1,1,2258
AEBV7EWLGRTRRJCHN73RYFM6EOBA,18,18,26
AEBWL33GSNKG3JIUPBW4RPTVGYGA,2,2,5139
AEC2MJZGFAK2UNNWWV7NGXQWQZHQ,2,2,67
AEC3D75RF7TIGCQECDVTKQVIGEMA,1,1,51
AEC4USL3AGDC4UZXCGL6AYRUCBBQ,1,1,202
AEC5V34TPJOF63AW677YFLFL2O2A,3,3,605
AEC6MVPIPSLIVH7MQMW3U5XFND5A,12,12,858
AEC7G5VBKTZL7FDURSHPTCSH6SJQ,1,1,3209
AECABX3OO3GK7FCPZLFM3LT2E6UA,37,37,417
AECBGBU5TUVNJ2C7IXIN5UQBLITQ,1,1,2400
AECEKXENKICRDJMRX6JMACUJIBNA,1,1,3042
AECFKOHKOZQ6OKTH2L2H3O6UE5FA,3,3,2650
AECFNYM6K5MPHW6K4KLOO7LPFDHA,1,1,1160
AECFPQ7LHOHU467275YKR7SDG23A,2,2,148
AECGR42H24LUU7DA7HEUMCRLTX7Q,13,13,173
AECHB52QONJJCMFN35YBRV6AKRTQ,6,6,816
AECHLFVTT6FNIXXG7N7VUU4BNCIQ,2,2,635
AECHVBXH7FJUAZFS7XXIPZ5S622A,3,3,1580
AECIBNSEFCIDJ5TLCTF6EABM55PQ,1,1,1770
AECK3BJSJOAFSKAAUD4ILDFXZ7KQ,2,2,2406
AECKU4ZPHHQE3ZSFLDTO3ZGPFKMA,1,1,2737
AECMMWFRKTOFQM2KIG6Y5LU3IHEQ,1,1,2634
AECNLTI4ESYH4VD7PNNS5CGLTS2A,1,1,2831
AECOHBS2JG7YTB7SXWZAL6BK2GWA,1,1,2532
AECPDURQ2KMD5FB6JAHM5C4Z32HQ,2,2,987
AECPKV55FXHN7NT3FZ6TTNTVZ42Q,1,1,1212
AECPMAEJSYYD23UYKOADPPIEGVYA,2,2,308
AECPZQITGKJS4O5XYMI32OFAHCJA,1,1,749
AECQIFURJRHNZXBWSQCZEA6V3APQ,1,1,1919
AECQSU4MZ746KKZ27AJS2AHF2AUA,1,1,3042
AECRV4RVPWIOSQQ7AY2CJHYO7BLA,5,5,284
AECSPK7W2SUTAZD2GBBH4D4AMFBA,1,1,5622
AECU5G5N7OSZDTE2ETVULZINKHHA,1,1,955
AECWZS4GONIY6NEZWVRQCZUINO5Q,1,1,2895
AECXLOXE7CP2KTGNDWPTKSCSGZ2Q,8,8,1101
AECXUOGFS5P25OEF7JRJZXIRFCDA,2,2,3379
AECXUX4CMPAJGNENGFOHPYCRB3EA,3,3,5674
AECYKJV5EQZFJODBA3VGFJRZ5MEA,1,1,4681
AECYUS2KPJDGNS3SPUU6C6EBZX4Q,1,1,2605
AED5LMSGUCDU443LODXZ4EYGEMKQ,1,1,2327
AED5VKZVSF7PC3TOET3PKBA5J2JA,13,13,53
AEDB2WFGSUHI7BUWXNHS45KI6X2A,1,1,68
AEDCEYFL3Q6AR3LBBW6KUGLIUZSA,1,1,2388
AEDDULPRRWJ3YVRQJEN56ENGJUDQ,1,1,941
AEDFMGK4I5ZKJD7SMT2DXDMPIBSA,1,1,3690
AEDGL5YNO7RJM3ZELOCGW6V7LMCA,1,1,2629
AEDHXXX2F66EMWOSSPCQHS62UKNQ,38,38,1022
AEDJA3DZE2NRQHXEREBKMZKEXUPA,2,2,244
AEDJGRNGLDCSPDQ4JNQJ7CPOB7PA,1,1,528
AEDJVPROO4BDZVXAVXWZI5IVCZQQ,1,1,47
AEDJZTFJDNOW6JDLMBZNK2QBN3GQ,13,13,201
AEDKMXFNRORNCFUMIVSRCXZHQXQA,2,2,502
AEDMZZ6MWGGX4RVMRIMG27LSUDZQ,1,1,2397
AEDNNPW6JQ4H6NPMF2FYMIUZOTGQ,21,21,18
AEDO62TLAI4YOHUV2RBYMGKY2WRA,2,2,318
AEDPXS6OX5MDZWZ6UNW4W2TJBDMA,1,1,879
AEDQPYY76IMRKDA2HGWZ7STA6V2A,9,9,2219
AEDQTJTWAISEO6O7RWFEVJHZ3R5A,1,1,2103
AEDRFOIY6IFY7DWSPRRNGEFIFE2Q,29,29,293
AEDSHXCRSJ57WFVKHAVIS2ER2ADQ,1,1,1611
AEDTBVJFD2IDHXKKY7DZSNKYUQ7Q,3,3,1033
AEDTXOC3YW6O7P2UPM22VNNRF77A,4,4,6889
AEDTZCI4QCLKRFL5DA53JL47Z5UQ,3,3,703
AEDUD7Z3NL2HLDOSTMUTZACOABRQ,1,1,2956
AEDVPDZLOTFVVBIO5USWHEHM3EHA,1,1,4748
AEDWKL5XHI2IRVNK2RTBOU7X7C3Q,1,1,469
AEDWRRZADBQDUTW7HBIWH4QSMUPQ,4,4,942
AEDWYRQ2KCNDP32XD6QDGF6H6O5A,1,1,2336
AEE24FRNWQGT5GGFMFSDB7XXVGPA,1,1,1878
AEE2PYYDXJGV6ZO3YHZBBEMSUG4Q,4,4,1322
AEE3TDZND3EFQLDZE3NWYTHC44IA,1,1,1520
AEE4BXFE7TFTVFCF67SANXQOQBVA,26,26,12
AEE73ITH4FMRJH326B2F7E5QXAVQ,1,1,3480
AEE7HJ4ALXIF445HXTCSCNNI2UJQ,4,4,968
AEE7M6SSLM6MOAKW7X5KGVI3QVHQ,1,1,2862
AEEE65AUS66BL63NNQR354KQBHDA,2,2,3064
AEEEESRIF6WSCNK5IZGYC4JTEVRA,1,1,3124
AEEFMGZPLL5SFSPYSXWDJXFSRTKA,8,8,1872
AEEH3I477FCAF4ODVKVNU2BV7MCQ,1,1,2418
AEEJBFZKUBEEMBZUZJV4UHFVEEBQ,2,2,797
AEEM2QIBMUUXEAJIEQH2WT2KNZZA,3,3,257
AEEM5MOB37EQJMFH37Q5S3FTNDCA,3,3,3364
AEEOWWDWGCIOD4A76QBFBYWPAOWQ,1,1,1115
AEEPQNBGOQFIIR36NAUCIFL5F3MQ,11,11,79
AEERNRTIXU7UHRJNHJU5YLYFYKVA,1,1,583
AEF3JXPYJL5ILD6M2QONVD7FBTKA,4,4,1155
AEF4REQMG4I6Y2JLLKMQE4U2QYXQ,1,1,5997
AEF6BL2GCQFLEUYM6O4O37VYMX2A,2,2,1264
AEF73L7G43IKVL33U4FCOPM7D6VQ,12,12,158
AEFBZVDIVRDLTNPKEPKAOFR2QPRQ,2,2,2885
AEFCCVG7774SPHY5NVTYKXAM55UA,1,1,7605
AEFDUJP4ZD3QWM5PBUFB7CCKOUNA,1,1,1343
AEFEQA3KTVUYGB2YBVMK6DDPOYAA,1,1,1320
AEFEZIYEZG7XTSPDTFIUQXWMGEDQ,3,3,358
AEFFEFBOJH4AZHFUE6O3PRLMGGNQ,14,14,1176
AEFFENLWFV4VD4WTZNN25XD2TX6Q,2,2,1396
AEFHDB4HOJSHJ6YZF5NYIQULOUYA,1,1,3417
AEFHGLOYQK7M6C3H2VZIAEQLMDDQ,1,1,1618
AEFHQE7GHY2O23AJESRJ2NYVVPSQ,1,1,2839
AEFIZWO3P6NV4AFJDRGBNNUDXE3Q,2,2,351
AEFKF6R2GUSK2AWPSWRR4ZO36JVQ,54,54,303
AEFLH72MFY4GRTNI3KZXNE4IUB2Q,3,3,277
AEFLZ7L6TGJDCP4D4KYZSOXLSWVA,4,4,423
AEFNBEO2F23NURCMGEW2U7BIEAWA,1,1,3403
AEFNUVMRYZ3KJXQ2IBNNWCZHRZ7Q,1,1,216
AEFPR4MO6FE3KX4CMKTNWRRPVXNQ,1,1,5294
AEFPXQRXU3XJCFVSVPUQSKAKIIFA,1,1,2806
AEFQMLX72KCIFGZ634KPTI4H4UCQ,1,1,2057
AEFRDA6JMSWHDFWB3WKM3YKVUNIA,1,1,3167
AEFSYJ74RDBN7I4N5VCIXXYUBKHA,1,1,3182
AEFVBJSXZ77TPGBXVOFDC3R2HNTA,4,4,1505
AEFY3OUHLE6LD6FJZRQQTXUM3YKA,1,1,2458
AEG55OACXBGEO7R7QFKTQHFOW3HA,3,3,174
AEGA3SKGBQDJED7SUGKIIIKFN4LQ,1,1,1412
AEGAMGWOMGCWN3UZ3UEPXAHDLT7Q,1,1,1167
AEGB75NR3YIMYKZWHN7VCQTHMHSQ,2,2,1336
AEGFGSYN3POFMUCGBXGA37WYWW3Q,17,17,103
AEGHILC3CT4QCWZU4YID4KYLSPOA,1,1,171
AEGIKB526CGSEZKOOAGDOECZUDAA,1,1,4109
AEGIRIDDNTVLPDPOENITR7TGRIIQ,1,1,1922
AEGKGLKVBES5JY4PC67HV7NK4ZLQ,1,1,748
AEGMEALSBY7SRIOQAEOXK2IPD6WA,1,1,1314
AEGMGLTFMCWKYL6SXPMC7TDUOPDQ,1,1,2248
AEGP4K2EXLUNIH4AEK7MUE63SJLA,3,3,260
AEGQKT5UKTJWZNBNFWQLZRFCMFZQ,1,1,2282
AEGSGSUXR3LH6KQWOH22QWKRQ4XA,1,1,2648
AEGSJMUN6YF5UUOFDDMPNC5Q5BOQ,3,3,166
AEGT6GE3DDJZA62P64RUATRFKNAQ,1,1,2009
AEGVEWWGTQO3PK3JF5NYB7GSSSVQ,1,1,1132
AEGVUPMHKYGFVGSWSMAKCN6LLCOA,1,1,2327
AEGWB6TKO55D5VOFRRWVBFQXB4FQ,1,1,4557
AEGWBVF7PNFDBUXXHG2ILSDATSSQ,1,1,2982
AEGX3J5FCNGB53YHQNBNV6JVARRA,3,3,2219
AEGXA7TRC652QBKCF2TMLFD7TYZA,1,1,205
AEGYM5EJXATORBAA5GIYKNXLVPPQ,1,1,2280
AEGZCTBT5CHDBYAOUAVANB2O42BA,1,1,921
AEGZGTDZGAKIOGAFUQRYGAXQ53MQ,2,2,4255
AEH2X3QQ7TQJGF6EKISLBNVVNWQA,1,1,2430
AEH4YAKNQXUWPJT4D2UG3JEHN2NQ,1,1,990
AEH66QD7CSPM7ZVH7D7LRSA5HSNQ,51,51,122
AEH6IYENFKTLSVR6QHSNIJEBCQBA,1,1,760
AEH6NGAY2BZCGDYMOVQ7QPHRMSIQ,3,3,559
AEH7P323UG6THNH4C7POZIK4A72A,8,8,1954
AEHL4V6GSVO4O74IBGPPODTERIFA,1,1,4649
AEHMAK3OJBEB6X2O6THASYNGKHVQ,1,1,3018
AEHMQSTB6ESWFAT4AHROTV6M7VWA,1,1,2659
AEHNBWGO4HDWTBVNQQEZTJ37VRNA,2,2,23
AEHOUKDUSHPOEDHAISNAVI7ANZHA,3,3,649
AEHPFU2KC7ZNEU5FVCJQEQV5NZWQ,1,1,3866
AEHPS5NUGKYRMLCLDUJQQSBUHCPQ,1,1,2193
AEHQSZPKDWC2VNXIIRGUOIKH5PAA,6,6,124
AEHQZQG2S7HDP5BGTYWUCMV62WAQ,1,1,1107
AEHS6BRPUEQG6NVTBOX5YXPROY7A,2,2,2318
AEHSPDRMBKKRMORA3AJR74UOCW4Q,1,1,281
AEHUXAEM2PGGIF5RKDWUG5DQQXOQ,1,1,1733
AEHVSZ72XXI4SU6XUNXMJAXUYN6Q,2,2,2448
AEHWECNK65HS7NQNSESM632FEUJA,1,1,1279
AEHWOWAIPMPP2EN6C24JJQROQ5VQ,3,3,638
AEHWUHNTB5FX32HJ7UBOZ2WWUX3Q,62,62,82
AEHZXP35GBAQS4TD74JRUOFZI7SA,1,1,2457
AEHZZWYMY2FFELDYM2YRS7SUSWLA,1,1,2845
AEI36HGRFOQF7RDQH5FIH5RNVG6Q,2,2,1929
AEI3YFOJFBVAG54LKKVUHDTW64DA,1,1,1662
AEI4TPGU6XI3PQ2VLXGLNBDX7NTA,1,1,1806
AEI4YPQZG6TZOWHDFP7I22S4MQZQ,10,10,155
AEI63HS5MN6TIWXNZUMDQRDAMXTQ,1,1,2436
AEI6N63YVUXCUAELLNTKUVBJOAVA,1,1,849
AEI6TPJRSHLYHKRSIVD3OFIMAHAA,1,1,43
AEI77MIQDTGYTCQMY5HGCYLKWXEA,2,2,659
AEI7RTDKV7AILIRFSTO6ASJ5XWWA,1,1,1259
AEIA5Z6AZVK4X3O7K55CVIOMC46Q,1,1,216
AEIAFPI4OVACQ3FATZLIGP767SIA,2,2,2174
AEIARIRYK2JJ7YHELWXQUFHJSI4A,3,3,964
AEIBEZBGHEG54UXYFZYGPRUTBJVA,4,4,85
AEICZD35OTDYVWA2KPYWN4PDZ2SA,31,31,263
AEIDW75IESCBYRJYZIKNX4GNP4SA,1,1,936
AEIF7UX2DWY4ZIRO25IWJJ365LXA,2,2,1437
AEIGRGVLTJ7L2JUMK4Z3KIPYKAHA,2,2,356
AEIGX3ZZPJ5GS5RO4GZBHQ5Q74UQ,2,2,2840
AEIGY6NRAYI32OI7KCWPVBTOALOA,1,1,1383
AEIGYISHUVYNO26IKKNXZXFQB5EA,3,3,428
AEIH3AMKQZJ73QGAIUCQP3ETXQBA,1,1,3678
AEIHLBFJPJBTWEC3LJIH5KROMKIA,1,1,2494
AEIHN6JDLYL2QYCAOCBVEUPHU5EA,5,5,1643
AEIIADPXUMFT4KJEZQUOZVZ67S5Q,1,1,3518
AEILAYRBJMWGZQVLMC7DPKIUHONA,1,1,3083
AEILPIBTEKFOQMYZQIK4E4OCSPQQ,1,1,2891
AEIMJ5XEUIE4TKJLGSZYNNKB2WDQ,3,3,187
AEIMOPTX5EHGZ6QH63SV6JC4NFWA,2,2,2466
AEINWALDRYT4NTF3M5NC2WZ5YQNA,19,19,297
AEINY4XOINMMJCK5GZ3M6MMHBN6A,15,15,1191
AEIOIVFNO6QX7OYOJNPRKQEWMPGA,13,13,994
AEIOQSYE7AR5XVS3CO6TZ4QANEYQ,2,2,445
AEIPJBAN7A55Q5DFFPZSR2UV3OKA,61,61,1
AEIPNIBAH57OX4JUN7ALQ2KHOCSA,1,1,5143
AEIPXVWUORGDX3K3WFJQQ3CFLUOQ,13,13,976
AEIQLBQJ7NYHYTTAKDWNYDA2KPUA,1,1,2412
AEIQOTBKJLPPRN5B5N5L2KYETMUQ,1,1,717
AEITH2MBDGMCSAZSBNAYOEBOJXFA,16,16,1139
AEIUTZ7WEUAE4PXZWRQ36A3WXTUQ,3,3,3145
AEIVH65KEDKZYV3X7DYNMLV3JMWQ,9,9,217
AEIWUHIAO3RVQNHZDBKS23RPPITA,1,1,2717
AEIXGM25ZUYR34ZF7MZHFM4X235A,6,6,1000
AEIXZKAPMY7JHPXOSOKOGUIWB3FA,1,1,1802
AEIY2WXJWZJSCUMR7S4F3AALGPEQ,16,16,887
AEJ25XDPPY4TYXUWSWH7PPDDXLTQ,1,1,3054
AEJ2JQSEPTDNRU6TKQYZOUS6Y6PQ,1,1,861
AEJ2WQIK4TFJG27TFJGMKIVLG5RA,9,9,530
AEJ3ZPLHBSZNN3HI7PXQ4DPB2GHA,1,1,188
AEJ563ZCQKBBRT7GNADPR2TLHQVA,1,1,395
AEJ5NE6A3HGBRNPPEBB4HTRD4I4A,1,1,1447
AEJ6TOA4Y75KHGGRCTF5LENP7BCQ,2,2,4095
AEJ7MGTSJ6ICFUTZIAMMCNLF7USA,1,1,2611
AEJ7YMLHCINPAGLKM5AS45NZW7SQ,17,17,41
AEJB7HLH4CO5HXANXOW77PCK7ZLQ,7,7,1434
AEJCASB623TCR2SO7XWSO2QONVDQ,1,1,1924
AEJCZMZPJOCWGDGWWU4B7H6T3JLA,1,1,2168
AEJD6NWO3U6S7EK67S2WFRWAZNFQ,2,2,2461
AEJDETWITK2KGACH7FUBMY33PPSQ,19,19,20
AEJEC5WS5UPWGWFR632NMKWPC4JQ,3,3,2189
AEJELM2NWMU4Q7UR3LGXNRNEJNJA,1,1,155
AEJFVYFSNMS3W2E6CXIOUYBQMXHQ,1,1,2347
AEJHWKSFUXVUJDKTVYRAYJSQY56A,2,2,1167
AEJJBO3HBAJW2PSPBFG7I55U5P2Q,6,6,2626
AEJJLKAKGDDUIFKEQ2IMVUNFAOFQ,1,1,2262
AEJMHUQU7JTHFVITVQZHM4J7ZLMQ,1,1,2734
AEJMZY5P5J2IHCQYUPLG65SXEIWQ,1,1,2213
AEJNMJ7NA4XNRSTTEJ52FJFETOZQ,1,1,345
AEJOF7IWCXUQQJGQ6VZGRDX3HGKA,1,1,3061
AEJOR7ZML2STBFQCQK67IT6V3TJQ,1,1,2729
AEJP7A3GXD5XEWGVBCVLTXDYQ7TA,1,1,3552
AEJSXWZSXH5DHNIYBMRZT5GNNQBQ,7,7,1114
AEJU5Q7MZJAN6ZIX654NO5MRRZGA,1,1,3752
AEJUHOQNHKVHS5AZHFGBBVTL5ZWQ,2,2,173
AEJWQQYYOFNDGPKXLXJPNBTQLCAA,6,6,967
AEJWRL3HXNGAG3AUIUHJJAEKHLVQ,4,4,2247
AEJYA5LGNF4GHHMJN3ETNHVQVYCQ,1,1,645
AEJYNAKWXNLK4SJ4ONNNWSKR5ZEA,1,1,3214
AEJYSBLZXMZDV5MQTEVVDPNO3E3Q,1,1,3405
AEK27DQ54G7PIWW627UHT72TFX4A,2,2,3697
AEK2YVDVWRTYRJON43H3LAHXEKWA,1,1,2447
AEK2YXIWF6TTZJERHSQ763RSDH4Q,1,1,259
AEK3U3CM7AC6GQNNIHXYCSMRR27Q,1,1,842
AEK47COZQC6JRI5BZ3JHMU5YAYHQ,1,1,3437
AEK5WJEU2LSII2N5GJUTZVA3IVLQ,1,1,1186
AEK5YA5R765XMSVNPKNNHKVEWQZA,1,1,2154
AEK7FJP2TQNK77ZX6LJQ6IBPWHWA,1,1,1439
AEKAQ5SHLEIE44SA3WXLLKD4RJVA,14,14,343
AEKBJYBZJEJPZUWDV7T6XXGP5NBA,4,4,292
AEKCPCESH56P72UAR4LSGD4SI3HQ,1,1,3983
AEKDBTFNYMXQ5RICBETO7ITBA5MQ,1,1,3249
AEKDF2ANHCJWJQSPSMPV5TNTNZJA,2,2,548
AEKDJKA3HG4AFRUGCJJWRVY36GAA,1,1,1355
AEKEN3WITS4ZEJ7ZIISGJDZYJB3Q,1,1,0
AEKFUKXNCDKDUBBXXIJT7AB5PSXQ,1,1,2125
AEKG47U2ZSDWCBQWO2CYJJOHGEBQ,1,1,2390
AEKGBJHGLLCKCRL3KMFZ4JUKVNSQ,1,1,2762
AEKGKIVFGW2WZYIO5SIHE3FGMSEQ,1,1,2491
AEKGR2L7VVF3FBTVTSXAVOLLO7LQ,1,1,2742
AEKGSFZEDDBFIM47F4U4L4Z5BIUQ,1,1,2895
AEKGZEMCO4GRDHPCCXYMNBG3UEGA,4,4,133
AEKHXAWYHXDKLBNGSOQZTDTAZ4OQ,2,2,287
AEKKEUY422QHRJH7EAPZ2M7SONNQ,1,1,564
AEKL7JVPBMNHJYRFJYM6TSXJJ77Q,2,2,2204
AEKLOBM6NGXTGN2E7GIC6RHPIBNQ,1,1,2505
AEKLS7IGU7RQ4PDKDFT2SLRSK6YA,1,1,423
AEKLWIFD6GVHWJKIC4QDCDYRNYKQ,2,2,1422
AEKN6BLZOYHOCQOCJIK2EUYSDBXA,1,1,1389
AEKNJE46MRYTOXI6NMJTY3OCS43A,1,1,2685
AEKOQRDUY64SGH4PONBFTSIM2I2Q,1,1,2503
AEKQYZ6FHKPNGUAVBVUMVRZJH2JA,1,1,842
AEKRTKDK3T3RUS66YXKIPW5XMPCQ,1,1,3483
AEKT3R36QZ4BVGFLSWHSB7VNJGRQ,1,1,3229
AEKT7BTLG356MDAHI2QHQPZZKAZQ,1,1,1791
AEKTMB3EI77WTGE23SJRDV7MQPUA,1,1,1350
AEKVB56HCCWJMD24WXYMJDG5CKZA,1,1,689
AEKWGLTUB5NYQ5X3EI3R2M5ZKWEQ,3,3,1393
AEKX4SZQMLFZZ7YX5YY425HHMQAA,2,2,292
AEL3JIGFXVZSGUMPAQBDOSYGM53Q,1,1,3921
AEL4RCCCIRLR6L4IBVKUQMVWBATA,1,1,3633
AEL5MWPGIVMXPKWB7RKI37PL6ZXA,1,1,5222
AEL5ZHI6X5STOL3Y6PCQRSSTIWRQ,1,1,978
AEL6BJ6WFY7ZDVQBIIOWKAOT7ZGQ,1,1,4110
AEL6G2RK5DWBONL46YSG257T2SQA,1,1,2940
AEL7P6CZWQRH26D2XY3SIEG4H2DA,1,1,3352
AELA4HJK4R6EBP3P32E2IH5XNLGA,1,1,1560
AELBBIEI6TFZEEF2ARN2ZXEVOWAQ,1,1,2804
AELBMRGOWMO3ILFOGCB3KFGMBHZA,1,1,1214
AELBSRCMSCXXJFYAE3NK6D4DAVTA,1,1,863
AELCJLJAOMS3DFYF6KUXMXJBXARA,1,1,3725
AELCODZ4LJ2IVLIZ536A55CYUEPQ,6,6,574
AELDTVIUFQUUTOBFR6KNR5V3F57A,1,1,372
AELG4BR3AGXJUUZRQGTPCJCHVZ5A,1,1,362
AELGD7MYYE65AVEHRMDPYUVTUIQQ,5,5,1830
AELHB5QYXVSXZM263JIARJBWPOSA,3,3,2256
AELHWVFUH26OV2DGOMEADND2IEUA,4,4,860
AELIV6UHVC6Z6VA4MIZ464WUHDPA,8,8,356
AELMGVQANXHWWVB3KQKXHPETGZDQ,1,1,2963
AELMYCSQ2CHQEOMSPY4WCL64KIUQ,1,1,3155
AELOFMVKR6FE7OOQGDPYGIFF6KVQ,1,1,3262
AELOGPIDWSAQVPDOOQJR3BX7T5MQ,5,5,849
AELOI2MDT23DHWTZUFJ6ZKJJHOAQ,10,10,1659
AELR73N6JFQCFA77VU3S5LQAKBXQ,15,15,624
AELSXWOFXQ5JYTGGX5XBZS3KTWQQ,1,1,7986
AELYUCBC7BFTB6MQJ4Z2MTIMRZ2A,2,2,734
AELZEXEKAVZGQERR2H2RXFBA452A,3,3,2583
AEM3IZY6EBPPHI63UNPVDH54FLDA,1,1,2659
AEM46TADAWFNNA4UEMATKVKGVQ7A,1,1,2255
AEM54G6GVSBCFVMEWUKELLDH6CEQ,1,1,1830
AEM5YPNWRFZMTISA7MNO5Q55CERQ,1,1,3138
AEM663T6XHZFWLODF4US2RCOCUSA,1,1,1962
AEMBLBM4BUPI7ZRLS4JONNLCDBQA,2,2,2165
AEMBRCDXXEFJ5IZSHFWQV4RRQCJA,1,1,3055
AEMBTVYDSPZ4LQS22ANCAVBY772A,2,2,233
AEMBYOFMQMIYUDXVZOV2OSFIWUWQ,1,1,887
AEMC6O7HQTSBW3WGYDN7KX7MLE2A,2,2,1885
AEMCYZWCUZOHOYR4ODTFB35LYDPA,2,2,1388
AEMDYF5S74SVPHNIJGBO6BHTA23A,8,8,56
AEMGTZNYC4EPWJRN2YWOBIN3ZRJA,1,1,1668
AEMGWSVRXINE7EIOBDBM6TVBDPFQ,8,8,1598
AEMGXCMI4SNFUJ542KHGLU4W3E4A,1,1,2856
AEMHSPGW765HCDTGPKO7JK2IWKEA,2,2,993
AEMI74JHKARVZR5F3DVAK4FMANXQ,1,1,944
AEMJ2EG5ODOCYUTI54NBXZHDJGSQ,45,45,1
AEMKSDVDHPPZRWI4U2OV3ISVSVJA,1,1,5636
AEMKUTWY33ROXY7ODQ3JC32R7I4A,1,1,3202
AEMLEQKRYNQ5WGZVLBFI7NUSPKLQ,1,1,1530
AEMLZRIZSXAA6OUNUQRZK6YMKCXA,1,1,2760
AEMN7LYBYUGLTNVCXOBAFSHLYJ6A,1,1,6199
AEMNNMYROYAZGBLYYXNCEAE6D7YQ,7,7,646
AEMO2MND4W7ATBJPH7QVVGZSLF3A,1,1,2719
AEMO4BFY2UXCQE4XOFORK5EFFCDA,8,8,259
AEMO7L57SNDF7ALZ2AYW3YQQ62LQ,1,1,3003
AEMOJU24QUZDDSMGSQPVTZGELLUQ,2,2,365
AEMRWPVGLAWBX2K64R47OESVJL4A,3,3,2836
AEMURA7H55NBGF6TS2A2JP5XIIBQ,1,1,1518
AEMVF46YD6PBUBKQMH6LIXLUPC4Q,1,1,3297
AEMVVAU5ROKJK76IOHQKHEWRFLRA,1,1,69
AEMW2ADCJBXXCQLXQVM3RJEK53TQ,3,3,755
AEMWM6PRIMFDQLIQIPQTGXUAVDYQ,1,1,1567
AEMYDA6DVBKCCE7ZO2ARRFGKG3LQ,28,28,443
AEN2NKUOAXGNLLT6DCQDQ2LK7M6Q,1,1,187
AEN2ZU26WIC33EXP6LTYOWMV36XQ,1,1,822
AEN347VH7E6PQILYQICAWBLET7BQ,2,2,99
AEN4ENZO56M34IPYVZDALB3BDRVQ,1,1,3169
AEN5SOV5AOJA37JVTCEC2U7DBSFA,1,1,5136
AEN6RD6RV56QE7T2LN7HEC6W3RZA,2,2,2726
AEN6TFIVX635GNHMXJNMJOA56JWA,6,6,1326
AEN7KAKQJGIQCNK6NMVWH2WZ3YXQ,10,10,9
AENAC6DVZYNNTEGCPUA542BD46VA,8,8,30
AENBKROLUUF2CQET33UHMCS75ULQ,1,1,1989
AENDQ4AHOGXOBTTJMOW73BUESQKA,6,6,304
AENEBXXF56E6G5VTCYCX74RF5OFA,1,1,3651
AENER6DRMZOCWDSLKUOMSERR6KIQ,5,5,2028
AENFLRI7UI4SFEAZIK57T45ZUGGA,1,1,3288
AENGLXININGSHWOPGTFF2V32DBOA,1,1,2650
AENH6LSB6BM7XLPEYUL43WBOD6JA,2,2,245
AENKWFYARCOIWS4FWYTLSGRIALTQ,1,1,223
AENM76XREURDLTOHQSEK4HJW3XIQ,1,1,2508
AENMGVERXZSSSV4CPJ5LPPFK6E5A,1,1,1968
AENMO75Q2V7HE4HSHYI6GOX5FYIQ,1,1,2093
AENN7QGN7VH44UH46NYGL3A4FBAA,1,1,1414
AENNF2GOEVFBJL2TF3UU7HBIDLYA,1,1,1973
AENNMXDZSUEUPEWSQU57GNOQD6JQ,1,1,425
AENNSJ75CWK5NXVCA4YDZAEJ4KDQ,1,1,1503
AENNUXRFLXQGXSYMV5VGZK4ADQBQ,1,1,2819
AENNUY257PRSZMPQ5U5PFR642FDQ,2,2,2281
AENNZB2HHZZNEPKR6JADV2W4JDYQ,1,1,53
AENOQPZF7HQERNM3TNR2UQUE7RBA,3,3,84
AENR7RAJSAIV6E2UE6AZ7BUEIOIQ,8,8,207
AENTOWUFPL7HSMR7M4S25M7MGDKA,1,1,1513
AENUZAD3DEKU6K4LHFZFO2FUHKPQ,1,1,384
AENWOKSUWWPH7FNTRNP6GPGTHRUA,1,1,1130
AENZ2NOJLCFRRF2APF4FEQONPX7A,1,1,1838
AEO2LKPHWJWGEG6PMBOHLIGVYHTQ,1,1,1105
AEO3UFEOS3ELXMXWPA5CJ34VQ7TQ,1,1,3729
AEO4KXMHSMAMTAU6G6XOCNIA3AHQ,1,1,2364
AEO4M665ZOCBF7HEFRMTUDHLSB5Q,8,8,531
AEO66DLCCH677RV6KMUKV7SOGBXA,1,1,2105
AEO6GWHO32QJAT6NAQHMFPZJRNOA,1,1,1866
AEOCSHVOBSGQAN5MBKGPRRHF2OSQ,1,1,1176
AEOECNMSAGYK5BKPILPV7JF6ELMA,1,1,3360
AEOERTQHGU5NNS25RWMR6PAPEBOA,1,1,3070
AEOHRV5ZJJZOCSACAJDNNHQJAG7Q,1,1,1905
AEOJW2RQVGB5EOJPZMNPUXNZYOTQ,5,5,48
AEOKAIB6OJVB5FRZGLEB3YAK5UBQ,42,42,1368
AEOMWX3OCV445UHGZUW6YUL6EGEA,1,1,5035
AEONA76PFRHESS2JG3KEUFQIGHGA,1,1,2297
AEOPD6K7XR4LR6IVYBYIBOCFQI4Q,1,1,360
AEOQCCO6VCZLGDP66T2WSVMAG4QQ,1,1,935
AEOQGP4XYSEKPXXBWAN4GWAPUO4Q,1,1,788
AEORGMGHWN54RIMZLFOJF7NIE23Q,1,1,4731
AEOUWZLTZ46NIML4CGUBAEOTJEMA,1,1,1765
AEOXILLGVJGHDIRN75QMVMXWZWSA,1,1,3264
AEOYNV3GTKOZ2YOEY4QEKIAEZEZA,3,3,561
AEOZUI2OJG5FNAK67ZGB6PEKUO3A,1,1,2823
AEP3HQNDKDNNYBPRU5UOQCQ4QZQQ,1,1,2931
AEP3UEDMIAMT3KURUPPVH44WE6HQ,1,1,4605
AEP4R64Y44ZTA3SPZYCNNOCH6JNQ,1,1,1851
AEPAPEQTAFWBI3V5XIIHZLG4YZEQ,1,1,1383
AEPBFOLHNAJQJAZOMSUMVFKPZXFQ,1,1,665
AEPBPLR5CSYFRIOUNBRIRGSTZSZQ,1,1,1839
AEPCTFKFPQNUAWT5NTHIZHOVKPUA,1,1,2702
AEPDM7BEUMUY2RHLZHECUVTLAKPQ,1,1,2804
AEPGZ4L7TDTJUSGYAVTFQRTUGFWA,1,1,3689
AEPH725HSN3J3XTQMR5USFJR74PQ,1,1,137
AEPHFCPWYQEHT6ZV6MRF3UT6YKEQ,1,1,4546
AEPHG6BIOTPEASU3KQ7UKWSBNCOA,1,1,3936
AEPL43B572OV2OMCFW23PFTF2E7Q,1,1,1534
AEPO2ZRKXR53CRBJHKMI6RVAPXWA,1,1,708
AEPP2ZFFGRRA4W73GDAKPICS5HAQ,1,1,4063
AEPQSFDPLHZQ6Y5XB7IUBW4DY5YA,2,2,758
AEPQTXBSBL67WDDY4J44HO2PCIFA,1,1,1303
AEPQUIWJI7FYDURUJIDWLMPBU2KA,8,8,710
AEPRO2RRDO5QIZXK35CXB43XJM2Q,1,1,2135
AEPRQP77VF2CEG2GISP567CWNEPA,1,1,3112
AEPRUR2J4MHMKHJPXXRZDU66A5CA,2,2,2168
AEPS6CVNYIAOE54ZDTQLFJ7TTSEQ,1,1,560
AEPTHE6UGTAHFEQTVNIB4K7H272Q,1,1,2126
AEPU6UPCLD4MSHTP3SXZQ3R4MXYQ,1,1,2612
AEPVN4QKBMMXPBVQYXUDLS3M6ZYQ,1,1,894
AEPVNHVV7CG3KSQWCW43ASSGW2PA,1,1,2599
AEPY3WJN3G2XOBDIUN3RXMU7YXAA,2,2,502
AEPYX5BW4FDTZPLRRGXM2KOHPAQQ,2,2,2858
AEPZ7GYOS7L4L2T67CXR6T6P64RQ,1,1,1746
AEQ2MLIXSRKW5DVQ4B2G3ST27DAA,1,1,2819
AEQ4BRZQAEE7UKKOPVTM2EQVGV3A,1,1,3410
AEQ4LANJMSQGTMUOCK6H42SRNPGQ,1,1,2664
AEQ6X45FYCIHEZBXIIIJMS4S6C2A,3,3,27
AEQ7Y56NEUZTFG2QJYQ4T32EIUZA,2,2,110
AEQAYV7RXZEBXMQIQPL6KCT2CFWQ,56,56,142
AEQCFGIHGV5CPWNF7RZZLKEQ572A,2,2,509
AEQCFZTQ4NIZFCZRBTLB55AHLACQ,1,1,2756
AEQCJX2WHAMEAIUTID22OBLH6G5Q,1,1,4160
AEQEME4JTVW57QPP7ULNLFKLVSCQ,1,1,853
AEQEQ4OIJUSS7YXOJCN4RPRRVGJQ,1,1,1077
AEQF24SNIMWRGBIG5EBCKDLMTFAA,4,4,281
AEQFQDC2GL6C62Y5WNZFLB44GIBA,1,1,1994
AEQIRXUWJHFKOJBFGQB2G7HK6JKA,3,3,2155
AEQJLZPGPJEI4LG654IOMEU6RODQ,1,1,1816
AEQJWBLCQHL6YZ5SKAAB3ZPPSC2A,1,1,483
AEQLRIQLBPN4UUHV3L5FDRZOAL2A,6,6,94
AEQM7WKSLHAVNDHE4F4OFQIW5GWA,2,2,1554
AEQP7BO3DYS6ET6ANKREYSJFAHSA,1,1,2552
AEQPHAPE7DLD5HI67M5KN2K6GZIQ,1,1,734
AEQPUFAW5OWSGOHVW53WT3STY5SQ,12,12,253
AEQVD3N4Y2BP7N6VD4QIWQJIJXRA,1,1,1783
AEQX7KS7WYSI3Q6E7OF3ZPIYSKQA,1,1,4945
AEQZ2MBKWOY5KG2BOF4GVWZL65WQ,1,1,447
AER2M7E2IHDHZDVVXCFXTYKJ6EXQ,15,15,1164
AER3KQQTR7T3N6ZIOUMB4VDALL2Q,15,15,369
AER4C2C6NBH2W6JACHHDS4EGAFAA,4,4,2402
AER5A2LR25ZV3SYFCYUWBRGRKBBA,59,59,8
AER6FMQQPAXBQN7MRPWJSH3IKAWA,1,1,3050
AER6WLSJPBPNOZIQWVHQBVOKTNCA,39,39,202
AER7BPYAMW5CAICYIJX7QW64MBIA,1,1,1081
AERAK7NMCVO6RNEEXGBSITUOXPAQ,1,1,2067
AERAMOJVE43CA4TA5COS7GOTXFOA,1,1,867
AERBX24JFGXDLPS2O2JUPQW3EHEQ,6,6,149
AERCFK4MLSG4U3XJBVXISRW27ZGA,1,1,4335
AERD2GHAB5VZHTHUVMVAYUHL4CYA,2,2,292
AERDSTNOGEQQJVIVUULMJXOSSWCA,1,1,103
AERGOXGAFZ2J3ZMHXVLZQGTW36RA,3,3,335
AERHC7DGSTOBV6Z6GWJJCGYDB3QA,1,1,1835
AERHPPIK62QZ2WLBXQDATA775LKA,1,1,2878
AERMLEK75FYAZRMHP2IELWBJD2UA,1,1,1173
AERN3R5YG2K22AGW5GEXSMWICSLA,1,1,389
AERNPVMAGTL5TK2LJFARUOZETCZQ,1,1,2881
AEROUZQIIFX4V4BR6FHMUCLE2SMQ,2,2,2506
AERPYYVVXK5PZ4KBKBAUIFH375HQ,1,1,354
AERRX357RLQ6SAUBH6HDYNGTXZ4A,1,1,1197
AERRZUBMFD5GSNICJIKLDACDJCCQ,2,2,70
AERT65EGRHVCQH3E7GOAQDG4CGYQ,1,1,799
AERUAJORC4WC77TABTHVNVQDZF2Q,4,4,544
AERUU6APCTYBYVQTUM7KFYYK2DVQ,1,1,4060
AERVTQ63VWSKM3NWNNCJBDKJ4CIA,15,15,219
AERWPVBR2XAG6OYAQQZED27RIJTQ,1,1,936
AERX7K5IE767MVLOYBUNPUXDTGJQ,4,4,101
AERXCDD4DA2UKX3BY6DSVBBX6V2Q,2,2,1628
AERYH6N7BC5I5SO76JW5F3Z4ZUMQ,2,2,457
AERZA4XOSVV3A57EITRVHA3QEFOQ,1,1,515
AERZPTDNRBKDITZ56ODSWA2NQGKA,1,1,5581
AES2RYKHJ36PKR5GOC5KC4HNAK2Q,1,1,1263
AES3WXFEHZOAJRVULMXGVURKAEEQ,1,1,2688
AES4I2XF2XCF5RRBJE6OCOYTUKZQ,3,3,479
AES64NEMPYRENBT6PGCOYYBVDSWQ,13,13,697
AES7KKTN2JRDCH5T4H3O5HU7XZZQ,3,3,582
AESAZQADEUDNDYAMHMVTYBMGBGHQ,2,2,1556
AESC7XAD6PECYCGLVZCYYCEIPTNA,1,1,1429
AESCUPVGN7EIB2ODWG7YHC3F4GOA,1,1,4847
AESERUGYR2M57OR2BC2QD7SUEC2A,2,2,229
AESGFM6QX7BVONUAG4BPGCORYOIQ,8,8,2314
AESGKFNIDELMTPT7OLS67JA545JA,3,3,869
AESGLNOOG6D77X3KYOZA3XBBEEHA,1,1,2393
AESGMCRKQKHIAIJUL72FWQYVS6MA,8,8,377
AESGVJFKCAZCKC35T4PYR2KUDIEA,1,1,4913
AESIMJE5ARHEBL6DLLD3YO2TJENQ,1,1,847
AESLW4D6JMNJLHVORHC3FEQWUIIQ,1,1,2516
AESM7H2WPJU7T6USXGW6TLW4U72A,1,1,6177
AESNIXKR5AZGQO55AJ2P4DRLENZA,2,2,874
AESQ5EF2IGIZFNSZR7TL5XD622FQ,2,2,2781
AESQJGCWMZKMPCJGGZQRQ624UXIQ,1,1,1931
AESREGQZJVO32YUHFVF33FEP6J3A,1,1,1935
AESRHEAHGJCUURFTMWQJWTWBMKQA,1,1,3169
AESSGWIRRSBE6RXL2QZ3BW2RP3KA,1,1,3788
AESSR6R65G5PXULCO3634YUI7VKA,2,2,472
AESTJ7FX2ZR44NVS25DTXH27YAHA,4,4,28
AESVCDVRKAJHKVMWADOBNFV45XKQ,1,1,756
AESYBKHI3FNKSUPGDPVNBGKL2IMQ,1,1,2954
AESZ37LZCXVJII6VORTZDAUTXUEA,1,1,996
AESZLPIVHB4D3JWQ5PZVGMJGD2GQ,1,1,4071
AET24VX4XLW3GZ2XNFXZNPTE2AVA,7,7,381
AET3VOB7PYHAKDAPEDTFGPSEE6QQ,2,2,1557
AET5623EGQ5SJ7LS7GPMXFPOADBA,1,1,246
AET56IV77HA4T4A3IGJ2UJFK4ENQ,1,1,2769
AET57BUSN4ZB4RFJIBOPKMQTVPHQ,2,2,590
AET5VFNIYKIHIPO3ZALZSLXX3KOQ,3,3,665
AET76WSAMU5NAFN6XTEBGJGDXD3A,1,1,2453
AETA5FGE644L56YYDZI45UHV3HNA,1,1,1965
AETBPZFRDC4MLEZ3MZZRTAKJXAFQ,1,1,2631
AETD26IRVCQW6FYJYIIB7HYFPA6Q,8,8,2333
AETE7Y3DZT6BLMWA6U27ADJDZ4LA,24,24,787
AETGCWXC47MSMK6B2TLZ44KCFJZQ,25,25,216
AETGRH24MKFUFZ2KKTC2ZFYVYE5Q,7,7,68
AETJOO7JKNG4ZPWJBY2UPIXBAQJA,2,2,790
AETKGYHX3LTQ5NJP5ZHC2VEONLAA,1,1,3694
AETKN3MZIEUDXAKTWEYZ4YCDYW3Q,1,1,830
AETMFCIZ4NBF4VJJMIKJPVNEXXYQ,1,1,263
AETOO3PKEEFCNIM6LR7VDVT2W4CA,6,6,2286
AETPQ2FRFR3NWEQLI6R4T2S27GVQ,1,1,3402
AETSZB5TEXJPDKB6PO2XBWO4V2EQ,4,4,12
AETTCFAWESCXBEOYTQNHVGW4A6JA,1,1,1706
AETU3GFAQ7JU6KZOARTZYFVMMQ5A,1,1,1258
AETXMYPV6KHWTNVRXNXFYQN2TZNA,17,17,28
AETXPQBVAVFVGEVJBOGJ2WPIVJAQ,1,1,3587
AETYVC5S7SOJMIM3HICSMEY4N67A,2,2,1212
AETZSY2WAD5IHKPAEIRRQ3AYOHFQ,1,1,7702
AEU26I734MOKVBFQIKMR2AC7XB6A,1,1,3723
AEU3FF2QN5LHF3JELYPUCFFZNP7A,1,1,4007
AEU4U6P7L7IJYC5HW2RFDM2K54NQ,1,1,1182
AEU5VGZYHYK4ND5A7CHD4RBQX5OQ,1,1,738
AEU7QWGISMUTVOOPSZRJGH6MVZ6Q,1,1,3920
AEUAL3EJKUSTNB4YY6STLYGTJALA,47,47,97
AEUAQ6BAUEBP2C754LR3ILYHP54Q,2,2,1226
AEUCONXA2N4QTYH25XZFFVAZFXSQ,1,1,2564
AEUCXHKBAQI3F6PQGDS5QETOJTPQ,1,1,7608
AEUEMBHLPF52WH7FXSYMGAZ2FABQ,1,1,1760
AEUH4DWOJRDMRQC2ISMEG6NVG24A,1,1,3481
AEUH4EH6XHROLT7UZPUYU2YKTYMA,7,7,464
AEUHIBDCWBWUHPWU4LEYAH57KWNA,12,12,324
AEUIPEVPJEVGFNGDZS25X4S7JBEA,1,1,1778
AEUIU35OMHWETDS3ORA6WZW4LGAQ,1,1,1298
AEUJVUO66NKVOXCLJPMXE5G7BUJQ,1,1,1248
AEULCQHII5CZXLJJTBK7F6PF5ZPQ,1,1,2825
AEUMYP5IWSQCLQRIAUKTWR2LZRSA,1,1,687
AEUMZOI67H3CCFCPSV6PC2R6UHAA,1,1,2185
AEUNVLFLSRGHAXUDD3PD76NINWKQ,9,9,630
AEUODTGDMPZUHTBPDYPUUNO6E5VQ,1,1,2521
AEUPVXPOUGHV5RVR2C762ZMGNYKQ,1,1,164
AEURX7VHDSBJDSNHCQNZ5JV7IFMQ,1,1,2322
AEUS37QBTO5XSXXOJCQQGSQJC3DQ,1,1,2729
AEUSDGHFKZK6IA5NPQP4QGNT4IFQ,2,2,1672
AEUSR3CBHDM4TNQTI23CBTJKSZPA,1,1,1348
AEUSRLMATLQOLKQ42KFQYH2RDPKA,2,2,2555
AEUSTMRNQKLA77F6ME5Q22RGGDAQ,1,1,1966
AEUTFVCWAKVADU4IQKDDJ4S3ESUA,1,1,2576
AEUTQ4IEVVJZTRCDZWFK2AB43M2A,1,1,2792
AEUWC4ABR4KED5FQZMSUEFHCWSTQ,1,1,1736
AEUZHPIGXLWEQ7HW5LRYEPD3QYCQ,13,13,1509
AEUZZ2Q6GSSWIV2X5GQTOI2XUJXA,1,1,2489
AEV2EMK63UIQPEHE7V3HZXDMGW4Q,1,1,3748
AEV3ET6G66A4KXXAVUBODT3WYGJQ,1,1,7912
AEV4DP5E3FJH6FHDLXUYQTDEQYCQ,3,3,405
AEV4RH2G2NALLCELW4AS6XKJQWWQ,1,1,2470
AEV5KODCW6P7ZXF66HHVTFHQ2Q7Q,1,1,828
AEV5QK5B6EOXF6DEG7V36PKN2VAQ,1,1,77
AEV5WMIHDLDER6LUWKR35CUNYC2A,2,2,268
AEV6OD7S35KD5XSLNLRTGMVYCZPQ,2,2,1475
AEV6OL4GLSYMDNUHS4Y4DNVFDRHQ,16,16,357
AEV7BC7YTPXOYTUL5PGWWHHRURAQ,1,1,2326
AEVAHTHGA4EH7AUBQ3QSGWOH6JHA,1,1,1463
AEVAKY2EMVGE4P6PXYBBAM5E5MUQ,4,4,570
AEVEA4Y4PRMWUBTOKWWDDP64YKJA,1,1,1727
AEVIQZAAXKLCHSXFFZVGIFYRPLOA,1,1,3731
AEVJOCON4D6LS7ECPHMMPPIKWZSA,1,1,2578
AEVKKM4BJF266I6R5DJDNKHMSXZQ,2,2,2270
AEVM64MVDOSEAVNMVLS7YIGL4YVA,1,1,1657
AEVMDZ4AKB3DQM2EWRTHJIGNDFWA,6,6,1345
AEVMPQORMKIMWMBQJRKJJVXI3FIA,2,2,6428
AEVNDAFXEWRC47FAVNUTMEZJBD6A,1,1,1013
AEVNOPF5IML6LU66W2BVPS7RJ6GA,1,1,3344
AEVODCD523UXLDVYZL4C7H3O45DA,1,1,1285
AEVPOT2DT56DGKUPPPE6XD3QZFFQ,1,1,3445
AEVPPTMG43C6GWSR7I2UGRQN7WFQ,40,40,43
AEVQ3KP55X4XECXWMHN6DHIDBYFQ,53,53,1521
AEVRLY26GBFJVYM32A56BH22X4KQ,1,1,7240
AEVRP23ONGIWRUAPURGPAKC4PL2Q,3,3,534
AEVTBGKOALRS27HUI7KEYUYPFBLQ,2,2,773
AEVUG7GSYKMQM6J7PVYKMIJQVN3Q,2,2,3110
AEVVJHZUPI4AHZZX7PC4LTCKWSKA,4,4,41
AEVWAM3YWN5URJVJIZZ6XPD2MKIA,10,10,65
AEVYMKPLQ3G25CREYAWC347U5O4Q,1,1,2540
AEVZVWZP3S2J57XSTFN5LPQNOONA,4,4,1180
AEW26W6ODPJ77OHPS5LBTFT64LHQ,1,1,2581
AEW2DUEKVQCUL56PV4CXLVRIP33Q,1,1,217
AEW3MTZ3PBLHELRSFI2FX2X3N3EA,1,1,2265
AEW4CIDRC3RO33GW3GKDLONUVNAQ,1,1,2122
AEW55ZDSPC6HOXZ2RK5MCT7OM5WQ,1,1,1144
AEW7KGZFQFB6P2YRTN6JGVR3YRLA,10,10,222
AEWFEWBJVI2YN7WAWVXSOYT5MANA,3,3,11
AEWFI6UHAUISG2JF4EPVZPBMHZYA,1,1,1701
AEWICKS3R7L2VXI2PUR6VL64PFSA,1,1,5734
AEWJXW46LKSW22FWTGRYTLNE7TGA,28,28,67
AEWK45NLQWUDXWPF76JNHPMJVZPQ,1,1,436
AEWLOQTKYUYRJ24NK4GD5CZTR7WA,42,42,22
AEWM5TEERH5SWKVMVCBGB4G4DOXQ,6,6,32
AEWMM6B2T7PMH5WFINUUORAHX2NA,1,1,4126
AEWRRORE6A47AFELFU6LO6YVEYAA,1,1,953
AEWRZLS7FBAX3BXANLXDKVV33CCA,74,74,1330
AEWTKEIDMSOZ7Z3MOOEIXYPYUCCQ,5,5,799
AEWUBEVXD7CKWOQ46K56K7BIQPBQ,1,1,878
AEWUTB77443SWKRTRKCCROPCURCQ,1,1,1874
AEWVHCZZINJR7NIUYCVMO2ZXLLKA,1,1,2412
AEWWDRHCN6DGQNJBGLFAMQIQ5WHQ,3,3,105
AEWXJDZPE2MTDUQ5PV2D4IEOWZ6A,1,1,2627
AEX2PWSLCKDKELBZ4FMOOWR4PVAA,5,5,44
AEX3CW22RUBG2EEUYSBZBMTRJSZQ,2,2,1496
AEX3JEM4XNO3WY27QN2LIV7EKMKA,3,3,264
AEX4JVEAX7V2XJNX7L6LQCX5SRZQ,1,1,3579
AEX4MMFGEVYPOWPB4B2YFS7PIHEQ,2,2,3724
AEX5AKK7HEVKT4CID4F6TOF2ZZIQ,1,1,186
AEX5IK5WUXIGLSWUWSNDYATYVQJA,4,4,1323
AEX63ECBRMOKNMAFMIVCEUP4OCBQ,2,2,696
AEX7XY53RLK4CQ6MIMPU4HHZJETA,1,1,1057
AEXAGBIZ5NEBJO6DNDVBA3ZWUIEA,4,4,1247
AEXBIH7OOSNTF3NPJ262T4HDNXBA,14,14,610
AEXC2RWTZY5DQIVSVFXGUZANKMSQ,3,3,578
AEXCNSFJSDS7WTO76BIOQU2GYDJA,1,1,1842
AEXCR46DMHH6ODLFC7WCGIZGMGIQ,2,2,1796
AEXFGERJKJ7YOSSYC2WZUKEKTFQQ,1,1,1359
AEXFSHMGQ2PBLKTHLSQNM2IPJDKA,1,1,3650
AEXKH3LKCCJ7NGS2JJFPR2ZBL6NA,6,6,1019
AEXL4OGPNMDFOCOE4QNUNECYWTVQ,1,1,1526
AEXLJXLT2BECIHWJSZ5MSXA5KA5A,1,1,2276
AEXLSPCC44BZKWJSATRFAYHOM6RA,1,1,2681
AEXLU5BDFIRVGOD6UO3AOCG3DUXQ,2,2,273
AEXOWERQXU5OCPLNACNFDF2OOI2A,1,1,123
AEXP4AULLRFINXRFJ3FXQDFYYOWA,1,1,2196
AEXQTIU2YXKVYBRLFQ5WAGVURVHQ,1,1,2743
AEXSLSUUTYLSYSRCS6Y7XDB6JXRA,1,1,1035
AEXTSZOMHUDQZ46764RKBNZ2WANA,18,18,540
AEXU3S7NB3EBIOJE7UKO3GAM7YJQ,4,4,915
AEXU3XJEKY7Y5QJXKLZMPRTDUKJA,6,6,1470
AEXUL6NAQAAMP72AP3HDBO6HTV2A,1,1,1999
AEXVJXJE25VDO7ZFJUEAW53S7EXQ,3,3,2773
AEXVNABLVTHK6EJVTY55T75OG2BQ,5,5,1501
AEXXE5WBAUV6CUOCLOX6TIMV7SWQ,1,1,1407
AEXXPCM7I5YL26QCIPCCLWH37ZTQ,1,1,1894
AEXXSUF5KNRANEPZGM5DXTIALMCA,2,2,3429
AEXYAYKO4JSMM7ALG7YY3P67FXVQ,8,8,153
AEXZPE56DTET42XXA6WBD6CM5QYA,1,1,1228
AEY34JINUYPHCTN23PNXPOIVSYYA,1,1,3347
AEY3HV4GQHTLLILTSS66CH2IHMYA,1,1,721
AEY4AK73HCLNM5ITQ6O2GOMNTJEQ,1,1,3360
AEY5COTUP2BYV73ZRNKJF2V4BPKQ,5,5,60
AEYBVVQQXS7RRXDJMOHMPBHSYOKQ,1,1,461
AEYC3IF4CTBVTGN4ZCCUJ2E5XDHQ,1,1,2507
AEYCJLZHSNAWFO7IKKERBKF2VD5A,1,1,929
AEYE3LSUHQEX6BWG224MKVXX6XZQ,16,16,115
AEYENTSV6LFPRW3LTBBMPYBE7MOA,1,1,1736
AEYEP6B5W5QBNMM4OBQBQJDJ63SA,18,18,11
AEYF3VOKNL6HLCREFCY7NVBT6AGQ,1,1,227
AEYFGA6BGU6ES546ZKBPE3BTOYXA,1,1,688
AEYFKTGX5FA2VGTPWTCVCHASEILA,1,1,4291
AEYFU5FQAJYXFREC4KHQ34EGZ3LQ,16,16,136
AEYG5QTSA6SYIEQQ3XUQMD24MKDQ,2,2,1515
AEYGPUCRKH7G4VM22FM3VAKSQ23Q,56,56,229
AEYH6Z3S7QBUIKSHO4KYSEG7KW2Q,1,1,3185
AEYHRAG6COXKW264KLLBSWBS46KA,1,1,1192
AEYHSQDKAXT5R4X7VMYN4PBX2GGQ,1,1,3364
AEYJRJO4IKZUQ4ODRRTYX4247YTQ,1,1,1425
AEYL33RQMQHQNHXTTQQNYFMZUB3A,1,1,597
AEYL4ZM2I6F6JZAMXCI6WINOA4WA,1,1,1891
AEYMB2E6ZE25CVWQI6OAPB6YEXQA,1,1,1174
AEYORY2AVPMCPDV57CE337YU5LXA,22,22,135
AEYPHXPE4VADDYCCOHPQTQQ4EM6A,2,2,605
AEYPQ5NLVMRSU6GSY5EAMXWPP4QQ,3,3,1039
AEYQIINOZ5VGN62ICPB4ZYELPG3Q,1,1,3006
AEYRK6RHCYZHAXVBEH5UNZ3RB5JQ,1,1,3555
AEYS7TG2WOZAB7NLRVGTM5XZIG3Q,14,14,304
AEYVXZF5TQB7IGLLS3HJTDWLSKJQ,43,43,400
AEYWRSMAMVW72QURZWK72VSR5YOA,1,1,792
AEYWSCGUMTGKVHT7K5XYCNGWRNGQ,1,1,3280
AEYX74AR7OK76BHNNFV2LIFZMTAA,1,1,1451
AEYXN35M6FE2CW34QVC64ULRRJVA,1,1,1184
AEYZSTV3DHQEGC3WSCUDBLDSC22Q,2,2,106
AEZ26WGWJ3EOQ4KWSHG77HJAG4EA,141,141,8
AEZ2QFCLVDLNVB6VTDYNBB4ZNL5A,1,1,457
AEZ3V2ML2S5NJ63MVVZZSXYQ343A,1,1,2410
AEZ5CUACQP3PLOTXO4TUVLB5LKNQ,1,1,372
AEZ5SFMDJRYHJUGJN2MGWRMPVOKQ,2,2,1156
AEZ5XIOVMGBSCLVM5CHARW5OMU7Q,2,2,2868
AEZBUIRYRO7JFUJIFNSMJKJKJELQ,2,2,2012
AEZCSRJ7EQFX2SJFITNKUPBXXK7Q,1,1,153
AEZEX27LZPWQFTTDLHBSKPPEUDAQ,2,2,1657
AEZF5CELBZSSHED4KXU5YM2R2MTA,1,1,3126
AEZFLP5KAJG42V4QRVLQHR5DVSQA,1,1,128
AEZFTFYREPX7QL5CTF7WFTFZHBKQ,3,3,1824
AEZGPLOYTSAPR3DHZKKXEFPAXUAA,2,2,775
AEZGSGN6BHOOVUDJ57MB53S4HUEA,2,2,441
AEZHVVKEZAY6MAP5WA62MAYTMHWQ,32,32,128
AEZI7NA3EMYGPYD3MS4SWWHWZW4Q,1,1,4205
AEZIW242EBVLBV24LA7FKYVN7YUQ,1,1,3107
AEZJ2TU2SLZEDP2YXEM7UHTLM6EA,1,1,1699
AEZJHOQMLIRXKDFFG4RXVHETGNTA,1,1,4768
AEZL73IHSBRHJJGQCNB7XGND45YA,2,2,1159
AEZLBRKZYY5DLFUT63H24QIWAGAQ,1,1,2322
AEZPSUTSRD46AS7M5LLHH4VAXTYQ,1,1,81
AEZPSXZOZJJ3FLI44VFWMQPEVKIQ,1,1,3077
AEZQZ4AQUPQGFY756EGVKOLSYSSA,4,4,1413
AEZRDTTMTVKCV7BMDR3L23XHL2MA,1,1,1330
AEZS2SS4IRBQHZXF2CIYNLBCWFRA,1,1,2566
AEZSZS7UV44CAJJR5FNEM4DZCWTQ,8,8,691
AEZTMBIGAP4U5F4RV6IP2PKCAK3A,3,3,2084
AEZUJSZ3B7OAOVCSMZPINNW3QH3A,3,3,332
AEZUVWEZSOU7UOSVRGWGBTVGUDMQ,1,1,69
AEZV3WDCDM6V4CJMN222D52REYYA,3,3,588
AEZVUXKR7JINGI3OTHRBMUIEXHNQ,2,2,1140
AEZW66K7OTLPXBNRLWZDTMUE7Z5Q,1,1,2914
AEZW74DBPW64H5IYA22DX7U7YRIQ,1,1,2057
AEZWSCRCKA7TSIPCA3TQKJHD3IOA,1,1,2623
AEZWYIPD2D6ENPX6DHU2YE43W3HA,1,1,2241
AEZZLU5EI7CTR5VR2IOBYDNOUUEQ,2,2,313
AF2222CTSX55SOYTJNGBL6SINXYQ,1,1,143
AF224BZVIYKHVGJGPKGC3UAVTLQQ,2,2,1736
AF227ZORVJNXGFF6UFK23IYWE7AA,19,19,8
AF232QQ7UDHGQOVR6LZ3X7ZVQ3ZA,11,11,964
AF24UDV5GTGYDPK3G35ZFFQIUUKA,8,8,296
AF25TIK64YJ22WQVIZYHTNGHVXFQ,1,1,2943
AF25UMM5L3RFKFFJCQWFYH4DWM7A,3,3,1576
AF26DD2NW2ZPTOXHDCQTSWOVLFDQ,3,3,663
AF2BLE54TEMGZ546U763ZHZRXC4A,1,1,628
AF2BS5OQPNYMNHSCV2IC44G6U3LA,1,1,2017
AF2BVDDULOEERJOYWTJZS5ORPQSA,1,1,5108
AF2ESHQEKVEOLZEA24FOE3NIDXLQ,1,1,3280
AF2FPW2AJZGXQGM6KQDTHTOL7E5Q,3,3,277
AF2FTNKCY6XY67BKBUO4BNJRZ4XQ,17,17,93
AF2G3CTO4O7HQFR2MVG4TF7HZTAA,2,2,3600
AF2GBJ4UJOOCTEG6LEXGDPG2VUJA,1,1,2168
AF2K6NRRABAJOLWLM4BPSCIKVQJA,1,1,351
AF2KUNPWY3XXWEEPG66BB4EMZT4A,1,1,2828
AF2LIH5TPYYGODLRYOCZ56D5TDKA,1,1,4632
AF2M7VDNKO376XFGMQZ7OUVSWR2Q,1,1,2230
AF2NCCWGOA6IWAN6745E2SOIKFOQ,1,1,2736
AF2O4GMP7Z6ZV7WZGJM5MGT27GAA,1,1,3896
AF2PS4EFHEZRHLI4FXKA6LYR3WFQ,1,1,3037
AF2T7NQ5S7SVEBHC7VGY23KZGQDA,2,2,1081
AF2TK6ORPJPQH2TBE4PKEA7DCX2Q,6,6,780
AF2TS3KEYKELC73VSUTRGAE44FQQ,2,2,1972
AF2VTDKGOBVINTPJH5IVAJRKDEPQ,2,2,1348
AF2WT5HLSFDRZLZXCMBQL4DT2FBQ,1,1,3307
AF2Y4ZTHLJB72VUEMDRQAJDLJI3A,1,1,3630
AF2YDVBOVLWP3WP2GEE6AZD7LPUQ,4,4,1060
AF2YVVF5EWP7SJJNCB2H32FMMDGQ,1,1,2268
AF2YXQVXC5KE672X6PWMHE4GXH4Q,2,2,3114
AF2ZMVLJAQX3WLS5HD6646QZI2NQ,1,1,3309
AF32UU33D7ADPI2NFMDV36P2TM4Q,1,1,1532
AF33JZMEOPNR5RROTLPJA3VG43CA,1,1,6719
AF35BGUUHLK3335IM3G5GXGXOQRQ,2,2,355
AF364RSCZMTAEVX533SS37L7G4OQ,1,1,2025
AF37HETXCNPLIXJRMMYWVDLI4QBQ,10,10,253
AF3CK4ESKOD65RAC23OSFQNTP5KQ,3,3,114
AF3D3R7EJKCATWRQYAJPKAOGNAXA,1,1,2969
AF3EZS3KE4ERLKYHQ3Y324EBQEIQ,3,3,26
AF3FH5H3IEN5GCFHRPJ2BV3BW3SQ,3,3,1914
AF3GHL7OXSMBHL2WASZUJ3SURYSA,3,3,1559
AF3GYVKFGZ4R24UB5N42W4PVKY6A,1,1,2870
AF3HNAQK2URNEBAZQCRZGSPBU5FQ,27,27,178
AF3IELI63FDNLEAGV2I6KYJ2LXFA,4,4,809
AF3IUNTQXWHOFUPEA5GHRTLFUK2Q,1,1,2600
AF3LBRZERHYKJUAXLP4UYNQFOD3Q,1,1,3220
AF3LZY7Q2FOIBJUBFW3LEANBVOQA,3,3,513
AF3MCWIU26SI5GDS4Y7BOYRIMCMA,1,1,2394
AF3QKQDBPOQRR3YKMXXVW5CHWFMA,1,1,1955
AF3SS2K7HDO7SLEMONGZ6KEYPL7A,4,4,627
AF3UFP5D6EA7XVCAAWSF7IS7T3MQ,1,1,561
AF3XGVFJGJKRVHB3YCCVOJTPKZIQ,1,1,2369
AF3XN2CMS7TNB4PPCD7XRRCWB6YQ,1,1,2677
AF3YB4B5S7TMESAOQL43JYWL4FOA,2,2,2422
AF3YUNGL3RAJWRNOI4UNSPY76VQQ,2,2,139
AF3ZRKX34AGQNZ2MPMFKPQ2X2ZNQ,1,1,2337
AF43PJH7OJ6557NMXAAP5CRLDNGQ,2,2,162
AF46PQQYVBOILGKBR4SKP7VJNOCA,2,2,2338
AF4BD6HDGEAYGFGPYWMXFUPBXVXA,3,3,214
AF4BN5IK6HUEXLPTUULD22TGEFOQ,2,2,2761
AF4BOHAQZZBMDYP7B6IWIKQNHTCA,6,6,317
AF4CEMXNWUBPEGBGXOH3ZZP2T4YA,1,1,3495
AF4CL5VBGKUR5FSP4FMLWT3ZWMSQ,2,2,1412
AF4EKXYDG4OWBDAS7NXUGSG6IY3Q,1,1,1858
AF4FLIUFGWPFLQQEBEIFQHGERKRA,1,1,1435
AF4G5OBISHGTROXGK76JLBIKHSUQ,1,1,91
AF4GFATVLGDPUMYVAWU6N3ULQEPA,1,1,1716
AF4IKJMS4TPSLWTXBJHRJ542XQAA,16,16,26
AF4JBSDXHIXSJOPQAL5FK4PJPGTQ,1,1,2353
AF4KGFYH26KERCGL7IO2KQKJM2SQ,12,12,384
AF4NIQPIZQ3S3G6KEVQW33DNHZSQ,3,3,842
AF4O6U23HTVGGKWAKWXIWF6ZW7CA,2,2,5323
AF4OI5F4QGCITNUT7YUMI344RJDA,1,1,261
AF4OMOFLB27YNVHNR5CIHJM77UEA,1,1,575
AF4SXU4676UWMQQSX2GKHHFBBT6Q,2,2,296
AF4TOFX7CQ2YAG5WM3PCCPKHH3FQ,1,1,224
AF4VEZGRGAT75ZVAOR4KRNDMZIBQ,5,5,889
AF4VFAAC7R62GKNCONMXAWNTSSSA,1,1,687
AF4WLLHTQLRPEZ33OJDYG23MFLKQ,19,19,299
AF4WPFKHHNUEKY2I7TJ6GR4YJ3KA,2,2,642
AF4WXF7NIDXZCB23OODOMCQR2WKA,1,1,571
AF4XAUOI5XPGWHCPOTORKBIJSRDA,14,14,1137
AF4XFLPD67HYHE2UGJTWV2IU7BDA,6,6,226
AF4XMOHDXFRANNUJW3JMI4MYGEPQ,3,3,666
AF4XPHIAAWI536Y7GHFBFCV7SQ3Q,1,1,2288
AF4Y2O5Z4P7JZPXUQSR62VAP2I3Q,4,4,57
AF4ZJVB5TJEJP4UTBLGGJTUDRGSA,2,2,346
AF56CJJC4GXQYWFTX7EIBYWV4KQQ,3,3,4665
AF5BBJOFGZN6OU7SFABYJT7YAHBA,1,1,2391
AF5C5KSGB7FPNFY3B2F46AX5BRZQ,8,8,1212
AF5DDQZBNB2UEWU6IZF7VELJQJGA,5,5,256
AF5HQITKATBZWSKQ5BXEKW4CK4HA,1,1,561
AF5JU3VCZM2XNQAN6T7NFJEENENA,1,1,8105
AF5KFHNT3TQJ2GNSE3FCDFQOBICA,3,3,1194
AF5KHOHRF2PHDZVWJSYAVFUD7C2A,10,10,223
AF5KLMIXJ6ISU7NAPIEP57SE62NA,1,1,1429
AF5KVQC7THWPXYVICOES6BMHNZSQ,3,3,2495
AF5LBIWMZJFNZ4AIKDAJSL5S6TEQ,1,1,3130
AF5MJENGAL5G6BUFIVMH5LRSZ6EA,13,13,823
AF5ONT5E32WV45KAMQSUT43IPXOQ,1,1,3606
AF5OX5OJ2IFYUMGEETNMMIKITRKA,1,1,2331
AF5PN3FPG5Z66P7Z7UWL56D6CGMA,5,5,76
AF5PSFCS64I5CGSNI5Z5CJJB4QEA,2,2,1891
AF5SRI2Z6Y2F4OBEEPUQ7RMPFIIA,1,1,2343
AF5WQNTBQKV7QBBKRBQ7N5M3TDXQ,1,1,682
AF5WTPC7OZF45HXB5J2V3L4CLVEA,1,1,1102
AF5YGFIDUL4PVHGLOLLCE2ZOZSCA,4,4,3717
AF5Z2RWMKZOTVIXDTOTYJKVJ7G2A,8,8,177
AF5Z7T3SAFEAVEQALVC75JIFNTGA,1,1,2201
AF5ZPPZA6HEYRFCBJYWVCTZJOUMA,1,1,462
AF62AEIOEKVHHD4XH2ID7PXWB7AQ,1,1,3141
AF63IMM5Z4WG32KOGDHDC32EWE3A,1,1,356
AF63JIAC77OVDXQA7KFM5FEZJR5A,1,1,4698
AF63NWLQNHWRWRCTECW5D46FTZTA,1,1,3719
AF63SFHHIMHVF6TDVLBSAEVEUYMQ,1,1,1205
AF654EU2AS2ZMYMT4DM5ZCA2WJ7A,3,3,676
AF65L4YYZQHLPDL6VKUEOUKKJ3ZA,1,1,5341
AF67PYI2JFGZ7SZZOOWPTIWBZW5A,1,1,4092
AF6AJODJRJ4VMXE55IRLXKMUAXSQ,8,8,1178
AF6AK5OVE22L55JHPJZITX5SFAUQ,4,4,1221
AF6AP3BHDLCYBCYNIH752RMQUC3A,2,2,22
AF6ATWNWHV5O53ECWO3WXEFTZ6FA,1,1,1863
AF6CIVHLLNSTQDVHUSNDCLT4UXNQ,3,3,1153
AF6COLVCUDL5WZZMOBHMCNCBQMEA,4,4,145
AF6JERHUB6IQWBPOG6XOKIUYI3VQ,1,1,3907
AF6KOXEH5SDNBKOTRIWUZ4FYX3FQ,1,1,2437
AF6KU2PB4NMUREATJUXXGKEAO3QA,1,1,3557
AF6L5ZQD3WBL2P7ZN5VAFMABWMHQ,2,2,1561
AF6LHQ63Q5E7IVNKS2M54VB3YI3Q,2,2,847
AF6MMBBZYTZFCV4EFCSC4ULFILWA,4,4,2151
AF6N3BBR32UMXX276IR7CTZTVTQA,1,1,746
AF6QMSNCJH3DDOIPR7PBNXXF3WHQ,1,1,2098
AF6RDBIZWDAI7TZKDHIW6OXYVLTA,1,1,3368
AF6RFA6T3KGL2PMIAEML5F2HINGQ,1,1,2543
AF6RYGFAHCMPVK2KGRZXEBHLTCGQ,1,1,4082
AF6UNOZX7XRKH32473UO44C2AHQQ,1,1,2295
AF6V7WITEVZYZTAICVICHOAVL5NQ,1,1,56
AF6VEZECVKT4NDPCRMKP626H3KEQ,1,1,3009
AF74IF7IL2FWPDLYS7BSSWQA7LCA,4,4,13
AF7DEHKMKM7GNZCHQUMZMREGKM5A,1,1,355
AF7EM4N67D5P4YJKZZF7XODK6HVA,1,1,1027
AF7EY7M7BAOTHXN3K7K6R5WSVTVQ,1,1,1829
AF7FMSNMIAN6ZABPSPWKXH3B3RVQ,1,1,2192
AF7GJOFZAY2NE5FYJZPQA65FWVMA,1,1,797
AF7HW6NY5XXOX3DE4WQOTGQYHC6Q,1,1,3475
AF7J5A2ME55LSCRVQWXB3BKE7CHQ,27,27,788
AF7JT6CKVCYYXMMVB23LBN2VSQ5A,4,4,710
AF7KCL6AOHTWOWXABCK3ZOJGGRPA,1,1,756
AF7KZKMOVOUFI6GEOLFDIHERFAJA,1,1,701
AF7MRXMT5BZFOEQY7X3F6D4QDEOQ,1,1,2788
AF7NMW5KYBO2K53GR2GPMC3DPY5A,1,1,2893
AF7R4AQDDVFXBSEBYRIMI2WPFB4A,1,1,1511
AF7R4ZBXQZACHPAR62HARSTCNFWQ,1,1,3409
AF7RHUB2RXOIRQDSH7SZDLYPZPQQ,1,1,1256
AF7STGSJYCAHOQAKN3JTC3JC3Y5A,23,23,1286
AF7VJSFT24TEW2HAAUAMDJDAENTQ,1,1,2730
AF7VOQPCGNOCDZVRDNTQGESZJ62Q,7,7,547
AF7YEJZHL2PP3L7R3HBJZENN7QXQ,1,1,2755
AF7ZINXE6MF5H7AGHIMQIOBTRPOQ,36,36,709
AFA26DYXVLJYTYZ3KET77GE27N2A,16,16,578
AFA2HZAKKWNUGYNOMQT7TTYOKYTA,1,1,2911
AFA2RRMTDTTMIHOUD6WNBH7AH75A,1,1,4360
AFA2U2ZWVRYX3ACXTUL7DU3ZUGLQ,6,6,695
AFA6RLSFP5Z2NDOGPYJ3U3Z3SPNQ,1,1,2043
AFAA7WD5EOAHFKGTWFRBP6YCE46A,1,1,393
AFAAJ2JQBNPL7JYAP4JWBWPJD5LA,1,1,1804
AFABDHAX4UX5QYXIFBZEQRL6P4VQ,1,1,3073
AFABY5MRZ2ODH6AGPR3RYIMUIMNQ,1,1,272
AFACEDIFMYWY4CHKDKHJ3N5B33XA,1,1,1338
AFAD6IGTLID7GW3T6WVNVBGUNQVA,13,13,309
AFAE5TN6ZBXFPCM7ROQKDHZKNZNA,1,1,2469
AFAEKCTJEQFGDCQEIFNJP3IORW2Q,1,1,615
AFAEZ4JGUCWVNTSTH4MSZWXK7HFA,2,2,2574
AFAFOJDV3TNEQMR2H3EYKM4UEMNQ,2,2,264
AFAG52VPTIGYZT5TRHW7FUWXOQ3A,1,1,4046
AFAHVT5FXHSIGNDR7YZK3FOCW3YA,1,1,1690
AFAIAU26DKSQCZLMTXQN3BP2QGQA,1,1,4387
AFAIJYOUO3NAWLBDIKTQSC3DASWA,167,167,69
AFAIUGQT3CKQQ5NAVGOMKIN5F2BA,1,1,2069
AFAJQ42J7ZEW6SCDDCPMKJ5CPWVA,5,5,2854
AFAKDRFJXFX22FDQKP2AXHR3OWEQ,1,1,1583
AFAKVUN4OHGPAGON3THJXPGJ4BKA,8,8,3491
AFAKXUI6QSD7SO5JOUKI6EBY2CDQ,1,1,3636
AFAKYTPXRB64ABMSP547V22KF7NQ,5,5,75
AFAMBSYJBEWO3QMJ4X6ODGJ7ZKUA,1,1,589
AFAMOLAPKR3M2NPTMB362T2Q5RBQ,104,104,146
AFANGZRYDXU6RZFWNMAPBLV2AFUA,2,2,321
AFANVB6MPHJTCTFOVIEBKLWZ2GVA,20,20,255
AFANZDVCKZBLGJ5UPC37ASPTM2WA,1,1,376
AFAP7A6P3TICUUAOBBRXPHUXNCZA,1,1,3532
AFAPY6Q67HMIBQTTW53CM3N47SMQ,1,1,848
AFAQU455OWWJBFAIRTUGZLXTLWCA,3,3,683
AFAQYJOKMELB4JP3SJ2426HCXEAQ,1,1,1144
AFATF3CIWPOPQ647GC3FTRK4VBPQ,1,1,2288
AFAUPE7JAJBEGFXCYHA3HGGSPR5A,1,1,4631
AFAVJAKFW4G3OFIN6KOPI46AAKDQ,1,1,2034
AFAWHRH5SMYTLVJAA4D2ALJHN5HA,1,1,918
AFAX43IN46NU5GHTTOOON3EQNW2A,47,47,69
AFAXSME5L36JLYDFLIAO7NF4F2UA,4,4,1321
AFAXW2JSMFBWTUIQPYEJQUNLPNOQ,1,1,2605
AFAZJO4FXNPYFIGOUIWIAUQYBWLA,1,1,1361
AFB23VOIW47YOEXNDOX7NXT3CQNQ,1,1,2691
AFB2SFHBF4INKNJDHNM6NHSNA2RA,1,1,2244
AFB2W7K4MNWXLZTISBUUINONT6EA,1,1,5091
AFB2YVTRAJW2GCUQMBBNHEPNXCGA,5,5,891
AFB3L4JRAOROSUZ2NQEWT5J252XA,1,1,4074
AFB3S46LJXHSIIXQDZGNX6VO32NA,1,1,2153
AFB436FXVBLY6VYXRQJW6F53GRNQ,2,2,726
AFB5QFLDXP2T5V2RFVJJS2OVKDVA,1,1,3683
AFB6GBEYFLU4ARUPS3MESCJPO6JA,3,3,1123
AFB6LWZEGOS2N533N2BGGYIZ3PDA,1,1,3315
AFB6OR5RIL4UP5HCNAYDCP24UQ4Q,1,1,858
AFB776E5ZYFKDOMSHU42TBUDJWDA,1,1,2745
AFBA6P7ULPQZNMRW2LHXALFEGEVQ,9,9,189
AFBAUNG5JZ4FJZHVTWZSEASNQJRQ,1,1,2736
AFBCTQL4LFFQPPKWM73B4VORICXQ,1,1,6496
AFBFBKRVURIRVCVMHDOR4PFXXCDQ,1,1,2485
AFBGS3BNUGBSMG6WH3QCLTB4W22Q,1,1,3300
AFBI5C4W3COTCIVUHXKU5G7A4CBA,1,1,3537
AFBKDT5DUSYSURQRYZ3DGGSG5MIA,1,1,1285
AFBNUUEP6RLU6BCSATVAKDQM7ISA,1,1,3085
AFBOPU3ZPBEHXZBGXQ6HLR5GOAOQ,13,13,2861
AFBPEPLR6T324PCFTF3SDLOD4FWA,1,1,637
AFBPXPGKYYS4ELDQKDQLI4GUMI7A,1,1,3615
AFBQWGTHEJKBDS7LO7KSMOLXZ2JQ,2,2,793
AFBSRM5W4VXZYBQXA4V3NXRUL32A,1,1,3525
AFBTXCSLSSICK734GIDYSHVZVSFA,3,3,736
AFBUVEUIZZMKE2PC7D46LCM6C53Q,1,1,764
AFBXSJ5I6I4PPWAYEW4A6GP2EX7Q,1,1,5189
AFBYH22SGVKVC7G7MI774527B7TA,1,1,2796
AFBZU2GJP4GCB3NWA6HIL63KDZYA,1,1,2272
AFC3IQ472D7B2SCOKFD5HEJI3CCQ,1,1,2658
AFC3MFI2MO2YBWWOPMVGMT5NSKGQ,1,1,1610
AFC7EE4DVV3XQKMOI74ZA4CP24SQ,2,2,3447
AFC7LVTESVNJUEBZUE7PZHQKK7FA,1,1,4817
AFCDFAXUFMPYC5QCYCCBM2FKRQZA,1,1,917
AFCDFCIQQ626L7CMOLONYI2REBHQ,1,1,1924
AFCF42UEL75CPDL6CLELVNQ4FTTA,4,4,2200
AFCG4PXZWKCP6XTTC4AQU2OCYAYQ,2,2,413
AFCHDP2FFJT6DDXPDZBIPXJZVWDA,1,1,4149
AFCHZEWYXBKTILVVSVCS73VVUY4Q,4,4,33
AFCK3OITBY3PCAFLDZAA2XNEQJDQ,1,1,2230
AFCLP4J336GVLB2VXGO65NOPYPSQ,1,1,3034
AFCMMPNL4TFUNXI5W2CW262YXSMQ,2,2,3097
AFCOEGXRB5XGUYAT7JO37HCDP5IA,1,1,3798
AFCOQRS45VWQGQHZDWS6T5NTUADQ,1,1,1046
AFCQODELZPN3GI4MKTVHEJEGXF7A,2,2,1175
AFCQVUEGUPO4B3KQGQ3WFCOOKP6Q,2,2,1734
AFCSIDWSKICZ5UH26NREKPW25X4A,3,3,2873
AFCUIZAAO3TSWKVRKXC2ZASHAXDQ,6,6,1186
AFCYHUU4NDAQNWRWLFNZYVBZAPFQ,1,1,65
AFCYPN2FTQWORDT33DWOSNQES7KA,2,2,2493
AFCYUFW3NQ37UQXYVWL3LN4LAKLQ,1,1,349
AFCZZDLVU3IBXQJA3OIG2SMKVBVQ,1,1,2206
AFD2BNRFRZQKGEUXGEHO3TAWEIGA,1,1,747
AFD2DDV4W6XBFKXH4RMD3ATNWPJQ,1,1,2129
AFD6JJWQ345PY6RD3AEVQT635RYA,1,1,1570
AFD6OGB6AY4YPKN62LCTXGYR7KJA,3,3,1224
AFD7AT5OTJ52EA3Q2LO4QFDGO5PA,1,1,527
AFDAN27KWZQOMPX5J2NB7MAPOIXA,5,5,2283
AFDAUD2XGCFQCXSQVHR5EMMZ27AQ,1,1,2291
AFDBZN7YA4VAVP2HS3B73XKUA4TA,4,4,229
AFDDZZPYGARHAPE4BBHJWQ2YAAPA,1,1,3867
AFDEDV6F2BJG7SDKLY3LB5C24JVQ,1,1,9
AFDEH7TVRJ4GBWE76Z7RBSHQOC4A,13,13,294
AFDERBL3G23J5U6HHQBAZLTREKOA,5,5,69
AFDERNB6BIR3U2DOR3S2KX7KJJXQ,5,5,1335
AFDH2GAWP3RSARBENKZKV2Y7W34Q,1,1,40
AFDIUCNEDNFPWKTJ63N4VQNZIFHQ,7,7,777
AFDK44VZEDMW26DZF2VDWSDNHE6Q,1,1,617
AFDMBP5WKTPK4TUMUXPDDDQOFP2A,1,1,246
AFDMZ4TRX3HXQQUGWAHJQTIF65BQ,223,223,5
AFDNHQUKH6IZULW3MH575JMEDWHA,1,1,1309
AFDNLNTANUGENK62RSTAQALJOWPQ,1,1,3603
AFDPKX3DYZI6FV5GXLI7NVTULR4Q,5,5,823
AFDSQSP5V3OKKBRVZDPOQMJSLNKQ,2,2,1141
AFDSTZALRDM64PFS64CMKVIZUN6Q,23,23,380
AFDUIMTDQILPKQMOJQ2XM3EGBPPQ,4,4,530
AFDZ2TKCJCQTGS5IEUTKES43CKKA,1,1,2562
AFDZTUGGQIHCVV2AQ5B2Y22KPVRQ,23,23,308
AFE337D2J37YRU5U6MVTVKNDKWDA,5,5,231
AFE454TBPJXVP55M6STLR6R5664A,5,5,62
AFE6BPTGLVC7ZE7TCSR3G3T2K6VA,1,1,927
AFE7OXQ2GPXOICDFCLDEOW55SKLA,5,5,216
AFE7XVAELVHIHWHKM6NFIVLS55YA,1,1,2678
AFEA4J7GALPGC6PJDLQQLTDYFSKA,1,1,2657
AFEAJQIVVIZCTKQNNHD73H7VQSPQ,2,2,1052
AFEBIROAXLIDRIA7UKEONIX2T5LQ,1,1,7583
AFECJFZZCGTND6HWT4EENHOVLYGA,1,1,2808
AFECWDHJXGC2NPMMCW6FT55WUY5A,1,1,1327
AFEDZ3V72UXPLF5SSZQAOSMHZQIA,7,7,2849
AFEEZNPBQQMYEF3ZNDAAKPD3KEXA,3,3,1345
AFEGHKRUQPHJXO654PI6VT2WDRWQ,2,2,1253
AFEHQFGHHAGB37ILECOPN6ZNOJVQ,1,1,1483
AFEHTC33FA4UXWIO2MKKHFHPBO5A,1,1,222
AFEHUA43I6DXUYV4U2IW2AVEAH6Q,1,1,1063
AFEI6AGUAQV4FH4TSBSHUHRXBHYQ,1,1,2849
AFEIN7QWSQ6EFW45LKD7ZOCSMLGQ,9,9,443
AFEJ2MZWR7O64X2S3ZI2J7BFKTYA,64,64,52
AFEJKJ56OD6H2XH55DGHJI2526MA,15,15,933
AFEKAJBRLIJLH5BTSKQQUA63IOGA,3,3,422
AFEKLROUUZQMAEHTHHGP2ZHFV37Q,1,1,1122
AFEKXB75RG55V2AMHSSXS4D3NUDQ,4,4,1294
AFELPHCVIVREBKR6OVK54QE33TYQ,1,1,1430
AFEMNWPO23WHVPSHB4N4RMMPQXQQ,1,1,3043
AFEMVUNGJXKV5HA463WSDY4I2K7Q,4,4,3082
AFEOQSQDQJOR5RIPIQHKJVQHBE7A,1,1,8239
AFEP23NFXJI3T44Q4XC55NT6COAQ,1,1,4631
AFEQWKRQRTRB5DCVMZBEXIVYZRDA,3,3,1085
AFERCDY2EFJKT7QUQ75GISNHTFOQ,19,19,1212
AFESOGK6RAEMUSOE6P5YFOAB6KMA,1,1,3723
AFETVW7S5M4LVJ7GTWPCKT7S3YBQ,21,21,68
AFEUJGH6HN52IP6H7ZD26KYZGEWQ,45,45,86
AFEUSYXIOR2S7XQEZWUA3SOCQZSA,1,1,259
AFEV5KMXLLJKBSGXCBRZUOZQSRPQ,8,8,244
AFEVG476PAAYPHQQWLNZSMH6U32A,1,1,1450
AFEX6EZ2RDXY23CNVDQ7IOM37KHA,1,1,1598
AFEXLWL4SUBFCZHPNARIJSSRK57A,1,1,1917
AFEYY6TB5DOF2U4WCL7GRMNZREJA,1,1,1127
AFEZ5USUDVJLGSOB5SVVBUOLVNAQ,24,24,107
AFEZEXHKWDXTL7WIZMSC4X4NBGQA,1,1,2836
AFEZUIQCY3XUUXMUFOKWXLXB3IJQ,1,1,3155
AFF3KDB5H6U7BVDEIDTU2JAEYPXQ,1,1,3086
AFF3OMRONF4EAG4MGCTIHNZOZU2Q,2,2,393
AFF4ANFJAIAJS2SKDYJNUFOYV6KA,1,1,1610
AFF4HYG5UDHPRHSG4YIAPV4E343A,1,1,3106
AFF567O3QSOCJ2LLELJLYK525D6Q,6,6,2129
AFF75EKIFKNWGEWS4U7E5IWZQT2Q,1,1,1929
AFF7ENSBOBGYJQANUB6RZVFDE4NQ,3,3,2969
AFF7HZTLTBXKYP2LJODVEMYQ75OQ,1,1,3279
AFFB5XQCMCRBGPZFJLMTHPORDNPA,1,1,749
AFFCDWM66CJL6RZPDNZ4EYVXGH2A,1,1,349
AFFCDYHUH2JWTMIYBOQFGEWDL6DA,1,1,2759
AFFDTNKCLTZIQQU5AVNW6KDG2G2Q,5,5,543
AFFFV4Y35FUSSYUMRHYV4P34X2MA,3,3,210
AFFGOQCJHIASA42WX7WBODWIBYRQ,1,1,1114
AFFH5QKBOZANHO4ZZ7OKL7JFXFUA,24,24,69
AFFHBQAMFTXYQIEHNRAKZPBJZGJA,1,1,2511
AFFNSHESNZE54MPCJSH24PQ4KZ4A,3,3,1301
AFFNTMCC75AYZT67CGCNIBJMHREA,1,1,2845
AFFOHQDTKLECGKHIGBJ76UOYQYQA,1,1,4386
AFFP7OMXXDGNZ3LSQKTMHYWRK37A,1,1,4388
AFFPV4IYIVU2BAG4CX7UF77Q75YA,1,1,2302
AFFQBBI6O5VWJCDAGK7ZCV5WYCMA,1,1,381
AFFQMD7UHEWWCSLYZUVBTTV3EGSA,1,1,2957
AFFR7R7ADZWGXB57TLBOHHSFC53A,3,3,59
AFFTVICF5EABBFHLUVPHFCBDG42A,1,1,2955
AFFUQ74IYR7WHL47W7E5DG4CVHBA,1,1,2207
AFFUYLZDWUQJS2QOUO7YSWUFKTEQ,1,1,1179
AFFV2URUQPFTO44LU5JSIQISYXYA,2,2,7317
AFFVGJL3IEVM3HW7EX3TI6OSQEXQ,1,1,448
AFFVVXONBPN2SUFPXUJUTIRH3E3Q,1,1,750
AFFWGDBDBUOKL3RMQIJNFJUAGVSQ,1,1,3178
AFFWKJPKJPS5CQHY3JIVZ7AMHBGA,1,1,619
AFFXM7L6V6JSL7JGPJBC2Z3X2HIA,1,1,2873
AFFY2VLMWDE4Q4CVTN5XJXDX7OWQ,1,1,3701
AFFYYNK24CALIKW3UNL4XX6QWIQA,1,1,1011
AFFZC56PV6LULWV5PQDSFMV3BS2A,1,1,324
AFFZDGL6WH5YI2XV32NEMUCVXPYA,1,1,681
AFFZVSTUS3U2ZD22A2NPZSKOCPGQ,164,164,3
AFG3UPNZF3HTRC5EVLRSU4ULLJZQ,1,1,2988
AFG4JI5VU7OPZKQK6ZJOURYIPPFA,1,1,959
AFG4UXMDWOFNTYUFKYTO4MLAAEWA,3,3,2401
AFG6BOX7SFWFTWNRMO7LSMDLA6CA,1,1,1859
AFG6YQ3GOY7TVFKQ3SKDVS6Q6RDQ,2,2,496
AFGBCKY332YUCUTAHCB56EPUSXRQ,1,1,3685
AFGBVLT5NQKF7ADOMGLKJ2SBQMZQ,1,1,2871
AFGC44UF7B4Q6OEJGD7ROSWIRSEA,3,3,234
AFGDGJBHZYIZRLHOEOFTRPNV2H5Q,1,1,2840
AFGEJNQOVHGHQEPJDOK7I7OMIK7A,1,1,655
AFGEM6BXCYHUILEOA3P2ZYBEF2TA,45,45,9
AFGGQCSEGPS7EKWJ4GG2L4LV4TKQ,3,3,601
AFGI5ME27MRLT4LGEEO6KVLCKOOQ,1,1,3261
AFGI5XVA5EBVOE2EOS42KHQSULXA,1,1,3347
AFGIT2Y7X5GIN7FIGZPHWVZO3PTQ,5,5,594
AFGJZAE7ZA7QGNDK6JNTHY6XEESA,8,8,576
AFGNIWCBLQT2QIXXKIW7Q6VREZRQ,14,14,174
AFGON6WJ2WPTDH4HHUR6AH5L263A,2,2,572
AFGP2WDUKQSUSQHKJITVQKYQJKYA,2,2,851
AFGQNFBBMERT5BUXHNILILZFLVVQ,1,1,2739
AFGRAUIXGHWO224SV5YN3TNEUMJA,2,2,1392
AFGS7QZJCPOEUJ5VD52DGH36GKZA,1,1,1363
AFGSBGWCXHHFDH4SUMSAQ5XKWI7A,1,1,2136
AFGSSQOL4VGYWYL4CJU6THOL3ZAA,1,1,77
AFGSYNXYSHBBKTCA5NIV7GCZYE6Q,1,1,1482
AFGTULLYCZFHXXHMNX575HBI3DQA,1,1,2586
AFGUPTDFAWOHHL4LZDV27ERDNOYQ,22,22,309
AFGVVDXBYYDPS5WLN3ERL27I3TUQ,1,1,3388
AFGWR7GZLOWSTFN2QJBE5NMGVEGQ,16,16,513
AFGYWRG5C4M43O72QUA4E3TG5PUA,2,2,5647
AFH2J3MX45WQ4X2HWX7D7ZTFPU5A,1,1,3739
AFH2O73CG4KWBGSVFVKTDGLGERGQ,1,1,1281
AFH37SUSDVJI6GWNF2YSSGAPUB7A,7,7,352
AFH4CAXNOWUVKNSP6TLRT4CGQ2YA,1,1,3024
AFH4ZOHBO4U6XHYJPX2EATYILE6Q,1,1,3408
AFH5QOWETRD6KS65W5OS4XJZWCMQ,1,1,2050
AFH5WAC7WO4U37JXZ4TGRE2JJAUA,2,2,469
AFH6CFVOZ3EVUVMGO725UERQOFHA,1,1,3001
AFH6JVL73CZOVTQ2LR3IG27HRNKQ,4,4,68
AFH6OSJPK3XE65N46DAFT6WUTPXA,3,3,731
AFHBNIEWALW2KMNCCO3SZVSYF5ZQ,1,1,518
AFHBV7DUA5EHYG7SAQKBSZIKDEEQ,1,1,2339
AFHCOLVOIP7SY4MIJ637FXD63UCQ,2,2,249
AFHFEJY646YSQTNQK4Z4VYCNLP4A,1,1,851
AFHGQ26ZOJJT6SN4K2M2NXCW37WQ,12,12,821
AFHHYNMWSZ5DF44YBQKTV5HHA6KQ,1,1,1518
AFHKNQ6MMAVS5DQHKSMQA3UIEUNQ,1,1,629
AFHL6YRD7V3FAMZJ2L6Y3ITMB7YA,1,1,1374
AFHO7OBEBKY4YNEFOKI2GSFCHLNQ,3,3,1310
AFHP5ELLKFTYFI6FH2X5XF4WDRDA,1,1,1297
AFHQ44UDZ6AJ5M52BM2KWNGP6VOQ,5,5,33
AFHRPCWEWPAAA2ZVLDTJHDIFR3VA,5,5,213
AFHU44I5ZIPV76KZSEFD5Y437C2Q,6,6,172
AFHWDGNMBPRUWUXL7MFZXFVZJYOA,5,5,2426
AFHWXNXC6ESEVULAEURH2C35FYEQ,1,1,495
AFHXI3DOW6EDSVWJVXOXY3SKRW7Q,5,5,717
AFHXTLFE47LKLAY3SVP7T4Z2JN5Q,1,1,3675
AFHYESNZHGG4F5AGDIC6CBLCIESQ,1,1,2408
AFI43MRCEWAHZYBPKTSLDRPG5TIQ,2,2,649
AFI4DMVU5WFRIPSQA5F7L2M7TSHQ,1,1,2332
AFI4YBDJHXY66T7VRSIXUB3B6I6A,1,1,7842
AFIALQULING7EYR7VFCUVPOC3A5Q,1,1,1350
AFIBRPRMSNV5KOKIHPOCIU3MLJ4Q,1,1,2377
AFICQHAE6YOEIGE5TYZG5TN7OTRQ,9,9,738
AFIDB4NPTG3E7KHCX7BUO4WDE6LQ,8,8,225
AFIDDD6WMWMGSFZONTE567C2HOPQ,1,1,2441
AFIDUMRXIZN7F6IMJSI6KLZPIPVQ,1,1,3621
AFIEHMJYIJLSX4NDYPAJJVHYJP2A,1,1,1412
AFIETS7NCBAHVIQBPUDVJ5MG5CAA,2,2,338
AFIFCPYKA56DJ26GZ6TKSN5KR6BQ,3,3,1915
AFIHRVEGROVTQTQOEIZIKILJDEOA,1,1,1734
AFIJLAW3HIOMRUFSWNH54IJ3XQAA,5,5,1243
AFIJZ3OSCYP2VX22UNQBJI5UHO6A,1,1,1637
AFILSTIIOQ5MJHRT4F7YIGIHQLEQ,1,1,2578
AFIM5RAUX2YR3UFV6LBGEXGGDXTA,1,1,2190
AFIMQYEOZY3LTUMQAH3DKVS6LZIA,12,12,434
AFIO2BZVHQ63IEXQ7XA52UX7VWMQ,1,1,893
AFIOW5YO3N7AS2EULD2KVBVIVYAA,1,1,1624
AFIQTNATAZ6T4FK6ADJQHPO2GUOQ,3,3,575
AFIR7BM5VQWYSJLZ36SQI7H3WMXQ,1,1,548
AFISLSUP4LCJZ376KJ4LNO5IFMLA,1,1,320
AFIWYBPRAGQIAJOBA4QGIKL2BZAQ,36,36,85
AFIYR4TWQXGHJYDATBQARIK2AR5A,4,4,2360
AFIZUCNBOIIEJBQIPTD7BXCQFKTQ,2,2,348
AFJ2UCAN43BZZ7L5Z6X6I4BZ5V5Q,1,1,973
AFJ4VDAUVZJ2GLTPJHGFIL6DVITQ,1,1,1256
AFJ66GJGJ5FS2C2I77YVR7JMSAGQ,9,9,431
AFJ7CNYUSTYVZIPQFKAYH5VFCV7Q,1,1,1147
AFJAPNBWGKWDPQJS5K6A7IOAEMFA,1,1,343
AFJBKPK5W56XWSNPQU2WW66ISWYQ,401,401,1
AFJBVD32IH6ZX5BNLILRZIPUJZZA,1,1,3068
AFJC4MCHM32ALDX3FPAY5PQXITGA,4,4,96
AFJCFG4ITTGCZQZOSWDJM3L27IIA,1,1,3213
AFJCWJGLRX7DBTO7WY44U7B24KVA,1,1,2204
AFJFY6RIJZTL25N3MY6F2I24JC6A,1,1,905
AFJGUSPU2TVTQ5NQMQCGL52IWO6A,1,1,2365
AFJHM4DEMY7IU6ZCUBCETLREE43Q,18,18,127
AFJI6VGICAIRUGGAPB57NHZJG3RQ,2,2,137
AFJKNSBQBOUTRWUW3M6S7SKFOY4A,1,1,2092
AFJMUM67V35KW632G5CIHZEDT2GA,1,1,1449
AFJOCZGYW6QFTYEYBZXCFZNWONKQ,12,12,365
AFJODL64ZRKBO2TD3LZOSPTKOB4Q,1,1,1672
AFJOJHHSNWXSLAI3BGFCCAZWOKKA,1,1,439
AFJP74KDEKRSPJN5JINL452T6WNA,2,2,2598
AFJQKK7TUBI3N3Z45R6AFIVS4Z5A,1,1,1304
AFJRIATLX72VV27RDYLM2EPFLHWQ,2,2,3658
AFJSECCFXJ35ABMZUJEF2KZOZR6A,1,1,763
AFJTRBXMURLHS5EGNXLUHDHIZRFQ,17,17,271
AFJTXYGTP7UQGE7SNKSQNAFX23MQ,5,5,65
AFJVWLG3X5N75S4JP6YD3L3X5IKA,1,1,2733
AFJW22MEZIRKULPSUALY7PEIDIRQ,2,2,308
AFJYBVEQ7H33H37I7L62K3VVIIXQ,1,1,588
AFK2I7EJSSICSL2XMIHIL5YIHGVA,1,1,2258
AFK2IP4LQN3ZKZC55FVWKZ7WX72Q,1,1,2571
AFK2KFTFJV5KHPKTQINXEZVGBQQQ,1,1,3131
AFK3MUXLBQNB46UZ4BQVPYDQ2MCQ,1,1,2655
AFK5JCY35EJOQRD7WXWLKIHSLMWA,1,1,1543
AFK6R43UKGWON2XYKND3E4UXSLUQ,1,1,548
AFK7OYHDESSAWUPMYPOBUC7L4E3Q,1,1,2314
AFKAC3ZHOIK5BAQPW4W2V2P7DLAA,1,1,1813
AFKACPZLPON4JTXLI3H7UCWAU3FA,1,1,679
AFKCOIOFQPRWL3I4A5OQDDKECVOA,1,1,1884
AFKFBJ3ZLGYAUQYGW7YCIAUFZGOA,1,1,277
AFKFX7TCULLSYTJHVCNFIIQAB7CQ,1,1,3112
AFKGKGBBVS5KU6QMFGY2LCS2XZIA,1,1,1159
AFKGU4S26DZ5B2OTAS72FBAYNVHA,1,1,5847
AFKH3ZUWQBG7XTXBA6MJLPHU7WXA,1,1,2684
AFKHUTFTFFBJCYIOLYCGZDPNMNNQ,1,1,1976
AFKJQMCY3HIYNHN3FEMLQXPGIPWA,32,32,61
AFKKLSEAK6P26VECMU7HGZPEQNOA,14,14,343
AFKLAXFAU7AEOYJ4LCGUJIC2RJZQ,3,3,1520
AFKMEDRJ64OVJLMGIEFOZKVVDJPQ,2,2,1578
AFKNGFP66KO7454MGQPRRD7HD2SA,4,4,1213
AFKNVFEXRGUGJAGMENCOWLVDYVCQ,1,1,1397
AFKQ7HTHC5LYV6PPR7ZXD7QBIZXQ,16,16,214
AFKSXUF543QDK3LZ44ZGHQ2XUJ7Q,1,1,1396
AFKSYG2XHOCLCVDDKEZMWQTFFG7A,8,8,687
AFKYGPKF7DTI6U2QAV5CTVYYT6XA,2,2,144
AFKZDUEVDYUJV2PYLIMFKWIW2CZQ,6,6,1837
AFKZENTNBQ7A7V7UXW5JJI6UGRYQ,22,22,13
AFKZQNNOLA7TXYJ7ORZZ22XFZSJA,1,1,39
AFL2OFFLVAF23YDY25XSIBOQH44Q,1,1,451
AFL5LOO2ILNOXKAYVFCF7M2VCDMQ,1,1,1010
AFL67NQVASAIXDH2VPHA3LCYJTSA,1,1,351
AFLBQSNPHQKFHIDRZYBHICXD2X6A,1,1,1342
AFLDJFIGCSOZNOO7TAJFMWBOTNIA,1,1,2602
AFLDXCV6NW772XIGKJEDSTUT3QOQ,2,2,2788
AFLELKD65ZTBC4TE7PDTT2IDVL4A,1,1,5768
AFLELRUNMWJAK5WW65YGMTIVTENA,2,2,10
AFLEUJNQJQOYOYDUJ2PSZ4O2TUJA,4,4,2687
AFLEZ6HNBXY34AFQJRTI7T7AGGWA,2,2,1745
AFLGWVMNAKFSOPJNKKLYHP2F2IMQ,3,3,659
AFLJOQRAVS6KBZUWV3TIJUULOA5A,1,1,66
AFLJU7PMUR5CBDAKSYSNQQGM5KBA,1,1,845
AFLKLHWWA6JE5LBMJ7E7XMRVN7UA,1,1,946
AFLKS523NY36AY6WTAAKFAHYT7BA,5,5,3348
AFLMN2SD7GZDKACXL3GI3NCYCBFQ,1,1,1902
AFLPIQCVZCBUJF3BZGYH75VWV2SA,3,3,2257
AFLRC4EB3O4FNS4VCICJ4S22TQNQ,1,1,11
AFLSPFE4NYR7IVOP72E4X7ZV2ETQ,1,1,3607
AFLSY5KKZPWTEINHNYKMTKMRVPVQ,8,8,141
AFLUOMMI4GS453Q6DCIJFEPZ6W3A,1,1,2104
AFLUUTBWEBDKUKMG5BH3YM5OM7OQ,1,1,2849
AFLVEMK5QV73AU4A6BO3X5EFSE5A,1,1,136
AFLWQYLJQ5OX3YJEC4ESRKTGTJVA,2,2,1817
AFLX66DKF6R3H6OEOC3TIVAYXZIQ,76,76,37
AFLY4NJ2L3ZH7BSRAY754QUTR2YA,1,1,35
AFLYWY6Y4X3N3DPWU6XK7HROAKQQ,1,1,1559
AFLZMJ3DM4UQY4PC5L4XVOAXBCSA,1,1,2469
AFM2DSFXQRROQL75DRQ6J32PMRRQ,1,1,226
AFM3NVIT5GV4JZECXTOKGQWQGAWA,1,1,3936
AFM4HNRPPSTSWQNJDH3ZNAPU2TBA,2,2,860
AFM5NV37IAPIP2AZXEZTKP3BJWKQ,3,3,1129
AFM6RTI7O3HNJME57GMWCTPQQNUQ,3,3,17
AFM7HUKTSQAG4AW3WX7WVVHACQSQ,3,3,209
AFMHO73ZLBHUMB36EHB4GUFLM3SA,4,4,1215
AFMM5RQLG7N45RORJJF3TBJL3QKA,3,3,1543
AFMOHJOF54QARPV5DJNPJDN3F4AQ,13,13,1
AFMOJCLGXTSSJ3HAFCQIDDMEG6VQ,2,2,71
AFMON5DX7C33UTGOEIFTW4X2FM7A,1,1,3738
AFMPZQS3JTSLVLTHXH5Z6OOK7NNQ,1,1,805
AFMQX2KRQIMIDVPLR6GYVLONPXAQ,1,1,5963
AFMSOGF4XRTZLM33IXTULXOUYXMQ,1,1,2292
AFMSUJKT5HL5L6EGU32OKXCMB5LQ,1,1,1124
AFMUAGW4SBJNFDO7BQPMGD2WMCPA,1,1,2595
AFMUIT2N2L4JX7DK3RJKEG6YWGMA,1,1,3473
AFMUZMDL3UITNNJIVD56OMZXWCMQ,1,1,813
AFMVC4BYDFNQDNNGJJOIZQTEA3SA,1,1,1740
AFMVHT5HDBLRNEWMQXA4KUXODOVA,1,1,1664
AFMWCGYATA6WOAIT6HHAQEHEWTTQ,2,2,6594
AFMYNMB2GBYEFN6OAIHXF6AVYJFQ,4,4,218
AFN2SSNCKX5ESXL7CGMKZCTJTGRQ,1,1,691
AFN4CBF7K45NM7AC4OKGZ2Z2E56Q,1,1,953
AFN4JFDMHCUG5CIT5S7O3IN5L6TQ,1,1,2063
AFN4NDDAQTXAQDUUV4KWMQR5QMVQ,1,1,1641
AFN5NVRERAXUCPMBW7BO4RRQZLQA,1,1,3660
AFN5RPNT5Y6CSKFQGEU6IN56C7DA,1,1,2843
AFN66VCFBCTISJBEJ4IKYQEKXVVA,1,1,450
AFN6MLEDRC3QNPCFCPSCCQGQNO7A,4,4,2254
AFNBVEQTD74ZIAWOM6LH7TSTN2VA,2,2,337
AFND6LRTPYBYHVIQOLD6TI7B4K5A,1,1,2945
AFNEQKDVYISDAX242ZJZU5LFSRYQ,2,2,453
AFNEVDXPMUUXW3EIGVGCZKQRNBEQ,1,1,1859
AFNF2WEK5GCRYDRTOWBYTXTXBQPQ,1,1,4181
AFNFYPHHOYYU357WZSSJDY4SXOSA,1,1,2863
AFNH7W5ENRFRZX3Z2KP6OI67YEPQ,1,1,1
AFNITO7E5IXQO6HPU7CF3TDBGAQA,1,1,2518
AFNMEWWTIZR25B3MIGSPBONLACRA,5,5,171
AFNNIR2WSMXQ4F5CZCT4YM34OVEA,2,2,2265
AFNNJUFE43JIO2PZ3M3W67BFWJDA,1,1,1196
AFNOE72IGHPY5XTBEHKOIL4E6XVA,5,5,2971
AFNQQL6PA67ODXLQTKF4L3YM2TAA,7,7,631
AFNR3D5OZTV3AKQYJQRTKFVEEKZA,8,8,288
AFNT6ZJCYQN3WDIKUSWHJDXNND2Q,19,19,17
AFNUVPE7WLZAAGM534ZKYBAAUCZA,1,1,2261
AFNVVQHL2GOXIHE6NWWC3ZI3SUZA,1,1,1002
AFNXF4NDLCMPMAM57VBU3AMD7PHQ,1,1,2598
AFNYBJ7EWEBYOTQ5DAZIX3SPVJ7A,4,4,4494
AFNYI3KPK32K54NCBH5MMPQT2QHQ,1,1,2451
AFNYRQUQ6O4DJKKWM4YT2OKRFNYQ,2,2,3112
AFNZ22ECUMV7ANKZHFAIGVFGDI3Q,1,1,2500
AFNZ2BKU73XESGZ62ZQ6NIPPAJDQ,1,1,1058
AFNZHLVWANRWLF3N24KCMPOTYG2A,11,11,142
AFO2VP5GWU5PF44UFVG5HTOHYLHA,1,1,2937
AFO3G62P2JXCNMWZTAIB56KPG56A,24,24,540
AFO4Y3O3ONZKMT3LNYW7RKFRL6KQ,1,1,952
AFO5YJW3MGIYDHA3HHHAUS5ZAHPQ,3,3,434
AFO6QN6ICKWUFQV3UEWK5EECIQTQ,10,10,861
AFO7RWACXRPNINN7C7HG5CCGVMCQ,1,1,780
AFO7TPKQ2N45X75UKWC5RV7TKAUA,2,2,347
AFOASAW4HQGTIGDN6LSM4EDEN3XQ,3,3,119
AFOAVWO4MITHAYNENA6SLWOJZ55Q,1,1,1333
AFOBMEIH5TBHE2TTBKXW63B7QNUQ,1,1,4164
AFODRXNLEQI45IJTZOSHP2H2AMMQ,1,1,5383
AFOELOYLQUGV6UDAZU2YLAOVZ4JA,2,2,3002
AFOEUN2ZGL4ZAY43DYHRF6SENVWA,1,1,142
AFOG3AZFQLN7UKMC62P6TDAJ3VNQ,5,5,551
AFOGL6WXVDZBOLCJYF4AGP46543A,1,1,1847
AFOGWJCZMC626A5IBK32HEHZB4VA,3,3,23
AFOI4UM6OQFR5NC2PCKAIMSLTIBQ,1,1,2198
AFOIFH6R3T5HN3NIXH7YGUDJ2DFA,2,2,2937
AFOLQMVXM7ZRYERQ3JAD7JYNKKIA,1,1,61
AFOMMZPFMNVCAC6VYYGQPJSRZFTQ,8,8,78
AFOMPD3GFTVVGBHFI6ZWRYB3OSFQ,1,1,5867
AFONEWN6ZE6PEAO6W45A3A2KK5TQ,10,10,995
AFOOKIA3GO6ZQJDEVZMUZT2BYMNQ,1,1,1360
AFOROICAXE6G6N4NU4Y3G2XOXWEQ,2,2,571
AFOU3KAJIZ7YQCXJ3CJOYJ3J7GSQ,56,56,30
AFOUV6VK5HAJYBOOU6HLGZQ2JDJA,1,1,1103
AFOVZVBWKGGOGIABXBSIWGOO5IGA,1,1,3905
AFOXGPLG5WFK3D3ALTCXFQNPWZPQ,3,3,676
AFOZZCGRU6QG4XA2LY2ZCPKYVOGQ,2,2,549
AFP2WI7HGB6WFZTRRJ3G4YU4YKCA,1,1,3379
AFP3TEDZF7GCO5BPPZSI7YDPVIVQ,1,1,3401
AFP4PCVJ723ZNLOS4IPWVLLC3T2Q,2,2,1266
AFP4QIHNSLCZRQOJBVHI26MTIK2Q,1,1,1164
AFP4XVTNWUOJYDJBW3SVFDH6ZMWA,2,2,3483
AFP5QZ4TOGDGN7IAWCGYEKCNH2RQ,1,1,329
AFP635WXWWJDGQW4KCPOSJBN64OQ,1,1,1916
AFP6NQEUPGXF7UEQUXIFNMI23QPA,1,1,1661
AFP746DEQQ5CXUJJHCI2GUSX4VCA,1,1,3681
AFPBTK4XMHY7YEPVLM7LWU4WL4WQ,4,4,103
AFPBVAEV3FCQOHKJJGAKQLZLTCZQ,15,15,732
AFPCVPIO7CQ4O4L3MOB45MOTUBQA,5,5,2468
AFPCYJ6AE7PEMBUKRSVQ2E6RLAAQ,1,1,6192
AFPE4CB5IUL3KSG6V7457Z4MXVNQ,1,1,1913
AFPEDLJK47FSAQF5BN5XFHGL3JSA,1,1,1738
AFPFKTPZFYVN2F73WQELAIM43FIQ,6,6,753
AFPHB3EWV5G6DRPMZGJAHWOJSSTQ,3,3,267
AFPHKIJFGIU4G4POXRFCEF5RJJHA,36,36,49
AFPIRNSJ6DI4QWTFO4SCB3RRPCLA,4,4,2229
AFPIWRC7U5TIT7ZTT67WUPX37HTQ,2,2,856
AFPJ6ESAD7JHEKX2UAR2ZGFAAK3A,1,1,2873
AFPJCGADRTQ4QFU26KTSIKDAXPSA,1,1,811
AFPL5NUU3K3YPT2QXAL2MDDQCL5Q,1,1,3037
AFPMM6GCKHSMTND4AUHR7D6WZBJQ,1,1,2041
AFPN22U3CZFXYZXJ6JQJ5MWB3KKQ,1,1,3783
AFPNB5ZH3BCJBHGUZOOEAJLY44YQ,1,1,615
AFPNFXLGPX26UPTSXTVANX2TOAYQ,1,1,1243
AFPOVAXL53UGE4KRXFP67W5OINBA,2,2,5667
AFPRITKDXFXEHWGCVZ76C7SOUTMQ,1,1,1544
AFPRXPADBCX62WKODFJFJ2A5RLKA,1,1,3492
AFPTBX44SVSUWJX6A72C32SJJKOQ,2,2,592
AFPTM2BBYFZ6EYXS73Z32HWBZKDQ,8,8,702
AFPW6F37BEJYXBOK6JPXQNCTWAAA,1,1,5662
AFPWBSOHU5ZRH5WZX5N63HBD3CVQ,8,8,173
AFPXW4XSAWC6PJLRPU6TS5L56SWQ,1,1,1330
AFQ45AI7SSTOBIIJV5HWIH4QJLXA,5,5,1969
AFQ6XXFJ5SLTOCP763DJ3YDPATAQ,1,1,3027
AFQ7WYW4KSH4VI5OVXCP2GV6PBRA,6,6,239
AFQB56FVNI4K6LGR56BUONFAMEAA,1,1,1450
AFQBAAAFLJAE4BLS7RBOBGKLYI5A,2,2,1609
AFQBJ2RR4STUWJ5WKVC2XJGER2AA,1,1,3124
AFQD2HCDJQN7WFG22WDNVUE5THRQ,1,1,550
AFQDMJM34DLIV4SD2SKVOOI2O2XQ,2,2,867
AFQDX4KZ5DHWGB2US6IBC7VMBK3Q,4,4,1509
AFQEEB5BLBR2F27EZVGKBIKYTI5A,1,1,2233
AFQFQ5HIJW7UOFDBJG7FKL2QJDYQ,5,5,648
AFQGQHFY3WYNV56UTODSIGFPKFLA,1,1,1420
AFQGVYRETSWAXYNUD3VZX3BOKTPQ,4,4,2321
AFQIVYHWA34H6K3JDVAOYOXH534Q,1,1,1563
AFQLNQNQYFWQZPJQZS6V3NZU4QBQ,7,7,241
AFQMLIX2OHJTWZTA57WTOSCP7QVQ,1,1,2157
AFQMW57GEUJGFS6RKLFFPDRNAQFA,1,1,694
AFQN4IUBJFROO45SVZPGMLP255OQ,1,1,2407
AFQOWS53WHEFRW2W6AWOQ2MOEMZQ,1,1,4380
AFQPFVN3UYYBXWHZDX4QH3YPA6FA,1,1,1541
AFQQQ5LGNSQUEBGDCYBAZZE5T3DA,39,39,704
AFQRHZWGBWP7YYJFRDBPAL7WA36A,1,1,1965
AFQRTCWQB3YBSWSLN6VK574R266Q,3,3,373
AFQTFQ47OA2VE7DO3DKZQR4EK57Q,1,1,2249
AFQTGNTKIKCYSDA4VJQM5ULT7DDA,1,1,699
AFQUQBVD32BYOVYEOTGE4XEVGAHQ,1,1,7
AFQV3KHSFDO375DPX5RGOLY2L4CQ,1,1,982
AFQVUPQAGOUMZUDTTHVQRVGFEZFQ,1,1,1352
AFQVVOJUM3PRG4UD2WU5MJ3JAMHQ,1,1,3048
AFQW7QX2DREMFPK5WSMQKG27UOQA,3,3,1004
AFQWP6G73QDAZJDGYQZGSMRWJU4Q,1,1,232
AFQYALWXI54HIEQF3R774L7F4V2A,1,1,973
AFQYT7EAPIHCFFCHKNSOSFJH76KQ,86,86,18
AFQYXWEOPSBCMIPRFS6UZCWLJ3CQ,4,4,685
AFQZDTGOFXWVYVK3GKDWUKGDMBLQ,1,1,717
AFR2UI2WWR6J2JZM24FBR336Z4MQ,3,3,309
AFR3UUB6F6CZEGL6TEFMWO6DO42A,1,1,3447
AFR3UV6CBLKVE2PDOUXTAKRFD5UQ,1,1,2989
AFR45QOWJ6GIBYF3MP6W72RZNJPQ,1,1,2901
AFR4MDCNV267F7DBBR22SJG5FZYA,1,1,4828
AFR4OP5K2FXY2NNCIORWKVQZCDLQ,1,1,1510
AFR6Z7GDY2L4NCKQNCLJNQNUKIYQ,1,1,364
AFRBUI2CROLJWEWOR3F7F6ZYEAPA,1,1,2018
AFREIHMGTS5WYJ7Y4LMNJNVVRUIQ,2,2,691
AFRFE674WE2SM55QEESOCAWZDGFA,1,1,4116
AFRFJRLOBITTFGMAM6ODSGLIJJEA,1,1,3211
AFRITMS76CZAZJKIRDQ7FC5MMXZA,1,1,1635
AFRIUHBUT3I62AG63WOJ6GO7MK7Q,1,1,2289
AFRMQTSZ4M7KOPCHGYXKLRPKFYIA,4,4,69
AFRPH4LO4KG4ZSTH3Y6VPDFJYE7Q,1,1,5511
AFRQODQXI2ELG5TWTT5SSFR4WBRQ,4,4,444
AFRRY33UKK3KLUJXWVA3OXLAJMEA,1,1,3754
AFRSJBVHF66WZ4L354MAELPAYKGQ,1,1,2919
AFRTHV24JEJE7DISYXI4BC5YB3MQ,2,2,1256
AFRUKJALGRWHYX62JSXKKTGXE5JA,1,1,122
AFRVV3L6CJUHLLKWA3PIG7JCYJQQ,6,6,1131
AFRWRFROLSWDUPFVWCWLMARPVGJA,1,1,753
AFRYBB7TDBHOLAVGFZM6D7DDG46Q,2,2,610
AFRZ3YEUSNVS6THSGMGSWWCMPJ5A,2,2,289
AFRZ447WPUXE2XSWVHDJUD3ZWXIQ,1,1,2585
AFRZT4CA3LWX5ITFOWONN2KPKCFA,10,10,192
AFS2U7T5GP5RNPREZ3WAC3RRWCTQ,2,2,692
AFSATLEARRYBX5ZD2LLNU4TGY4EQ,4,4,541
AFSCQMP2EPYLGJN7OBTMEXCBE2OQ,58,58,10
AFSDTNTR5DVFLBWC4Q4Y5SNG4TFQ,14,14,15
AFSFAFYKIIDU2A7ZBNSXTKTVIJTA,1,1,2394
AFSFXIYYZ5MNFJHEX3QHKWPK264A,2,2,3363
AFSG7TRHSOHNXHAWKTKGPTRPHKVA,1,1,708
AFSGQCEINAGMWU3MAZZKWU2UGGKQ,1,1,139
AFSH2ADUKP7QBX2P6BCWUKZYE5NQ,2,2,2259
AFSHBL3LUTLGO3UJONM6LVEJLEQQ,1,1,2294
AFSHD27Z7NWMCD4LUS4USMNFUHLA,1,1,105
AFSIRXNII2NO5ADYAYU5VGJ4DVSA,4,4,410
AFSJGCYOYHJGG2VBYGB7WLKHQ37A,1,1,3595
AFSJRGJT55NS24HBKME3IGNZ4PGA,11,11,38
AFSKPY37N3C43SOI5IEXEK5JSIYA,281,281,37
AFSLJXRMFXVP3IR4ZIXQERRZO3XA,2,2,5367
AFSM7ESAI3BK56XMWJRVCZRYCS3Q,2,2,885
AFSMHCVY3AM5OWPJTPEDBXIRTR4Q,1,1,3257
AFSNGBROR4NUCU6UQCJBB4VEJOPA,33,33,14
AFSQODWB3COZA3NW445UC3QG6KHQ,1,1,651
AFSU2WP64PLAYHJKRHORUICXFFCA,13,13,839
AFSV637IF56HT53U2RJ4DV6RSVHA,3,3,528
AFSWT22BABKEAANIPCAO2DUDVAUQ,1,1,2383
AFSWWYWKSZBJVKWZNNWVAZOG7IJQ,2,2,243
AFT33VUS3ZFGIAHGRXAZWBA7DD4A,9,9,2368
AFT55RTC3WI2OGPDK6ZZLQOVJFZA,1,1,1412
AFT55VEODOLZZ5KXVSUFZIWV6CBQ,1,1,1106
AFTC6ZR5IKNRDG5JCPVNVMU3XV2Q,17,17,465
AFTDSPCG32FV2VPWLEYPDQARTSQA,2,2,701
AFTFDIQUEOTOEPOX7RDKIAWLC3RQ,1,1,1280
AFTG36MRC5CXEBIRIRSMZNUKBJFQ,10,10,1464
AFTG7W3AJ5DM2CCQWJLOJWL4ETKQ,1,1,179
AFTIM4OKTMFNKK4BRL4GNDHMPFSA,2,2,225
AFTJJTMT7S2GWKVSRAKO3IY4TUUQ,1,1,6361
AFTLB43X76QKXWYYG4J6KKKGD7QQ,2,2,150
AFTLTH2ZDYNCDL2VPKZBTF75RKTA,1,1,2478
AFTLUVGQWKW6XSQ5TB6UER5Q263A,3,3,227
AFTMEJZVNY32NOSXQU3LB6HZD7IQ,4,4,2242
AFTNPJYJYTKF27LQKDPVTBHENBKA,2,2,2416
AFTO753L3RBCKK5O6VZTSAYOOYAA,1,1,7895
AFTP6HWPRLWRFVVRP65WD7OPCHXQ,1,1,2663
AFTPWW67O3POISX7RO75HMRHQL3Q,3,3,1578
AFTQMFNQNWDTYDQDF3IC4W7TLVOQ,2,2,650
AFTRZS3Z3OLZYHXBRQPLOKFV4RGQ,1,1,2380
AFTTX2A3ZJPLFLMBZL3IUBUGAI6A,1,1,3187
AFTUR267URQRM65ZFY322SGQ7KJA,2,2,1140
AFTVZ4JFSEWQFGPJJ7VUG2LCSAHA,1,1,665
AFTX5XGVRRUV7H7LJ6MP5LVDX5PQ,2,2,709
AFTXQF7EBQSGHI7URCWUHW5LEHTQ,1,1,1540
AFTZ4DDX3WPX4XQ4WUHU5RDEUFVA,1,1,539
AFU5KXXFSVIZLVR4C2CYU3HMK2OQ,1,1,3114
AFU77WPOVDJWJ5TT55AV7GUOQ2AQ,5,5,377
AFU7EVDOO4TIPZUAKOHFPFTG7OFA,1,1,2417
AFUB7CHTXRPD447QVQCHBZVN2IPQ,23,23,239
AFUBQWBW7BUAEFDDGBHFIUDGWK3Q,1,1,5795
AFUCTUJ63B6QQMGFJLJARMIMGPIA,1,1,1221
AFUDWIMEA2LWNVEGMVVEOXFDBZTA,12,12,42
AFUEIH3ZQSMUFHD5QYA3FM7IWZEQ,1,1,3152
AFUEQBZGK777OQIPKCIGQKK53MDA,1,1,2015
AFUEY4VM2YWM3AL3ODNGIHEKD3UA,1,1,2620
AFUHTRC3ZAQDQCFTV6PS3NEGJHGA,1,1,1239
AFUI76XKYNCVGJGRW36E7RJH5XYQ,4,4,2236
AFUJKVQEP47ETYUNHAEFW6VJPTBA,1,1,2165
AFUL3FLW6IDSNCAJQPCOPMBCIIPA,1,1,443
AFULFJKOH3O25XBT54XAP4WSGG3A,1,1,4142
AFULICIEPKGIYC2SRV5YN7ZAORIQ,1,1,1602
AFUMP7GO4PZ3S6DLUBFPX6OK544A,6,6,687
AFUOEWBD5Q4WDQWKZ4I2PACGG7RQ,1,1,1633
AFUOJVLKDMSETEHFWQV3Y5QKU64Q,2,2,196
AFUOL3UH6FR22IH7VGEIWWKK7KVA,8,8,1733
AFUOYIZBU3MTBOLYKOJE5Z35MBDA,13,13,513
AFUSHNNLRNRO7Z45ICYGVQ5JU6EA,1,1,2857
AFUSWNVA72MMWHGYWJ652SYX2JJQ,2,2,2492
AFUU6XU234MPQHFZZQF2LSHWPZDQ,1,1,1305
AFUVLAB3XMV7KOPMH52DWJNRRJBQ,1,1,2843
AFUY5OAE7UHKPSUAWSIV4Y5CDDBQ,1,1,2916
AFUYKPKI3DZ5FHBQRUWFDYKUOBOA,7,7,588
AFUZ3HSONK4B6QP62HWG3IQSA3IQ,4,4,2161
AFUZ5E7QAHSVTLIY253GFAYZPN2Q,4,4,577
AFUZAL2CCOB7LVGRTZL3NMY2WDBA,1,1,2541
AFUZG4S57VOZIENQ5LJHBPEO5T2Q,1,1,3638
AFV22L7AEKI2LW6HMLRLUKNYVBGQ,44,44,96
AFV2BXTNV6XJ4BSUQ3SO7KU2DV3A,4,4,247
AFV2WGGI3QDG4ATVHYAJ5AVWORXQ,2,2,662
AFV34NH3TBU4SQPR7GTJEAFYGKJA,2,2,2449
AFV5F6WO2JX664SF6KC2YNW7S74A,1,1,1622
AFV6ITAVNGPWXSUOSQGHIAL6XRCA,1,1,2213
AFVBLZOM7T7MR4IDBZSYYA3USZ6A,1,1,2831
AFVBRJC6HLAWP2YL25JO26PE6VWA,1,1,1232
AFVDCABSBLUD46YMYSHPXVHAGC3Q,1,1,4753
AFVDINNYZ3KAC3SKCYYFAB6EI3RQ,3,3,1447
AFVFFSHYMKHMQKKYQIHE2IDLPA2A,1,1,2434
AFVFLOD4M7Y3LOVDOYOC4IL34XQQ,1,1,2357
AFVFZ7B6ZKQ5ZMGI3UTAXDW2NLRA,1,1,365
AFVGL7HOHKHSR5N3EUAVLYSBZCTQ,16,16,126
AFVHGFX2RLJ66WW3BRY25OLNK2PQ,1,1,18
AFVHJ6WOYXAFXPKYKG3JBSX23D5A,4,4,68
AFVLDYB5UOMWSAAJ4TUTQAZN32XQ,2,2,82
AFVLSLVYPFC5ZQT5KKSJRNFFKQYQ,1,1,1722
AFVLUOHDJL6SDQ725KU7LYBGK46Q,1,1,2261
AFVNEEPDEIH5SPUN5BWC6NKL3WNQ,14,14,75
AFVOEH5QKPSJEK4VMWS4GUWCZ6SQ,1,1,2535
AFVOXZV56LIZ2XJG4L3XRF2ITYUA,3,3,1135
AFVP66AZENGK2SKTLADNPJGIYPTQ,9,9,369
AFVQTQM23HW36W655KNBHZKAUPLQ,2,2,3550
AFVRQVUCVADWFFB7U4J5ILVOEGOQ,1,1,1068
AFVTVAR5V6XKWMVHARHZXRCOSHIQ,4,4,1189
AFVVAWYOXQK63S7ZDK5EZGNM4LSA,9,9,2069
AFVVXZ2UVRM2KT73SLGNVZYUM2PA,4,4,955
AFVWRJSFTXSLWZUPRKKTVPY5JQRA,2,2,1191
AFVX7R6QEFN757VJJAHIJIZAEIXQ,1,1,781
AFVYSMFSLQ72KM36STL6FXLDMQVA,1,1,2859
AFVYUP667HX5PIHBJW7WBVVFHZVQ,2,2,32
AFVZ732L42ANKKSNKE4UNPI2GTQQ,1,1,2506
AFW2PDT3AMT4X3PYQG7FJZH5FXFA,623,623,61
AFW4FXFFDVKGQMSGIA74HUKKFNZQ,2,2,853
AFW4PPP2GYKKZW2JXAGWC4ZBOIGQ,1,1,3450
AFW4XOXE6A2J4FLDS7ONEJZEUAHA,1,1,2820
AFW55Y3JTHHHZXTKOFWINTSJIZIA,1,1,1658
AFW5WQNZAMTNKQITLSP2EBDVSKWQ,1,1,2629
AFW67E4KVDFRUYNPRI5ANTQWEQFA,1,1,3225
AFWABVKN2DNOHA3H6DMIN3WJYXLA,1,1,1667
AFWAXSLBIVNLLSKAKEXZWH6ZRFIQ,2,2,3084
AFWB27GHB5LSZCAZEULWVTE2YO3A,1,1,1994
AFWCNCO44IOXKK6HAXXPZWQQHAHQ,1,1,255
AFWEEHWSXZG4LPIMBA3XYJE7R2VQ,1,1,2906
AFWFFYN33BTY6NWWDTPEWQQBYDUQ,4,4,486
AFWHJ6O3PV4JC7PVOJH6CPULO2KQ,30,30,305
AFWK5HW3FB4HNVYJUHU5ZW7NPCYA,4,4,574
AFWKMTS6HGPLGCF7XA7PCPM76ITQ,1,1,5797
AFWRGOGF4AI2IHRX7KZ2IYL63RXA,12,12,241
AFWRW32IAVMIN5I4GFUSDRLBZZGA,10,10,49
AFWSWV6JG6RC5V6XEL4EXW4KKQBQ,1,1,2305
AFWTME2ROGUQI5J5FB3DWCLKZNBA,14,14,242
AFWTT7HY7QEAGHNGQKUNPAKGKCQA,1,1,354
AFWVN52MRBWOTIK7UGXBWGOY4HBA,39,39,890
AFWXGZWG4TOCWAGDQSUUKONXVVCQ,1,1,2483
AFX2DJTS22HUXFZCOAK6OTHEDTYQ,1,1,1787
AFX4ROM4BGEA6KAV6JKX2CDVPP3A,2,2,4251
AFX54TU2SL5JJ53SZ72G6PEMSOOA,1,1,1579
AFX5CAKRRP3RSR27ON65ZRI4SXMQ,1,1,2594
AFX5GCBHJZRWAIDMOJQPLQYQIT4A,3,3,51
AFX7DU23Z43UGPBH2TCSCQFU2SZQ,1,1,1129
AFXALFIRQPYVRT5RP3WTD2Q4WW6A,4,4,1039
AFXAX77UJGWZG2JU2Z52CQQH7YAA,1,1,1251
AFXDYTFXJLX4YG3UD7W23W7Z5Y4A,19,19,91
AFXDZW5H5LXQAZU7TM57Q25V5LQA,1,1,3361
AFXF2A2PAFC2ZP6NG6VQOELRHHAQ,3,3,933
AFXF3EGQTQDXMRLDWFU7UBFQZB7Q,19,19,204
AFXFEXKD2XNGFLVJ2MMAXNYJSDAQ,2,2,1541
AFXHSWTPVNVZMQE7BZUEZF4OZHMA,1,1,3447
AFXIUBD7MXOW6DBKXW7L5UKBM4IQ,3,3,175
AFXKMVUEARVTNAAHYLF4ABKOILFA,1,1,920
AFXMK2IQCHI3APYUVZ4HRDXIJJJA,1,1,4245
AFXNV267KBJBGT2MFSCHYAFQ374A,1,1,1493
AFXOCOWM2PQ754R7QUC3EMGIOADQ,9,9,106
AFXOUPWEYPJDJRWMANPPBIVECPLA,1,1,3602
AFXQDJLOL5GVFJRHGTU2LNMZHEMA,3,3,911
AFXR7W6KTYBKQO4KH2NYV3UOEH5A,1,1,599
AFXRCMU3XL62EBWBP7X52ZO5E2KA,6,6,861
AFXSSG44WLADRXCGOAQPBIW6L4QQ,1,1,2450
AFXSTX2BS3VYZDUVT7XMYDOARDXA,4,4,143
AFXT6QE65FLBETAO3VNEDARUI2DA,5,5,187
AFXUNKJFY5ERNDCRPH5J22372ZMA,11,11,323
AFXUP4WWKENB7LAW7SXIWSEYMH2A,13,13,139
AFXVYJDUZ3HLSA5C3EDTJCWDNSIA,2,2,3045
AFXXUSAEIK5VJPDSPSE3W6CMQHZQ,1,1,2678
AFY3BPXSRDQ2R32A42JJY7HZMJGQ,1,1,2575
AFY3UMP3NES7ZTYNG55CSYFKE4IA,2,2,2663
AFY4R7XMEMOPPE4XIOJ7AGRQTVSA,1,1,389
AFY6NMFTXXN7AL3NSMJ3GM42Y4CQ,1,1,2050
AFYCVOWPEIUNDIODFVICC7ITNASQ,2,2,792
AFYE7WI2MA22IZZO6SXNM3AQRAGQ,1,1,1201
AFYEGLQ6U4TTCG36W443KAWFNBJA,3,3,1272
AFYEQGWZLEEM3VICX4K7GEITCNDQ,1,1,613
AFYI3QUQRIF2V6K5SQ5TFEWI7EGA,1,1,2514
AFYKPHVGG43S3P4YMVSICBMSA5QA,1,1,199
AFYMNMPJ7TCETT3PK55JBS57I6DQ,2,2,971
AFYNCUNHKHRPPUOQSQEDJLSIL74Q,1,1,3846
AFYOZ6GIVSYHLH4OCRCFDESNIATQ,2,2,2194
AFYPRMPB3XQUHB7ZDJ2NVZRVRQVQ,1,1,2209
AFYR3MTNDZASRHNYX3SOIEPUSFNQ,4,4,2039
AFYSLPBHHOX43I7UNIIXIE7VD4SQ,2,2,2802
AFYSWCXEGLPB2Y3RL323HFLGMT4A,1,1,1290
AFYUE4KEBHOHSVH6QG7DGLE2YRXQ,1,1,1609
AFYVDYPYTX3YUFXKX3WJLAEJOQXQ,14,14,33
AFYXWRH5SULLY46JOJBBC3P6RWBQ,3,3,3067
AFYYMPUD6YQE23IA4MRYA4ZR3MMQ,1,1,2344
AFYZ6GKRPEFTKYEHUOSTDR4CBJJQ,1,1,808
AFYZV2HD2I4TADEMI5QAQ5AGFFGA,3,3,1376
AFZ2WFNVLG46EXHEF5AEG4LNR5JQ,6,6,516
AFZ4C2QTQZ6QXPSTWCAISSXRUJ6Q,2,2,1338
AFZ4G2LPX27EYRV4BD4TP3W4ZXXQ,1,1,2227
AFZ4GAOLMHTZZLHY5ZAZDC4VRTSQ,2,2,3556
AFZ4H2HBXTMHVCZEBTNJP7W6R5LA,8,8,497
AFZ5LNTQPR45C4MPRYIEFVKGI4WQ,1,1,1762
AFZAVVJSYQL5OUDHGT5MFO5KJWWQ,2,2,3011
AFZB3WNDA3IKBDZIW3YH4KANAI5A,1,1,844
AFZC3UVPS3YDTAVOSOMU2A5SANMA,1,1,1816
AFZCWIOD6EICPVQSSFO7YX6N6YWQ,1,1,1561
AFZEWKQYA4ZH6UUJC27BXONQM6DA,1,1,119
AFZHB636MCCJNJHINABLEUCMQVTQ,1,1,1885
AFZHE5NHEVDX7KVTV2NSY3FA4XWA,4,4,1023
AFZHGG66WZRBIJTYPCHDSHY5GIWA,3,3,298
AFZHPATMBXNNBDADBUAFAT4ETAEA,1,1,2087
AFZHVLKU2IFGM26MNHEHZV24MVLA,1,1,1366
AFZI4HCFSGEXTEZAG2VICNAQTZBQ,1,1,1936
AFZK2BA7HVTZTYYVBQ6YYL5XPWLA,14,14,893
AFZNUOLBP4VX46FPIMS6R7TPFPHA,1,1,3565
AFZPBQFGXJE7YVGVOCQ3INMCI6JA,1,1,683
AFZPMWS2IY6WSK7O7F5JMOLM4NRA,1,1,2587
AFZQ4QEIYOYSZK6ZOQW66XOQ3GIA,1,1,4130
AFZR3DMRF5KW3WM6LVZ6SGSBGQXQ,3,3,338
AFZRBHATWMMOZ75SQMQGZNOD7CRA,1,1,904
AFZRGBUVYJMAM2UVML42IFJX3VQA,1,1,4555
AFZSAYNMKDTQVOXQW2TCIGBR7RHQ,1,1,285
AFZSK2IFCP3KOE7IRNVSE3C3NKVA,1,1,2016
AFZSZZURRC4XKKBIBHSIQFLXCOFQ,3,3,162
AFZTOO5BBNV4F3Y7QJACBRLXAJEA,1,1,1870
AFZTYHXKI3CKU3S7OO4CADH4OEBQ,1,1,29
AFZUK3MTBIBEDQOPAK3OATUOUKLA,1109,1109,18
AG25ZASYXSIF666IYOAOXJTTX2WQ,1,1,1986
AG2BJOE43JDTA64QMYS6WLUS37WA,2,2,637
AG2C5BVJIQA5DQUAONBZBINZSYEQ,1,1,2160
AG2FJHNU5Y4HIDFK22Y6EJDFZ4WQ,1,1,1361
AG2IOTNA76CJWFX5IURRVMJWVVBQ,1,1,4124
AG2JBD4NI56SYO4DFA3HJIOUWZHA,3,3,312
AG2L7H23R5LLKDKLBEF2Q3L2MVDA,12,12,28
AG2LKLOEC5D7YP6VJNWU3IIIHERA,4,4,2387
AG2MBUI55GM2K4JSJFBTC26FXDMA,5,5,240
AG2MOYLWZ7VV33MY66YL3IJ7HI4Q,4,4,308
AG2NK3JFSVD5GLZUL63LKXGORPUA,1,1,2176
AG2NOIYXWRLBHPHJBL2S4D7T5VIA,2,2,740
AG2R7Q3QDT7QMPR27PFV36V6BR7A,1,1,324
AG2UEDPK43QC5AU6HZTCBANPW2FQ,55,55,26
AG2ZGWAGJOGZN22KZ6CHW62URNOQ,1,1,199
AG32BO2VHFQML455DFYN55LRTG4Q,1,1,1004
AG34ZX3BZMU2AB63EMR3327DJNWQ,1,1,2477
AG35BKPUEUMX7LV5YLOQ5YCQ3GOA,43,43,6
AG37FXF32G5JGPGN37V6WAOQKUBQ,1,1,3578
AG3BG6PCNVQKVYNWHT7IJHEKUQAA,1,1,651
AG3CK5SCLW7IHASZSW5I52W6VQDA,3,3,678
AG3D23KNXZKTXGW2BNP6IXS6YDQQ,1,1,1657
AG3FZ7ST6C2R77BP2O4JMYRQ52MA,2,2,828
AG3HMLZJHOGT7PJQX3KGGHHC3AEQ,1,1,3075
AG3IIIN4QARMCMYS5TGLZUZ4HRUQ,5,5,101
AG3J2ECL3DW3UPGGPX2TUF7SF5AA,1,1,3037
AG3JJOGV4VW4LV4OR6UB6N7NPLEQ,1,1,2714
AG3LKHMZRLJNHARYZDQLZ7XDKYEQ,1,1,1450
AG3OMNZUNUF3QAFTI4FVLTXTFXZQ,2,2,335
AG3OMX2OKPGW6HEMNPEVIP7CB4HA,1,1,269
AG3PLBKYS3Z2IJHOBNCEOM4SXAYQ,5,5,606
AG3S4FROO422V5KP7DJCBXVUQLJQ,557,557,2345
AG3SP44WMKMFLUZI36G3P3HBCVWA,1,1,3844
AG3V3SP3WZANUQR6GAAKMCWCP72Q,1,1,3753
AG3VSNBVZL5UXFTFFAQMIREN26AA,1,1,1814
AG3VXRJ5OUQDF3UAEOEIIZ6Z5Z3A,7,7,819
AG3WYLGVKWBLBYL5UEQOKD2KVDFA,1,1,3475
AG3XU5GJ7ATYTRQ3664DTIOF2BRA,7,7,612
AG3XVMSR63FRTMHFIACPDO7OYZDA,1,1,2968
AG3XXUDFM7GM2H65FLDBSC4ENYBQ,1,1,3735
AG3ZLSFL6WEHCXA2SETWSPPDGTVQ,1,1,1847
AG435XOKDSHTIJNM72GXXGZ2T7JA,3,3,2445
AG4363JLAHPMXXRDWLELC7CS4KVA,1,1,1661
AG44DQLCEHRU62BFWBHDAIIHS4XQ,10,10,331
AG44FSSBEFC4BCDOIYRLVYVK6PZQ,2,2,6205
AG46WWUBBVHZDPXJ5ZRDIKGHQLUQ,2,2,947
AG47HU3MDS5O52R7Z5SRZO5LWX4Q,1,1,1312
AG4AY3ZUV6CCSV3GPLIB4ASGKCYA,8,8,622
AG4BBARVNO6VTOC654NFRHDCER4A,1,1,128
AG4CMACPLR2DPFISKIUJ7EG6OMYA,2,2,2211
AG4CMTXPGODUYDK466SGORLF4MOQ,1,1,848
AG4COLOHCLHWUUYWCZ77TPJLE3EQ,30,30,1072
AG4CZLNP6BBFS3EHZD523FWY5WEQ,1,1,2765
AG4EATR4WL4QOALBK2QV3T5CJVSA,1,1,2496
AG4EMCK4UVIBJKL7DR7ZHTF7CO2Q,12,12,242
AG4FRNPMHSM4HS2IBC2H5B7IUQDQ,1,1,4566
AG4GRM4E4LZBSQNUBEQ2LSNNJV5Q,1,1,1745
AG4GVZM7SUDK4REL56U7DK4GQWKA,1,1,111
AG4IBL6TDT3RZJRIJMOFL2TGXJGQ,1,1,2423
AG4JCTFIA6PZNLS6QDQAHSMZMF3A,1,1,2031
AG4LLC6OSJUW7MTIZE4G332S5MYA,1,1,3017
AG4MIJDYTNWORGOKC2K22CPHFODA,10,10,39
AG4N4JABA6W7WTXO46RJTBAZ573Q,1,1,2813
AG4NGLW57WS4PMTDFVYYICYXMLMA,1,1,799
AG4NTS4JQDDFHSGS4233TNBMXNNQ,1,1,3638
AG4PYEKPTTEMMWBRIXTC2UAVWQPA,1,1,3002
AG4RDNEXBUS7SKHLYCZHG2Z4FZ5Q,13,13,194
AG4RU5SMNCJ6TBCVN4M6IKY6X3PQ,1,1,2881
AG4S3VMKGHGEKQIRVNC5LGOFHRIA,1,1,3118
AG4S5RCVIUSITJI2KCBI6W2VFGMA,1,1,506
AG4T2QLCIUPQHPZDQTGQOIQOQX7Q,6,6,280
AG4TV5GQSCCDIQU7NCU5WSHVEAWQ,4,4,1275
AG4UY5TXNQGJEGFB3Z3U457NFKEA,1,1,4364
AG4VTWACVROUOA2KBR5WMK74Q4GQ,1,1,1918
AG4Y5I6ZSKGBY43KKNIHVOMBNW2A,3,3,124
AG4Y6GHCUH6T352ABJ6EUNEPGJIA,1,1,2871
AG535JFIAGQV4CY7TREDVYPDNGKA,3,3,737
AG54HW54DL4HYJARBLCRETL7L4YQ,1,1,3722
AG55FRTLHYWH7LACKFHHRATAHPLA,1,1,354
AG56IAC5WMZYNSRHULIBSMRVFGHQ,1,1,5346
AG57CQ6P4QWYMWUV6MTAOETUKHTA,8,8,174
AG57WKP4UAON47LATKVUWCTW4DDA,1,1,1105
AG5DTPDJ6XF4EU2LLSFHPJO4UZEA,1,1,1946
AG5ESK2B2EL7CKQC3QC74UQVKNYQ,3,3,94
AG5ESKHGJ42U6Z7D7I6FJ3OZ56BA,2,2,1021
AG5FGD5Z74CTCIWMMCSR2AQ7CM7Q,4,4,687
AG5FGEYGAMLVI7NOKMXL7ORUZNDQ,1,1,369
AG5HINCRUM4HZ5AG6GNREUGDTNXA,6,6,704
AG5HOQN6X5G5IN5F2XPRAFOEYGFA,1,1,1719
AG5IX5MH4TBKUEHMIQ4ZMNSFEFLA,3,3,2425
AG5KDDU7RCGXHBA6BPPXXW3IP6UA,21,21,29
AG5MZAXLQHADZ3UYXZQGVNFEJZ4Q,1,1,2119
AG5PZHKBEOMIYZCNUL7S6FOJATYQ,2,2,391
AG5QC2TGPZRTGSNFVFSLXDHG2ORQ,1,1,2848
AG5RBZZWD2F6I33DISMD2JHJSV5A,1,1,2912
AG5RCAVKSAKDXA4RRARBMUKSSYPA,1,1,589
AG5RLYHH277YN5CG5UIMLHMG4XWQ,3,3,1278
AG5SPXKXC3M32V7FSF4IAZRCW7VQ,1,1,50
AG5SV4UPCDKZAVM2SOW6CSWR4EKA,3,3,4475
AG5T663F5V7WASRHQSWDX6ISGWUA,1,1,763
AG5T7BAPUYBT6LE5FSBDGUE6ZCXQ,2,2,2804
AG5XGWBUVIQWZBR2CSPLHNBGINLA,1,1,703
AG5XOMIEGWTQKCHPGS77VKDDYUOA,1,1,2768
AG5Y7PRM4OD7TC23Q6S7KMNL2XNQ,30,30,131
AG5YNREZVJP6XATLCKEM4NTGLICA,4,4,332
AG5YY4OVNFDHJV23F7PFXV3FHAJA,3,3,1441
AG62SYAV42JMDOJV3DO7NSI4TTBQ,1,1,2612
AG63IU6BFAGO3FYPMUOAULVTHGMA,1,1,2003
AG66YLW2OK4E25SLM3VCBHKRBURQ,1,1,1253
AG67LXCTBMBBOY4H7CEXR73UGROQ,1,1,1586
AG6BAEKWLCWH2TW3KKLVK773YF6A,8,8,192
AG6CEWBCJCCJ3FQPCTZ3QXYVSLJQ,2,2,1913
AG6DIQWOKFZFS3LM65IG5NU4UZYA,6,6,745
AG6GQ2NTR2JCVELBW7RMZGFBUO3A,1,1,429
AG6HFVGPY3YC67EHKLKXOXICZVYQ,1,1,598
AG6JCB3T4PRY6AYIVKFOV6MPJB7Q,1,1,2338
AG6JYOZ2MM5ZJZR2EM3NF3TW6CAA,1,1,224
AG6K6COJV7WZIHE6RIRZN4BSRNGQ,1,1,1653
AG6K7GPCDHQNKMVDMTYKKWSOAVVQ,1,1,2463
AG6KA2HYMCNL5RDXP2SSOWYSGHOQ,1,1,4667
AG6LPVVIUPRU4MNIX3NLED2U5J6A,3,3,1429
AG6MQNEZY4U7U5DREL6MOE3KVG5Q,1,1,2203
AG6MR5HTNWERSCG7YH2QVY52I66Q,1,1,2694
AG6MS57RFS4F2MZ5XJUINK7J4YCQ,2,2,1112
AG6MTCSSINCEVTNVZO2SOUUSDR5Q,9,9,1288
AG6NAC74NJXO4ELJFVJDKISVQAEA,9,9,287
AG6NLVX4D3V2BWYIXB7SWLU5OAIQ,1,1,2676
AG6PIMULBMZMJXCQLQOTDTRIWG5Q,1,1,3243
AG6RPXIP3FYKEIUL25BJCN5JFDZA,1,1,3267
AG6SCI5AUYGTWBHLCCJHDPDTODXQ,1,1,2226
AG6SNHIVEFMJIXCLZWKTGEOV5ZBQ,11,11,457
AG6TI455ZBVZPUE5UM4Z5USXNUMQ,1,1,4803
AG6VIQTSTVZM6O6W3A3RHWNEUMIQ,1,1,2646
AG6WSAG3LWJZORZR27RPJUYA2NZQ,1,1,2984
AG6XGVJWFFNW5QTUTTPUAC4OBPZQ,13,13,3114
AG6XRL7KEXPU2VWUVFYCIXJMFW2A,1,1,561
AG6Z6UPUHAIKZZCT7KQ4S6IFFVPA,1,1,1003
AG6ZXPQSSFI5DH2SKHOMSNMWITAQ,1,1,136
AG732MXNWFLTLT6CJ27MD3WNIASQ,1,1,1285
AG73KP2HS4CKZFD2L3PFULRHSVNQ,2,2,1474
AG74HNQCWELUSMAKMXX4TFMAMYOQ,2,2,1630
AG76RJNRLQUCHEVV4D75QND46LPA,1,1,2951
AG775DSEE4NCWI6NA3A4TALVSRHQ,4,4,22
AG7BLXGCWCXHXMN574SP7PKUYSBQ,1,1,2008
AG7CXUKMCJ6YHFMCWKARXHXVPMOA,1,1,2371
AG7DH74UOAJIB2NWCI7VGSVF3KCQ,2,2,235
AG7FS5EQU2WOSBFNQGDY3VP25LVA,17,17,1906
AG7FVWM5QM2Y5ATJQVZM4GCSAA6A,1,1,243
AG7GV2GFOT74SEFBKJ7YXIJ2F3LQ,1,1,3141
AG7J5OHI7UPCU4IJPBW7HNUPLUIQ,3,3,1625
AG7J7ECHU4TI4E4TZ53ZCBIKL7YA,1,1,3327
AG7JH2A6PFUAANQZ4EASUGDC7XHA,2,2,418
AG7JSIKUQPSL5AAPRDRKDNWM4U2A,17,17,1
AG7LADSHPBHTRV3OQR4265ES6GIA,1,1,2223
AG7LRUVAZG4AMMG3JSS2L7PNVCLA,1,1,3258
AG7MEBFQTVWCUJMKDKKE3W4KTT3A,1,1,2711
AG7MKASYD5IEHFSJQACOWGHK656Q,1,1,2147
AG7OMLZYEZYOV72P4NBV2EVJG6ZA,1,1,1656
AG7OYMPAYRH5BDPAUAVS5YWIVBGQ,2,2,3222
AG7P37OYETQ43CMXLZKCMYQXHZOA,1,1,135
AG7QDTQYHFOIXFWSVUUBZOEIW2NA,4,4,30
AG7SWTY2OY6RDZETALLMH2ZR5VYA,1,1,5145
AG7TKHLDUM5NKS5IW3XWS6RWHILQ,7,7,912
AG7VNLW34SGZ7JNJSL6XT3U3VFEQ,3,3,2624
AG7WKI6NUQBA2OLKG5QQP4TXXODA,1,1,3653
AG7WKTZINOFIXMZJYIPKIB7PV7NQ,58,58,267
AG7X2YKMH6EETSAKSVZ3QRWITD5Q,1,1,3541
AG7ZARYS7FRD6IELOUEOFC7HGPMQ,2,2,2544
AG7ZXSSKZPKMPGGHKXNE7PZI344Q,1,1,5936
AGA3PQKDGXZQB7D3XXO74OO3GM7A,11,11,365
AGA3VBG56LW5VBDMWXE23N4PG2IA,18,18,880
AGA5NVURIH4FYZ2Y5OEE5SF3IXGQ,3,3,421
AGA77XVPYPRDNC3AJAIC557RGSLA,4,4,138
AGA7G25NGVP4CKBHYCOWI7OPXFIQ,1,1,3018
AGAANUTK7OBMDHQUKSFZZARKCJ7Q,1,1,34
AGAE6KDFMIALPBHFHEJKT4KJKEIA,1,1,1198
AGAFWZBZFPXKTQLIQUYVDVJK2FZQ,10,10,1030
AGAGHNKEUJHHPRDGNZWSAJH7EGJA,1,1,3669
AGAHANLSS7DG4ZHNPP5S56W4SKHA,8,8,542
AGAHV5WINQWBIQYQWD3O7THAJDPA,2,2,2502
AGAI6BVT4RMJ6ZRWGRAPBJ3RUJ6Q,1,1,462
AGAJIGBX3UA7OEFS3XA42FR5SGWA,9,9,1334
AGAKNRAW23NJ36YPFRNCUX4WS3YA,1,1,828
AGAM2CCKV52HI4YZU7ASZTSXA7YQ,7,7,462
AGAMJIJZG46DZUGZ5L2PSLGVP3LQ,2,2,100
AGAMMFYEWRRZ6DWMODRNER7FLHBA,1,1,2075
AGAO6UNI7SXDU4VQLCZVI4WEVLVA,1,1,2145
AGAQA25V3AR7HU6RKJ72C5PUT5UQ,2,2,2311
AGAQU5F3APPRBAFIZMQSBU2QIJWA,1,1,641
AGAV7VPO2ZPOD4QYXSYFTENHHX2A,1,1,2439
AGAVKNCPQC4E4KVNDMKCNG74DLAA,1,1,689
AGAWRQSMW2RINWN35JDTPYMKL2QA,1,1,1626
AGAWTF3V56XUCWIZZ7FPS6LL7FFQ,1,1,176
AGAYAFWWJLDWOHMIRXILF65ZVETQ,2,2,33
AGB2OD4PZ7AMECYHMRMTUMYJSQGQ,2,2,1325
AGB377UZDJ6IV6NMXLJ4GESBTZVQ,1,1,3639
AGB6TDH6NV66DR6GPPAAOGJBP2VA,1,1,919
AGB6W4XCPTDTIUP3GGEUC42OBPQA,1,1,822
AGB6ZEKVRQ32H2I7V3KNJNRCOTMA,1,1,2510
AGBADUNW3ZWJDSFCOIORYXGNUWLA,1,1,811
AGBALMWEDCZRIX2QENGWDZET3EFQ,5,5,33
AGBAWYOBOBB5REBQO2VC5ZMPZDZQ,1,1,2598
AGBAZXC4DWPPAWOBIL4O72OG2DHA,2,2,18
AGBBEKOCKHTCQ673LZBRD464EZ5A,3,3,538
AGBC6QL4KQQPGU3B5TN6BPZNVT6Q,1,1,1694
AGBCR4VWZNF2T62P2AUJ72XVNOXA,1,1,864
AGBD56HIPNBFHYUZQE4HCHEY4YJA,1,1,2296
AGBD5EOISKZJYPXVAEOLJQ3JQDAQ,3,3,229
AGBE42CMMBVZMNV4IWVAZ7TRCCNQ,1,1,672
AGBEKEEAIDO6SIFJNSD46IGTF3IQ,3,3,682
AGBEMITBTFVH5AU4LCTLJCFUQNSA,1,1,53
AGBFYI2DDIKXC5Y4FARTYDTQBMFQ,38,38,679
AGBGLR7EK6ULC2OXPXCCWEAE7Y7A,1,1,2867
AGBH3WI2WKLQX3CMET5EBONWYCPA,31,31,6
AGBJABSJLN7H7AALE7VKHYDGC76Q,16,16,5
AGBO5SEPWTF5NLYD33PFPGGVRUJQ,14,14,166
AGBOAGO2YKGMEMRHPFBK6K2Q6RFA,1,1,947
AGBODH3OWST6Z3EEQKAGR5T64XZQ,3,3,269
AGBOGNMAG3UCA6B4Z6VT62DVNOIA,11,11,1862
AGBOYAEBYUG7XQIUWD472ASYPV3A,1,1,1758
AGBPS7QDYY5IH4NO5KBESHI7KVQA,1,1,1561
AGBSMECRMOHN27JOJXPM7QZBDTIA,1,1,2634
AGBTKC7B33AV4GBCAUN42BH466PQ,2,2,4116
AGBUJDDLRJIUJFTKPABJT6CJTHRQ,9,9,111
AGBV72RM4MSS5GC2I4LQR33HPMEA,1,1,2477
AGBWZSPAIQMKAYQNMIUXJFRNRDXA,9,9,180
AGBYLU533D4JXYWDELNXLBBQOLSQ,1,1,3130
AGBZTGGZ7CGQHLNOZDVJNHRYDFPA,1,1,166
AGBZYPQKIUZGWHXOZZFAMVEQZ5JQ,1,1,1362
AGC3Q6IXOVLTTDMS4Q55FPYUF6FQ,30,30,208
AGC4QWMCERWYFRIRFEUYDW4SNFNQ,1,1,1781
AGC6RAOTWSUWXFPFJ2SQUB4CDRVA,1,1,3885
AGC7ZUHGXOPXDPEB76W55USPGUMA,6,6,712
AGC7ZZBIWDFPRACV5XE2DUNZLY7A,1,1,2026
AGCCFLGNMV6ABDOO4O6SUJW65ICA,4,4,320
AGCHWDKXBTWJR5HF7AHWGXXLFNYQ,1,1,1014
AGCI7FAH4GL5FI65HYLKWTMFZ2CQ,27,27,441
AGCIVNDDRX3PXIUINEG4NCRGWCRA,8,8,1620
AGCKEZUL53B5NEKKW6VQZVU5BSJA,3,3,113
AGCLVDA44LS5HWGQ3QELSDXDYICA,5,5,1560
AGCM2OTPTYYEXBQ3TTBH7C23U27Q,1,1,55
AGCN4M35EAWFYEQTCXUIHDLO2PFQ,1,1,2490
AGCO5AU5AVDFJKKVVX2TAYMDDP3Q,2,2,3186
AGCOR53ZRYMLDCOU4M2LRD3OJPVQ,1,1,3690
AGCPAPUHXYA3EEIL2KGSQTGO5HRA,12,12,518
AGCPNKEGN6XZDD52B3YLWYUSJ3VA,1,1,2926
AGCQR2QLP3XWU64TBYFJCAZWQQKQ,1,1,2460
AGCRBF2VXDVYUBUAUMIRLKUNOI3Q,1,1,979
AGCRKF4ILD6L7Q7OVHSYSIU2RHOQ,1,1,2251
AGCS6HSZBL6OPU4V4LD5H6GMBC4Q,10,10,6
AGCS6U5CA46LTCMTBRGSOPCFP7OQ,5,5,1469
AGCTNUP4YCT4SVXVIBUOSDVWV2JA,1,1,986
AGCVSWL73WABJDSPMZA6MKGUT6YA,2,2,15
AGCX2OFBYHXWZDKJ6U36BID77O4Q,2,2,1450
AGCZ3PPMQG5QWLCKO7OXQRNM6OCQ,1,1,948
AGD4DWA3GWX76A6MSPM7OVGCQ2AQ,2,2,819
AGD53FZJLNU4UOJE43EZTFFDJYTA,9,9,1058
AGD7BM57ZN7YCPFAGOOIZUAZJWKA,1,1,882
AGD7R6EVPDKNZEIYEU3QHFIQ6IUA,4,4,421
AGDASUJ2PWW3NEEJODTJP5DNDDDA,1,1,3388
AGDCD2ZNYMDZAVQKQ3RZ56LJTRVQ,81,81,395
AGDCKDGD7L4EGIO5JMXLJCGXH4RQ,1,1,548
AGDDPM64XFF5WPK63RDLQ7RBHNVA,2,2,2129
AGDE67QCY44IIOF5BDVXDLPWF7BA,4,4,1968
AGDHXFCOVPYLY26TQKIFU6FHQHWQ,1,1,647
AGDLD6R6Z6WB5KNG6Z2L6LNRMLZQ,1,1,825
AGDLSGM4WNQP5RESL2RNGYI26JYQ,2,2,3160
AGDLWS5NQLIJOXPG3EMD6LWEIJXQ,1,1,935
AGDNPXZHZBXDJ7ELU54GBGOYHP6Q,1,1,3568
AGDNYYDWS7ARCCUK5J7YPFZCDWKA,1,1,863
AGDO3NCWKRLQ2SSZPAOTZSQ6BEEQ,3,3,575
AGDQO4VIXXMHZMFRFHAHO2PNCYRQ,10,10,1404
AGDRYKMGWAGXITLB4OLIX3AZFQCQ,1,1,1001
AGDSMHOJ3CZSQ7W3I3NQL5LAYAFA,3,3,1171
AGDSNBZVYAETVTRLIK23BEYH3WUQ,1,1,1457
AGDTAK2RJA6MCSUE3PXI6VTR5FCQ,1,1,1071
AGDTHJ7R5N2HOHYK4AACLB53BULA,12,12,163
AGDTLRCK7PKGPJHYMJFOC57KCDKA,1,1,2859
AGDU7RAA3TBYLZ67IWC3UMC2CLFQ,1,1,3530
AGDUEOFEXTNMWRWOE3E7XJFBDWPQ,6,6,551
AGDUXF4E7K4X5WBBCKNPG6AD2UCA,1,1,788
AGDVYFMNSE2GX2YMGDQUGG7ZAJHA,5,5,12
AGDYBBRC2NXCXZL7PVEZTU42ZD2A,1,1,1750
AGDYG3SIUU6GZJLYNSOBEIRJVJFA,1,1,3467
AGDYVM7M7BVVZYCTHUYSLSUKBEGQ,1,1,101
AGE234CQ2UMNZDB5ID34LCXSTWOA,1,1,5110
AGE2H5TX5W3RGHTV32K4T4UQ7DSA,1,1,2376
AGE325VS4HOTE3WXYCTXYCW4LTNQ,2,2,825
AGE46QM42JCCX5JTZZZ7VA2R7LUA,2,2,5408
AGE4I2TEPV4755LBURJBJNGPSS3Q,2,2,2936
AGE4TXFUPKOYJB4KWMVCYM645D6Q,1,1,1338
AGE62643KEU7MHKTLICGBVTJT45A,2,2,1708
AGE6VO6FAPDJOCXN4S7D4KV6E5AQ,1,1,3257
AGEBPS4VGK3QLW2QICW7PHEFOBJA,1,1,66
AGECAT7BVD7D74HJCURBAZ7GEUIQ,1,1,727
AGEFGQNUBPAGS4JYBD664PSZKDNQ,2,2,3788
AGEFLX2M37K7NSODGTH4XTOFNCVA,4,4,156
AGEIL3UMHB37SCI24FNDUGSQMERA,1,1,1787
AGEIZLGCJPT2XWV7ISYN6NXDTA6Q,1,1,2597
AGELVSC7FROZX63343JHL7MHJ6PA,6,6,1842
AGEORTCITOA7IS7QJ4CMTX4ALGCQ,1,1,249
AGEP2CC2QIJU5IHQZXCC7BE5JSDQ,26,26,66
AGER56PV7SSBSDO4OX24AHL4QOMA,3,3,724
AGER7R5Q22DIDJBAW3TURAHPN6DQ,1,1,1269
AGESD5PX335TWCG24JEH5HGU3U3Q,1,1,1671
AGESLQWKNQSQ5FIJVR7Z5WX4UWLQ,1,1,411
AGETS26EIQG2SHMMP4TXSTLW4TKQ,2,2,1981
AGEWZZZN3NFAKRSBZMO3ZG67H32Q,1,1,849
AGF3LLXUN4OIVPFTCVCNVLRGPJUA,1,1,4643
AGF42GID7QWDCNFTJRCTMKAITJJA,83,83,63
AGF4LWQD2ZPMSA2KOOFLP5IGDOEQ,1,1,1990
AGF5RVFM6B7LTHYFA2BZBRWO33OA,2,2,1418
AGF6GWDAWG7UW3R5O2G5O5JZC4BQ,4,4,2639
AGFAB5SHMZQOEBKY6FYYP4QROYTA,2,2,2921
AGFALR55HVNYM4KFZYF66QRS5TPQ,1,1,3249
AGFBOGXXNXNW3BK5EVZKWF7746NA,2,2,794
AGFEPRCURHO2HL5DXVA3ZKG7335Q,11,11,63
AGFETIUFABYTBKH3H237OWO2FLBA,15,15,257
AGFG6XMC2CJ4OLE6ZDLYASLVZ7CQ,2,2,2300
AGFHXULBCMATHKDAIGDQIYXNQNYQ,1,1,893
AGFIF5JJCH3ELJKQGZ25ZIRQOIMA,1,1,2220
AGFJAPF5SAJG4AGK3LXKAG7IT3PQ,14,14,805
AGFKWX5UV6XADCUDKYILHVF2GIQA,1,1,773
AGFMQUWYRKQZBV5MVB2FAPVDFVAQ,1,1,37
AGFNKUPLGHJ7X5IRLMJBDIMCLMKA,8,8,88
AGFP6OEYQRZU3IERNUHL6DPZNAIQ,2,2,1110
AGFRYR26NF57JVP32JITLDXXOIIA,1,1,2696
AGFTJTENALICRNLERZIM3RTRRDDA,1,1,2894
AGFUJ3EGB7VTLV3ZMKEZVRJHPA5Q,29,29,37
AGFV6IBYOVGKEG4JDONTGWESDFWQ,1,1,2732
AGFWIDDE6JBJ5UPX7EZTSZELRCPQ,28,28,1167
AGFWZ4OETH6KXKY47UN36SOVQEYA,1,1,2350
AGFXURLTENFEBATHTRXXFL2SPQEQ,2,2,2559
AGFYQKHHDAB2577M24LUAF5POSYQ,1,1,3327
AGFZN7GMJJSJBF2EQHCAUY6ZIM6A,1,1,2973
AGG2NB2RZZ42ZAKKZBEMTU35D53Q,3,3,56
AGG2WW2S4MAFYCV5SEOVBQD2XVAQ,1,1,3088
AGG3LLILZEGKCA4SAS4Q7X2Y7ISQ,3,3,282
AGG4G7NWIO2N2S4X2FVW5UUNJT5A,5,5,81
AGG5OL7437GO5YJ57IRXD4WVCZGQ,1,1,1679
AGG6ECFDYW6UNOXCGYW7ZQD2USRA,1,1,2098
AGGBKPZNJKNB2SI3YFWE3XHMK6TA,1,1,2105
AGGCOGRPBF6EW575FNSPKLJXYQAA,1,1,1716
AGGFJ7VY3HU3HA7XFTYYOXXD4ZGQ,6,6,163
AGGHHNTNWUXUG2LEOP4KGUMULISQ,10,10,1059
AGGJ6SHNO3HLK5JODWEITQQJETKQ,6,6,2730
AGGLI3SQU72HO6NRDK7SS4EBZ5VQ,2,2,2447
AGGLOHDR6L7GZMIFCGXPPHS23OTQ,1,1,982
AGGMDRXIZJHBVVQFKU2LJ3LGICTA,1,1,1658
AGGO2DPSHP7SUUAUJWK55AZURN3Q,1,1,211
AGGOUUE2QZ23ABB7XE5SCBCGT63Q,1,1,779
AGGP3SVBKBFYSOQEBZMCZFCJKTCA,6,6,2451
AGGP54JBY3L6POIYWMCNKY44DONQ,2,2,5019
AGGPFZDUFMEICMMF73QJCIO7CGLQ,1,1,1561
AGGPKWSQNXS3HGAPZFPMYFPQ7XNQ,5,5,692
AGGQPFQZKQMDR2L2IZ2ADW6TEXDA,1,1,2325
AGGSC25YPG7PSE7YIICAAZQBMW6Q,2,2,269
AGGTIOAQBT2XEBVS3H2WNVAWV3NQ,1,1,1249
AGGTLDBYSQQOQ6IRE5EQH6HSK56Q,1,1,3956
AGGY5KI7FMMWWYP2B3X7SC7IHE2Q,2,2,383
AGGYFCTTSSKTCS4QSGAS2Q2CGFIA,4,4,1159
AGGYRRVH7J3ASMACCA2UWDCY77JQ,1,1,4116
AGGZ357AO26RQZVRLGU4D4N52DZQ,12,12,392
AGGZAFJX4MPXGAZUE33IAHAVIYKA,13,13,1150
AGGZSCOST2XKUBATFRUVXGL2X7SQ,1,1,6294
AGH4VVX2CH2UHG5FE6NBZOPVIDUA,2,2,120
AGH666ZKW75GNIT4LZCBILO7AQBA,2,2,406
AGH6VRI7RAU7SOLNXFVN5VWRW6QQ,1,1,2048
AGH724HLH66QPZMI2ET4QQBA4PAQ,1,1,3688
AGH7DSGETOCUZENUWDBJRFXOHEYA,1,1,3356
AGH7IQ2Y3DY4I6FXD5KWXIYAN57A,12,12,2268
AGH7Z3HCNZNJR6G3X3ZXQDV2EGCQ,1,1,1122
AGHBB2ES5D5DNZC5RUW3WNCOWPOQ,2,2,1062
AGHBRJ2WBPTZMU6R2ZZNPPE2T7RQ,4,4,29
AGHD4VWC75OAVZCUZACJGYVEZINA,1,1,1204
AGHFRQFS3YXAXG5BBTU4ZFCHSHUA,1,1,2862
AGHG6IRFDMBNK7RVW2ZFEJ6K27PQ,1,1,1159
AGHIUN3V7KF7HV5XEIHXGXZNLO4Q,1,1,156
AGHJ3VOLFH57MW235I6KTHTQ2TSQ,1,1,2874
AGHJ5PPBTLFLO77WEF4KEANJBRQQ,1,1,7209
AGHL76CO24LBO7VPVFCWQCECAOJQ,1,1,2611
AGHLDN5HYLZDD23IQQU2FRGBCEEA,1,1,1724
AGHMLD6PADUUKHJ7LF437PFNDL7Q,19,19,252
AGHNA7A2TUF2EYS2ZYNP4SPTKY5A,1,1,200
AGHRQ6BLKUBDEUZH3NT3DXJWOOWA,2,2,1027
AGHRYSZV6QNKV7QEXWFLIQUJ232A,8,8,1083
AGHT25BYEABW36US2SQLT7DJYSGA,1,1,3125
AGHV75FDJRMJMTXU5CHJGCA7N67Q,1,1,587
AGHWZRZY7UYGZAYBZ2JADLTCSKKQ,8,8,1747
AGHXCSGANT6RAPEJPIQZV4EYI2UA,1,1,1182
AGHYD7QDXZ4GKZG42W6TWXVTVQQQ,1,1,2255
AGHZV23KQUP5S32LBAEAGO3QMQ3A,1,1,2455
AGI3VWFRRXY5MAZALSP2KBQYZMXQ,8,8,565
AGI5WCODFNNY5MKGED2667RA4ZAA,2,2,1140
AGIAAM4LSGEGLP4IMKCFZ6OQQXSA,4,4,729
AGIADC5U3GJJHMWYZA3K57RK4NOA,1,1,3444
AGIE6PF7DAMR3SG4MR7XKSR4OCAQ,1,1,2110
AGIEGCFNZT6H3TBNHIRFRX2SBAHQ,1,1,980
AGIENJ3CKSAF3S2Z66IIDDGXNJQA,1,1,3266
AGIF4RXMGYGGOETIN7H7SHI2HTGA,3,3,1477
AGIFPBRP2WHQ6C3H5CV45KUB7GWQ,1,1,3012
AGIGXUUY2YSLLUWMZNQAKSKJ7VNQ,1,1,2102
AGII7CWVYIB2BEVHKBAEFZTNSRDA,1,1,1646
AGIJLFDWVKG57TYZTHBLW2DRXYEQ,6,6,248
AGIKIE7SX36YMIE4SFEOQFV62GTQ,1,1,2326
AGILOBEJLNCWCUNVM4YXRSDX5WCQ,1,1,1599
AGILTDUNVM2ZLQZ24AHKPA4I5I6A,6,6,189
AGIMKDMO3LUDHHGG4ZHXPPZ5OYMA,3,3,56
AGINCUWXX4NVVWN55T55DYNIHOHA,1,1,336
AGIQ6IYKJPETC2AZ7ZDBUT5PMZEA,1,1,2439
AGIRDGXXNVS3ZGT2G7OZZAJY4MMQ,1,1,577
AGITLL3SHUQJMUVC4LWUSND7G7DQ,1,1,4518
AGITTRPCLDZRSCBZKO67R7XJTWBA,1,1,2898
AGIUQK6WEAZ3N3ZK7Y3J4Q3ROK2Q,1,1,1301
AGIV5OAXNWAOSZVBLC7EHADCMZGA,1,1,5151
AGIVCFIF6OOD25YVU5WFCRT46RIQ,1,1,875
AGIW7MUCULNVHSYUFWUSKIDHAICA,1,1,2486
AGIXTIMXPEXIUXG7Q663I7GMLOTA,6,6,2880
AGIY6JMOIDKWRKAQBEP3VFWGWDSA,1,1,2517
AGIYSA62BZULHNSJTMPAT5IC3MLQ,9,9,1098
AGIYUTCLWHHOWH2CJPCYXDD256NA,1,1,1154
AGIZ2XQK3K7PZYV5Z4K7NK66756Q,5,5,151
AGIZBZE2A5RHHMTOFNBJM2L22QPA,1,1,3000
AGJ2JO45F52FXDSPOGK3PKXU5OKA,1,1,149
AGJ2KJ6DA7ULLYUI3G5DQKR3UV2Q,2,2,3739
AGJ2OMRPTIXYFD5FJDQD2ZM7BNOA,1,1,3278
AGJ3XWQI46FTJ77PQHHVT5D56FTA,1,1,1470
AGJ53XJHNSULUP53Q7K6LSA2ETXQ,1,1,2628
AGJ6KAVJYUYFYVCOTJCCCTU7VCVA,1,1,5162
AGJ6YDXA2JKJE5UQWQZWB3MWNKOQ,1,1,1690
AGJBOGH3OSFCC5DROTIA4DY2GDRA,3,3,210
AGJC2XNWKBP4W7ACO7EC4OZI6P2A,1,1,634
AGJCKQTMSQCD5YRZ4KQ2GZNT4LMQ,1,1,2604
AGJCQJMMUWTSCMZWQ2BMYCBOKBVQ,1,1,1533
AGJDGUWUGHG5NLH7MR7FLBTMIWEQ,1,1,679
AGJE5H2HHMZUTTCN2YGZBLKS3QGA,2,2,1526
AGJFEHVC4XBS44CGHQTP4JQM5FUQ,2,2,2578
AGJG435R2EJLXGQ2SCU5G2WDBSIA,1,1,3029
AGJGJJ5JHJGIDHMW7EQ3CBSRRZ4Q,1,1,3880
AGJGO3CDKAJQUESHDTGB46WPKHCA,1,1,3243
AGJHOFW33RUPBXXDO25V6GGGFHTA,1,1,752
AGJHXACJPEJUDTONGTC7RGTMBMJQ,1,1,908
AGJJZYM3TLWHJNQDSIEQEC6POHVQ,1,1,1666
AGJKAJIM6NKJ73KRSGEEMLFZ5GLA,1,1,1251
AGJKHQP5FNQVKH5IUIBWWLHELUOQ,6,6,772
AGJMFQINXUUTEHELLCZWZ7FOUWKA,1,1,742
AGJMW3TUCFXJCBHGHLQUX3KAPVFQ,1,1,2992
AGJNVOT2M5ABHV6TDAPHZ44GKYHQ,1,1,3490
AGJNW4NJKGIKH5YFFKZ5Z6FPCIAQ,1,1,3127
AGJO2OS2ZIRSD24IAOOXTAV57HTQ,4,4,577
AGJOKZFVJ665TS2NJFP46AJQJL3Q,12,12,176
AGJSTXSEWFVQWVQINO6QKMNBUUNA,16,16,266
AGJT4SLVYY2VOORU7XZCK2YIRYAQ,4,4,989
AGJUT4Z42GSGX2YGIYH574YNTESQ,1,1,1418
AGJVDVEZKTGTBT4CSQIGTVRHGFMQ,1,1,4082
AGJVJZIJR3GKCY4CJD56MKIKP6FA,1,1,2642
AGJW4QRNRZCR7P726R5E32TDGRGQ,1,1,1716
AGJXHIPXCK4WKVEZ442E55WLA4NA,5,5,54
AGJXL67RNFKX2XVYLHM2EG4UOTCQ,14,14,1369
AGJXTLEOLLTIX5AAGFPBZ7CNNVOQ,8,8,42
AGJY4LG74YJEJBVWIPIMIZ464ELA,65,65,941
AGK3F6BXYCB6AN2OKEVQ4XJPKFLQ,1,1,1416
AGK3NYKU3CARH7ECUIKNPLUMO4OQ,6,6,1490
AGK4YQYSSY3FU3SNX3EQJONELJJA,1,1,4000
AGK5CKDQ2FQPMW7355MCA2MIZUPA,1,1,1856
AGK6RA227KTKYYYKVKUIFURZQCHA,1,1,416
AGKAFOV5L7PJNCIKBCJM42BJ5K4A,5,5,153
AGKAL4ZH6TKRJX5ABK66AKNU4CEQ,1,1,1306
AGKASBHYZPGTEPO6LWZPVJWB2BVA,25,25,162
AGKBIUKC4XGWNRIIH33OQIVVE3DA,2,2,1088
AGKC2AJZES36RVSLBSYOHNQQWHLQ,1,1,2803
AGKDNSUWEKAGQ7GMAI6JCOSUKP6Q,1,1,1772
AGKDVEFZ3KQQ6P65LZBRKBSVNUEA,1,1,17
AGKFRCDY4WBW4RH6GFYFJ3T3XBSA,27,27,73
AGKH2QE47CJHTV3HDCP7U6SGQHZQ,1,1,3472
AGKHDQO3Q74QAOVEQEIZ3BMSDEBA,2,2,1934
AGKHLEW2SOWHNMFQIJGBECAF7INQ,23,23,50
AGKKAXZPXFYIBA3N53YNJYU2AT3Q,40,40,294
AGKKCD6TYVYVC2EOWPV6W3DPXOWA,10,10,1507
AGKKOTJIXO26HCUZLFH7DWDXEHIA,1,1,5467
AGKL6HULUU4BORINRMSKERMGN6YQ,1,1,1898
AGKLKPFCNFYZCWKGTIPRVSUVH4TQ,1,1,1581
AGKMQ4MPN2246RS6RYYOUZXZ5BYA,1,1,6300
AGKMYLSUFPBJOVGVOTAWJAA6LB3A,1,1,545
AGKNLO6XEIGAUGDRSVDGBTTMMI2A,1,1,968
AGKO5OGFXXCN354PFOSNIXFTYOXA,2,2,2434
AGKOCI42H5IOUPNTMSL2TNMPT4DQ,1,1,1921
AGKQIAGUYCZUZUOZRJSWFBRQ4QUQ,3,3,1071
AGKRR3EPZBPRC4VYVWYPXVURJEJA,7,7,1291
AGKSMQPOOZ5SFO3DBIYLPHFFEQOA,1,1,3037
AGKSSNLDIG5HY5FXYVE6UVXKVDYQ,2,2,2244
AGKTKZCIVBDXOAROEYTJTFCEF2ZQ,1,1,1606
AGKTNVC27SRGFBCPK2ZUAYAMXBMA,2,2,642
AGKTPA4K3NKKVKX3RHSW7ZBLZEXA,1,1,2691
AGKVNYQO6TEMOBIJJXZ3GFUS7YRA,7,7,202
AGKWHKOHLJ67RWNS3UD6EESLUJWQ,1,1,1561
AGKWXMFORZWA7EEQSP3IIIKRB5SA,7,7,692
AGKXRBHCLNZEYQW3TNBHM6KABJ2A,4,4,566
AGKZ5NMTU4O434FWV6DTY6VPE5ZQ,1,1,548
AGKZQXDUBIFLGOOE4G2AXVE3VGPA,1,1,319
AGL3ZIRVGBCALLXKL3KH33D47Y5Q,2,2,90
AGL4ONTBDK25CMT2FVCZAUGLWNHQ,6,6,2753
AGLART27AD2W23TI6DJIQK4VL77Q,1,1,1848
AGLC26NTLVHQAAEKAXBUMJPW5APQ,7,7,1091
AGLFNVDGHG5FUL66DCV6K6S5WI3A,1,1,3722
AGLG7HGHPBKQ7KW6SGNOI3QER36Q,2,2,1157
AGLHRXHXPXK6M7LUU4NZXE3GQFMA,5,5,308
AGLI3S64VJKPRU4YJJYJCG7NUCFQ,1,1,5154
AGLNBZ6ZWHJRPPBR3WMCB7O4IWHA,1,1,3085
AGLO362476HXCO25AQPZBVUBOTFA,1,1,5574
AGLPOJMBASVR7R6MRV5A7U566HYA,1,1,5452
AGLQDDJTHRGIY4KWEXLA3YBD47PQ,3,3,195
AGLQQCIS5V6EGUCS5SSNHWZHQM6Q,25,25,30
AGLSLOX2P37AHI3226NKGC6EACCA,1,1,3484
AGLSPX46WV5MRTNJ7ZTVYSHABZJQ,1,1,1171
AGLTD5D27LFEX6DOPBCPPPIQ4LWA,1,1,2614
AGLW7BUU3JTLK2TBWJ4EFHUYSKXA,4,4,260
AGLXR57CUE7T523XBH5ADVTRXJFQ,1,1,10
AGLYXJWOKX3CTL3XV25BZN5CFUGA,1,1,2546
AGLZ77IVBJNR3CLB7LELXTWYLREA,2,2,2168
AGLZXJAG6OG3A2XVUTIP7P7E2O5A,3,3,217
AGM3X56CJGAJDIT7DQTJMSBVG2UQ,1,1,1733
AGM3YP753ITBWIEJ7ESAZVLMD7AQ,3,3,4063
AGM4LKIWCYW2O2Q36JQMC6EIVPSQ,1,1,1725
AGM7CFO4KCD5WGEOAY5LXGNLXBNA,2,2,281
AGM7LYL3KI2CWJ7GY5ECYNPGLRCA,2,2,1571
AGMAAAXJUHX6OPJWI56TFZD3D3MQ,3,3,450
AGMADXJ2IX5EL2WOEAMK3YPPWO7A,1,1,2053
AGMAH35EZUFTDCSEW4PQQY7EUMAQ,1,1,2171
AGMAPS3YMZRN2XQ57PTNLPDCKLBQ,1,1,4748
AGMBLP4JLQK6M3UZQY655VZP73XA,9,9,180
AGMCOSKKD4CZJLQMIPYTC2L7CX6A,1,1,3175
AGMD2RHNLNVBRKSNK732CM3T27FA,1,1,1160
AGMDLK6RM7S3KMSZSCSTRIXXRTJQ,2,2,4188
AGMF7G6Y5WX4WXHQUZXSBWZHEJIQ,1,1,3732
AGMGATAWNY43GHVJH7QIICP4ZQQA,2,2,710
AGMGNTI5Y7GXQCGZYA2PJQRWI3SA,67,67,46
AGMIR55WOIO2FXQ3CECMFR2FHKXQ,1,1,7234
AGMJ25LFDEQJRF3OACBXGONJJ44Q,2,2,1299
AGMJ3EMDVL6OWBJF7CA5RGJLXN5A,4,4,1145
AGMJFVYKSZAU5AR3IBQMNCJUBSWA,1,1,1214
AGMJNLHASJA3QAPS23T7LW4VBGLA,1,1,2198
AGMKOM3374MIOS47KXTIFEGAFKOQ,9,9,194
AGMKYHHJC5F2TB23XAI6B3XIELAA,1,1,2572
AGMMAQVN5LH5CYR5VLPGAYRLFBJA,2,2,39
AGMPLWXJFPA4HCHRGK6GWJ2PIV2A,1,1,1342
AGMR4JSMZNB6U2GMRY7ZPDQFBBOQ,5,5,150
AGMRS5FXDLGWAHH6NBSY7XVISE4A,2,2,2329
AGMRTU7EIH2JBCDAUKLODARJXHHA,5,5,158
AGMRVMOQ4QIQZ7LUGKIRMNRUGJLQ,1,1,348
AGMUU2ZAK7Z4L6HLCQ3YAKDBAJJQ,22,22,48
AGMVLAZ2MTEAIVIZZPI32YRJQVFA,1,1,1712
AGMXMZWCPYOPWYT3AGRU25Y7QLOQ,3,3,1014
AGMXROOBB544BZ5FZ27NBIRN7COQ,1,1,1309
AGMY5ILV6BKWZ22ADOMCTFNSSH5Q,4,4,468
AGMYVL7XCG2SSQFV4U2H4IARHBLQ,1,1,1958
AGMYZVLX4ECVWHPBLYAV2GU36YFA,1,1,3393
AGMZO7NPGHYPLCOCLMQEDGKNCHVA,47,47,116
AGN4NFX7IOZUSK4MALJ7SQHCUKXQ,1,1,1324
AGN5WTQGOP3RZLACLWBZNGFK2UMA,1,1,2369
AGN7BAT25MJJSRPRJLCAP5ZVYALA,5,5,31
AGNBI6M3GB4JJEA24YN5TTQMDQMA,1,1,354
AGNEMQIK7HFXBLCBRZMBFWV2TOVA,1,1,1275
AGNFVXK3OGIKFCQUASZC7OMH2RZA,1,1,1560
AGNI7RHCQM3VIC2PQLFVUZ2XCBGA,2,2,316
AGNLHE4I2AO2V23VQ5Q2BIBDFM2A,2,2,14
AGNMJ2LCYQ57BIMVHW75C6MCJPWQ,1,1,1623
AGNOZO5LJUUO2HMMH7T43LXP4HJQ,4,4,672
AGNQVHZDKTKGX6OYVTEWV53YIQSQ,1,1,2437
AGNUR74M4F4QK5BACK4IOZW47E2Q,1,1,3659
AGNUU3OZ4L7UGAXA72NJIDDFJYDQ,1,1,1112
AGNVHS4AY4B7UMI67FO3WLRTELPQ,4,4,1128
AGNWCODLFTQSLLD4DUTROW5UEKBQ,3,3,1347
AGNY7DYN2AEOV7UM5TR75LRM5SGQ,1,1,916
AGNYBNJTU624N33KWBRWHTLIVXRQ,3,3,251
AGNYVH3XWJJETCAWURHBFLQPNHPA,1,1,2403
AGNZBST6NX5G67HPZE7KUTN2DE6Q,1,1,1904
AGNZODFXG6WNNJUAKR3MI42SDG5A,1,1,422
AGO3ASQ7A7MJOKSPQQ7NQOKZHNLA,2,2,859
AGO3H7RLCHVCCYG44FAHDBYPUA4Q,11,11,173
AGO3N3SYF2NFSQGRSEDVQGNHBIDA,1,1,785
AGO3WKZC33MCSLR2BLPTQ37BQC4A,1,1,198
AGOARSYUNQFUDQOYQ34OZVAIJIVQ,1,1,607
AGOBGYVNSICHBXHD6IMPYFTGCBWQ,1,1,1443
AGOEOPHEQDQYEQEJFI53KFUDLZVA,1,1,1091
AGOGYRY7ZP2CRQQARCEHFZJQJRPA,1,1,2936
AGOIAAYVSIJTHJWCMNXCG7CUF3YQ,1,1,3150
AGOIGPPIPBEVDV3RAQV6KTRVMY4Q,1,1,3746
AGOJ2WRTHOHG74QBQUSM7LCTOVKA,2,2,1646
AGOJCRXEVP2RYIFRXBOSWCISVZZA,1,1,1221
AGOL7B2AP3JDLUIWDQU2F6HXQQJA,1,1,2616
AGOMGWFQQGFNSIQNGXIL2USM3EOA,1,1,688
AGON3GV6Q37EUUSTQUWEAZ35D5JA,2,2,2014
AGONBH7MBHL533S4LB6DFBOKODLA,1,1,1250
AGONQ3R67VNNSMTBCACXIZTIDO2A,1,1,1754
AGOOMXAKSPZJBJWAOBDMDRBWL4IQ,1,1,1896
AGOP4L5MJWIFVHANVTS6MAKNZUQA,1,1,5519
AGOQVJABLBHXIU4ETWVLKZ6Q6P5Q,2,2,134
AGOR46NARFZQ35TJA7GVUWC7WX5Q,2,2,2702
AGORX72T6YR43UQNAFHOOMJWHTBQ,1,1,3165
AGOTIZH7DO5TBSSAKDOMYQKDMDSA,4,4,688
AGOTZY5BC6M5777IA7NZ4ZSHLUMA,24,24,203
AGOU6VS6GPDH3OVV2UZJWQXP6TLA,2,2,1740
AGOVHPSATUMD3YDRA4ESONVROHEQ,1,1,2811
AGOVW6NFUETMVWLUT4YFJGTSBH3Q,2,2,264
AGOWAMOCXA7S6BG2FUW45CP76VLA,1,1,3282
AGOWLE4WQ7LR2TACF3WY3ZU7PQEA,1,1,3568
AGOWLR52GJKEQ6ARUX5V6TJP7QLA,6,6,44
AGOWSJ4ZAWXI37BO7ZQ4ACUFXWEA,1,1,1767
AGOYHRFI2AELLOQOTDDEI6YF3EWQ,1,1,908
AGOZEV2KNVZXISNG4LF6GDDDKCQA,1,1,2700
AGOZKQQ2BA7Y3HYT3BH3ZVZPI7RA,2,2,4006
AGP37V5AZ3TUZO3YKBPPOSFNSR7Q,1,1,3044
AGP5DJYOCZK7JNM23N3O4TBTCPEA,1,1,3710
AGP5RJCHPRDZ35TIERPXHVSIDOYQ,1,1,1364
AGP6DTVY2ZZL35NFZTHRB66FBQZA,1,1,3237
AGP77N3JWBG4QCXQV3IFI3FS6AEA,3,3,522
AGP7K5DJ6MEYEJBGM45PAX43STAA,1,1,4521
AGPBYMEVZKTYSCLNSN4YDADOIIKQ,5,5,1084
AGPCAJL4CPKKT4HHQXDHMSENYLOQ,1,1,2978
AGPCPPOPETGPH4DIWBJ7VNYTXCMQ,1,1,1005
AGPDXNN2RD5RUDXRU4RCYJANYIPQ,1,1,2641
AGPFDHDKKUAYY256F7O7HVYZQUIA,2,2,63
AGPFRZFBH4N6GIZTAVMORDDQ6CPQ,1,1,2923
AGPH7544I2VKY6BNZUB6TJCGIUNA,1,1,2205
AGPHO64AEPAVURFUJ2DCM7ZUUNAA,11,11,182
AGPKEFAZEOPEF2FCSPWZGLKTU7AQ,1,1,2238
AGPLJUO3D2KABJY4D2TMYQGE5M5A,1,1,2940
AGPND3LBV3Y442ZIYGO5OZKKLUOA,1,1,2395
AGPNK4LAUX7FV5LKFYB4NCZN32PQ,2,2,3650
AGPNYBV3JEPE74UKPDHDRTZYUYFQ,15,15,578
AGPOZ62Q3ULTH7RLBK4BIJ75T2KQ,10,10,3384
AGPQ7WZJ46LXVEP6HD6W7PHPQCPQ,1,1,2426
AGPR2UDFIJJCBA3EKFEEAJBWKROQ,27,27,43
AGPRJ7DWS4UA6NBFXUN7TRUFQYEQ,1,1,2128
AGPSKOE7DHQUESZXLR2UFKZU5FAQ,3,3,92
AGPTIMGZKZBARDXGPEQ4DAGRSVGQ,3,3,159
AGPTT6T3WCBKB5HJKZ5R6NTEKIHA,1,1,6203
AGPVEFS6575CL3PTN5LRWHA4FSWQ,1,1,3597
AGPWOG4H6DEHOVNEXCNDN4VK5U4A,1,1,2713
AGPXNVE7IY3QVMN7YKKUQT3BPHUQ,2,2,592
AGPZQCZ2CJHNAJT4XENZDN2UQVSA,6,6,596
AGQ2BWZLHY4WKCNHD3WDWAFF45CQ,1,1,4731
AGQ4FW7A3CNUJSP5KYNUVCEBZA2A,1,1,714
AGQ5PTYKBS73AT6ONAVTWZPWLTBA,1,1,2053
AGQ7UXSCBTVVUAAYGCA76PVF2QWQ,1,1,698
AGQANGDZQGK2IOWOXHOCTPBPQRKA,2,2,2180
AGQARYVRSOGTB5K3UBQJRXAWCIEA,1,1,2253
AGQCFT47KDI77JKRSOMAK34MJPAQ,2,2,4637
AGQDWXQV7GNQ5UHVKQ2QQ3NIUKBA,1,1,6534
AGQEEZHWS36H2GPOVYNY4X6MSYLA,1,1,2754
AGQEISHKPZXUPELV4AQC4JOQ3STA,1,1,411
AGQFGXUGFSZHNRQGP7J24RVSLZSA,11,11,2542
AGQKAYTTEBN6OTSAAPXJ5DVTMM3Q,5,5,13
AGQKBA5POXDOUO4U43YF2LNEZPLA,3,3,916
AGQKJ5PJCGQYO3XS64SROLUTFGXQ,1,1,1531
AGQLSHZSTYZUX6267GBDCOJI7HLA,1,1,459
AGQPAYVT3UXTUMSX5NTDVXMUIIVQ,1,1,106
AGQPEWUXHEIPQVSYFZ6W2AZWAWFA,1,1,471
AGQRRV3PURFW32M33CFUGR4RZDNQ,1,1,203
AGQSSZPF5DTU56OIYEZVVKTMKJIQ,3,3,227
AGQUP5NFCYMHZ52HV7FRGZTZ7BGA,6,6,1013
AGQW2VVGIE5EVX6QUHDBHJCAH6PQ,1,1,112
AGQWFA53NMJ5GSM5EKE4LSPMPH6A,1,1,2610
AGQWMWS4K55RPK22I2LEHUQZ3MKQ,1,1,1628
AGQWSKEHMHOXQEAOLPVQJ2CNZIAA,2,2,2406
AGQXWQL42ONKPE4ADQF565EJSV2Q,24,24,289
AGQXXVYUA3B37ZKHA4IEPZXXJNCQ,2,2,1441
AGQY2FSHOYN3GEIEXNLG3ZYCN3UQ,1,1,3638
AGQZ62NG56NGPMSA5SLSJILAEWBQ,1,1,750
AGQZEESWUCNMSGI5LQCICT5QMU2Q,1,1,4448
AGR2M4VTI4F75WSBMEAINORY2IFA,1,1,758
AGR32EOEBXDKEXQ5ITLY53TKLDOQ,1,1,2475
AGR3HPV7EKXP4S367QO3EIGTNG3Q,1,1,1996
AGR4JFAC5RJTAL3U5IDQJVZQJAGQ,1,1,2955
AGR4K7YADDKMEQT764O7AR2BA7WA,2,2,2448
AGR7FIKIZCHIZRR4LD5BR6ROV2TQ,6,6,965
AGR7FPL3GINITMBFV4X6RDSJJYJQ,1,1,755
AGRANNVVR24DZ7IDN3YUTVINLX2A,1,1,709
AGRBMBADEZGF2BFMDMCB3CXNHZEA,1,1,3711
AGRC3JDXRCSSQ6TOMEB66Y5ORIYA,1,1,2427
AGRCMTNBBLDAQWAQ4UCZJAR52IMQ,9,9,2845
AGRESDHSWKRHTNABSWNBZLGVSGEQ,1,1,2615
AGRFIMYCGTTMMWGAXA3WJKABIZFQ,1,1,1229
AGRHJCTHMA6WKACERW3D6CWGMEGA,1,1,1072
AGRJ5QGACCBXPT4U63FLOUMIAJZQ,1,1,120
AGRJENQSN7IELT7QVISWUQ4U6UGA,1,1,2712
AGRJJTLCJBH3S2QRWU42OJNMD25A,3,3,377
AGRKCZLSFFECGP54U2T2CBYB3RLA,1,1,267
AGRKORVXCVNDGPEAF5W7NG74FP2A,1,1,1133
AGRKTMF2N365CHSX3HZDFII2EXDA,3,3,934
AGRKXBW5ND5BRREJLMLX3GRPUTAQ,1,1,729
AGRLJDWT6YCZ4SDXSZT7TZEC3MKA,1,1,908
AGROEPHOJYIEK32TWNBMILSH5FPQ,1,1,3640
AGROPS2VIN3R7UUTWO2F662NSNMQ,8,8,203
AGRQV4NXI76YDR247XG4QDXFO3JQ,1,1,2889
AGRRENMRRSE36UPX6ICQBKT5NOLA,1,1,1146
AGRS2IMWXSUFWS3DZWITXXUDLZCQ,1,1,300
AGRSSPECMD74WOD35UYRIJIFVUPQ,1,1,852
AGRSW6MPQOGFHVMYGV3X5LVHEQUQ,1,1,1896
AGRUKTHXESHTPHHK4GQYQNRFZP3A,23,23,8
AGRVYK4MSC2AUDQJHT4NSRX7Y6SQ,3,3,2470
AGRXAONJSICJOJTFYWJBHTNF6EDA,1,1,2889
AGRXRS7Y7ALTQP4VVJEWEDWUKVFA,1,1,1318
AGRZN4NJZMYGFRBBJZVVH4V62G5Q,1,1,574
AGS2VC3GYD2G3OHHVOITYNMVTHUA,1,1,1742
AGS3RTM7ELSR6WMKYNZWSUPBBEGA,1,1,2273
AGS47C3SO62X375JL7RWNBKCFXXA,13,13,97
AGS4BZHM7C75W52ZGTFNP4P47T3Q,2,2,233
AGS4NGH3MXCK4YYBILRZDJEKI4OA,1,1,4693
AGS4RIAZGIL3OZVYGRIMLIXXFK7A,1,1,2787
AGS5QOB3WT6YOOW7INDT77LPVG2A,1,1,2462
AGS665VSZWLC26WMXYQLKIQEOCIQ,2,2,2217
AGSAE67FONXAUAZB4GNNKLOHVYPQ,1,1,347
AGSDX3SIVTOZVKQYI6JDMYSYNKJA,6,6,115
AGSEFEIS5QUQOW2CZOA7XZNQCZTQ,1,1,451
AGSG3AQPXZW3GMBFZVCT7JL7JAZQ,1,1,2200
AGSGQ6Z2XBJPLC5C2EOZDPCDXKDQ,2,2,902
AGSIN7A4MS4DIGF2WHC3BVXORPSA,4,4,1
AGSIZBBCW7UXNRTS3NYL54ALD2MA,1,1,1145
AGSJMCWJRNAU3QSXRCVBFG3QSD2A,2,2,3165
AGSJPU73GOSNLTSDPGMIGYWTQDZA,1,1,2686
AGSK2ZJI7BJWAP7L2XHT43LNJBEA,1,1,6830
AGSMNIT5YGSO35M2YRIE2OZIOSUQ,18,18,309
AGSO7IQTAL2PTNOK6CAUOP67XMEA,1,1,3629
AGSODDONBJBIP3H4PQT46N5DIX4A,1,1,3330
AGSP6LSQK32SQEJO3YVVNACPWMSQ,4,4,614
AGSQ6UFQQSDUCSHAEPJ5L2VZWQHA,1,1,1554
AGSQVK4UUU72VERV2ML7JOKRRI2A,2,2,2141
AGSRRWF5ANWUPHCC7HVAUAA67SSA,1,1,274
AGSV4K43Q6TIIHGN6BB2Q5A2I5PA,2,2,2017
AGSVZNZBTSGQBKZDZTQYEZHGDPCQ,4,4,449
AGSXHQK3PDRCXWLM5OUVHPJJ7X6A,1,1,2930
AGSXX4BI6HRYWQGYH3TBS6UIGXHA,1,1,2813
AGSY3OFX2P2BCELBW2QCLPMQGAWQ,1,1,113
AGSYP37K3WKNWP3RWSAHTYEBVISQ,1,1,2213
AGT2QEYDUYHZ3SM2EXJSW4K2PGYQ,2,2,1680
AGT3IMHFYIO7V4RQAIOCBMRNKDJA,3,3,2640
AGT46HVOHTI5CMCZ4TGFKYNVNW2A,1,1,145
AGT4MFN27CCIP2BFJXVKNKFHVQDA,1,1,1336
AGT7VETYIJPKXAJP2E5PLMIQAXXA,2,2,723
AGTA2L53YA56UEPBA2BFXBCM5F6A,1,1,3110
AGTAPCL2ETGPB4GKIBFZZUHPTCZQ,1,1,60
AGTAUJFBVNKEOPBB6FCHTBSMRKHA,1,1,3319
AGTEF5GLNELCNW4KWIWMN2BMBYLA,1,1,3042
AGTESV4VOVCXYBBNBKFDF2XWVXDA,1,1,789
AGTEZBCXZQ2ILZXKAKUMRINON2AA,1,1,1899
AGTFULIOVJK6RHUYWETEGSE5ITCQ,3,3,906
AGTGRPUDTYB3TPSK7ZDOSZYJ4B4Q,1,1,2260
AGTHQ6ANUEV7VOOVAEFWVMFIILUA,23,23,3
AGTILLNJMBXIL3WADOUT5D7JL5JA,1,1,2879
AGTITI6OKWPN2AVELIAJALJFX6NA,28,28,384
AGTJAM6NFSYTR5KB6DQNHZ3ZIFFQ,27,27,73
AGTJFW75JCNHR67UHCEEY3XTCQDQ,1,1,254
AGTK6PB3DIN2CH5DTOZTY37C74YQ,1,1,2635
AGTKCQCGCIFLZRFBHYDAW2Q556FQ,1,1,11
AGTKVXQFOE5DZURWIPGAPHKHLRVA,3,3,398
AGTLZO4SBYP4UGYVM65EKRFPNRAQ,2,2,6819
AGTMX7DFJLYO4AUMQHKRZUXJUPMQ,1,1,3597
AGTMZCWIWBH43TCW7UKG2YV2EKKA,1,1,6371
AGTP4V3GFJ3YGVKDYXDK3SJ5IAYA,15,15,479
AGTP7GWXSGP6J64WABPD5JSGSVSA,3,3,2412
AGTR4A6CYH6AGEIYCAPYPQZERZLQ,6,6,2119
AGTSIX73WHCG34ACPNGESUPTFV3Q,1,1,777
AGTSSHKA4HTPDZJOYOVWQ3E6TXCQ,3,3,158
AGTTE3T4URI4FV5HDIJREAVRBQ6Q,1,1,2848
AGTTKVGELZSYCBFLWM5ANOAMVGGA,1,1,81
AGTTU5RVVW6AP353QAU7IUWRMGAA,4,4,1605
AGTUOJDEQXZDIZVCIGK66OZTHQZQ,3,3,71
AGTUTPMCIHOEEMHF6UJ7MND2VF2A,2,2,660
AGTWSUM5ZMMQSS2XPC3UCU6OKYBA,5,5,1227
AGTXCV4I4U63O43O3KIZAN76U2UQ,4,4,441
AGU2D4UZSVG4K5OWXRN4KACBHNBA,1,1,2626
AGU35F2Y2RSPSDNNHPE7OH5JRWMQ,1,1,820
AGU3OPSRPA3FMA2KHVNQWRF2AOSA,1,1,3906
AGU4LV3HM2ZE6ZVAB3I7MJZ6QAKQ,1,1,476
AGU5MU2XMEHAHMDXVYW3YZ7DEUXA,7,7,1085
AGU72IKMVPNJTI3N35TMXXGGX7BA,1,1,2278
AGU7O3UW7U2UMZGSZMKNZ6K6VHUA,12,12,110
AGUAZ5DU5K3G5GYNVPSA3FKVVYXA,1,1,2724
AGUBVALCZEWORXHAH3OMRQ3JKI4A,5,5,848
AGUCASPOMC43UGO44EIHJW3SHACA,1,1,2206
AGUDVYQBOGVJ6EE7DK56SJHYIRBA,2,2,708
AGUFDVO4TYIFQHQUMDXFHSHH43BA,3,3,1646
AGUII72LZDGUGT74KQTSCO3JNP5Q,1,1,1949
AGUIZMFZHUFBUIX4UO3CA3JWRUFA,1,1,1965
AGUJA7GM3CHZGZTQORVA4V7TO6HQ,3,3,2200
AGUM5IYMRR6NJBQ45FEI32TQMD3Q,1,1,237
AGUMKAETPKF5G37FKT6CXLBRPOAA,14,14,1516
AGUNN5632O4AITGTUZQO77YKW5EQ,2,2,1784
AGUO64P7C4QQ3NVBLJAHCGLLUCQA,97,97,13
AGUP2SMMKWBDCOAOSZEULRGMAZZA,29,29,299
AGUPCJOOM5ASVXLIVN7PENJPTDPQ,1,1,4663
AGUPJUIQILLTN73KEVAI7PCSGNLA,2,2,902
AGUPV7OLIQLBYHU23MU4YLJ3RCCA,1,1,813
AGUQFBJGLRCTSY42ZQJDKNF7ZQRQ,74,74,851
AGUQWZPJVSU6FY7UD6GSSLVHUI5A,1,1,1696
AGURRMC56GEZMSKAFBKAJI4BVP3A,1,1,1209
AGURY2EBCHKHIPIGZRXHHJEIMTMA,2,2,2851
AGUSFHNYMZY6KL5YRU5FBXVSITXQ,1,1,2204
AGUT4PQSIW77BHDY5JHF5RCAHHOA,2,2,188
AGUTETM5WZDRPZJ2XYLKKFESNYJA,1,1,1442
AGUV4Y7N5GESLHGGSPWB26ZWDYLQ,1,1,2492
AGUVP7ETMXXQXCPXZWIZQJYUM7GA,1,1,3153
AGUVWI4XDTFOVM3B4MNTCYJ3GAVQ,1,1,1540
AGUWDJXPNE4CB2AFX4YK76XZUHGQ,1,1,1338
AGUWL2R2JFLC3K65HLD6AHJV3KBA,11,11,65
AGV2C4KYP77OQFD764SX5PRKOHZA,2,2,1385
AGV2W5TFSVS5RUVCL3GLNPA354LA,3,3,2694
AGV3JEME5YIGXADUTXWKVZS6Z7JA,5,5,514
AGV4WWE4CB7LRPPV6PG7RCEFBT3A,9,9,1079
AGV5IAI7ELBBT327V7EUBECMW6MQ,34,34,120
AGV66SEIUUS6ZTYBGDK5U7GN7CUQ,1,1,1940
AGV7PGVB5GKH4AS5PPO7KUHIV32Q,10,10,95
AGVAAODGT4THPVI2H3HS7LOGFGSA,4,4,468
AGVB4KKQLWGJMYT7VRNWHQ3ZJXBQ,1,1,2605
AGVBJTKAH4YF7EWMRB64Y2GJMRIA,2,2,760
AGVEYTISKLZ4ETNFKLNVSX76BSKA,1,1,2994
AGVFBOZNHUPLBZIGSFDXDUQUXXOA,4,4,151
AGVFSYZDAPDQGKIE6REPZD2TJQHQ,1,1,883
AGVJ5R7FMFCNQ6P462DFVJYQWTAQ,1,1,367
AGVLLL3Z55OFM5JTJJWFJFQXPUGQ,6,6,784
AGVN63Y4ZAL23AZZF3F76O5OG3LA,11,11,383
AGVOLYJSGAPFQTGD3VI4UK6KYZ6Q,9,9,368
AGVPCZYZLHED3TG4BNAC3PJLZOMA,1,1,405
AGVQJFWTGNXNOKM6BOGYN7RB3OPA,5,5,1391
AGVR7FBU3FB6EUMARQXE52OTBTIQ,5,5,194
AGVRBNDGB6OZW4PCOLS3XVU6VJHA,5,5,2445
AGVTTSGBWYNT4BBOY2URZ2OAJGWA,1,1,2934
AGVVUU3QRQBHNASSGI5YQLPYOI2Q,24,24,134
AGVWGLLS7SG3ZQTICDD7K6EAPRMQ,5,5,217
AGW32O72S6APOAM3XMSPU5ZILSMA,1,1,3131
AGW3EZTECWQK6HP4M5ODTUHXCPDA,7,7,8
AGW7DNVEEOZ55KAPREK54O7DYLKA,2,2,3912
AGW7TKBKOZSCLUAKOC7I7YALE2TA,1,1,696
AGW7XKZ6P2PIADO2CXQJFP2GGH7A,1,1,2735
AGWAH3TF23FY2JK4SBXIDHT2VC6Q,2,2,5574
AGWDYYVVWM3DC3CASUZKXK67G6IA,5,5,359
AGWGG4V6N3SUUPAFPGATQNEUJQ5Q,1,1,1003
AGWGMDSRIXUSGG3AVYX65RVPWCLQ,120,120,159
AGWGOMUGDA2RT47E5TGM4SM7Z2DA,1,1,2938
AGWI452C24HVTPJSA7KWM3HNOUBQ,2,2,3574
AGWIQXPIU2YMPLU76Z525M2SODCA,1,1,695
AGWIR7A3ZM66QSAL3TJ22GSHU55A,1,1,1450
AGWIY7R73JEOW4S7NC3K2FG335NQ,1,1,244
AGWJ2MHDJSHU6GBGGHQU3BBNCZLQ,3,3,871
AGWJ7DDJ3VM4NK5BV6IXG6PGUQOQ,1,1,3068
AGWJLGWTPWBAKOTORI4X27TPIXYQ,1,1,1709
AGWL3SAUWG5YLVWHHSG57DKTGGDA,4,4,250
AGWL5CBYUUQDUKDKW6I7H5HABGDQ,1,1,4084
AGWMXUNLBBX7IGNFTYR2MV2LLLJQ,1,1,345
AGWPN6VFNXRK6WUIYKN26LANIKRQ,1,1,3429
AGWSEISP3NKF47Q2CG45DBOYURYA,8,8,225
AGWTITAICUAGJUSDWMKQJECKYVSQ,4,4,2381
AGWTJ3SUYOWR74EHYGGDFNWNDLIQ,1,1,3557
AGWTWN3DZWJM7O4AHUOYMJEMAH3A,1,1,4733
AGWVVLSUJLLLX5WH27MBWHBOYDGA,1,1,408
AGWVX2ZYWUI6S4KYVEIVXCAWVO4Q,4,4,180
AGWWTJ2WJXCTXGD3TFDWUUBYOAXQ,40,40,254
AGWX2VRM6GYPGQM3XNL2NEYY7JAQ,23,23,172
AGWXP7COJW7C2IJ5ZCOLET6FB3DQ,1,1,1122
AGWYHOMRFV6GEDYW57SXYBFGI5KQ,15,15,2517
AGWYLKIQ27OHS4ULQEAZ2EIXNQXQ,1,1,2747
AGWYMHQPH26D56XUZ54FGTKH5IZQ,1,1,1882
AGX22TATEBZUHXGF44CYSEZAZZTA,1,1,3424
AGX26GKPUFEHTDBTE7PDC45FOM2A,1,1,6
AGX2NNH2M3RNS5SODCZMONPR2PAA,1,1,1338
AGX3AWV4OCYWLPLPTY4H75SQAKGA,1,1,1372
AGX4Q77WTLDCTTEK4672R25EX5EQ,1,1,1759
AGX4QGDAQZQRII5YUAUAASPRUW3Q,1,1,2795
AGX4YCV64M5R5ATFMNW4RDJNGJZQ,1,1,3612
AGX547GEFL46LSQR3IDMX6TE5OJQ,4,4,1207
AGXANWGCXOFLCJDQEEJ5AVDFOWUQ,1,1,745
AGXBKSPHDEMRUMMO5OOSQRWKMIUA,1,1,2384
AGXC4FH7GTG6KRIQPKTABJBEQHXQ,1,1,59
AGXCHND2PQ4BCHN2WLQQAGRGJV6Q,1,1,2332
AGXCWIHCKNYQVJRWALTI353V3DTQ,1,1,1170
AGXCXUE5GUHYO3HOIBK6YBOKTNCA,1,1,4701
AGXEMWK7VR7MZ2CTUCMP3PXN36LQ,1,1,1960
AGXFB2KKVUFFURDZDWAZJAV35OHQ,9,9,2580
AGXFEGMNVCSTSYYA5UWXDV7AFSXA,56,56,27
AGXFIFO4VWNHPAX3VJPRQ2QJSCSQ,1,1,1189
AGXFNIG3IY6FIR7FNQGQBXTOSDHQ,1,1,699
AGXIVMV6SGCJK3PD522DMRDI7JUQ,1,1,1778
AGXJDEF5RT6WIUPKW4BKVZX3NAKQ,1,1,3700
AGXPI72I5AC3HGO3L37BGW6IO4JA,1,1,2104
AGXRCFQ6CDA7ZSATOJHLJRZFPEYQ,3,3,158
AGXSDQD5FK3QJRPW5NQ2ALKAXOWQ,1,1,2675
AGXT3RNOFJODHMPMDB3TXBAU42YQ,1,1,3090
AGXTQH7VZXHTMV32PC2AISSIRDPQ,1,1,2617
AGXUP3GM6ZAXIF7J3YRZQGQOZ4YQ,2,2,1082
AGXUSUEWCTXOEVO2UVKFCYZT5GNA,3,3,1947
AGXVBIUFLFGMVLATYXHJYL4A5Q7Q,17,17,374
AGXVNSXY4CSZ43CDSZSD665YXMMA,1,1,3657
AGXWFMT3JAU4VZT765NPGGL5V4ZA,1,1,3359
AGXX7ZWLBXK6WF4SCAF3AG4MWJMQ,1,1,4048
AGXXHB5J54QBT6LU3WQOL7MDN7KA,1,1,30
AGY3SUFW22SSPOJVQM5WQI3ZGGFQ,1,1,716
AGYAGV4P7GDMEGQN3L4TGX4FGQQQ,6,6,335
AGYARUOU42LQRJD3XH5ELDJ77NKQ,1,1,5196
AGYBOBPV47L6FRILNSZ7S6XFLPFA,18,18,63
AGYDARCUZUAX7ENAUJIUDUGDOJAA,1,1,3062
AGYDZXXV32IH5YIDK5XSEC5UFIEQ,23,23,182
AGYEAZK4OEYF2MSSTGJ5WNJDVZKA,27,27,78
AGYG4DVZ3CXRAMGOR54HGLGHYUGA,1,1,4030
AGYHODXSOVZGHRYHNALJKVFN6HCA,11,11,4
AGYJP62BSNVPJCL7YZHSZP4QYMRA,1,1,2342
AGYKSH5FCQ6CZOZKXOCDOJ23VIOQ,1,1,2620
AGYLFDG7WVXI4Z5E5C5JBZIOQDUA,2,2,2077
AGYPMYXECLNQ2I5WWFQ52COBAFHA,2,2,228
AGYQ7Z42HRPMMX3GNRNGYOJP2KSA,1,1,5804
AGYTEAXMUXEFHXUSVVTKONKBFTVQ,8,8,897
AGYU3KLQWZIUYKAXV7YARVZGUI2Q,5,5,2670
AGYU7P3LUCMV4OZZAKC6D6NWSQHA,9,9,53
AGYWDTDUSHHZEHTF456VJTOVOKYA,7,7,1198
AGYWLS3CZGZ6Y2IHR5AQYUU3EYXA,1,1,4070
AGYY4GYHK7BB25XHU5BLWTQDW2BQ,1,1,379
AGYYBT7T6JANP4756OS5UDKLX7UQ,3,3,2383
AGYZB6ENUOE64CG2C6QLX47V4RTA,4,4,1625
AGZ2KJZISWXCR2ZDCBFBSYGRAPHA,1,1,5985
AGZ43OSSBC7C7TXC6OJ7T5ESXFYA,1,1,3658
AGZ5BQZVJ3C4LG3REK7X2WUYPOHA,1,1,651
AGZ7SOPOBQCAWQA27UM6XMCIVUJA,3,3,2917
AGZAXDFAB7AYQBNZWS3F75EGFDCA,1,1,2
AGZB6HMWLNYGKAEHZTGK3NU46PEA,1,1,1852
AGZBKPRU67CETEDMDPPQWNBS3MDQ,2,2,1161
AGZDEKBYZ6MFSLB5W5LKFIJE5JNA,2,2,2247
AGZE3IYHOEGKUTJZSQCSFSQ4IFFQ,2,2,2309
AGZES655DC2ZQZG4OKSOUHQMIVEA,3,3,253
AGZFKS2YWMNIDET6P3HH3BJPXGWA,1,1,2235
AGZFRAVHZY6FKJ7JUMJ6Y5R7HMHA,11,11,1650
AGZGA2B5XSMI45L7T3TJM6SZZ4LQ,4,4,2027
AGZHUIQEFS4VR23E7SKABSLIVEEA,3,3,78
AGZITV7VCIL4HKIHXNYYWUIJ3MMA,3,3,406
AGZLXGG5W3LYRHURJTLL4KPDTXDA,1,1,2437
AGZN2MRRAPSJOFQVARCSYWLSXBEQ,1,1,1162
AGZOSBAECC362LI7AEQ6P2ND3OBA,1,1,2760
AGZOWOPR5THWINOUGM3KTSY34STQ,6,6,1661
AGZOZUFSUL643HJMMKFMLADI7OKQ,1,1,2707
AGZPO5P6KNQ22P4WHOOZOZUGSJ7A,1,1,2581
AGZQ7O3IZFE7VKAEWECFZCBRZOPA,2,2,3740
AGZQVE7TNAIFEUPM4ITALZGWPNSQ,1,1,1864
AGZRXGKEE2XHTNLSZONQR75FG7BA,1,1,4292
AGZSHUCC6LSMQE5CQP5MQUFTFCPQ,2,2,1700
AGZT7ZU75PHSV22C2QMPHLJNFK5A,5,5,100
AGZVVKFA4QTXBRLFYRCTDWIPYWIQ,9,9,430
AGZYNKTWTUPP4ZLJ77LH7TFL6Y5A,1,1,4465
AGZYX75NRN524ZBY2VNWIYVVIOIA,1,1,1053
AGZZ35KI6RBFZYHG4TZPOAIACVMA,9,9,697
AGZZ7IE2V6GMFGVNPJPFDBGS2X3Q,1,1,6341
AH23K7IAT3VTGWZJQFPHVIT4HLSQ,25,25,460
AH25FFNH7SC26PTT4WGJKBY4XYRA,13,13,46
AH2AJKHK4EQVS3KYZ6JUKFXK2PPQ,1,1,978
AH2B7RFJ3JIFZX5A52WKNH2MVTYA,1,1,3813
AH2CJIKJPIIRDG264ZWX2UUQN5SQ,9,9,160
AH2D3MIPMJ2ZNWQBO4RZOSRWD5GA,1,1,250
AH2E34BUG4OSIJENFERR4FIYI76A,1,1,3002
AH2FFAK6UYBB2DMREP2U75N5PRQQ,1,1,697
AH2IJBHRQBNBXRUEQKTBMBXYYJTA,1,1,2807
AH2IW7MZIXM53IRDZ2XYU7ALGFIQ,4,4,865
AH2JZ2XBZ4WYWY2GBU33YXFT2LWQ,1,1,2164
AH2KSYKRALNLIUPR2RW7AMBTGTLQ,3,3,73
AH2LEELEG5S4XLK44WCJPIRDEDUA,6,6,283
AH2MMHTSPZAOTQMORMZG2RPGZESA,1,1,574
AH2N6BAT6DVATRODM6EKJNWWN7YQ,1,1,2955
AH2NL42TJRHTU6OOXMEZRLCU6JLA,2,2,2222
AH2NNUODDGF2ML5UMQI23VT6WH2Q,2,2,146
AH2OYZNLIGO3HQDJOYVORGLODGCQ,1,1,774
AH2P4QUUKIFZGS6ABSFEAF3TRZTA,1,1,3723
AH2RTUHR6HFPDYZUTNZIG2BILG2Q,1,1,3718
AH2SK57JTJATVPUL34OIS44AQARA,1,1,461
AH2SR3SVIMB6E2CH3AH57H5VJLXA,1,1,2470
AH2TEPB4TV3XJ6P6RAYIJDNIPHKA,1,1,366
AH2TXWXPKPO42QC2FW4UGNOSES3A,5,5,594
AH2U5PEO5K7PAMZQKFWSX3R23ZIA,7,7,744
AH2UPXRCHEBBCDGHYEULULXBK7HA,10,10,50
AH2WTEH276AS6UDBMUB6FLTVOFLQ,1,1,913
AH2XDJDFD76NG6SMSM5NSS6EJ6TA,1,1,914
AH2ZC5ZF77R2NMXAPLJ2O6U2O36Q,1,1,486
AH2ZTRKXBZOCI5VSC6ZGSH6NHBDQ,1,1,1475
AH334TV27YASQE5WB7XJXM7DDI4A,1,1,989
AH33IRCXWMV2PDQPNVBP6GEHSFBA,1,1,3038
AH34LHESDUTCTLUUAL7KUCUXCPOQ,3,3,2736
AH35BDKRIDHVX4M6AIK6UGJGFXFA,1,1,2257
AH36C2YF45UIU7MKNJLFMM3BDVEA,5,5,2219
AH3A6NGDPWGSXQLGCUKL3JUWZM3A,1,1,865
AH3ACQ7TBS7IT4SRSWEYLLJ3ND3Q,5,5,150
AH3AE47ITB2YXDKZSQJUGADS6SIQ,1,1,2664
AH3E34SIJGD5GYEKPRXLFFZN3NTQ,1,1,666
AH3FAPGJUJBJFVZRQJPT3XEOI37Q,1,1,2333
AH3HGJJWTN4OO2W2L62TZ4TSVDIA,2,2,2544
AH3JA6PPI32KGJPMYYAGXT7FLIXQ,3,3,173
AH3KBLJXHMU3DWNID7RNZT32KSZA,4,4,1682
AH3OG6QD6EDJGZRVCFKV4B66VWNQ,131,131,6
AH3P6JTB7K26CSMOMOL7OIIH5CRA,1,1,2043
AH3UC5PMFYF5LKKFBONAMU4QHIFQ,2,2,1861
AH3UYU6Q2ZG3S4LWNGEL3DGADK2A,1,1,1199
AH3VLI2334OWSIFBC2GDOYEWVSRQ,1,1,614
AH3XDEVX5WC72IRRTVTSW6ZZ3MKQ,1,1,1938
AH3YRKP6KFFAEENTFXSQQ6QBIKXQ,1,1,2888
AH3ZTBSYDPFXERSKY2W3Q5V7HWFQ,1,1,2188
AH43PWBEUFJWDYQPIC36EJOQYZ7A,2,2,1782
AH446WQU4LXWTENT55OJSK4BY2VA,1,1,739
AH45HFUNRO3OVUEXKRYBTWG3Q5CQ,1,1,3333
AH46X4UHBAV2KZ3UV77D4VG66TPA,1,1,4069
AH47C4CYZSOEQD2ZSB3A3FVILP3Q,1,1,2794
AH47SG6GYDB43WZAOL6SC2W6MSFQ,1,1,50
AH4BXKBECWRRUZCZNKI6723HHC2A,3,3,814
AH4CGRSYSW5CWLRGQYRZKNJBUPAA,18,18,120
AH4CMK2M37HJMT5GS46BACZUOV6A,1,1,242
AH4D3IM3SAPLKNESBLMKHUUES4XA,1,1,1183
AH4EKC7KUYINI5U7MBLZQQY7LFCQ,1,1,128
AH4FS5WFXP6G4REX7BSQFRLRLNZQ,1,1,792
AH4FT75HQYRS36JB6KL2JJNWSP2Q,1,1,1153
AH4FYADJKK33UO5DFGXUMFX744BQ,1,1,928
AH4GMMYJ7KVFKRMHKXCCRYG7JC6Q,1,1,2955
AH4HHXQCNMQJVDZ2IOM5HAJFJTBA,2,2,82
AH4HSNAI7FMEFQNMP57SOTGGZASQ,1,1,2743
AH4I4FH62IYYT66F5N6CIJG75ARQ,1,1,661
AH4I54TPB7L2VNPDZC2ZKJPARVEA,1,1,508
AH4J4SCNHHXHG4CL7E6RIQGCH42A,2,2,110
AH4JL6XLW5CMB34QAG7SXAFCWHUA,1,1,829
AH4JLQFF2GKTZMKPUG62VIPWELEA,7,7,185
AH4K5W3WGI5UT6MMNJ66GCV643OA,1,1,686
AH4KAKXUUFJIWCE2Q6UP3YP3PAQQ,1,1,1206
AH4LP6FUAH3IY6N66XGW5U6NP4NA,1,1,282
AH4MB6HER73XDOV6I4ICPNT24YQQ,11,11,317
AH4NCXMQJAFB54BLGMM2Y2Y24KXA,1,1,1570
AH4O5W3EM4CKQGHMBVTSPCJRYF7Q,25,25,659
AH4PMXWWUVG7JCEH2VK7VBVE4IUQ,2,2,1159
AH4PSBGO5XWI5D3CNE6CI7YG3F5A,9,9,137
AH4PSWEGLHZW2K7VB73T4QZ76DHA,1,1,1922
AH4TMJAEGJYYOLB5BY3SPHHNDJAA,1,1,386
AH4U4335HKPJBG6MS5IP6NK7TADA,3,3,2393
AH4VGTN3VWRIESJMI4VGQHSQ4KRA,8,8,19
AH4X2YNDJ27FFDEMS4HPRMYV752A,1,1,4067
AH4Y7WM3MLKQ4GCG6OQSVD3C2GDA,1,1,1028
AH4YEHVN2JDOS7Q655D6FXXXW24Q,1,1,2117
AH4YFLUWAZGPVK3OLL6XFG347D2Q,1,1,2170
AH4Z47YBJ7FV42RHZBLKLGHH35CA,1,1,1965
AH52INCVGKJIYWBZMW5X5NBSE3EQ,5,5,1090
AH536W3OE7UD4WKIOOY6OMTXV2RQ,12,12,35
AH54HZDZ7RYX5BACMUJ6NKKJSVUQ,1,1,2195
AH54RKVFOJMRKOIOCPJCECNMYDIA,1,1,89
AH57CHOVB47S7HVWPFA2O37PZPVQ,1,1,2136
AH57O4SAOZLW7FEVFBTC3V3JAQZA,1,1,678
AH57R2ABJWI527BPU6AFO7L4VPJQ,1,1,2183
AH5AW5PRJIYE4CFJOEHAMKTQGVYQ,1,1,2222
AH5B55NREQZIWV2CBBIS4VGOQ72Q,1,1,5853
AH5BXLIPVCNNER45GNHX6QGLUYRQ,1,1,644
AH5BZKHA23YTMJKUQWXNQNLBJSMQ,1,1,2339
AH5GZ5O673LE353SOPVGTNAIEQNQ,1,1,1260
AH5HEN2Z5KLTDYEJLTP7LXYFUPPA,2,2,1117
AH5JTPU3DLWQG55U2LQLH2CDMM2Q,6,6,391
AH5KA4H3HEBROHEZTG2MLMZZUORQ,3,3,928
AH5KNRSD6RKBCN4F7WT6TPIYEUGA,1,1,2411
AH5L6CXK2R7JWG3SOFXOYLT7PDVQ,1,1,2743
AH5L7ILVA6HYLZOUZIQAWNHVVK3A,12,12,465
AH5MCM6NQYRBFY5IPF6WGQL5QTYQ,3,3,1787
AH5OGXFCGV3OEA7H4NIZBQXGCOCA,1,1,2117
AH5QXM4FFDVMF7N564YAIYUWLW5Q,1,1,299
AH5R3FHGQZ7VFOQVCWSUKCIQIY6A,2,2,936
AH5RHHMJUBBX3GYIXV5DOHIKXSAQ,1,1,2917
AH5RKO5JF332LQMJY2PQXMNHGXYQ,2,2,3811
AH5RLY4VTK7XCRCKK5IVJNTL2J5A,1,1,2835
AH5UH4UNXWYWUSROBEO4ISKUBQ3Q,1,1,2136
AH5Z53QCWLNKZZZXXZ5Z5A4HA4HA,1,1,692
AH5ZBPCVWAAGJCOPLXMFXD7PGIJQ,1,1,247
AH64T2MRMNF76UENPWCIMMCYTSZA,3,3,8
AH64UIO3AH2MFSVZ2OUHHB2UVTSQ,2,2,2567
AH66FSBWTQC75KM2DSTCHNKVQTGQ,29,29,2706
AH66ZLP5R2D62NUEKGEUCZEICXHA,3,3,3356
AH67BI7JTOFR35HMZYFVOEHM4CPQ,11,11,7
AH6BXEDXT2FGO7EYMDPTQG7HO7VA,2,2,80
AH6C36C5NO6YPJ4S7S7OCVB2FZQA,1,1,3418
AH6CATODIVPVUOJEWHRSRCSKAOHA,82,82,57
AH6CZQHGPZ5KJWS43S5WKLM6FPLQ,1,1,370
AH6D22EYUB4BRUQLMRDI4ADHBA3Q,2,2,688
AH6DTVCBQNHSNYEV42AQ5O2AUTNQ,1,1,2146
AH6J4HVM2MN3CLRADMVQ6QKSAR4A,1,1,850
AH6KRJWCDYDJ2AI5ZPYOJDFUPP6A,3,3,176
AH6NLFSXCVUW2RRJFLVGVMGNBMWA,1,1,2944
AH6OTMPCD63WHCVIVJ66RJAIXR2Q,1,1,1157
AH6PDU5N7P7TLLVFHCY64IFV7HIQ,3,3,630
AH6PLOGWYIVIWLJTY756BHNFD4YA,21,21,176
AH6SCJR5VCXGJTNKL7A27JGANMTQ,1,1,432
AH6VWIWXI5PHPWSAD6OITE46SANQ,1,1,1624
AH6WWJMN4OXMR4FDTQZTEZFUZ6PQ,2,2,2250
AH6X55ZNDYTAYPY6YE7RHM4U5EZQ,1,1,2794
AH6ZNRRCEEWR6P34CNLQ2LRLUU3Q,11,11,234
AH72UL73KOWO6TYA5WJFLCDFSJPQ,1,1,3780
AH72UZNJL6SQJWKOLAIR5P2W3I2A,1,1,882
AH74YZQJEUF55CYLLS5FIGGEXKLQ,1,1,5961
AH76IQOCFNQJNEPMP2XUVMQWGYMA,1,1,122
AH76VKO4URX67RHM56TE3U2KG3NA,4,4,4217
AH7BIQXCIWZ6T4ZXRNO4MM754ORA,2,2,810
AH7DCJTN4CQJ6M7KJPCSX4FHM67A,2,2,274
AH7DSQKRNRX45EP42R364AWLJ3TQ,3,3,1474
AH7FRM3KDCGWQA63HWLYCENDSRKQ,2,2,942
AH7GUZGWAL2HBDSSQ3VP3WCS56FA,1,1,2192
AH7HVGL3WQN6HCJEH2G756H3EGIA,1,1,2719
AH7JE7MZA5J6FRCVSYWAPKPNDH2Q,1,1,223
AH7JN7M4NCIHSDTB7XJZ7RY5SOTA,2,2,1392
AH7JREEFQLI6NGLWZB4WAPFQP5XA,4,4,64
AH7KKC5MZSTA5JLCOIH6D6OXFXRQ,1,1,1875
AH7LZVUB3QTRURUNM4MWWIDOY35Q,1,1,713
AH7MF4YWSQ2KF5HWJU4X6KBELWJA,16,16,798
AH7N3ADEE6DTTFSRATXSKKQRWIMA,2,2,1165
AH7P2ZJ7NDT2NNVS7ZEGNEPT2J2Q,7,7,721
AH7QBCAEAR623PMKDCBP4ZF2B3NQ,3,3,399
AH7QCGMVJNEMPUSBNBKPGKXDIIGA,1,1,2000
AH7UKE3JVRDLDME7ZEDCPVF7QS5Q,2,2,4287
AH7WTN7TCK5JXMZ6G224FKEG65UQ,11,11,1068
AH7XQFTZQ46HFA2LO4ELY6NGRBCQ,5,5,1991
AH7Y2ZY5QULUUVCEO5QLXGW5BIJA,4,4,746
AH7ZEJIEQQI3UYTXXXDKWGN4YY6Q,2,2,502
AHA2WDWVW362PAUYTFWENSLFBIQQ,1,1,696
AHA37JAG3YQHAN3ISJJ2WPU6Q2HQ,1,1,1207
AHA3TUSHLZYFHBVVFBQFTWJJK4AA,1,1,2853
AHA64YFRYIQVKQHF4JSDDCABSKXQ,1,1,748
AHA7ZNGZII4O5AHGEOICYEK2C2WA,1,1,3160
AHAAVBGPLWBB3DOF6WXTNPZ2MOVA,1,1,1706
AHABXUTVL6XUIXXJ3X4AKNFHNB7A,1,1,3331
AHACLF2COQQE2V33ZFXQ7THZOJ2Q,74,74,54
AHAEM7RA57X2FCMAOMK4CF466DQQ,2,2,200
AHAETVXVOZMNLTX3B6DTG2QR6ZRQ,1,1,1686
AHAEV2H2NQI7BO4BZDIQ5TILGT5Q,1,1,872
AHAFC4USPHAY43SHC5R5ARG4RCFA,4,4,378
AHAHB742KXGJEDS43NKCDU6BVQHA,1,1,2376
AHAHEGCIHHGZGZMJM24IEAUUIMIA,2,2,2186
AHAHGC3AY2K76ZPAHCTGCFQ76YIA,1,1,619
AHAI5HUHQGZ4HO5MMNFEX4MVIM3A,1,1,2319
AHAJ2VTSM5LONALC7LW7G54NLSOA,1,1,323
AHAK64IK5EQO5GNQ2PKAKZJQA4XA,4,4,557
AHAMGOTUGK4FYD2NGZHG6SX42VXQ,1,1,1320
AHAPCGHBMF73N7VH4B3T4XBO7UHQ,1,1,2221
AHAQE7NKHYLQ6ICQUGXSUMWOJHOA,2,2,833
AHAR2ITQ3O2FJJDLIORAQ226KZHQ,1,1,3852
AHATA6X6MYTC3VNBFJ3WIYVK257A,204,204,159
AHATCIEF4MYPVVQNQC6BRLTFRIYA,1,1,2907
AHAWL3U7UKXOVLS5EGO7ZWROEHZA,3,3,2149
AHAXAFCZATBRJKQOILWNS6222UEA,1,1,415
AHAXKWKAW5LSE5NEQHOTCVKZEC5A,2,2,2393
AHAZCIAV2THZY4U3FIYADQAT2JJA,1,1,3063
AHB2NCHZLSHHWB6MKE7A277N4TOQ,1,1,2118
AHB5CGLYN3Y6NIPHNQLYFJT2W2PQ,80,80,194
AHB7AOKW4QERAWDSXOURS4FZINUQ,1,1,2423
AHBDW3ACDVDLPYTWH45CKLU7ROFA,1,1,1770
AHBE5YPZBUHJ2OH7DO67ORX2C3OQ,1,1,2849
AHBFFS54YL6MCGMMEKXBYB4LIZSA,1,1,3360
AHBFX2PN5ZANXOX226VZTMX73K3Q,1,1,1873
AHBGAX5HBGZORPCNUC7JTXL4IW7A,1,1,2740
AHBHMMUTJ5W3SZUHVKUP35ZYKUHA,31,31,233
AHBHR6ZGI4N55BOH54AL4Y4CFH7A,1,1,2307
AHBI5SLZDP3Q3LZPETJLCHQFGLUA,9,9,38
AHBIGTZCJOWAGUEGZPJ4A7YGBDYQ,1,1,2433
AHBK64LKDCGTRFZEI2VIQA7QT2QQ,1,1,1155
AHBNOPRQZEGQ4RT6FAWS4E4KZKZQ,3,3,882
AHBOHSZXLPCC34WRLQTBXULBNH3Q,1,1,1624
AHBOHYL5D6GMIEKBQIH73KKHPTHQ,1,1,698
AHBPASCTICMEIRD7WBBDPO5X7YMA,2,2,382
AHBPNB4OFDSGKU7UM5IATLVSPGJQ,2,2,230
AHBQXUIOU7CV6YRNQMKG6LJVTRHQ,1,1,2369
AHBSL5FBY72KB63INTSP3SNGMFBQ,175,175,11
AHBSZHFWGXFTKXR4CU23NU3UHFWA,1,1,2672
AHBTAGRWBE6QY66M6G6PRSYL7TIQ,2,2,64
AHBTHXKKLBGXXNAXWPLLU4NECWCA,1,1,3330
AHBTMFDWLT4AQHPZBMHFXMGFWOVA,4,4,121
AHBUZA43Z6A27QY372AUL5D5OYPQ,1,1,2334
AHBVOATDD3RGQQ73JAMC2EBADKUQ,1,1,662
AHBWF2BW7BDFK4SAKBQLVN7PPEUQ,2,2,1071
AHBX4IJYBYLNDA4N5MDF6HFOE5TA,1,1,2542
AHBY3OQDEBBXOWLZT6SZ5TLSERJA,1,1,2088
AHBZRDFYB2FWUAO63DCSF2VSTJ2Q,41,41,243
AHC2ZPX7EDDQPTJSLDXWLGCQPGLA,1,1,2767
AHC3V4GQF2DRXAMEEJ6S2RRIF2BQ,1,1,3181
AHC47FXJ6VIKKY4SFGWQ44YSZP7Q,2,2,39
AHC4YDJ5WS3MDCNSKMJTOZRKZWPA,7,7,419
AHC5IMHOSWX536YGLYJUI2LDHJPA,6,6,996
AHC5L6ZXZXLJGTYK2FVORKUCZTAA,5,5,432
AHCACWS3ZET5VOCEQSU73CHTBOMQ,1,1,3023
AHCAXVBOOT6J4GU6M2CETQIXF7KA,2,2,1184
AHCCVB4GY7SG7JCAZH7GE2BR7KGA,1,1,2023
AHCDZ4OXU7U4AWYCAK2674R3NYVQ,3,3,1241
AHCEBEXXWM2CZO2NGPQT45BTOYMQ,2,2,2710
AHCFUQ5RHHD6IKT3WGVPON6R3OTQ,1,1,958
AHCFVTFHBNWWLUQB4ZZCD3H7J77A,1,1,1617
AHCG4HEZ2HRZPVTYXJPNUHBBVQFA,1,1,696
AHCG4JUQSSTI6SPIYAUQJOT4FYBQ,2,2,2290
AHCJSI7OXRPQ66URXSBFN633ERFQ,1,1,3692
AHCKACFQHPP4VYO6KQSDONCSSYXQ,14,14,51
AHCKTKPOVN5D72LKKWCDKETMIJQA,3,3,395
AHCKY3X6TF5HJQTOQHGUWSB2JUGQ,6,6,2222
AHCL2NHTJVVIITYBXWXDFWW42RNA,1,1,2400
AHCLQZA4RNWVMD5KVNGKY572JCMQ,1,1,1054
AHCLVJWUA4O6BWTQTEAR4YI72SKQ,1,1,2699
AHCMCE5ZOEHEAEMOX2STYRXCREFA,1,1,4026
AHCMR3IQDEYFJXPDLIODZXXVNJTA,1,1,3147
AHCMVKKF56LYDCDRWFNRQ3V2ZR5Q,1,1,2603
AHCONVE7YVM6TEYO2BAJAIAA4YJQ,1,1,3029
AHCOOS4PEYHYLNIZ4NOXDKIGOLCA,1,1,5203
AHCOPM2SKJ64SUIEHISCSJQM3T4A,1,1,2064
AHCPBEFQV7JO3HHVH2EVO5ZATMBQ,1,1,3561
AHCPHQE3JUM5TTR3Y4JEG6XB7YKQ,1,1,1231
AHCPZDDPHJE3G7M6ST5WGRPLXHOA,25,25,3
AHCQENT2I3XVM7WVIP5HYDVYTDGQ,1,1,1624
AHCV2CNCOCG6WECDROOUYPDZIFEQ,9,9,797
AHCWFGEJ6V3UR54B6W6ELGRKNUXA,2,2,2794
AHCWHNTFHR4T2SG7JXIJOT5PA6NA,7,7,258
AHCWVFXOTHPISKVXQMXKTAHWUNJA,1,1,789
AHCX5B44PQONYEL6H6UCQ7TUPLDQ,1,1,2900
AHCXD2LKPZPAWUXZ32ZZNE3NYYZQ,1,1,2776
AHCXDVOX4IOEOFH7SWBWE4DXCA5Q,1,1,5164
AHCXO3ILYB76YYFDXB6K65TWGYAA,1,1,1914
AHCXORATWB3GJZS2HPMTPAIEHP2A,101,101,57
AHCXQS3ZHZEK7U5IJMR4R7ZEBO7A,1,1,2000
AHCXVDS5SWUAQCGUWGT2D6KTH37Q,4,4,3323
AHCZKF7BGNDSCAL2QFSH7FHEIMHA,1,1,405
AHCZKT34YZL3CVXYVH2CNKQDCYBA,7,7,589
AHCZN4CSCTWTUCXUIG73WYTKAYDQ,1,1,2620
AHD2V3JUPKTG7ROOPGTUNJLDZWRQ,1,1,2557
AHD4SYZMLZHP5BJ4YEITSBWPK5MA,1,1,977
AHD4YEOMWFY47HIM63OVZ7KCL2JA,1,1,2459
AHD5DLIFV3IRT76VAXMCO5EBIBSQ,1,1,1143
AHD5DXKPN6RBJFDJTOQWQKKTDHJQ,4,4,648
AHD63A5CM6WNHRO3QICC5CW46IKA,1,1,732
AHD772JFF3N6N4OWQNFIYZUSRDKA,1,1,938
AHD7EWDQMNA5VOMDQEDHMNXB4MRQ,1,1,7551
AHDAT2RRDJYOD7A3GKAA6NZIC6VQ,1,1,2003
AHDCJCKC5ECOHFMIOJOUG6NRHO6A,10,10,275
AHDCTGXCOQONSBGYDV2NDDGGYGHQ,1,1,1179
AHDF7J4POYZFSKSU2V2MAOJ6BV6Q,12,12,2361
AHDG4GWPNZV4WXMMEEHYKUPYB67Q,2,2,221
AHDHL6T4YFIUZ3NDQEQ44DPL4KUA,1,1,2691
AHDHYC55QPEOKEBVQ2JBMP4TQVYQ,1,1,3393
AHDIZUBULWAHDOZMG7FJODOMB5IQ,1,1,369
AHDK7DARANJKIA7JLQUVOHGHQV3Q,1,1,1362
AHDMCP2GIHNOUJ3CR3TSTYWG7QFA,1,1,2942
AHDMNQCZQZAOSITJRKU75J34TEEQ,1,1,1059
AHDNYURIEGVNNTLAI4XTVL77MCSA,1,1,4403
AHDR3NP6DSYP542YNO5HDI7KSUJA,1,1,1520
AHDR7KO7FLNO7MQUS27D3P72KUMQ,3,3,56
AHDTLLCX6TUWIATBJELRTK2KKJPA,1,1,1498
AHDTTBI6YLMFEQ4IPKBZBO42CXOA,1,1,915
AHDWCKXSINGBFFOECNCDMBJXNT7A,1,1,1282
AHDWWJYXAP32YSSRTHT7QVL2EVVQ,1,1,820
AHDZ3PFHIGTE7EOQBUMVRBFRMWJQ,7,7,163
AHDZRM7MKMTZU4EO76BUWIANJAWA,1,1,2191
AHE2H77LQCUDXIXFI46LFDCVKJNQ,3,3,1038
AHE2K6WF62TK2N2HGG7Q6GLFYGGA,1,1,2848
AHE2OKZ2C6YM5M3YXFYNANJEFMVA,1,1,4356
AHE4UY7O6D5J3ASEH2E66NJ3JAPQ,5,5,2280
AHE5BLPXG7UHZYTPQ3GAHKZ7L44Q,3,3,4516
AHE5R4ANS77PUJWBZ7J3OIV6GGSA,1,1,2629
AHE6A2KMCMQSOHCMNE7JQHSAHTRQ,1,1,2344
AHEAZJ75XG4TMDLFWDK567HHCU2A,4,4,1412
AHECWYK63MH2VFO4EAJATI37O2XQ,1,1,5122
AHEDNX6O6ROABU44WTGKLNZZD7VQ,13,13,627
AHEGPASZZG6ZQGVTDJKUAHVDVSUA,2,2,107
AHEI5DRJMW2UV463URYIINVUW3CQ,1,1,2181
AHEJ5LC7BSEADCIZQQQPZPVWOLCA,3,3,1027
AHELX7UOIDURULSSVA52BNVTMT7A,1,1,2311
AHEMNG4G3HTLA2YBFPBBSUC5GRLA,1,1,3081
AHENSGR43GHPRMP7GXP6Y3LR5R5A,2,2,1161
AHEOBXBPM3YX2JREPJXX7N2C24UA,1,1,635
AHEORE52AGZSVN3DSLYNRMLIDWTQ,1,1,2110
AHEQRHKGEACLR3RSXRQ7TUIXZGSQ,5,5,552
AHERMQFOBNZD2TL4XQBOAG4ANXUA,1,1,5950
AHERYFLIDASGZDPR3VMP2IAGIWMA,1,1,1788
AHESEVBKET4S4GMESHM4WDDI2GVQ,1,1,2945
AHETBQGXXC7TMZ2MIFVPOKZJGXMA,1,1,788
AHEWI2CRJXHPIYZWP6RYZ2FDCJZA,1,1,2909
AHEWYFQXL4M2D5WLNGCYARXMVS2Q,1,1,1910
AHEXPPYJYGQM6XUDMAVLGDUUL6ZQ,1,1,3930
AHEXQPGWXVYWQCVIOMCGTUABWKWA,1,1,2779
AHEXYBTBZX4UQB7R46QRACLUEGJQ,1,1,2324
AHEYMNN5MR4HMXCEIGLEPLNJLNPA,2,2,891
AHEZIVRGCNRMZSGHJHORIETQJSOA,2,2,140
AHEZLJU3IXCVBVDWTBXTKRREADCQ,1,1,2316
AHEZM6PZQS5FDVLW3RRJVQSULDFQ,1,1,1321
AHEZPCQDJ6RC5HUVM7CGXZWGQHQQ,1,1,2755
AHF23TTAPE3MPI45R2YET4OGHFTA,1,1,853
AHF2OTODCQC4BETX7CHZMOHUBODQ,18,18,157
AHF5OLUZ6VKGFAJ7J5CIPI57O7GQ,1,1,1916
AHF5UCD2OTD6A35HM4Q4CBQMF47A,1,1,1012
AHF5ZWLZI6NQY3F36GGCPOW5IV5A,1,1,4387
AHF76MPDIG6HQHAMO5VTHMPQUSTQ,1,1,514
AHFAJWA2MDSLJ747IQEF3PHELF4A,7,7,359
AHFDNUUE3JO4OSHIIYB54U6MCV5Q,1,1,2085
AHFG6DBOC5H5PRWGFY43YE2GKN4Q,1,1,2615
AHFHEG7YEVEIXRWFISCBW237AJ2Q,1,1,932
AHFJN6JDNJXMWRQLQE57MSSYNMPA,1,1,709
AHFJOOXHFV7YUIQPVPQ7K25GPFNQ,2,2,4253
AHFKB3FI5FLJASFNZ5RNKU6SUVCA,1,1,2637
AHFLLZLXIWRHZIX2JCSUVNTFWUCQ,1,1,740
AHFLQE2JRKV4XJDSLX3LSEPMHF7Q,1,1,1412
AHFMYJJRTDFK46AVWU4UAFU2K6MQ,1,1,969
AHFPRA2FBIEOARQ6MVSQUHHKSJJA,1,1,624
AHFQM7EFBT2DQLAY6EYIEWJCAXTA,1,1,1336
AHFR2P34DFCGTJYFLV4PLYFVF6IA,7,7,150
AHFS6FQCQWKVH35AH6X5OYCJHRFA,1,1,935
AHFSUITNWGBNJOOVWFDDWMK4B72A,3,3,123
AHFURURV4H35BXUUTXYMJYA36CTQ,88,88,278
AHFVMT6EHIYXHWTCAY5A2OBVF3HQ,1,1,951
AHFXER2TFR35K5EJC3RGRVPXIY5Q,1,1,3195
AHFY2QSS6PK5MHSYZFI6TXUYNPLQ,2,2,412
AHFYQYDCMZ7AE7OBCHCRSAMAHQDA,1,1,1883
AHFZ4IDT7GNXZ5DGFYCDH372V5YQ,1,1,523
AHFZ5U4EOB7NQLHQ3RLCNRNOTOOA,8,8,2998
AHFZFJJ7RWRX6RCUSCFFXX3QK73Q,2,2,983
AHFZLS7XC23434VUET3E4AVMEG3A,1,1,444
AHFZUNQFXSVVT6Z6BYKE5CLBX3KQ,111,111,97
AHG32V5Z74FFKFLACRPEDM2FU5FA,1,1,2654
AHG3VPRIK7KNOJWVYGCFPT72CJIA,1,1,2322
AHG3Z4XA2TONTEW35RW55WJYFUWA,47,47,300
AHG4GBND2MX3LYZUYFKZUAFZUNCA,1,1,1566
AHG54SRWF6PQXUW2E56WLSRMYVYQ,2,2,399
AHGAOIZVODNHYMNCBV4DECZH42UQ,81,81,344
AHGCACA7P5EXJA2JPVEGKRWAC4AQ,1,1,1488
AHGDWJAWQF3RHC5XWPY5Z55TTWIQ,1,1,1999
AHGFYFT7I77M255JEL7XQW4KFU6A,4,4,1350
AHGL5IFUVGPK7GCXROL2QKGOJYLQ,3,3,201
AHGOKDHR4J5EP4E5KYHZYDZM2CRA,1,1,3539
AHGONLBPMXIJRW3JUB6HO4UVPP6Q,1,1,2951
AHGQ7AVM46MCLVPVUYZB4QAT2KJQ,1,1,2834
AHGQCTSFJOB5KKW36IJPQATZOZWA,3,3,1177
AHGQUQWK77Z3AJCQ6BAK2OETTCCQ,1,1,162
AHGSTQFACX43PT7KOWBHYIBKFIMA,1,1,1607
AHGTHCERTEZUXNBLJ5SWHK2CDLXA,14,14,172
AHGW4FDYTQOVZF4W2NZGYDOGWNDQ,1,1,1361
AHGW66AAYSLECZ72ROLIDILZW4XA,1,1,2166
AHGXJJX6ARMNBKS7DJ3BQY4B7NSQ,1,1,93
AHGXPVAKAXN6WGGQFOCWXE4AAIEA,9,9,55
AHGY2SJ2W22YN6N6BMXZ3DHWTDIQ,1,1,5452
AHGYEB5L6IBPKVAGBKGEVUYF6IQQ,7,7,3669
AHGYS4PUIMJLYMMLQPFQSK5DZFBQ,1,1,2520
AHGYYB43Y7CIIJHJOG3FW7GTDIQA,1,1,1884
AHGZURRCBNA3F2POO2N5E3D33SUQ,12,12,582
AHH4EDVBK4H6ZWPSCSNQHX3BRKZA,6,6,594
AHH75KMG3SJWIXJTWYM2NCWEM5ZQ,1,1,719
AHHANFB6QSX4M4UV2XZ26UEODY2A,1,1,2655
AHHBOVMYZ42TQRP27XZXF336WOQA,2,2,682
AHHBXLYVZCDODBPA2NTPSACJD6CA,11,11,512
AHHBZX2VXTYVCQN2KC2UQGLUSR6Q,1,1,1006
AHHERIGT6AP5VIONTNKZBBNXNBUQ,1,1,551
AHHFR4MDXVTQEJOQMFZJTJUOGWGQ,1,1,2637
AHHFW36BP4VMQWC6V2NTKIXFAA2A,17,17,60
AHHH2KN35BPYAIWTZTNXNWXIQ2VA,1,1,647
AHHI5AVBTJAXV2SRJOOME2JIR2VA,1,1,1491
AHHJHKHJXPD3LDIZMZR3OM4KCLTA,1,1,5317
AHHKNZRXSHRMSGS4WZU4G2XUFF6A,7,7,162
AHHKXZVCS55EEPBEIUGKYURBPQFA,2,2,350
AHHMS3JJ3ZBFBNA4732S37ODD6HQ,1,1,3755
AHHNIGZ3FI5HOQJVVR5UUPNPA67A,1,1,2591
AHHPKZ3F4WPTUYZQYYAGB6UQNT4A,1,1,3338
AHHQFOTZX263BSZWDMCNJ6I3UJFA,1,1,2520
AHHRSOC5H67LUBCD6635IHDWOKUA,2,2,786
AHHSVX4TCVG62S2LPXBH5K6Z4EMQ,1,1,3740
AHHZZEGA6MXIVYR5VX3DXFZXJX5A,1,1,1507
AHI2VJV5ZA6TQYBQ6V223JS4UT6Q,4,4,200
AHI3B7VVKAJT3TUWF3LWAB5CAYAQ,1,1,1476
AHI3JGUFPMIJLPYTHBMTFAOZ4XFA,14,14,169
AHI632FGV3J64TLWKNVAJ5WFCFMA,1,1,8009
AHI6KSEBLTLT2BWU4VXQ5UIO6XXQ,9,9,300
AHI7KZRH4QGI67YB3LJQDGU77ABA,1,1,2264
AHI7SBHYECQUIS63BKXBHY325VVQ,9,9,343
AHIAZHE7MZDDPKVLL2UUEZMU44ZA,1,1,2271
AHICMFSXNGRPMKUMYGQ5BENM5NPQ,1,1,3513
AHIDLXPSUCF73EUM3MZ2FS5IQE2Q,1,1,1687
AHIFWJCLH3DZ5S6XBY7XKEKIFNMQ,8,8,2658
AHIGYE5HYWO6I3FCWCFWV47ZA4ZA,1,1,5362
AHIHAWKDJ5CU6H7KGIWOLZ2ZSFBA,2,2,2207
AHIIIXITFYOOEPURI5DOA5DPDJ4Q,4,4,1138
AHIINB4N7CDLONZJG5DMBCGVSJOA,2,2,107
AHIJSMJHAD4MF4HMNDIUB3QJUSXQ,1,1,57
AHIJYAUMDY36ORJ22PQPULOW5GPA,1,1,2916
AHIKFBG7C6T4VFVWDFKIXPDV57QQ,2,2,668
AHIKLNT645Q4BDERBVBMXW66BMPQ,1,1,4002
AHIKPF2IMZPQYFIP5PRG6P6HFXXA,1,1,1242
AHIKSP2ZASXWVAKXRJ7ZWUZFO3MA,1,1,3918
AHIL63TZRABKLCVM22CGMMKZDRXQ,3,3,1177
AHINUHJATGR6EYPXJEY6TVOD3KUQ,1,1,2931
AHIP7ZFRI55JRNAHI6FQRKW72JWA,5,5,1020
AHIPBTOT2RCSOLJVMU454CT4KUBQ,1,1,3168
AHISGZ2YCQX5NEW4MREY5IJIYSCQ,22,22,968
AHISZUYKY5Y4HV7YBPPVL7WR4VBA,1,1,593
AHITBJSS7KYUBVZPX7M2WJCOIVKQ,49,49,119
AHITZR3J7RDQZINCF3UFOJNH4CTA,11,11,265
AHIUY42LYABHMLM4QZB5K522SOAA,1,1,1007
AHIV5E4QZIRUS6OGUKXYJHKXBHKQ,1,1,1248
AHIWMQOEAZHHYEVXMQDLZ3KIJR5Q,1,1,3955
AHIWQPWLNR6J4UFVXFYK7DAXGRAA,1,1,3627
AHIX3DW2JH7FBTNJBLDOJW7F3JJQ,1,1,3046
AHIX5IBCI5DA27NEME6RU2VGQZJA,1,1,3088
AHIXHVS6KVFHUFZNJXAZKMJME73Q,2,2,686
AHIY6B74GDWBKUNVWCROPLFDMVVQ,1,1,2041
AHIZZGKL76ODWQM26AEH6TPJHHFQ,1,1,2765
AHJ2AQXUZAQNK6ZNOPLPYXZI2P2A,6,6,1
AHJ3S3V3XBCJZFF7EE4RALKBJPPQ,24,24,2609
AHJ4I7SQKUOFHNUO2IFZSGM3D7MA,1,1,827
AHJ55OX4D23DRIMOJFJ7B2VL734A,1,1,2972
AHJ667WYZSREOOY7SHJGZZMK7FBQ,1,1,898
AHJCFK363BYVHQRCAQHOV5EOLL6Q,2,2,1656
AHJGGNSEYFQJBHVHJ2FL2K63UN3A,1,1,4394
AHJIEUECGTMA3ATM2IKS7U4AY7EA,2,2,509
AHJIG2OSUZ2B5J3J3XJNXBAZOTJA,1,1,596
AHJLEDHREQABWVXKPKQSVP7G3PSQ,1,1,1214
AHJLJJPOYSF57Y3LSRFJJUA7UB4A,9,9,937
AHJLO5VWFBKI3RWBCLC6OMXJQIXQ,2,2,684
AHJLWOMDSVKS43YZ4T4KFDN3K3WA,1,1,3109
AHJOK2L33SEMVG6BU7A7RMIXAHJA,4,4,214
AHJPXPTM7EZMVIHG3XR73IWXNL5A,1,1,2390
AHJQPUQLSQZE6LMIUMY7WNRXCQQQ,226,226,11
AHJRT37B2SEFQPUMUGQ3Y5V2T6UA,1,1,1486
AHJVPUQUW5UCB2RZ2RNGBKJZ7VRA,1,1,2429
AHJWHH2LP6RKLEKKWUNA636K3VFQ,1,1,291
AHJXGFDGV6XSQJTKKJCT6IVMZDBA,1,1,3477
AHJXGOS6BPOBWIIFVSUMPKS4CLUQ,1,1,40
AHK3RGAQEMCEDMAOQOEG7RLVQCKA,1,1,2711
AHK4XCGBZXL6PMIZP5RLWV3RCKCQ,1,1,1480
AHK7CM34N4GYVKHIQOAJMX2VLOIA,1,1,753
AHKAKKDTONWPQT3ALM7OXATPALJA,1,1,3032
AHKAPILJMQ2OABX3SURPSW6P5ZEA,2,2,2625
AHKCM6JME3JF3MNM5QSTAZEGHKVA,1,1,2560
AHKEN2TXDAX7B4E5T43PAM5UV33A,1,1,2446
AHKEZWZRN6DKIDCNBZPUSQXOACIA,2,2,432
AHKHEQ2T2ZC3ZM25H3UNMGCXQA6Q,1,1,2354
AHKHGQ4AJCDVN2OWQJNLKUZUCKDQ,1,1,2882
AHKHM6O6MSZMQOZXBDUJ2MC2J26Q,3,3,254
AHKIMFUXMLOUN7SBXHEDD2K2AN7Q,8,8,121
AHKJ6WIIAYPVKX5SMETII52FJNKA,1,1,2885
AHKJOOAD6EZWMTAVRS2SIWPJSNNA,1,1,3202
AHKJX7LBIJ566BB25DZHADOBF5BA,1,1,2137
AHKKQZZQGGCD6OJBM2YCC2JLEBDA,1,1,1779
AHKMIUDLDZIIKHFA2OFHZU3OYBSQ,2,2,2928
AHKMODQX6CK23H2UIZ43KP5QZR6A,1,1,2743
AHKNC7ODVHOGTBQLHUYWL4SXZFQQ,1,1,3668
AHKOBGGZVGMAYTLMQTHUZ4KTFODQ,1,1,3018
AHKOW4PZYZI5WXL5NC4HSNTPAIAA,1,1,283
AHKPBOMJ7XAGASIUOYBASRKEB5FQ,1,1,21
AHKQB3JEN3FAH4IHE4U4FUA3XZJA,1,1,2802
AHKQKE46BOZQDE6TIKGSOUS3NEYQ,1,1,1515
AHKQL6PGHDMRL2GNIE2RPRNK7MIQ,1,1,654
AHKQL6RSNLVT72O5TROEJH5NWYZQ,1,1,5980
AHKQWKWAG6Y74AB2AMRKSAUVPCPQ,1,1,183
AHKR255GVFASZHIJFRBUSMZDDEWQ,1,1,3753
AHKRHX3654A52EFWIHZAROQSXNFA,3,3,251
AHKRW3X4AMX4J3QICWGTYO4LC4QA,1,1,2833
AHKU7OEDQK522PVRJNNLRWHMGUOA,1,1,668
AHKUEYPT5TY5GILOM7P76RZZW2EQ,2,2,1723
AHKUHEIUY7WUAMGKHAXC45LCRHZA,5,5,756
AHKULNJ7UQDGZ6Q2GLJHZTEEDW4Q,1,1,2253
AHKV5AZHO5E4FARBV7B35SXGODBA,1,1,1875
AHKWW7UAKEI3TIJYRHQEOXPV5JHQ,1,1,1062
AHKZ6FLSDFO7YUXHTRHM5BYTKJOA,1,1,432
AHL2GFGCGPVOF72UKIUR4TIU4UIQ,18,18,574
AHL4ROMSXJIYURYRTDIWYIRHNCOQ,1,1,1123
AHL524XXUKPPFR6IOLLYYL5NVMBA,1,1,3582
AHL5ZHN64UHJOGQLPINJ3BN4VBPA,1,1,1383
AHL654JV4AF5GHNGPICNEHIWEZ4A,2,2,2464
AHL6B3BWHT5TCU6JJUQPOETIAEJQ,1,1,1221
AHL6MYQQDDXM7MU2NUGVWFSSYSYQ,1,1,3582
AHL7DQNUCWTCILEACAZMSBVB42WQ,1,1,470
AHL7KQODIWX7MDJ7RQBYQBURAAIA,1,1,2818
AHLAC4T55CKFSUEY2YRPHEFV5A2Q,1,1,1991
AHLAEA5LYPVGXHFK2C2XDMIL4AFQ,1,1,1827
AHLBMUBKQVDHTSNUIFN64BU7NJSA,1,1,3441
AHLC5H2CEWSAOXOA53VIIROLPZKA,8,8,2
AHLFWCI4VUUJZWREBOWIA4ZHLSDA,2,2,402
AHLG6HSOKZ3FKKDYUGOHHQCQNIUQ,6,6,1539
AHLGIUJHGJPI46RRP67M6KUHCHNA,1,1,2226
AHLGXBC6ZIPHEEFL3VVCIDKGBV7Q,1,1,4587
AHLH6GP2CDY4CZFKZYLUUFACC4QA,1,1,1700
AHLNKQOS5STNQG5VSBMA5CQMBQJQ,1,1,70
AHLNMKVMOMO7SMAI3TRC3RCMUAMQ,1,1,3845
AHLNPXXPOACV2R5T3725CCTLBFCA,1,1,3024
AHLOPBURTWE7G36ALEPHCRWGKAMQ,1,1,1535
AHLQJVWRY6DXKJNTAP4UFXK5WLAQ,4,4,1218
AHLRBFU22NED3KP5FI36DWSCJQIQ,1,1,2570
AHLRW7X4WVLZJDS6BM6J3YP3NNSA,5,5,698
AHLSTYOQCGKMKGPSODJW7Y7SAWMA,4,4,2642
AHLVYTD6QPNAYBIIDTR7H3GWAYZQ,1,1,5477
AHM23WOKYPBB3PRQ67UASUHTJOIQ,1,1,1499
AHM2C3X2SOLVW6A5EQNNXNGLZ5GA,1,1,2935
AHM2XKCUWJ4GZQNGDGNEVEN7FJYQ,1,1,3847
AHM5AX7XEZ4RR276KJCS7VLFDZNQ,1,1,3745
AHM6SRQPZMNFYOR66BUCJPIYOUIQ,1,1,4522
AHMA2JETA7LYPW6NNYLLHUMRRPSQ,1,1,3643
AHMCKN74VJC5CV6IAC5IGPPHIOEQ,1,1,2318
AHMDRJHAXGFBR2ZRWIFBSUD7PHCA,7,7,209
AHMEMDJ4JWT7OBE35SURUWGHMGVA,1,1,1143
AHMJXNHLOLR6B2CHVQUTCCPWIVNQ,1,1,3428
AHMMJGYA4FRFYIB325KOIKRFN7OQ,4,4,565
AHMNJSXO6ZB3C7AFPSL5HGLUH6LQ,2,2,738
AHMO6GV56HC3LYCVNNAPFNWF4HFQ,1,1,3068
AHMP47DAWWBKPNXNYUC7HRPZKRYQ,1,1,1196
AHMPAVDSNW5IBZ64IDU7CV7C2QFQ,1,1,798
AHMPPMXQ2JILQAJNCZMWRXTXHKHQ,3,3,190
AHMQIHEGCYUSYQSGTLUMQUXJR22A,2,2,1156
AHMSW2JZ5QM4EN5G62EL7IRSM6NA,1,1,1477
AHMTJ6V4VM7VBRHEGYXWPWVFPBIA,2,2,562
AHMUE2JFY2JOLVO3X4TMOU6QI3GA,3,3,1261
AHMWCAGVFWRIQGRRLRL5KB7KVZPA,2,2,2244
AHMXJVDR6ABGM7LPGEM665DHF3XA,1,1,2204
AHMYFQKGC63ASONWKPQSYEE3U2IQ,1,1,1015
AHN4W5UPINW54AZAYFQS4XZTWYDQ,34,34,232
AHN535MBJTI4BGLTUORFR3TLABLA,9,9,1312
AHN5UNTOQUK2HK26VSI3BYTHO4HQ,2,2,481
AHNA2T6S3LRE5NPKVWQ3VAYAN6OA,1,1,3398
AHNAOQRKXEQI7U7FBGHAWLZGHECQ,8,8,4
AHNC624MDCTOOUYQO2GCVQN62J6A,1,1,2153
AHNCI7SNDGUEME66ETFAAAJGR6RA,12,12,2265
AHNCL7NLOKEPI7UADY4TIXN3UTFA,3,3,70
AHNGFLCHE75OQH4PZFLNJTTKUBSQ,3,3,864
AHNI7LY6NHWHIORTEVNZNBEK6KTQ,5,5,441
AHNJACUG6SFB2DYJ3V7LNPTUCZHA,1,1,1609
AHNJPE2OCPVUOVD2GSTCLP2L4ELA,1,1,2202
AHNJWDEEEUK5R3EFVDPOYZ7MIZ2Q,4,4,242
AHNLARH6XR2FFGAR55JXWUYBUNAQ,44,44,26
AHNO7I2TIE2UZAP3FFB2OYWO7EHQ,1,1,3314
AHNTBBOCVJSXTQ7SBFAO2KS3BUXA,2,2,73
AHNTNORB4V4WEELIYXTSKV56Y4AA,12,12,5
AHNY7NZJAHZLQ7LZ72RRCCJRSORQ,1,1,1692
AHNYN3M6B25BFYNJQXJYIAN7A3SQ,1,1,4291
AHNZO5Y5M7KTPJKJFCVWGBXXSJLQ,1,1,7856
AHO6GNOJYGFCOEDIVYE7BNLSFXBA,10,10,176
AHO6NKSLKTMVGTODSOXMIHE5NHMA,1,1,5512
AHO7BGD4GJ2DQFL5DHPGPKQMOMFQ,1,1,60
AHO7EANWAF5DADLCTPXOJXJB6KEA,2,2,1131
AHOA2G5R6QLHZLSDC6OUDVHA6QSQ,1,1,703
AHOA5TXDNJS5M46HBO7W7KNS4A4Q,3,3,50
AHOBSJFKJLNJHIGHK2YKKQUEF7HQ,2,2,3612
AHODIBBJYTI5UOYOQAUHKTW43HCA,1,1,466
AHOEABHRAFWXIT4JZ5MKJ3FMASGA,29,29,154
AHOEHEQKKWTDZ3Z4LNEM27ZVTQ6A,1,1,2161
AHOEIYJJHZ7ITX75BOFQYNXVVJQQ,20,20,14
AHOFPBOHW5GOWIGYIFHXIFDP7ANQ,4,4,1170
AHOGNB63HKQ3TRGTLWVS7WAZX3VA,1,1,142
AHOHZTCL3LM46MJ22CF5IXBFHKEA,1,1,211
AHOLWSYOTSZVBSX6PKJNF5LKARUQ,1,1,1241
AHOM32O53OIB4D2F5UV3HYJVRSWQ,1,1,3285
AHON56Y6WVRIVFXZVPC4DKYIWOFA,4,4,409
AHON62ZTIJDYLKV6JZNHBTBQXPRQ,1,1,1570
AHOO2SFW7M5UUXCSUUXCJTI2RU5A,1,1,4536
AHOQCTRWIKMFF3GIW2WKBG4AJK5Q,25,25,14
AHOQLRQWLOGGZE2WTEBZ6GJS7WHQ,1,1,4074
AHORTSSMI6ZZFUFWMPT4UFR2ISUQ,10,10,1406
AHOS25WDF4GOAFWZKM7IWR65ISJQ,8,8,23
AHOSFHKHEGDAA53TE5RBW3K24RUA,7,7,1694
AHOSO5AB2V3TPUIYV5QMPKOYCC6Q,2,2,1986
AHOT2ODB3FZ72IU5KMHHFPB6SNNA,1,1,1520
AHOTTCH2V6EADWONZ3GAVU5KUP3A,5,5,670
AHOU6PXJJIFATDQB4FDMXR3AJ4VA,2,2,1542
AHOUSIB6RBPP2QOAGC576XXTVK3Q,21,21,1336
AHOWY3AZUEHTJP5DMK26T5F3T7NQ,1,1,2720
AHOY6RP5IP57UAV75SOAXQO7KR3A,1,1,1196
AHOYPV27QTG6MUSKZ7ROFBAEH55A,1,1,1728
AHP2BTIKX2Z7SKTUEQKJ65B3XQHQ,1,1,2368
AHP2KP53ADVEVBG75JDYKVBHM35Q,4,4,60
AHP2RH5SXS2KHPT4KFH2OHLKWDIA,1,1,774
AHP33HWZXHK3LO2EOA5YJKF4KDIQ,2,2,1199
AHP4TFRHPU6KG6OX27HGSNDPGGUA,1,1,2925
AHP564BL22HULHU6HZQ3HXQ3XOTA,1,1,749
AHP6U4VQFISNY5KK24O3QLDJJOUA,6,6,5
AHP72JXZGI7BXLCNOMT4G23YW6HQ,24,24,32
AHP7JZGBY57C6SQPZUNDIC6RYR4Q,1,1,885
AHPBIP5JNVD4ZDTULYEAAX2PBDGQ,32,32,91
AHPBKJ37I6UU7I7BARPE2GLT3BTQ,1,1,2855
AHPC3AQJPUUYEP5DXZ66PJGGY7SQ,4,4,767
AHPDYUI3FSKDHR7CDLL5JUD6HCLA,1,1,4533
AHPF5C2IRGXPX7HWPEJ2MGSF6XIA,2,2,554
AHPFHP43AXWRYZZ4HPNCW7I7J3ZQ,28,28,12
AHPFTU3P6FCD57ELJNKKDHASQWJA,1,1,2699
AHPJYIG2QLF3EC45JN4VFXA4XDQA,1,1,3338
AHPKGA4LC3SWKKR624XXTHVIMREA,1,1,1817
AHPKZL7FJIDA3CLNQ6OMKY46RA7Q,5,5,518
AHPM4MW3I3WPQNHYB7SCBE2EDJAA,3,3,2734
AHPMFUMEWIB3XPWYR2ASSCFW6UKQ,1,1,3534
AHPMVES5LY5N3ZKP5K6DKADNZWCA,2,2,38
AHPPVOKN2GL7CHSFWWG3HCMMGECQ,1,1,3066
AHPQ4CPYDRMHILUHA4WJOQ7ANKQQ,34,34,2141
AHPRWGBEWXGO4AQUO52WWD23RZAA,2,2,704
AHPUCPL5F3PBJDSOS2IJJVZU3FHQ,2,2,1185
AHPUDDBBBV2WPNPBJXFXK3NJP7DQ,6,6,590
AHPUOQFCP4RDXGWERKYVI2DZUVZA,1,1,4867
AHPUT3ITXCHQJO7OMF74LEMYHIVA,17,17,61
AHPUTMVGLRALZT5UGHVPIARZFD2A,1,1,3052
AHPVUPZYSW73GDFKTJQWM4HL3DRQ,2,2,441
AHPXOTCN73CFLTMSGZVEQI5S7TNA,1,1,3409
AHPYUHTXCDBU46G7HXPI3Q7JO47A,2,2,1413
AHPZ23SD4LA5VRHKGP6UKQKEQ2JQ,30,30,22
AHQ5LUB5SXGXMH3AQEYW67LDSL2A,5,5,71
AHQ5TKLEWDABNB2PLZLZ7BCDPSYA,2,2,1224
AHQBSNNGSKSP42GJTD7WVW3CEQQA,1,1,3393
AHQE5UGNEVWAJN6X7JN6RNQTIPWQ,22,22,186
AHQFGROZVW3ZWQFYDPUM7PCPKKRA,1,1,3248
AHQGNBOUXFMLZHGBOEERF75JFPIA,7,7,516
AHQH6U6OYTJEGN7LQ34I5QYCN7UA,2,2,1686
AHQI3RKQ6PS2KZPM7DSMSKFT5NOQ,1,1,3396
AHQIE7JJMBMSSV5AGAHLSM35F7KQ,1,1,2821
AHQIICMVAZCKR3PWCYQNOOWKBJPQ,1,1,2293
AHQIJ7JMNCO2EXSIKHXWRRSVMUXA,1,1,2780
AHQLQ4DI2IULQGTHMQT7OQ5CLN7A,2,2,2528
AHQNKS767UDUDH6QYJNUD47C7WVQ,1,1,2353
AHQNSRKV7FLPORZT76ZJKEQV74OQ,1,1,3511
AHQO5KRE5MAQGOC7FMVSG2FXPDHQ,1,1,2253
AHQOGQVFZEXDBIWMNNWHQAYB7TBQ,1,1,427
AHQP4DJQZNAM34W2U6VGDO5BVRJQ,5,5,1633
AHQQ62COZ3ANN33IRXZ6Z4KF664A,28,28,228
AHQRHZFXY5OMIIUX6OA34PBA2YBA,1,1,3612
AHQRUAIW7INCVZX2K5YLB67FMHYQ,1,1,742
AHQSEHPJ6OXZTTTRL3IBGQ4G6TCQ,1,1,1800
AHQTJFNBXNEG3YRP5MSGN7AQSRIA,1,1,2776
AHQV36LR2CZ2JIXQ472WAC3TCHKQ,17,17,186
AHQW66DMLWVAY3KSMWFELOUAMD3A,5,5,2313
AHQWQ26F2MMN745Z3B42MATL3AAQ,1,1,1303
AHQXP5DFJ7SDDXGUI6ASF6OFJURA,1,1,2965
AHR2RQH423P4MBXAKMA7DNTR5SJA,1,1,680
AHR3Y2HUSRVU2WHNCOJ4LSYODY6A,1,1,2233
AHR3YG52HDU3QDNRP2Y2G6YOOKWQ,1,1,3231
AHR4PPPYOBIDES5Y7PMPVAXH7HPQ,1,1,3359
AHR747CKPTQQCMVJO3OS5YTUSA7Q,22,22,16
AHRA7HRO55UQ4CK3OPZEM43BX3MA,1,1,1958
AHRAWYJUESY2TPISEE73WXDJOA5Q,1,1,2596
AHRC4HTC7RD3XD4XXFAZQDSBUPOQ,1,1,3068
AHRE7QO2OZU23T73OAGC5LUISMBA,4,4,910
AHREDOSUZTS7N2VWGAJSV6QE2HGQ,1,1,2584
AHREOUUQQYYLUDNGVQZKJD2DKTRQ,1,1,2159
AHREXOGQPZDA6354MHH4ETSF3MCQ,47,47,8
AHRJ4MQDR4A66RZQ2LZIWGJQPDJQ,12,12,425
AHRJTQYC7J4SSMIEVP35PLQOKUSA,1,1,695
AHRK65TPD7YLL6NRMINTDHVH7HNQ,1,1,2988
AHRKVKH6BNODDG4QNP5JVCCJ6FHA,1,1,2570
AHRN57XYC774XGEOMBQGAOBBOL6Q,1,1,2437
AHRNMZK7YJBULIHCI42QJM7REABA,1,1,491
AHROLU2WO2VLXZQGU2VIWBUDE2KA,5,5,267
AHRQPBQJJ2PJET5WBJIKNLAFHHSA,7,7,1767
AHRRQLUWWJ2VIEFKG3MMATIL6HGA,2,2,1457
AHRRWD26DSMDKJNWGW67TIZ2WEMQ,1,1,699
AHRS6K5X7E7RKGEAU6S5TLPW2OXA,1,1,3736
AHRUYFFBLYWCAPN636OF7ESELCVQ,1,1,3575
AHRWSWKJHAUDV67MMUD3ZOT2NV7Q,1,1,4281
AHRWXKSDBIAHNUCHQM62MDVXQTGQ,2,2,2862
AHRXAQIUXEYOX4RZY4FTPB5QZORA,1,1,2895
AHRY6RC5I37JOTY2CRKYVARAQ27A,1,1,2121
AHS6ZWKXWAWCOAQW7IYU7PSCOTYQ,1,1,2795
AHS774I5MUP7XDZM5DWOY4XOIKPA,1,1,4049
AHS7BGK4AGICKGM7MC3LFN7MHFPA,1,1,1145
AHS7SVRZESXQHLP3WW5WPYBCEK7A,2,2,1532
AHSAUHUTLVNKJ72GUIPGI5XZH6ZA,82,82,10
AHSDSJIJUZVBJXQJIKFJVCAOPGYA,9,9,73
AHSFG7CIC4KP5ZLQBDFSNBPNK6SA,1,1,437
AHSJUMYFSGTPA7AHGXC72Z7A3Q7A,1,1,241
AHSLAQOLEXQBMXVHJ7Y2QF3W36CA,4,4,56
AHSLHNWYIQJCU3RIB3YVTTHMMYGQ,1,1,3201
AHSMOBNDANZP5HE2EUQPFK7ICULQ,1,1,4475
AHSNFKU4EEJU47KC46XTINT5T4GQ,1,1,458
AHSO3Q2PDF4HUAVJSAVY7CJKECVA,1,1,564
AHSPLDNW5OOUK2PLH7GXLACFBZNQ,20,20,237
AHSPM5QU3OMM23SLIARJZNFCDKRQ,1,1,905
AHSQUK36SXSSYDJIRVSUC4LHEAVQ,1,1,984
AHSQXJ6D37QPQ4R5W6YKQ3CJ6P4A,2,2,3617
AHSRLS4TYALPWYNKMX32TCDUWYPQ,2,2,2188
AHST2XJVAQZNF77CNOBD3PQUQCPQ,1,1,192
AHSV67ZNUCEJTCZDEZ3MKKKEB5IQ,9,9,20
AHSVA6LUUYWICODBJ5HYYD4R6UCQ,1,1,2948
AHSVFGT45NDDAFX5SHDIQCCWZF6Q,1,1,3211
AHSVXOBFFXPP2NPOMOF7OIA5AXXA,1,1,3694
AHSWBB6FZBEA7W7PMSO4L5SC7ERQ,2,2,1497
AHSXXZHYMXDRVKC643TJZYQ7XGYA,13,13,222
AHSZGM4ZIB44IJIZAXDDNPF3GMFA,1,1,1633
AHSZMTDCXEJRB42FXWH4HLPPPJOQ,1,1,2082
AHT24MMCKVNZ7RGZ46LFEWBUPOFA,20,20,147
AHT2NP62KHFFALXILR7ZIQ2VFM7A,4,4,486
AHT3NNPRGAN65K6ESCJNKI7TPWPA,9,9,431
AHT4BYG5DOGZ2QV3MYWV5PYC5Z3A,1,1,2734
AHT4SQDDNRQFLPGHAULPNTKJA6OQ,1,1,3660
AHTBBASAHXHHOXKLSSZG2IPUDDFA,1,1,3345
AHTBPU7ASQDCHJ7ZTWH3HOMBHZ5Q,1,1,2095
AHTCJK6Q37Q2W33CSKNPKZGTII3Q,2,2,2000
AHTDWYY75GI6PZZGZ7MMT7RZVAFA,2,2,2570
AHTFLHCD7UJXK7UNNM2FLNB5PWEA,1,1,2256
AHTFXVHMYQB7DXSFSBVWFAHJJXQA,1,1,52
AHTH3QIBTJ76TOZ4LVVUW2OTSEXQ,3,3,1059
AHTH75HJJ5QPIP3ZDF2XNIBE3CWA,6,6,390
AHTKN5PA26VHUFIEC2AZAYA5O5DA,5,5,546
AHTLWVDXSMG5YMVMEIWWOU6XBZMA,1,1,891
AHTLZM3KXP2OWF4SYAKISHIBHKNQ,1,1,3098
AHTODOWYXIF7UC2KCYMZJUSTVG5Q,9,9,1636
AHTOJQKB56M5W4PW4XBN35WQT36A,1,1,1923
AHTPISLRJDT2DX7NZCICCQHBMPGA,1,1,424
AHTQXC4G55PA5IOKCLBPY46J5M7Q,1,1,974
AHTTPP5KN4Q3KKI7YTXBKBJGTKJA,1,1,2954
AHTTU2FL6FCNBBAESCJHOHHSSW7A,2,2,529
AHTU4O4QDYDGUXW5ZO7OOYCTSXRA,14,14,205
AHTWISCZKNLEBVTIFZP6EZRY2ISA,1,1,878
AHU2PE2WIJCBES3AKNLJNPZEH52A,1,1,2106
AHU2Y2ZFQKI3V3ARFDKZA6ER4NUQ,9,9,1356
AHU35J4HQ5QFWXAU4U7I4RZKCH4A,2,2,596
AHU3XZZH2PVAH3WH2LXMIB5JQSLA,5,5,421
AHU4AATNLHRFIVORJPZP4UU5J6CQ,1,1,1810
AHU4B72BKINX7IEAF7ALAWRV5YMQ,1,1,343
AHU5CQIGTPW3L7CSVCMW66XSSPDA,1,1,295
AHU63DJFTJKHHGHUYHVN2SFI2MSQ,3,3,656
AHU7GJQJED3AM4KJONXMNSKA77EA,1,1,3406
AHU7PK5YWYMKZPXBNSEZULXNTQ7A,1,1,1511
AHUA5544H3YZPZFRGLWZUF232GGA,1,1,2609
AHUB4LKR24W7P77S3TEUBOUW5SWQ,1,1,1721
AHUGN4YTPAAQ24FNWGWCONPAWN4A,1,1,2370
AHUGWEVE55JJDSTXWBQZDYDM2R7Q,1,1,785
AHUI3T2JPCSDI7HDKDVKWUWNDLYA,1,1,1952
AHUIALQKBRNIMHD5Q75HUGWRWTAQ,1,1,2984
AHUIAPMKFKZBAY4EBMKHRLIMMGZA,1,1,710
AHUJHAGQY5ELB3CCRB3SXOREMXRA,1,1,1887
AHUJQAHKGKC4VIGEMDQ4CVKSMLGA,1,1,410
AHULBGUFZV4G7OCQGXDW2PRC5DVQ,1,1,6014
AHUOQCSFAOSE3EH2IC55EFQU3LWQ,1,1,2366
AHUPSSURLQ34LP2NWLZHML566WIA,3,3,1432
AHUPTBY3F3UN2S5H7K5JLP6MAV5Q,17,17,41
AHUQ6ITINLH4DIKRH5UHYVI7LH6Q,2,2,1734
AHURTXMTMOJS53XYSCI5WU2V7DZQ,1,1,3892
AHUSHZFGJYMZ6YP2SQO5TYFVBEIQ,1,1,688
AHUUQNQ4STDFK4YKEQUNWRRSW7PA,3,3,413
AHUVQ4UNB2JGV6MY4ZT75SZLPUBQ,8,8,240
AHUVYK76GXA5XUGX63D6HSFV5OYQ,1,1,2542
AHUWWVZ447VKWMUP7GSYJIDTKDEA,1,1,1214
AHUX7LYUKBTCPVVALKMMPH6JYCGQ,4,4,519
AHUYNN727VWY5ARFWDUKLWP36NSQ,2,2,313
AHUZNBF5YKIQB7DWRVD7UKJ7ZMUQ,9,9,222
AHUZTCICIHL6NBXDZCKVJTGHNCHQ,1,1,612
AHUZWTG7TORSTA4OECWLEYXHVC3Q,3,3,886
AHV2CP4GCS7MBOTJB3MPNJZIA3MQ,1,1,2551
AHV3KIKOBTJDLEWINYCPPEHIH7UQ,1,1,3157
AHV3V3SLT35QHQX3NQOFUDBNV2RQ,26,26,2603
AHV6QCNBJNSGLATP56JAWJ3C4G2A,656,656,21
AHV6WYWX6JIJW2MKRNGFIB54K7AA,8,8,483
AHV7RJLGGLLWDHTKAUCSWFDKPZAA,1,1,1954
AHVA35ZHKZELPUIMFOST3DZ2F2FQ,1,1,2302
AHVAUXDI42RSCQ3IDT65HRF4Q6JA,2,2,1746
AHVC23XPR4J63SSNSIRNG4H6AEWQ,7,7,565
AHVDW3N5PNOIH3HZMXIWSCFJB3PA,1,1,2178
AHVHZI5OFQ6DMTAYXS6LDPMVXCMA,1,1,881
AHVL3NK2ELY5UFEPB7EYXU53ZGAA,1,1,2211
AHVOK65L3F75OXOCN43YLHK43CRA,11,11,158
AHVOLBWSTIHEM6VGNYMEQGVWR2YA,21,21,225
AHVOQ4CBGSXUQKOR2A3BPCV53YMA,1,1,3094
AHVOY4RBF5CZF47IOQILPRCXWAAQ,1,1,1526
AHVPSZCUQH3UMQCGQSDZ7BZVUHNQ,2,2,1185
AHVPXEPKBQM7S3ZQCT4RH2XQ7CGA,1,1,102
AHVTLG3HBHHROYEIS2XKOAMRUDVQ,19,19,751
AHVTNUKVJIMSP6MZK6YO3Q5KX3CA,1,1,1173
AHVUC6G7ADVWS4JBMECIOW7UGPUA,1,1,2739
AHVUDEN6Q6EV2MQ6IF2RSFWJVU5A,1,1,1536
AHVUEL57EXWBZHZWGD7IDGW5J7XA,1,1,269
AHVWKBFOVXQV6653O4XGCKOB6YVA,3,3,780
AHVWQG7IKAFZGIF7DUGCKCEOZCXA,3,3,1854
AHVYZJVOXDVQP2V5MLHXMLXMXL4A,1,1,1163
AHW23LKLGTLDQX3JI6E4ILZLZZOA,1,1,2964
AHW2LR2YXNMBEQJ5I5OB56N6OLJQ,1,1,1320
AHW2TASGYIZN2MI2HLI2QVBPHGNA,4,4,433
AHW3GDHLPAFSHCFAEEZHPDSA73DA,1,1,3498
AHW3SPBY5DM5KYWUJHODT2VYJHRA,3,3,442
AHW7W34BLHHC4AYM4TPMLA2SWMMA,6,6,311
AHWAIBCVNSK4HAJFE5DNRP636L2A,3,3,1309
AHWDJFPHLJ2HNSPWOUHJSQ34K5MQ,1,1,1442
AHWEIAIMSGEIL5UIZTF6BYKDL7MQ,1,1,4900
AHWEM7E2PYGW6QCATOWYGZZJ7QPA,1,1,2984
AHWFC2576577CTY7W5ORFPJVKUPQ,1,1,2718
AHWFIH4YSVWTNGAA42NO6SPMPX2A,1,1,1801
AHWFJZKOUI2EMNQSPHDDDSMOOF4A,1,1,705
AHWLXRREFXOKKLDA2NM6D7CKATVQ,1,1,3739
AHWMD2O2ERFGBQME4X5HRPFYJR2Q,1,1,1755
AHWOB66HVZJLLPO2PMBOBLGNJVVQ,10,10,2019
AHWPSOLHRW7LFHHORCE4CCY4KEMA,1,1,4147
AHWQI5RDKU3AHHGKAKNLB6BMQSFQ,1,1,1760
AHWRKUZUZNWALPR3HG6H3QBFEBDA,2,2,323
AHWRLLSQNS7AJUUZKBJKJP7AIQVA,1,1,327
AHWROXJQ3K74CELJ76MQC3CDTNSQ,5,5,13
AHWRVFFCLI5KZSNGJPIVOH2HHJXA,1,1,6078
AHWTEKYJRJRJHHOX3SMZ4MB6MQ6A,1,1,1366
AHWVQ26EA553ID4SJS6R5SHYJFUQ,1,1,8
AHWWLSPCJMALVHDDVSUGICL6RUCA,4,4,67
AHWWO43M7Q7KMMBGDOR5JMJK636A,1,1,2290
AHWYP4TAAA4GEWQEL5LLN3KRGPDA,1,1,2820
AHWYSJIMUEIUBSBWKASEA5WOSCGA,1,1,504
AHWZ6P4V5KKGMHNW5MDBI34FSWVA,5,5,941
AHWZGKHOHK7YVTXCTCCY7VCI54FQ,1,1,2078
AHWZLEZ32TUVMHLGAT2RHWSWJ6SA,1,1,2998
AHX2QUMEPQ7VVDSVIZZRKDU56Z3A,1,1,1150
AHX4KAMYA2RV2IOYNWGUEUTX66XQ,1,1,3430
AHX4XWVVQUKT3FCNWCVASDF4Q56Q,64,64,63
AHX5GNQNMMX5IC33WR7YDTIZOY2A,1,1,2507
AHX5YBZ65H3QVUQ6VV3KKVYO3ELA,1,1,4706
AHX63Q5CQ4ZSOTWXIP5V365VRAVA,1,1,2600
AHX6Z454FV2LTSIDW4X5CPNYH3ZA,4,4,1612
AHX7R7SD55CUTIXKV7CKMZ5GBK3Q,1,1,205
AHXBG7SNVYNFMOXYX322UZ22GDPQ,9,9,171
AHXBL3QDWZGJYH7A5CMPFNUPMF7Q,33,33,112
AHXCCZAX2PMNY45NADPTH7N7CXIQ,1,1,3365
AHXCER2EZHWXLJYGCHABD53JJIFQ,2,2,3054
AHXDSXLPSN2VHF5I4PRHJBRJHTCQ,1,1,1274
AHXE3QNVEO4M7VVMVAA4YRZ5VSCQ,1,1,2953
AHXEHJ6UR2YEXGNQ7S2K7RYYRZGQ,1,1,1746
AHXFH3TZ4B7PPQCUQQSX5X3PYCZQ,1,1,3270
AHXIIJLNUANLM545CLMOBKHAQ36A,1,1,723
AHXIKNHH6R3ODR7KVTW4TVEBSUIA,1,1,3662
AHXJXQD5HN7CUYGNBZFFQIX23XNA,1,1,1164
AHXKM2EVB7UCQ5L2YZ3ELUCEO3GQ,13,13,164
AHXLIW3NWV3EOWJ5VOZRQTCK4MLQ,1,1,190
AHXLZ6LI6HJ7YRIAV5DETEQZDWZQ,1,1,4808
AHXNV4L6V654W3LP6EHELIQCOSHQ,1,1,4583
AHXOCH6XQ6UTTDLEJGD67YR4XFMQ,2,2,2595
AHXPK4NH3Y65T3HF2RDAIULQ673Q,1,1,689
AHXPRMGLANXKQAXTOFD2DGUDWXUA,1,1,1831
AHXQW44E24ZU24SO4UUZFPTAMISA,1,1,5177
AHXS6AGWK4SBZ3QKANQISILIMK6Q,2,2,70
AHXSBZT52TCPZUBVCBRICTHWUCBA,6,6,338
AHXSNO2ZJ7ZOTJ3Q4BVOEBT7P6FQ,1,1,180
AHXTTELUUFQL2JISQXM74IBS42DA,1,1,2444
AHXUFSC7TEVSYGCPJIZTL6J2DW4Q,1,1,897
AHXXTKKWYN62AQVPYF6QVMH4MRGA,2,2,2799
AHXXX43IQZGOULMTSJVR65WSQUPQ,1,1,2312
AHXZCNMFZW4FLUWCXSHVUKPWYUDQ,1,1,242
AHY3G773FNHUXWJT2R4O7ZA4WPRA,1,1,236
AHY3WCPLNB7T2SKB4NE6OBRHJ6TQ,1,1,1259
AHY4FDU5L5ZCEEZ672AVXN7LOKNQ,1,1,1253
AHY4UW5YYIW7QQZRRHVW2VG2PPWQ,1,1,5535
AHY4ZHJIC2OUVESYV3P4IPOCKXBQ,1,1,960
AHY55PORR7VYL72JBUYNSO6KCA5A,8,8,1344
AHY6B5R363SMDDYBHFLGXRQVPA6Q,1,1,565
AHY76MIW3WI4C7EN6HMDFPV6B2KA,1,1,2600
AHY7ZJB523OPTIKXRI63PS2V6FSQ,27,27,675
AHYARJU3M2CYM3W5SZYL33KOFVHA,1,1,1107
AHYB7CLB5GMVKNCWQ3SLGMVB4TPA,1,1,3838
AHYB7U5MR2OG5BJPAVS5K5AZQCSA,7,7,803
AHYBOC3JAHBR4YH6VT42IQ6ZB3FA,1,1,2861
AHYCBCQJUMTM2VISOJNR4FDDBOCA,1,1,2806
AHYDLAYCM6W7T5UUIBO63FV3SAFQ,35,35,787
AHYDXATTJZHTIOX5CMNMGXPZU6ZQ,4,4,2436
AHYEA4JYQ6G2PVYXDUN7S5RPXJFQ,8,8,130
AHYEW6ZXLQBJ6YU5NZRR4UTRK6IQ,1,1,4114
AHYFIO5UVVMIOONLI65XLW6323FA,1,1,1369
AHYFLXIL7CMIVNU42WE3EL43OWZA,1,1,2814
AHYFWPEQEO72LEEMM6E3WDYX4BZA,3,3,760
AHYG6B3CNXSKERI5LGNVXIOA6WVA,1,1,442
AHYGBZX3XJDZUC7A7VNQATLM3UGQ,1,1,1657
AHYHCMWW5G2HHSQDLMDDJRGU43QQ,1,1,874
AHYIIOGHQYQNXYSSAOUSP4WYYBUA,1,1,1958
AHYIWMXORQUTUAC3JI5AJENZA62Q,4,4,1166
AHYJCQYCHHT5FH6RGLT4PWUR6PZA,1,1,530
AHYJRGNZYYHL5KZDIKKKIJN3EZOA,1,1,219
AHYJYBWRYIMCDHWIRRPD24UFXF4Q,1,1,1381
AHYKFYB4M26KSRJY6DSZMV6UFYOA,8,8,86
AHYKPFKP6ZRMAS3SHDFMSN2LBKOQ,1,1,2956
AHYLIR2L6II4KU2CNGXPFHIQTTPA,2,2,2259
AHYOLM6ON6SWZUSPCYROBCRPAGZA,1,1,618
AHYOYF2TAQ2H4DCKTBAL6XECEMMQ,5,5,1337
AHYPJP7HKAXKK2QZG3MRPVNHUQGQ,14,14,1251
AHYQOXD6YJZHSMBVYX2ZIHW5OHLA,1,1,4335
AHYSZEKDCSU2GLGROWC3AVU3WHJA,1,1,1015
AHYUAH5T2DR32HISPCB23PIEP62Q,1,1,27
AHYWYS3ZCNA62VY2WPFMHZXYBU6Q,5,5,639
AHZ4WODDQMLDMFH2X4QHJAMRJCTA,11,11,175
AHZ4XGTRIR5BTZJGMZCKLYLSN5VA,6,6,554
AHZ547XWV2I5OBJ5FO2ZQ7JWR6QA,12,12,46
AHZ6IT22QHREUXVNOHG2MAEKWUKQ,1,1,1834
AHZ6XMOLEWA67S3TX7IWEXXGWSOA,154,154,152
AHZ6YRGY5KOE3WDHXGVLXKZPHHOQ,1,1,5290
AHZ7SDYIUZ576JWWMA5LVSPHLVDA,4,4,763
AHZAMCQPDRULSR64PRS76ZOWLAPA,1,1,2480
AHZDAYL6YKMYMGOWAG25WROOSAGQ,1,1,2398
AHZDXWXJTBINQSQKYWFUNCQQZ7EA,1,1,1510
AHZHDI7ZAFGHWLQY4P3THSAINYXQ,1,1,3107
AHZIJGKEWRTAEOZ673G5B3SNXEGQ,2,2,881
AHZJJH2PN4L55RFYSHBDYR7DP73A,1,1,2325
AHZLGKTUMZUKHOLR244MUEMGKXAA,7,7,621
AHZLHIUGLP67LYFOQP55SDLKDHAQ,4,4,1351
AHZMNUKXD3ZM75XBXPV6FQI3YEGQ,2,2,189
AHZN2GUPPIS6U7D6GFHFJGCXB4CQ,1,1,2581
AHZNGEEOG3GBV3Y7P4WQC5W43AFA,1,1,2659
AHZOJQDTMJ6WIHY2RV7PB6K5TG7Q,11,11,29
AHZSLYF6GAH4JAO442VFPN3ALPIQ,1,1,1877
AHZSUGCJIUILJFV6I7OAEQNAKCBA,1,1,3523
AHZTJJSVGM7EMEGZTDSQ2NKJC2JA,2,2,1411
AHZVE7M4XFMIODLNCBHUWJ5VPSFQ,1,1,3119
AHZWDQGQLQLCZRUF4YYYLESXSPZA,7,7,919
AHZXGT7AUEGU37GNUNW7ZU3ZS6KQ,1,1,2092
AHZXN2OZBRTGQU4UVYDWDR2JU5CA,2,2,0
AHZYBJVSPJO4NMRWIQ4TI4Y42CJA,16,16,173
AHZZJQYNVZUJNPNQ737ITGEQUB4A,1,1,8575
AHZZPUYPNZQ7QXK55HGGE3Z7TTEA,1,1,1000
